angle,release_x_offset,release_y_offset,relative_angle,success_rate,ideal_x,ideal_y,avg_final_x,avg_final_y,difference_from_ideal_px,avg_short_contacts,max_short_contacts,failures_floor,failures_multi_short,failures_unstable,failures_angle,failures_no_contact,failures_invalid_pos,x_offset_std,y_offset_std,angle_offset_std,difference_from_ideal_mm
10,-200,-100,0,0.000,1966.852,1493.013,,,,0.000,0,10,0,0,0,0,0,9.048,9.009,0.549,
10,-200,-80,0,0.000,1966.852,1493.013,,,,0.000,0,10,0,0,0,0,0,8.597,10.742,0.494,
10,-200,-60,0,0.000,1966.852,1493.013,,,,0.000,0,10,0,0,0,0,0,9.853,9.287,0.569,
10,-200,-40,0,0.000,1966.852,1493.013,,,,0.000,0,10,0,0,0,0,0,10.924,9.525,0.542,
10,-200,-20,0,0.000,1966.852,1493.013,,,,0.000,0,10,0,0,0,0,0,10.827,9.682,0.601,
10,-200,0,0,0.000,1966.852,1493.013,,,,0.000,0,10,0,0,0,0,0,11.914,13.824,0.378,
10,-200,20,0,0.000,1966.852,1493.013,,,,0.000,0,10,0,0,0,0,0,10.904,10.498,0.476,
10,-200,40,0,0.000,1966.852,1493.013,,,,0.000,0,10,0,0,0,0,0,12.355,10.931,0.529,
10,-200,60,0,0.000,1966.852,1493.013,,,,0.000,0,10,0,0,0,0,0,12.311,12.457,0.596,
10,-200,80,0,0.000,1966.852,1493.013,,,,0.000,0,10,0,0,0,0,0,8.473,8.949,0.523,
10,-200,100,0,0.000,1966.852,1493.013,,,,0.000,0,10,0,0,0,0,0,11.411,12.293,0.705,
10,-200,120,0,0.000,1966.852,1493.013,,,,0.000,0,10,0,0,0,0,0,11.021,10.840,0.643,
10,-200,140,0,0.000,1966.852,1493.013,,,,0.000,0,10,0,0,0,0,0,9.593,11.183,0.477,
10,-200,160,0,0.000,1966.852,1493.013,,,,0.000,0,10,0,0,0,0,0,13.399,10.131,0.351,
10,-200,180,0,0.000,1966.852,1493.013,,,,0.000,0,10,0,0,0,0,0,11.634,9.432,0.653,
10,-200,200,0,0.000,1966.852,1493.013,,,,0.000,0,10,0,0,0,0,0,10.851,12.615,0.710,
10,-200,220,0,0.000,1966.852,1493.013,,,,0.000,0,10,0,0,0,0,0,13.165,14.107,0.490,
10,-200,240,0,0.000,1966.852,1493.013,,,,0.000,0,10,0,0,0,0,0,7.911,8.958,0.520,
10,-200,260,0,0.000,1966.852,1493.013,,,,0.000,0,10,0,0,0,0,0,11.932,16.922,0.425,
10,-200,280,0,0.000,1966.852,1493.013,,,,0.000,0,10,0,0,0,0,0,12.266,12.649,0.687,
10,-200,300,0,0.000,1966.852,1493.013,,,,0.000,0,10,0,0,0,0,0,11.675,11.891,0.491,
10,-200,320,0,0.000,1966.852,1493.013,,,,0.000,0,10,0,0,0,0,0,11.614,12.394,0.492,
10,-200,340,0,0.000,1966.852,1493.013,,,,0.000,0,10,0,0,0,0,0,11.089,10.399,0.356,
10,-200,360,0,0.000,1966.852,1493.013,,,,0.000,0,10,0,0,0,0,0,8.970,10.116,0.672,
10,-200,380,0,0.000,1966.852,1493.013,,,,0.000,0,10,0,0,0,0,0,11.792,11.989,0.516,
10,-180,-100,0,0.000,1966.852,1493.013,,,,0.000,0,10,0,0,0,0,0,11.950,10.882,0.332,
10,-180,-80,0,0.000,1966.852,1493.013,,,,0.000,0,10,0,0,0,0,0,11.456,10.130,0.588,
10,-180,-60,0,0.000,1966.852,1493.013,,,,0.000,0,10,0,0,0,0,0,10.140,11.975,0.601,
10,-180,-40,0,0.000,1966.852,1493.013,,,,0.000,0,10,0,0,0,0,0,12.046,10.915,0.620,
10,-180,-20,0,0.000,1966.852,1493.013,,,,0.000,0,10,0,0,0,0,0,10.911,12.089,0.569,
10,-180,0,0,0.000,1966.852,1493.013,,,,0.000,0,10,0,0,0,0,0,10.515,11.901,0.497,
10,-180,20,0,0.000,1966.852,1493.013,,,,0.000,0,10,0,0,0,0,0,8.583,14.695,0.474,
10,-180,40,0,0.000,1966.852,1493.013,,,,0.000,0,10,0,0,0,0,0,10.146,12.259,0.623,
10,-180,60,0,0.000,1966.852,1493.013,,,,0.000,0,10,0,0,0,0,0,12.389,11.568,0.498,
10,-180,80,0,0.000,1966.852,1493.013,,,,0.000,0,10,0,0,0,0,0,14.139,13.410,0.539,
10,-180,100,0,0.000,1966.852,1493.013,,,,0.000,0,10,0,0,0,0,0,9.824,9.392,0.522,
10,-180,120,0,0.000,1966.852,1493.013,,,,0.000,0,10,0,0,0,0,0,10.588,10.762,0.629,
10,-180,140,0,0.000,1966.852,1493.013,,,,0.000,0,10,0,0,0,0,0,14.143,12.682,0.299,
10,-180,160,0,0.000,1966.852,1493.013,,,,0.000,0,10,0,0,0,0,0,8.140,11.386,0.690,
10,-180,180,0,0.000,1966.852,1493.013,,,,0.000,0,10,0,0,0,0,0,13.422,13.410,0.634,
10,-180,200,0,0.000,1966.852,1493.013,,,,0.000,0,10,0,0,0,0,0,11.138,9.907,0.629,
10,-180,220,0,0.000,1966.852,1493.013,,,,0.000,0,10,0,0,0,0,0,7.251,14.109,0.411,
10,-180,240,0,0.000,1966.852,1493.013,,,,0.000,0,10,0,0,0,0,0,10.416,11.388,0.583,
10,-180,260,0,0.000,1966.852,1493.013,,,,0.000,0,10,0,0,0,0,0,9.226,10.558,0.436,
10,-180,280,0,0.000,1966.852,1493.013,,,,0.000,0,10,0,0,0,0,0,11.221,11.427,0.645,
10,-180,300,0,0.000,1966.852,1493.013,,,,0.000,0,9,0,0,0,0,1,12.933,12.378,0.492,
10,-180,320,0,0.000,1966.852,1493.013,,,,0.000,0,8,0,0,0,0,2,11.684,8.468,0.704,
10,-180,340,0,0.000,1966.852,1493.013,,,,0.000,0,6,0,0,0,0,4,12.015,10.727,0.539,
10,-180,360,0,0.000,1966.852,1493.013,,,,0.000,0,4,0,0,0,0,6,9.938,10.922,0.603,
10,-180,380,0,0.000,1966.852,1493.013,,,,0.000,0,6,0,0,0,0,4,8.747,9.262,0.584,
10,-160,-100,0,0.000,1966.852,1493.013,,,,0.000,0,10,0,0,0,0,0,9.037,9.179,0.528,
10,-160,-80,0,0.000,1966.852,1493.013,,,,0.000,0,10,0,0,0,0,0,10.538,13.906,0.508,
10,-160,-60,0,0.000,1966.852,1493.013,,,,0.000,0,10,0,0,0,0,0,9.111,15.452,0.546,
10,-160,-40,0,0.000,1966.852,1493.013,,,,0.000,0,10,0,0,0,0,0,10.924,11.487,0.594,
10,-160,-20,0,0.000,1966.852,1493.013,,,,0.000,0,10,0,0,0,0,0,15.175,14.547,0.408,
10,-160,0,0,0.000,1966.852,1493.013,,,,0.000,0,10,0,0,0,0,0,10.647,11.229,0.456,
10,-160,20,0,0.000,1966.852,1493.013,,,,0.000,0,10,0,0,0,0,0,7.354,10.859,0.672,
10,-160,40,0,0.000,1966.852,1493.013,,,,0.000,0,10,0,0,0,0,0,9.849,12.360,0.476,
10,-160,60,0,0.000,1966.852,1493.013,,,,0.000,0,10,0,0,0,0,0,11.366,9.553,0.502,
10,-160,80,0,0.000,1966.852,1493.013,,,,0.000,0,10,0,0,0,0,0,14.036,8.349,0.636,
10,-160,100,0,0.000,1966.852,1493.013,,,,0.000,0,10,0,0,0,0,0,11.799,11.650,0.476,
10,-160,120,0,0.000,1966.852,1493.013,,,,0.000,0,10,0,0,0,0,0,7.686,13.596,0.506,
10,-160,140,0,0.000,1966.852,1493.013,,,,0.000,0,10,0,0,0,0,0,10.718,13.362,0.475,
10,-160,160,0,0.000,1966.852,1493.013,,,,0.000,0,10,0,0,0,0,0,8.339,10.680,0.412,
10,-160,180,0,0.000,1966.852,1493.013,,,,0.000,0,6,0,0,0,0,4,11.913,8.557,0.496,
10,-160,200,0,0.000,1966.852,1493.013,,,,0.000,0,6,0,0,0,0,4,11.637,12.276,0.400,
10,-160,220,0,0.000,1966.852,1493.013,,,,0.000,0,4,0,0,0,0,6,8.110,11.806,0.533,
10,-160,240,0,0.000,1966.852,1493.013,,,,0.000,0,4,0,0,0,0,6,10.279,13.188,0.531,
10,-160,260,0,0.000,1966.852,1493.013,,,,0.000,0,4,0,0,0,0,6,10.054,9.153,0.596,
10,-160,280,0,0.000,1966.852,1493.013,,,,0.000,0,7,0,0,0,0,3,12.843,11.180,0.433,
10,-160,300,0,0.000,1966.852,1493.013,,,,0.000,0,1,0,0,0,0,9,10.977,13.588,0.526,
10,-160,320,0,0.000,1966.852,1493.013,,,,0.000,0,3,0,0,0,0,7,13.315,10.462,0.465,
10,-160,340,0,0.000,1966.852,1493.013,,,,0.000,0,2,0,0,0,0,8,12.682,13.371,0.446,
10,-160,360,0,0.000,1966.852,1493.013,,,,0.000,0,0,0,0,0,0,10,12.914,11.363,0.359,
10,-160,380,0,0.000,1966.852,1493.013,,,,0.000,0,0,0,0,0,0,10,14.604,12.684,0.493,
10,-140,-100,0,0.000,1966.852,1493.013,,,,0.000,0,10,0,0,0,0,0,11.174,9.607,0.490,
10,-140,-80,0,0.000,1966.852,1493.013,,,,0.000,0,10,0,0,0,0,0,11.768,8.765,0.644,
10,-140,-60,0,0.000,1966.852,1493.013,,,,0.000,0,10,0,0,0,0,0,7.801,11.971,0.640,
10,-140,-40,0,0.000,1966.852,1493.013,,,,0.000,0,10,0,0,0,0,0,11.928,8.353,0.583,
10,-140,-20,0,0.000,1966.852,1493.013,,,,0.000,0,10,0,0,0,0,0,7.927,9.459,0.545,
10,-140,0,0,0.000,1966.852,1493.013,,,,0.000,0,10,0,0,0,0,0,11.016,15.033,0.562,
10,-140,20,0,0.000,1966.852,1493.013,,,,0.000,0,10,0,0,0,0,0,9.721,10.567,0.360,
10,-140,40,0,0.000,1966.852,1493.013,,,,0.000,0,10,0,0,0,0,0,10.049,13.860,0.546,
10,-140,60,0,0.000,1966.852,1493.013,,,,0.000,0,7,0,0,0,0,3,12.348,9.335,0.579,
10,-140,80,0,0.000,1966.852,1493.013,,,,0.000,0,6,0,0,0,0,4,13.124,6.818,0.619,
10,-140,100,0,0.000,1966.852,1493.013,,,,0.000,0,6,0,0,0,0,4,10.979,11.672,0.617,
10,-140,120,0,0.000,1966.852,1493.013,,,,0.000,0,6,0,0,0,0,4,10.834,10.073,0.520,
10,-140,140,0,0.000,1966.852,1493.013,,,,0.000,0,5,0,0,0,0,5,11.026,11.844,0.507,
10,-140,160,0,0.000,1966.852,1493.013,,,,0.000,0,3,0,0,0,0,7,14.679,10.022,0.444,
10,-140,180,0,0.000,1966.852,1493.013,,,,0.000,0,3,0,0,0,0,7,10.397,10.875,0.449,
10,-140,200,0,0.000,1966.852,1493.013,,,,0.000,0,2,0,0,0,0,8,11.121,10.056,0.533,
10,-140,220,0,0.000,1966.852,1493.013,,,,0.000,0,3,0,0,0,0,7,12.888,10.129,0.560,
10,-140,240,0,0.000,1966.852,1493.013,,,,0.000,0,2,0,0,0,0,8,10.168,12.724,0.538,
10,-140,260,0,0.000,1966.852,1493.013,,,,0.000,0,0,0,0,0,0,10,12.899,11.357,0.472,
10,-140,280,0,0.000,1966.852,1493.013,,,,0.000,0,0,0,0,0,0,10,11.930,10.533,0.415,
10,-140,300,0,0.000,1966.852,1493.013,,,,0.000,0,0,0,0,0,0,10,11.325,11.398,0.518,
10,-140,320,0,0.000,1966.852,1493.013,,,,0.000,0,0,0,0,0,0,10,8.349,13.170,0.477,
10,-140,340,0,0.000,1966.852,1493.013,,,,0.000,0,0,0,0,0,0,10,10.445,10.291,0.521,
10,-140,360,0,0.000,1966.852,1493.013,,,,0.000,0,0,0,0,0,0,10,10.141,12.257,0.487,
10,-140,380,0,0.000,1966.852,1493.013,,,,0.000,0,0,0,0,0,0,10,9.181,7.908,0.570,
10,-120,-100,0,0.000,1966.852,1493.013,,,,0.000,0,10,0,0,0,0,0,6.254,13.741,0.585,
10,-120,-80,0,0.000,1966.852,1493.013,,,,0.000,0,9,0,0,0,0,1,10.048,8.521,0.489,
10,-120,-60,0,0.000,1966.852,1493.013,,,,0.000,0,10,0,0,0,0,0,8.024,11.073,0.371,
10,-120,-40,0,0.000,1966.852,1493.013,,,,0.000,0,7,0,0,0,0,3,10.049,12.559,0.620,
10,-120,-20,0,0.000,1966.852,1493.013,,,,0.000,0,7,0,0,0,0,3,8.561,11.763,0.728,
10,-120,0,0,0.000,1966.852,1493.013,,,,0.000,0,8,0,0,0,0,2,9.445,9.991,0.527,
10,-120,20,0,0.000,1966.852,1493.013,,,,0.000,0,3,0,0,0,0,7,12.025,11.909,0.592,
10,-120,40,0,0.000,1966.852,1493.013,,,,0.000,0,7,0,0,0,0,3,7.918,10.580,0.534,
10,-120,60,0,0.000,1966.852,1493.013,,,,0.000,0,4,0,0,0,0,6,10.412,10.503,0.529,
10,-120,80,0,0.000,1966.852,1493.013,,,,0.000,0,0,0,0,0,0,10,9.835,9.071,0.624,
10,-120,100,0,0.000,1966.852,1493.013,,,,0.000,0,1,0,0,0,0,9,8.655,6.907,0.389,
10,-120,120,0,0.000,1966.852,1493.013,,,,0.000,0,0,0,0,0,0,10,10.426,11.552,0.576,
10,-120,140,0,0.000,1966.852,1493.013,,,,0.000,0,0,0,0,0,0,10,12.143,9.875,0.445,
10,-120,160,0,0.000,1966.852,1493.013,,,,0.000,0,0,0,0,0,0,10,13.008,11.723,0.556,
10,-120,180,0,0.000,1966.852,1493.013,,,,0.000,0,0,0,0,0,0,10,14.558,12.420,0.456,
10,-120,200,0,0.000,1966.852,1493.013,,,,0.000,0,0,0,0,0,0,10,12.652,12.204,0.465,
10,-120,220,0,0.000,1966.852,1493.013,,,,0.000,0,0,0,0,0,0,10,12.287,9.338,0.401,
10,-120,240,0,0.000,1966.852,1493.013,,,,0.000,0,0,0,0,0,0,10,11.828,13.158,0.562,
10,-120,260,0,0.000,1966.852,1493.013,,,,0.000,0,0,0,0,0,0,10,9.128,12.792,0.465,
10,-120,280,0,0.000,1966.852,1493.013,,,,0.000,0,0,0,0,0,0,10,12.269,13.967,0.314,
10,-120,300,0,0.000,1966.852,1493.013,,,,0.000,0,0,0,0,0,0,10,10.617,13.252,0.489,
10,-120,320,0,0.000,1966.852,1493.013,,,,0.000,0,0,0,0,0,0,10,11.143,11.423,0.583,
10,-120,340,0,0.000,1966.852,1493.013,,,,0.000,0,0,0,0,0,0,10,12.563,11.137,0.629,
10,-120,360,0,0.000,1966.852,1493.013,,,,0.000,0,0,0,0,0,0,10,13.646,13.675,0.538,
10,-120,380,0,0.000,1966.852,1493.013,,,,0.000,0,0,0,0,0,0,10,7.195,11.998,0.500,
10,-100,-100,0,0.000,1966.852,1493.013,,,,0.000,0,3,0,0,0,0,7,10.875,8.526,0.644,
10,-100,-80,0,0.000,1966.852,1493.013,,,,0.000,0,6,0,0,0,0,4,9.852,13.313,0.527,
10,-100,-60,0,0.000,1966.852,1493.013,,,,0.000,0,3,0,0,0,0,7,12.774,9.756,0.650,
10,-100,-40,0,0.000,1966.852,1493.013,,,,0.000,0,1,0,0,0,0,9,11.715,7.182,0.664,
10,-100,-20,0,0.000,1966.852,1493.013,,,,0.000,0,1,0,0,0,0,9,9.823,12.003,0.699,
10,-100,0,0,0.000,1966.852,1493.013,,,,0.000,0,0,0,0,0,0,10,9.920,11.512,0.452,
10,-100,20,0,0.000,1966.852,1493.013,,,,0.000,0,0,0,0,0,0,10,11.670,10.078,0.533,
10,-100,40,0,0.000,1966.852,1493.013,,,,0.000,0,0,0,0,0,0,10,10.080,11.414,0.382,
10,-100,60,0,0.000,1966.852,1493.013,,,,0.000,0,0,0,0,0,0,10,11.611,9.448,0.571,
10,-100,80,0,0.000,1966.852,1493.013,,,,0.000,0,0,0,0,0,0,10,10.949,11.395,0.531,
10,-100,100,0,0.000,1966.852,1493.013,,,,0.000,0,0,0,0,0,0,10,11.074,10.950,0.644,
10,-100,120,0,0.000,1966.852,1493.013,,,,0.000,0,0,0,0,0,0,10,14.520,12.630,0.635,
10,-100,140,0,0.000,1966.852,1493.013,,,,0.000,0,0,0,0,0,0,10,8.979,10.373,0.526,
10,-100,160,0,0.000,1966.852,1493.013,,,,0.000,0,0,0,0,0,0,10,9.357,10.255,0.594,
10,-100,180,0,0.000,1966.852,1493.013,,,,0.000,0,0,0,0,0,0,10,13.821,12.606,0.558,
10,-100,200,0,0.000,1966.852,1493.013,,,,0.000,0,0,0,0,0,0,10,8.773,10.746,0.430,
10,-100,220,0,0.000,1966.852,1493.013,,,,0.000,0,0,0,0,0,0,10,10.367,10.567,0.512,
10,-100,240,0,0.000,1966.852,1493.013,,,,0.000,0,0,0,0,0,0,10,11.631,9.723,0.526,
10,-100,260,0,0.000,1966.852,1493.013,,,,0.000,0,0,0,0,0,0,10,9.911,12.373,0.597,
10,-100,280,0,0.000,1966.852,1493.013,,,,0.000,0,0,0,0,0,0,10,11.664,13.366,0.630,
10,-100,300,0,0.000,1966.852,1493.013,,,,0.000,0,0,0,0,0,0,10,9.573,11.326,0.421,
10,-100,320,0,0.000,1966.852,1493.013,,,,0.000,0,0,0,0,0,0,10,7.854,8.529,0.625,
10,-100,340,0,0.000,1966.852,1493.013,,,,0.000,0,0,0,0,0,0,10,12.193,9.764,0.533,
10,-100,360,0,0.000,1966.852,1493.013,,,,0.000,0,0,0,0,0,0,10,8.842,11.739,0.593,
10,-100,380,0,0.000,1966.852,1493.013,,,,0.000,0,0,0,0,0,0,10,7.199,9.489,0.557,
10,-80,-100,0,0.000,1966.852,1493.013,,,,0.000,0,1,0,0,0,0,9,10.302,8.832,0.581,
10,-80,-80,0,0.000,1966.852,1493.013,,,,0.000,0,0,0,0,0,0,10,12.449,11.874,0.600,
10,-80,-60,0,0.000,1966.852,1493.013,,,,0.000,0,0,0,0,0,0,10,11.190,10.938,0.573,
10,-80,-40,0,0.000,1966.852,1493.013,,,,0.000,0,0,0,0,0,0,10,9.467,11.587,0.518,
10,-80,-20,0,0.000,1966.852,1493.013,,,,0.000,0,0,0,0,0,0,10,13.108,11.496,0.496,
10,-80,0,0,0.000,1966.852,1493.013,,,,0.000,0,0,0,0,0,0,10,10.900,11.925,0.414,
10,-80,20,0,0.000,1966.852,1493.013,,,,0.000,0,0,0,0,0,0,10,12.297,11.471,0.400,
10,-80,40,0,0.000,1966.852,1493.013,,,,0.000,0,0,0,0,0,0,10,10.163,10.464,0.636,
10,-80,60,0,0.000,1966.852,1493.013,,,,0.000,0,0,0,0,0,0,10,13.195,10.418,0.498,
10,-80,80,0,0.000,1966.852,1493.013,,,,0.000,0,0,0,0,0,0,10,6.815,9.876,0.539,
10,-80,100,0,0.000,1966.852,1493.013,,,,0.000,0,0,0,0,0,0,10,13.845,10.940,0.519,
10,-80,120,0,0.000,1966.852,1493.013,,,,0.000,0,0,0,0,0,0,10,12.136,10.235,0.602,
10,-80,140,0,0.000,1966.852,1493.013,,,,0.000,0,0,0,0,0,0,10,11.769,12.321,0.556,
10,-80,160,0,0.000,1966.852,1493.013,,,,0.000,0,0,0,0,0,0,10,12.295,10.641,0.701,
10,-80,180,0,0.000,1966.852,1493.013,,,,0.000,0,0,0,0,0,0,10,9.023,11.398,0.630,
10,-80,200,0,0.000,1966.852,1493.013,,,,0.000,0,0,0,0,0,0,10,8.593,13.664,0.706,
10,-80,220,0,0.000,1966.852,1493.013,,,,0.000,0,0,0,0,0,0,10,11.492,7.821,0.639,
10,-80,240,0,0.000,1966.852,1493.013,,,,0.000,0,0,0,0,0,0,10,10.940,13.741,0.513,
10,-80,260,0,0.000,1966.852,1493.013,,,,0.000,0,0,0,0,0,0,10,12.587,8.799,0.585,
10,-80,280,0,0.000,1966.852,1493.013,,,,0.000,0,0,0,0,0,0,10,11.975,10.996,0.572,
10,-80,300,0,0.000,1966.852,1493.013,,,,0.000,0,0,0,0,0,0,10,8.112,12.632,0.519,
10,-80,320,0,0.000,1966.852,1493.013,,,,0.000,0,0,0,0,0,0,10,12.420,8.833,0.653,
10,-80,340,0,0.000,1966.852,1493.013,,,,0.000,0,0,0,0,0,0,10,11.223,12.793,0.503,
10,-80,360,0,0.000,1966.852,1493.013,,,,0.000,0,0,0,0,0,0,10,11.798,10.552,0.497,
10,-80,380,0,10.000,1966.852,1493.013,1966.484,1493.220,0.423,0.000,0,0,0,0,0,0,9,11.040,10.381,0.586,0.000
10,-60,-100,0,0.000,1966.852,1493.013,,,,0.000,0,0,0,0,0,0,10,12.396,9.087,0.569,
10,-60,-80,0,0.000,1966.852,1493.013,,,,0.000,0,0,0,0,0,0,10,12.255,13.754,0.502,
10,-60,-60,0,0.000,1966.852,1493.013,,,,0.000,0,0,0,0,0,0,10,10.700,11.419,0.619,
10,-60,-40,0,0.000,1966.852,1493.013,,,,0.000,0,0,0,0,0,0,10,11.398,11.494,0.683,
10,-60,-20,0,0.000,1966.852,1493.013,,,,0.000,0,0,0,0,0,0,10,9.105,13.771,0.670,
10,-60,0,0,0.000,1966.852,1493.013,,,,0.000,0,0,0,0,0,0,10,9.802,13.433,0.686,
10,-60,20,0,0.000,1966.852,1493.013,,,,0.000,0,0,0,0,0,0,10,10.147,11.274,0.589,
10,-60,40,0,0.000,1966.852,1493.013,,,,0.000,0,0,0,0,0,0,10,10.296,12.802,0.490,
10,-60,60,0,0.000,1966.852,1493.013,,,,0.000,0,0,0,0,0,0,10,11.468,12.851,0.498,
10,-60,80,0,0.000,1966.852,1493.013,,,,0.000,0,0,0,0,0,0,10,11.375,12.202,0.556,
10,-60,100,0,0.000,1966.852,1493.013,,,,0.000,0,0,0,0,0,0,10,9.985,12.510,0.653,
10,-60,120,0,0.000,1966.852,1493.013,,,,0.000,0,0,0,0,0,0,10,8.823,10.332,0.398,
10,-60,140,0,0.000,1966.852,1493.013,,,,0.000,0,0,0,0,0,0,10,13.221,13.036,0.639,
10,-60,160,0,0.000,1966.852,1493.013,,,,0.000,0,0,0,0,0,0,10,13.277,12.226,0.758,
10,-60,180,0,0.000,1966.852,1493.013,,,,0.000,0,0,0,0,0,0,10,14.074,9.227,0.570,
10,-60,200,0,0.000,1966.852,1493.013,,,,0.000,0,0,0,0,0,0,10,12.191,12.065,0.650,
10,-60,220,0,0.000,1966.852,1493.013,,,,0.000,0,0,0,0,0,0,10,11.188,9.976,0.618,
10,-60,240,0,0.000,1966.852,1493.013,,,,0.000,0,0,0,0,0,0,10,13.654,9.928,0.578,
10,-60,260,0,0.000,1966.852,1493.013,,,,0.000,0,0,0,0,0,0,10,9.480,11.874,0.567,
10,-60,280,0,0.000,1966.852,1493.013,,,,0.000,0,0,0,0,0,0,10,10.303,14.200,0.640,
10,-60,300,0,50.000,1966.852,1493.013,1966.436,1493.163,0.442,0.000,0,0,0,0,0,0,5,9.646,12.016,0.549,0.000
10,-60,320,0,40.000,1966.852,1493.013,1966.445,1493.158,0.433,0.000,0,0,0,0,0,0,6,10.968,8.982,0.340,0.000
10,-60,340,0,30.000,1966.852,1493.013,1966.436,1493.151,0.439,0.100,1,0,0,0,0,0,7,11.805,9.636,0.513,0.000
10,-60,360,0,30.000,1966.852,1493.013,1966.409,1493.189,0.477,0.000,0,0,0,0,0,0,7,11.963,10.431,0.614,0.000
10,-60,380,0,60.000,1966.852,1493.013,1966.436,1493.154,0.440,0.100,1,0,0,0,0,0,4,8.658,9.483,0.576,0.000
10,-40,-100,0,0.000,1966.852,1493.013,,,,0.000,0,0,0,0,0,0,10,14.443,11.503,0.601,
10,-40,-80,0,0.000,1966.852,1493.013,,,,0.000,0,0,0,0,0,0,10,11.416,9.391,0.398,
10,-40,-60,0,0.000,1966.852,1493.013,,,,0.000,0,0,0,0,0,0,10,10.781,8.052,0.453,
10,-40,-40,0,0.000,1966.852,1493.013,,,,0.000,0,0,0,0,0,0,10,11.943,10.246,0.523,
10,-40,-20,0,0.000,1966.852,1493.013,,,,0.000,0,0,0,0,0,0,10,8.812,12.010,0.607,
10,-40,0,0,0.000,1966.852,1493.013,,,,0.000,0,0,0,0,0,0,10,11.589,11.824,0.485,
10,-40,20,0,0.000,1966.852,1493.013,,,,0.000,0,0,0,0,0,0,10,13.751,14.957,0.552,
10,-40,40,0,0.000,1966.852,1493.013,,,,0.000,0,0,0,0,0,0,10,13.052,8.758,0.385,
10,-40,60,0,0.000,1966.852,1493.013,,,,0.000,0,0,0,0,0,0,10,13.015,10.265,0.578,
10,-40,80,0,0.000,1966.852,1493.013,,,,0.000,0,0,0,0,0,0,10,9.825,9.843,0.570,
10,-40,100,0,0.000,1966.852,1493.013,,,,0.000,0,0,0,0,0,0,10,11.157,9.545,0.557,
10,-40,120,0,0.000,1966.852,1493.013,,,,0.000,0,0,0,0,0,0,10,12.325,10.186,0.371,
10,-40,140,0,0.000,1966.852,1493.013,,,,0.000,0,0,0,0,0,0,10,8.776,11.976,0.601,
10,-40,160,0,20.000,1966.852,1493.013,1966.420,1493.158,0.456,0.000,0,0,0,0,0,0,8,12.517,10.467,0.596,0.000
10,-40,180,0,30.000,1966.852,1493.013,1966.443,1493.147,0.431,0.000,0,0,0,0,0,0,7,11.036,12.479,0.578,0.000
10,-40,200,0,20.000,1966.852,1493.013,1966.434,1493.161,0.443,0.000,0,0,0,0,0,0,8,8.971,9.441,0.607,0.000
10,-40,220,0,30.000,1966.852,1493.013,1966.467,1493.185,0.422,0.000,0,0,0,0,0,0,7,10.385,10.030,0.755,0.000
10,-40,240,0,50.000,1966.852,1493.013,1966.430,1493.171,0.450,0.000,0,0,0,0,0,0,5,8.078,9.757,0.500,0.000
10,-40,260,0,50.000,1966.852,1493.013,1966.440,1493.170,0.441,0.000,0,0,0,0,0,0,5,11.036,11.358,0.716,0.000
10,-40,280,0,60.000,1966.852,1493.013,1966.434,1493.174,0.449,0.000,0,0,0,0,0,0,4,13.483,11.597,0.641,0.000
10,-40,300,0,80.000,1966.852,1493.013,1966.448,1493.181,0.437,0.100,1,0,0,0,0,0,2,9.547,9.989,0.629,0.000
10,-40,320,0,80.000,1966.852,1493.013,1966.447,1493.154,0.429,0.100,1,0,0,0,0,0,2,12.222,11.803,0.537,0.000
10,-40,340,0,100.000,1966.852,1493.013,1966.446,1493.179,0.439,0.200,1,0,0,0,0,0,0,9.902,11.381,0.409,0.000
10,-40,360,0,100.000,1966.852,1493.013,1966.447,1493.186,0.440,0.000,0,0,0,0,0,0,0,9.404,11.342,0.663,0.000
10,-40,380,0,100.000,1966.852,1493.013,1966.442,1493.179,0.443,0.100,1,0,0,0,0,0,0,11.911,6.846,0.557,0.000
10,-20,-100,0,0.000,1966.852,1493.013,,,,0.000,0,0,0,0,0,0,10,7.435,10.339,0.342,
10,-20,-80,0,0.000,1966.852,1493.013,,,,0.000,0,0,0,0,0,0,10,10.125,12.051,0.507,
10,-20,-60,0,0.000,1966.852,1493.013,,,,0.000,0,0,0,0,0,0,10,10.358,11.815,0.569,
10,-20,-40,0,0.000,1966.852,1493.013,,,,0.000,0,0,0,0,0,0,10,9.713,9.521,0.562,
10,-20,-20,0,0.000,1966.852,1493.013,,,,0.000,0,0,0,0,0,0,10,10.675,8.987,0.590,
10,-20,0,0,0.000,1966.852,1493.013,,,,0.000,0,0,0,0,0,0,10,11.496,8.103,0.423,
10,-20,20,0,0.000,1966.852,1493.013,,,,0.000,0,0,0,0,0,0,10,10.007,9.317,0.590,
10,-20,40,0,0.000,1966.852,1493.013,,,,0.000,0,0,0,0,0,0,10,11.549,10.733,0.501,
10,-20,60,0,40.000,1966.852,1493.013,1966.427,1493.194,0.462,0.000,0,0,0,0,0,0,6,9.856,13.658,0.588,0.000
10,-20,80,0,30.000,1966.852,1493.013,1966.925,1493.064,0.089,0.000,0,0,0,0,0,0,7,14.241,10.223,0.437,0.000
10,-20,100,0,20.000,1966.852,1493.013,1966.462,1493.219,0.441,0.000,0,0,0,0,0,0,8,11.811,9.804,0.386,0.000
10,-20,120,0,60.000,1966.852,1493.013,1966.454,1493.196,0.438,0.000,0,0,0,0,0,0,4,10.477,9.736,0.626,0.000
10,-20,140,0,60.000,1966.852,1493.013,1966.459,1493.184,0.429,0.000,0,0,0,0,0,0,4,9.433,10.576,0.581,0.000
10,-20,160,0,70.000,1966.852,1493.013,1966.927,1493.070,0.093,0.000,0,0,0,0,0,0,3,8.927,8.331,0.658,0.000
10,-20,180,0,80.000,1966.852,1493.013,1966.436,1493.178,0.447,0.000,0,0,0,0,0,0,2,9.743,14.426,0.476,0.000
10,-20,200,0,70.000,1966.852,1493.013,1967.091,1493.008,0.239,0.100,1,0,0,0,0,0,3,14.830,11.312,0.429,0.000
10,-20,220,0,90.000,1966.852,1493.013,1966.449,1493.188,0.440,0.000,0,0,0,0,0,0,1,10.718,10.235,0.507,0.000
10,-20,240,0,100.000,1966.852,1493.013,1966.706,1493.111,0.176,0.000,0,0,0,0,0,0,0,11.198,9.942,0.495,0.000
10,-20,260,0,100.000,1966.852,1493.013,1966.445,1493.172,0.437,0.000,0,0,0,0,0,0,0,11.129,11.445,0.516,0.000
10,-20,280,0,100.000,1966.852,1493.013,1966.436,1493.166,0.443,0.100,1,0,0,0,0,0,0,7.153,10.561,0.439,0.000
10,-20,300,0,100.000,1966.852,1493.013,1966.441,1493.179,0.444,0.400,2,0,0,0,0,0,0,8.989,10.100,0.582,0.000
10,-20,320,0,100.000,1966.852,1493.013,1966.433,1493.172,0.448,0.000,0,0,0,0,0,0,0,10.583,14.731,0.614,0.000
10,-20,340,0,100.000,1966.852,1493.013,1966.427,1493.165,0.451,0.100,1,0,0,0,0,0,0,11.787,9.462,0.472,0.000
10,-20,360,0,100.000,1966.852,1493.013,1966.453,1493.189,0.436,0.300,3,0,0,0,0,0,0,9.991,11.924,0.610,0.000
10,-20,380,0,100.000,1966.852,1493.013,1966.440,1493.173,0.442,0.600,2,0,0,0,0,0,0,11.124,9.089,0.530,0.000
10,0,-100,0,0.000,1966.852,1493.013,,,,0.000,0,0,0,0,0,0,10,12.272,9.255,0.416,
10,0,-80,0,0.000,1966.852,1493.013,,,,0.000,0,0,0,0,0,0,10,10.660,7.137,0.577,
10,0,-60,0,0.000,1966.852,1493.013,,,,0.000,0,0,0,0,0,0,10,9.407,10.842,0.473,
10,0,-40,0,0.000,1966.852,1493.013,,,,0.000,0,0,0,0,0,0,10,12.144,12.175,0.587,
10,0,-20,0,0.000,1966.852,1493.013,,,,0.000,0,0,0,0,0,0,10,9.500,12.674,0.718,
10,0,0,0,10.000,1966.852,1493.013,1970.253,1492.173,3.503,0.000,0,0,0,0,0,0,9,12.003,12.433,0.420,0.000
10,0,20,0,50.000,1966.852,1493.013,1970.184,1492.187,3.432,0.300,3,0,0,0,0,0,5,11.035,9.472,0.605,0.000
10,0,40,0,40.000,1966.852,1493.013,1967.998,1492.746,1.176,0.400,2,0,0,0,1,0,5,11.437,9.283,0.655,0.000
10,0,60,0,80.000,1966.852,1493.013,1968.444,1492.652,1.633,0.600,2,0,0,0,0,0,2,12.108,9.295,0.519,0.000
10,0,80,0,100.000,1966.852,1493.013,1967.664,1492.863,0.825,0.400,1,0,0,0,0,0,0,9.270,10.047,0.656,0.000
10,0,100,0,90.000,1966.852,1493.013,1967.301,1492.958,0.452,0.300,1,0,0,0,0,0,1,11.514,13.279,0.476,0.000
10,0,120,0,90.000,1966.852,1493.013,1966.567,1493.171,0.326,0.300,1,0,0,0,0,0,1,11.637,14.346,0.583,0.000
10,0,140,0,100.000,1966.852,1493.013,1966.644,1493.130,0.239,0.100,1,0,0,0,0,0,0,9.507,10.965,0.366,0.000
10,0,160,0,100.000,1966.852,1493.013,1966.445,1493.194,0.445,0.300,1,0,0,0,0,0,0,12.959,9.328,0.589,0.000
10,0,180,0,100.000,1966.852,1493.013,1966.576,1493.159,0.312,0.100,1,0,0,0,0,0,0,10.805,7.644,0.574,0.000
10,0,200,0,100.000,1966.852,1493.013,1966.679,1493.127,0.207,0.400,1,0,0,0,0,0,0,9.670,11.750,0.678,0.000
10,0,220,0,100.000,1966.852,1493.013,1966.436,1493.189,0.451,0.300,1,0,0,0,0,0,0,10.552,10.034,0.468,0.000
10,0,240,0,100.000,1966.852,1493.013,1966.444,1493.200,0.449,0.500,1,0,0,0,0,0,0,7.095,9.275,0.621,0.000
10,0,260,0,100.000,1966.852,1493.013,1966.442,1493.180,0.443,0.300,1,0,0,0,0,0,0,9.992,9.467,0.556,0.000
10,0,280,0,100.000,1966.852,1493.013,1966.440,1493.170,0.441,0.600,1,0,0,0,0,0,0,11.204,12.651,0.558,0.000
10,0,300,0,100.000,1966.852,1493.013,1966.656,1493.114,0.220,0.500,2,0,0,0,0,0,0,9.927,10.005,0.501,0.000
10,0,320,0,100.000,1966.852,1493.013,1966.450,1493.157,0.427,0.400,2,0,0,0,0,0,0,11.798,12.426,0.475,0.000
10,0,340,0,100.000,1966.852,1493.013,1967.264,1492.957,0.416,0.300,2,0,0,0,0,0,0,8.130,9.671,0.624,0.000
10,0,360,0,100.000,1966.852,1493.013,1966.425,1493.171,0.455,0.800,3,0,0,0,0,0,0,11.989,12.772,0.400,0.000
10,0,380,0,100.000,1966.852,1493.013,1966.756,1493.097,0.128,0.800,4,0,0,0,0,0,0,12.310,10.527,0.553,0.000
10,20,-100,0,0.000,1966.852,1493.013,,,,0.000,0,0,0,0,0,0,10,7.667,13.079,0.516,
10,20,-80,0,0.000,1966.852,1493.013,,,,0.000,0,0,0,0,0,0,10,6.685,8.592,0.659,
10,20,-60,0,0.000,1966.852,1493.013,,,,0.000,0,0,0,0,0,0,10,10.054,13.605,0.592,
10,20,-40,0,0.000,1966.852,1493.013,,,,0.000,0,0,0,0,0,0,10,10.630,9.270,0.445,
10,20,-20,0,0.000,1966.852,1493.013,,,,0.000,0,0,0,0,0,0,10,10.895,13.033,0.564,
10,20,0,0,50.000,1966.852,1493.013,1972.376,1491.554,5.713,0.900,3,0,0,0,0,0,5,7.619,11.217,0.504,0.000
10,20,20,0,50.000,1966.852,1493.013,1969.543,1492.338,2.774,1.000,3,0,0,0,3,0,2,12.680,10.670,0.438,0.000
10,20,40,0,70.000,1966.852,1493.013,1969.010,1492.484,2.221,2.100,5,0,2,0,1,0,0,9.337,9.901,0.488,0.000
10,20,60,0,70.000,1966.852,1493.013,1969.159,1492.463,2.371,1.600,4,0,0,0,3,0,0,9.206,11.706,0.485,0.000
10,20,80,0,70.000,1966.852,1493.013,1968.532,1492.641,1.720,1.500,4,0,0,0,3,0,0,12.055,14.635,0.417,0.000
10,20,100,0,80.000,1966.852,1493.013,1968.616,1492.610,1.809,1.500,3,0,0,0,2,0,0,8.812,11.971,0.646,0.000
10,20,120,0,90.000,1966.852,1493.013,1968.971,1492.524,2.175,1.100,4,0,0,0,1,0,0,11.485,11.018,0.524,0.000
10,20,140,0,80.000,1966.852,1493.013,1967.940,1492.798,1.109,1.100,2,0,0,0,2,0,0,11.271,11.962,0.485,0.000
10,20,160,0,90.000,1966.852,1493.013,1968.138,1492.743,1.314,1.200,4,0,0,0,1,0,0,10.735,10.146,0.562,0.000
10,20,180,0,100.000,1966.852,1493.013,1968.019,1492.756,1.195,1.100,2,0,0,0,0,0,0,11.487,11.937,0.533,0.000
10,20,200,0,100.000,1966.852,1493.013,1966.936,1493.065,0.098,0.900,1,0,0,0,0,0,0,8.434,9.734,0.444,0.000
10,20,220,0,100.000,1966.852,1493.013,1967.008,1493.036,0.157,0.900,1,0,0,0,0,0,0,8.807,10.416,0.622,0.000
10,20,240,0,100.000,1966.852,1493.013,1966.565,1493.169,0.327,0.800,1,0,0,0,0,0,0,7.209,11.409,0.425,0.000
10,20,260,0,100.000,1966.852,1493.013,1966.971,1493.054,0.125,0.800,1,0,0,0,0,0,0,13.166,12.226,0.573,0.000
10,20,280,0,100.000,1966.852,1493.013,1966.467,1493.196,0.426,1.000,1,0,0,0,0,0,0,11.252,13.014,0.550,0.000
10,20,300,0,100.000,1966.852,1493.013,1966.519,1493.168,0.368,0.800,1,0,0,0,0,0,0,9.049,7.819,0.568,0.000
10,20,320,0,100.000,1966.852,1493.013,1966.620,1493.140,0.265,0.900,1,0,0,0,0,0,0,11.447,10.854,0.590,0.000
10,20,340,0,100.000,1966.852,1493.013,1966.489,1493.169,0.395,0.800,1,0,0,0,0,0,0,13.896,10.991,0.675,0.000
10,20,360,0,100.000,1966.852,1493.013,1966.507,1493.177,0.382,0.800,1,0,0,0,0,0,0,11.515,11.181,0.430,0.000
10,20,380,0,100.000,1966.852,1493.013,1966.517,1493.150,0.362,0.800,1,0,0,0,0,0,0,10.146,9.366,0.561,0.000
10,40,-100,0,0.000,1966.852,1493.013,,,,0.000,0,0,0,0,0,0,10,10.286,13.238,0.565,
10,40,-80,0,0.000,1966.852,1493.013,,,,0.000,0,0,0,0,0,0,10,8.213,9.097,0.602,
10,40,-60,0,0.000,1966.852,1493.013,,,,0.000,0,0,0,0,0,0,10,9.689,11.765,0.520,
10,40,-40,0,0.000,1966.852,1493.013,,,,0.000,0,0,0,0,0,0,10,8.099,8.524,0.564,
10,40,-20,0,0.000,1966.852,1493.013,,,,0.000,0,0,0,0,0,0,10,10.403,8.993,0.468,
10,40,0,0,0.000,1966.852,1493.013,,,,0.800,3,0,0,0,3,0,7,10.165,9.090,0.615,
10,40,20,0,0.000,1966.852,1493.013,,,,2.400,4,0,0,0,10,0,0,9.964,7.889,0.481,
10,40,40,0,10.000,1966.852,1493.013,1972.464,1491.556,5.798,2.400,4,0,0,0,9,0,0,10.500,11.223,0.403,0.000
10,40,60,0,10.000,1966.852,1493.013,1972.042,1491.680,5.358,2.900,5,0,1,0,8,0,0,12.598,10.722,0.473,0.000
10,40,80,0,20.000,1966.852,1493.013,1974.089,1491.090,7.488,3.200,4,0,0,0,8,0,0,9.789,12.919,0.470,0.000
10,40,100,0,30.000,1966.852,1493.013,1971.731,1491.779,5.033,3.000,5,0,1,0,6,0,0,11.704,12.393,0.588,0.000
10,40,120,0,50.000,1966.852,1493.013,1970.274,1492.166,3.525,2.800,5,0,1,0,4,0,0,11.854,9.855,0.643,0.000
10,40,140,0,50.000,1966.852,1493.013,1969.582,1492.362,2.806,2.500,4,0,0,0,5,0,0,12.750,11.300,0.540,0.000
10,40,160,0,50.000,1966.852,1493.013,1970.050,1492.208,3.298,2.600,4,0,0,0,5,0,0,6.238,10.211,0.642,0.000
10,40,180,0,70.000,1966.852,1493.013,1969.549,1492.319,2.785,2.400,5,0,2,0,1,0,0,11.267,11.647,0.623,0.000
10,40,200,0,70.000,1966.852,1493.013,1968.832,1492.528,2.038,1.700,3,0,0,0,3,0,0,8.494,12.844,0.691,0.000
10,40,220,0,80.000,1966.852,1493.013,1968.914,1492.520,2.120,1.800,4,0,0,0,2,0,0,11.179,13.779,0.686,0.000
10,40,240,0,90.000,1966.852,1493.013,1968.765,1492.552,1.967,1.700,4,0,0,0,1,0,0,10.846,12.492,0.507,0.000
10,40,260,0,80.000,1966.852,1493.013,1968.483,1492.641,1.672,1.800,3,0,0,0,2,0,0,9.822,13.304,0.544,0.000
10,40,280,0,100.000,1966.852,1493.013,1967.152,1493.001,0.300,1.300,2,0,0,0,0,0,0,11.057,9.978,0.527,0.000
10,40,300,0,90.000,1966.852,1493.013,1968.046,1492.787,1.215,1.700,4,0,0,0,1,0,0,11.818,11.543,0.607,0.000
10,40,320,0,100.000,1966.852,1493.013,1968.303,1492.675,1.490,1.400,2,0,0,0,0,0,0,13.851,9.999,0.537,0.000
10,40,340,0,100.000,1966.852,1493.013,1966.922,1493.071,0.090,1.100,2,0,0,0,0,0,0,9.291,13.674,0.531,0.000
10,40,360,0,100.000,1966.852,1493.013,1966.654,1493.127,0.229,1.000,1,0,0,0,0,0,0,9.206,10.215,0.642,0.000
10,40,380,0,100.000,1966.852,1493.013,1966.991,1493.028,0.139,1.000,1,0,0,0,0,0,0,7.976,10.219,0.525,0.000
10,60,-100,0,0.000,1966.852,1493.013,,,,0.000,0,0,0,0,0,0,10,11.036,10.740,0.534,
10,60,-80,0,0.000,1966.852,1493.013,,,,0.000,0,0,0,0,0,0,10,13.443,10.221,0.648,
10,60,-60,0,0.000,1966.852,1493.013,,,,0.000,0,0,0,0,0,0,10,12.611,12.469,0.623,
10,60,-40,0,0.000,1966.852,1493.013,,,,0.000,0,0,0,0,0,0,10,10.262,12.442,0.541,
10,60,-20,0,0.000,1966.852,1493.013,,,,0.000,0,0,0,0,0,0,10,12.938,9.719,0.458,
10,60,0,0,0.000,1966.852,1493.013,,,,0.000,0,0,0,0,0,0,10,10.895,10.454,0.530,
10,60,20,0,0.000,1966.852,1493.013,,,,1.700,3,0,0,0,8,0,2,14.640,10.315,0.545,
10,60,40,0,0.000,1966.852,1493.013,,,,2.400,3,0,0,0,10,0,0,8.168,11.357,0.529,
10,60,60,0,0.000,1966.852,1493.013,,,,3.300,4,0,0,0,10,0,0,7.149,11.423,0.465,
10,60,80,0,0.000,1966.852,1493.013,,,,3.200,4,0,0,0,10,0,0,10.760,9.212,0.525,
10,60,100,0,0.000,1966.852,1493.013,,,,3.500,5,0,1,0,9,0,0,10.465,11.662,0.647,
10,60,120,0,0.000,1966.852,1493.013,,,,3.300,4,0,0,0,10,0,0,10.992,13.274,0.432,
10,60,140,0,0.000,1966.852,1493.013,,,,3.200,5,0,1,0,9,0,0,11.870,11.501,0.371,
10,60,160,0,0.000,1966.852,1493.013,,,,3.600,5,0,1,0,9,0,0,12.185,12.704,0.639,
10,60,180,0,0.000,1966.852,1493.013,,,,3.200,4,0,0,0,10,0,0,10.092,11.519,0.528,
10,60,200,0,30.000,1966.852,1493.013,1970.313,1492.151,3.566,3.100,5,0,1,0,6,0,0,9.155,12.474,0.562,0.000
10,60,220,0,30.000,1966.852,1493.013,1969.106,1492.471,2.318,2.800,5,0,1,0,6,0,0,9.391,9.889,0.434,0.000
10,60,240,0,80.000,1966.852,1493.013,1969.806,1492.286,3.042,2.300,4,0,0,0,2,0,0,11.041,9.731,0.411,0.000
10,60,260,0,40.000,1966.852,1493.013,1969.098,1492.492,2.305,2.500,4,0,0,0,6,0,0,12.515,9.252,0.474,0.000
10,60,280,0,20.000,1966.852,1493.013,1967.265,1492.997,0.413,3.100,4,0,0,0,8,0,0,10.298,11.858,0.426,0.000
10,60,300,0,40.000,1966.852,1493.013,1968.417,1492.652,1.606,2.900,5,0,2,0,4,0,0,9.988,9.379,0.459,0.000
10,60,320,0,80.000,1966.852,1493.013,1969.619,1492.334,2.849,2.200,4,0,0,0,2,0,0,7.575,8.824,0.596,0.000
10,60,340,0,80.000,1966.852,1493.013,1968.996,1492.509,2.202,1.900,4,0,0,0,2,0,0,10.268,10.885,0.478,0.000
10,60,360,0,100.000,1966.852,1493.013,1968.368,1492.660,1.557,1.700,2,0,0,0,0,0,0,10.385,9.732,0.657,0.000
10,60,380,0,100.000,1966.852,1493.013,1969.578,1492.341,2.808,1.500,2,0,0,0,0,0,0,10.325,9.305,0.422,0.000
10,80,-100,0,0.000,1966.852,1493.013,,,,0.000,0,0,0,0,0,0,10,9.675,10.543,0.615,
10,80,-80,0,0.000,1966.852,1493.013,,,,0.000,0,0,0,0,0,0,10,10.657,10.002,0.699,
10,80,-60,0,0.000,1966.852,1493.013,,,,0.000,0,0,0,0,0,0,10,10.281,11.169,0.372,
10,80,-40,0,0.000,1966.852,1493.013,,,,0.000,0,0,0,0,0,0,10,11.844,7.694,0.478,
10,80,-20,0,0.000,1966.852,1493.013,,,,0.000,0,0,0,0,0,0,10,10.931,12.439,0.492,
10,80,0,0,0.000,1966.852,1493.013,,,,0.400,2,0,0,0,3,0,7,11.443,14.415,0.614,
10,80,20,0,0.000,1966.852,1493.013,,,,2.300,4,0,0,0,8,0,2,14.329,9.181,0.646,
10,80,40,0,0.000,1966.852,1493.013,,,,2.900,5,0,1,0,9,0,0,13.692,8.804,0.583,
10,80,60,0,0.000,1966.852,1493.013,,,,2.500,3,0,0,0,10,0,0,7.448,9.549,0.549,
10,80,80,0,0.000,1966.852,1493.013,,,,3.000,5,0,1,0,9,0,0,11.033,12.860,0.534,
10,80,100,0,0.000,1966.852,1493.013,,,,3.400,5,0,1,0,9,0,0,12.636,10.691,0.340,
10,80,120,0,0.000,1966.852,1493.013,,,,3.400,5,0,1,0,9,0,0,10.283,10.540,0.401,
10,80,140,0,0.000,1966.852,1493.013,,,,3.100,4,0,0,0,10,0,0,12.011,10.454,0.459,
10,80,160,0,0.000,1966.852,1493.013,,,,3.400,4,0,0,0,10,0,0,10.229,10.050,0.388,
10,80,180,0,20.000,1966.852,1493.013,1970.773,1491.991,4.052,3.000,5,0,1,0,7,0,0,10.468,9.341,0.466,0.000
10,80,200,0,0.000,1966.852,1493.013,,,,3.600,4,0,0,0,10,0,0,8.186,11.790,0.582,
10,80,220,0,0.000,1966.852,1493.013,,,,3.500,5,0,1,0,9,0,0,9.356,10.988,0.487,
10,80,240,0,0.000,1966.852,1493.013,,,,3.800,5,0,1,0,9,0,0,11.310,9.852,0.513,
10,80,260,0,10.000,1966.852,1493.013,1971.446,1491.845,4.740,3.400,4,0,0,0,9,0,0,10.322,11.098,0.666,0.000
10,80,280,0,20.000,1966.852,1493.013,1972.325,1491.572,5.659,3.600,5,0,2,0,6,0,0,10.052,11.506,0.702,0.000
10,80,300,0,0.000,1966.852,1493.013,,,,3.300,5,0,1,0,9,0,0,11.562,10.321,0.802,
10,80,320,0,20.000,1966.852,1493.013,1970.661,1492.054,3.928,3.100,5,0,1,0,7,0,0,11.056,11.620,0.622,0.000
10,80,340,0,20.000,1966.852,1493.013,1972.611,1491.452,5.966,3.200,4,0,0,0,8,0,0,11.890,10.270,0.499,0.000
10,80,360,0,20.000,1966.852,1493.013,1968.516,1492.651,1.703,3.100,4,0,0,0,8,0,0,11.288,12.586,0.569,0.000
10,80,380,0,40.000,1966.852,1493.013,1970.797,1491.991,4.075,2.900,5,0,1,0,5,0,0,11.664,12.005,0.648,0.000
10,100,-100,0,0.000,1966.852,1493.013,,,,0.000,0,0,0,0,0,0,10,7.622,8.304,0.640,
10,100,-80,0,0.000,1966.852,1493.013,,,,0.000,0,0,0,0,0,0,10,13.357,11.414,0.465,
10,100,-60,0,0.000,1966.852,1493.013,,,,0.000,0,0,0,0,0,0,10,10.429,9.970,0.582,
10,100,-40,0,0.000,1966.852,1493.013,,,,0.000,0,0,0,0,0,0,10,13.329,11.823,0.658,
10,100,-20,0,0.000,1966.852,1493.013,,,,0.000,0,0,0,0,0,0,10,10.830,13.318,0.594,
10,100,0,0,0.000,1966.852,1493.013,,,,0.000,0,0,0,0,0,0,10,9.987,9.918,0.693,
10,100,20,0,0.000,1966.852,1493.013,,,,1.100,3,0,0,0,5,0,5,10.414,13.476,0.547,
10,100,40,0,0.000,1966.852,1493.013,,,,2.800,4,0,0,0,10,0,0,14.065,8.375,0.582,
10,100,60,0,0.000,1966.852,1493.013,,,,2.800,5,0,1,0,9,0,0,11.293,12.672,0.461,
10,100,80,0,0.000,1966.852,1493.013,,,,2.700,3,0,0,0,10,0,0,11.838,11.110,0.504,
10,100,100,0,0.000,1966.852,1493.013,,,,3.400,5,0,2,0,8,0,0,12.024,12.382,0.652,
10,100,120,0,0.000,1966.852,1493.013,,,,3.500,5,0,2,0,8,0,0,12.290,7.756,0.686,
10,100,140,0,0.000,1966.852,1493.013,,,,3.400,4,0,0,0,10,0,0,12.534,10.358,0.415,
10,100,160,0,0.000,1966.852,1493.013,,,,3.400,4,0,0,0,10,0,0,11.391,10.737,0.400,
10,100,180,0,0.000,1966.852,1493.013,,,,3.500,5,0,1,0,9,0,0,13.737,9.629,0.583,
10,100,200,0,0.000,1966.852,1493.013,,,,3.600,5,0,1,0,9,0,0,11.930,10.347,0.423,
10,100,220,0,0.000,1966.852,1493.013,,,,3.500,5,0,1,0,9,0,0,12.577,12.261,0.613,
10,100,240,0,0.000,1966.852,1493.013,,,,3.700,5,0,2,0,8,0,0,13.934,11.459,0.569,
10,100,260,0,10.000,1966.852,1493.013,1967.071,1493.051,0.222,3.600,5,0,1,0,8,0,0,10.378,13.731,0.567,0.000
10,100,280,0,0.000,1966.852,1493.013,,,,3.800,4,0,0,0,10,0,0,11.229,12.514,0.515,
10,100,300,0,0.000,1966.852,1493.013,,,,4.300,5,0,5,0,5,0,0,8.714,14.856,0.639,
10,100,320,0,0.000,1966.852,1493.013,,,,3.600,5,0,1,0,9,0,0,9.585,9.010,0.679,
10,100,340,0,0.000,1966.852,1493.013,,,,3.800,5,0,2,0,8,0,0,10.268,10.637,0.289,
10,100,360,0,20.000,1966.852,1493.013,1971.424,1491.855,4.716,3.400,5,0,2,0,6,0,0,12.199,10.916,0.543,0.000
10,100,380,0,10.000,1966.852,1493.013,1969.141,1492.442,2.359,3.900,5,0,2,0,7,0,0,6.969,10.110,0.427,0.000
10,120,-100,0,0.000,1966.852,1493.013,,,,0.000,0,0,0,0,0,0,10,10.985,12.815,0.576,
10,120,-80,0,0.000,1966.852,1493.013,,,,0.000,0,0,0,0,0,0,10,11.767,10.615,0.526,
10,120,-60,0,0.000,1966.852,1493.013,,,,0.000,0,0,0,0,0,0,10,9.987,7.020,0.445,
10,120,-40,0,0.000,1966.852,1493.013,,,,0.000,0,0,0,0,0,0,10,11.114,13.310,0.423,
10,120,-20,0,0.000,1966.852,1493.013,,,,0.000,0,0,0,0,0,0,10,6.796,12.444,0.593,
10,120,0,0,0.000,1966.852,1493.013,,,,0.000,0,0,0,0,0,0,10,10.558,12.607,0.532,
10,120,20,0,0.000,1966.852,1493.013,,,,1.600,3,0,0,0,6,0,4,11.926,13.478,0.507,
10,120,40,0,0.000,1966.852,1493.013,,,,2.300,4,0,0,0,9,0,1,9.604,11.393,0.452,
10,120,60,0,0.000,1966.852,1493.013,,,,3.300,4,0,0,0,10,0,0,9.942,11.386,0.593,
10,120,80,0,0.000,1966.852,1493.013,,,,2.500,4,0,0,0,10,0,0,11.962,8.986,0.445,
10,120,100,0,0.000,1966.852,1493.013,,,,3.800,5,0,2,0,8,0,0,15.037,9.876,0.482,
10,120,120,0,0.000,1966.852,1493.013,,,,3.100,4,0,0,0,10,0,0,9.559,12.247,0.594,
10,120,140,0,0.000,1966.852,1493.013,,,,3.400,4,0,0,0,10,0,0,12.535,10.102,0.475,
10,120,160,0,0.000,1966.852,1493.013,,,,3.400,5,0,1,0,9,0,0,11.261,6.584,0.486,
10,120,180,0,0.000,1966.852,1493.013,,,,3.600,4,0,0,0,10,0,0,6.925,12.617,0.694,
10,120,200,0,0.000,1966.852,1493.013,,,,3.400,5,0,1,0,9,0,0,11.193,9.580,0.527,
10,120,220,0,0.000,1966.852,1493.013,,,,3.600,5,0,1,0,9,0,0,11.359,12.401,0.571,
10,120,240,0,0.000,1966.852,1493.013,,,,3.500,4,0,0,0,10,0,0,13.202,12.712,0.531,
10,120,260,0,0.000,1966.852,1493.013,,,,3.400,5,0,1,0,9,0,0,10.677,8.194,0.612,
10,120,280,0,0.000,1966.852,1493.013,,,,3.800,5,0,2,0,8,0,0,11.773,8.808,0.598,
10,120,300,0,0.000,1966.852,1493.013,,,,3.900,5,0,2,0,8,0,0,10.045,11.527,0.649,
10,120,320,0,0.000,1966.852,1493.013,,,,3.700,5,0,2,0,8,0,0,11.908,10.349,0.641,
10,120,340,0,0.000,1966.852,1493.013,,,,4.200,5,0,4,0,6,0,0,12.082,9.629,0.394,
10,120,360,0,0.000,1966.852,1493.013,,,,3.800,5,0,2,0,8,0,0,11.889,11.577,0.499,
10,120,380,0,0.000,1966.852,1493.013,,,,3.600,5,0,1,0,9,0,0,12.684,8.683,0.691,
10,140,-100,0,0.000,1966.852,1493.013,,,,0.000,0,0,0,0,0,0,10,9.290,11.224,0.587,
10,140,-80,0,0.000,1966.852,1493.013,,,,0.000,0,0,0,0,0,0,10,13.920,11.830,0.636,
10,140,-60,0,0.000,1966.852,1493.013,,,,0.000,0,0,0,0,0,0,10,10.898,9.870,0.586,
10,140,-40,0,0.000,1966.852,1493.013,,,,0.000,0,0,0,0,0,0,10,12.572,10.631,0.633,
10,140,-20,0,0.000,1966.852,1493.013,,,,0.000,0,0,0,0,0,0,10,12.657,12.572,0.485,
10,140,0,0,0.000,1966.852,1493.013,,,,0.000,0,0,0,0,0,0,10,8.458,10.217,0.500,
10,140,20,0,0.000,1966.852,1493.013,,,,0.200,2,0,0,0,1,0,9,10.732,9.237,0.434,
10,140,40,0,0.000,1966.852,1493.013,,,,1.800,3,0,0,0,8,0,2,12.254,10.426,0.501,
10,140,60,0,0.000,1966.852,1493.013,,,,3.000,4,0,0,0,10,0,0,12.373,13.718,0.565,
10,140,80,0,0.000,1966.852,1493.013,,,,3.500,5,0,1,0,9,0,0,10.663,13.620,0.588,
10,140,100,0,0.000,1966.852,1493.013,,,,3.100,5,0,1,0,9,0,0,12.605,9.734,0.594,
10,140,120,0,0.000,1966.852,1493.013,,,,3.500,5,0,1,0,9,0,0,11.601,10.422,0.400,
10,140,140,0,0.000,1966.852,1493.013,,,,3.300,4,0,0,0,10,0,0,10.989,11.035,0.515,
10,140,160,0,0.000,1966.852,1493.013,,,,3.700,5,0,1,0,9,0,0,7.576,10.423,0.595,
10,140,180,0,0.000,1966.852,1493.013,,,,3.500,5,0,1,0,9,0,0,10.282,11.663,0.639,
10,140,200,0,0.000,1966.852,1493.013,,,,3.400,5,0,1,0,9,0,0,13.373,12.241,0.587,
10,140,220,0,0.000,1966.852,1493.013,,,,3.700,5,0,2,0,8,0,0,12.377,13.571,0.546,
10,140,240,0,0.000,1966.852,1493.013,,,,3.300,5,0,1,0,9,0,0,13.869,11.403,0.595,
10,140,260,0,0.000,1966.852,1493.013,,,,3.500,5,0,1,0,9,0,0,8.368,9.212,0.425,
10,140,280,0,0.000,1966.852,1493.013,,,,3.500,4,0,0,0,10,0,0,9.759,10.306,0.662,
10,140,300,0,0.000,1966.852,1493.013,,,,3.800,5,0,1,0,9,0,0,10.098,13.811,0.578,
10,140,320,0,0.000,1966.852,1493.013,,,,4.100,5,0,3,0,7,0,0,11.186,12.084,0.570,
10,140,340,0,10.000,1966.852,1493.013,1971.664,1491.782,4.966,3.900,5,0,2,0,7,0,0,13.443,11.611,0.602,0.000
10,140,360,0,0.000,1966.852,1493.013,,,,3.700,5,0,1,0,9,0,0,13.135,11.068,0.602,
10,140,380,0,0.000,1966.852,1493.013,,,,3.700,5,0,1,0,9,0,0,8.524,11.251,0.558,
10,160,-100,0,0.000,1966.852,1493.013,,,,0.000,0,0,0,0,0,0,10,11.195,11.498,0.665,
10,160,-80,0,0.000,1966.852,1493.013,,,,0.000,0,0,0,0,0,0,10,7.768,11.047,0.426,
10,160,-60,0,0.000,1966.852,1493.013,,,,0.000,0,0,0,0,0,0,10,10.612,11.920,0.602,
10,160,-40,0,0.000,1966.852,1493.013,,,,0.000,0,0,0,0,0,0,10,10.512,11.365,0.636,
10,160,-20,0,0.000,1966.852,1493.013,,,,0.000,0,0,0,0,0,0,10,12.842,10.214,0.496,
10,160,0,0,0.000,1966.852,1493.013,,,,0.000,0,0,0,0,0,0,10,11.443,8.417,0.616,
10,160,20,0,0.000,1966.852,1493.013,,,,0.500,3,0,0,0,2,0,8,11.266,10.397,0.490,
10,160,40,0,0.000,1966.852,1493.013,,,,1.600,3,0,0,0,8,0,2,11.207,11.161,0.550,
10,160,60,0,0.000,1966.852,1493.013,,,,2.900,5,0,1,0,9,0,0,8.324,13.381,0.581,
10,160,80,0,0.000,1966.852,1493.013,,,,3.000,4,0,0,0,10,0,0,13.031,11.377,0.627,
10,160,100,0,0.000,1966.852,1493.013,,,,3.900,5,0,3,0,7,0,0,8.596,14.039,0.514,
10,160,120,0,0.000,1966.852,1493.013,,,,3.700,5,0,3,0,7,0,0,10.212,10.365,0.628,
10,160,140,0,0.000,1966.852,1493.013,,,,3.100,4,0,0,0,10,0,0,10.878,8.507,0.412,
10,160,160,0,0.000,1966.852,1493.013,,,,3.400,4,0,0,0,10,0,0,12.833,9.650,0.433,
10,160,180,0,0.000,1966.852,1493.013,,,,3.600,5,0,2,0,8,0,0,11.286,13.612,0.571,
10,160,200,0,0.000,1966.852,1493.013,,,,3.200,4,0,0,0,10,0,0,9.413,10.263,0.457,
10,160,220,0,0.000,1966.852,1493.013,,,,3.800,5,0,1,0,9,0,0,11.689,9.507,0.436,
10,160,240,0,0.000,1966.852,1493.013,,,,4.000,5,0,3,0,7,0,0,8.306,11.629,0.437,
10,160,260,0,0.000,1966.852,1493.013,,,,3.900,5,0,3,0,7,0,0,12.187,13.916,0.464,
10,160,280,0,0.000,1966.852,1493.013,,,,3.300,5,0,1,0,9,0,0,6.533,10.969,0.664,
10,160,300,0,0.000,1966.852,1493.013,,,,3.900,5,0,2,0,8,0,0,11.738,8.783,0.649,
10,160,320,0,0.000,1966.852,1493.013,,,,3.700,5,0,1,0,9,0,0,11.312,8.587,0.391,
10,160,340,0,0.000,1966.852,1493.013,,,,3.500,5,0,1,0,9,0,0,12.088,11.907,0.269,
10,160,360,0,0.000,1966.852,1493.013,,,,3.500,5,0,1,0,9,0,0,10.445,9.214,0.638,
10,160,380,0,0.000,1966.852,1493.013,,,,3.700,5,0,1,0,9,0,0,8.881,10.453,0.577,
10,180,-100,0,0.000,1966.852,1493.013,,,,0.000,0,0,0,0,0,0,10,12.082,11.618,0.592,
10,180,-80,0,0.000,1966.852,1493.013,,,,0.000,0,0,0,0,0,0,10,11.240,10.008,0.551,
10,180,-60,0,0.000,1966.852,1493.013,,,,0.000,0,0,0,0,0,0,10,6.214,11.026,0.650,
10,180,-40,0,0.000,1966.852,1493.013,,,,0.000,0,0,0,0,0,0,10,10.096,13.062,0.441,
10,180,-20,0,0.000,1966.852,1493.013,,,,0.000,0,0,0,0,0,0,10,8.900,14.134,0.483,
10,180,0,0,0.000,1966.852,1493.013,,,,0.000,0,0,0,0,0,0,10,10.130,12.479,0.612,
10,180,20,0,0.000,1966.852,1493.013,,,,0.800,3,0,0,0,4,0,6,11.756,11.641,0.437,
10,180,40,0,0.000,1966.852,1493.013,,,,1.700,4,0,0,0,6,0,4,11.477,13.565,0.606,
10,180,60,0,0.000,1966.852,1493.013,,,,2.900,4,0,0,0,10,0,0,12.623,9.680,0.651,
10,180,80,0,0.000,1966.852,1493.013,,,,3.100,5,0,1,0,9,0,0,7.204,11.059,0.581,
10,180,100,0,0.000,1966.852,1493.013,,,,3.300,4,0,0,0,10,0,0,9.893,13.147,0.487,
10,180,120,0,0.000,1966.852,1493.013,,,,3.500,4,0,0,0,10,0,0,11.401,10.996,0.506,
10,180,140,0,0.000,1966.852,1493.013,,,,3.600,5,0,1,0,9,0,0,10.962,8.610,0.550,
10,180,160,0,0.000,1966.852,1493.013,,,,3.800,5,0,1,0,9,0,0,11.123,10.249,0.543,
10,180,180,0,0.000,1966.852,1493.013,,,,3.800,5,0,2,0,8,0,0,7.700,8.469,0.512,
10,180,200,0,0.000,1966.852,1493.013,,,,3.800,5,0,2,0,8,0,0,6.834,13.154,0.488,
10,180,220,0,0.000,1966.852,1493.013,,,,3.600,5,0,2,0,8,0,0,11.282,12.947,0.557,
10,180,240,0,0.000,1966.852,1493.013,,,,3.500,5,0,1,0,9,0,0,7.724,13.063,0.567,
10,180,260,0,0.000,1966.852,1493.013,,,,3.700,5,0,1,0,9,0,0,11.100,10.086,0.524,
10,180,280,0,0.000,1966.852,1493.013,,,,3.700,5,0,3,0,7,0,0,11.723,12.194,0.482,
10,180,300,0,0.000,1966.852,1493.013,,,,3.700,5,0,1,0,9,0,0,13.639,10.609,0.448,
10,180,320,0,0.000,1966.852,1493.013,,,,3.600,5,0,1,0,9,0,0,8.602,10.660,0.590,
10,180,340,0,0.000,1966.852,1493.013,,,,4.200,5,0,3,0,7,0,0,13.237,9.856,0.573,
10,180,360,0,0.000,1966.852,1493.013,,,,3.600,5,0,3,0,7,0,0,12.474,9.017,0.515,
10,180,380,0,0.000,1966.852,1493.013,,,,4.100,5,0,2,0,8,0,0,10.702,9.365,0.458,
10,200,-100,0,0.000,1966.852,1493.013,,,,0.000,0,0,0,0,0,0,10,10.192,12.686,0.728,
10,200,-80,0,0.000,1966.852,1493.013,,,,0.000,0,0,0,0,0,0,10,11.493,11.477,0.564,
10,200,-60,0,0.000,1966.852,1493.013,,,,0.000,0,0,0,0,0,0,10,9.002,14.072,0.501,
10,200,-40,0,0.000,1966.852,1493.013,,,,0.000,0,0,0,0,0,0,10,13.625,11.926,0.493,
10,200,-20,0,0.000,1966.852,1493.013,,,,0.000,0,0,0,0,0,0,10,11.511,10.057,0.445,
10,200,0,0,0.000,1966.852,1493.013,,,,0.000,0,0,0,0,0,0,10,13.298,10.222,0.682,
10,200,20,0,0.000,1966.852,1493.013,,,,0.200,2,0,0,0,1,0,9,6.789,11.442,0.618,
10,200,40,0,0.000,1966.852,1493.013,,,,2.100,4,0,0,0,7,0,3,11.224,11.309,0.504,
10,200,60,0,0.000,1966.852,1493.013,,,,3.100,4,0,0,0,10,0,0,9.172,12.255,0.649,
10,200,80,0,0.000,1966.852,1493.013,,,,3.500,4,0,0,0,10,0,0,8.731,13.781,0.394,
10,200,100,0,0.000,1966.852,1493.013,,,,3.600,5,0,1,0,9,0,0,11.691,8.941,0.676,
10,200,120,0,0.000,1966.852,1493.013,,,,3.700,5,0,1,0,9,0,0,11.234,10.424,0.728,
10,200,140,0,0.000,1966.852,1493.013,,,,3.400,5,0,1,0,9,0,0,10.818,9.094,0.574,
10,200,160,0,0.000,1966.852,1493.013,,,,4.000,5,0,4,0,6,0,0,11.417,9.523,0.523,
10,200,180,0,0.000,1966.852,1493.013,,,,3.600,5,0,2,0,8,0,0,11.344,12.038,0.542,
10,200,200,0,0.000,1966.852,1493.013,,,,3.800,5,0,3,0,7,0,0,11.001,10.311,0.471,
10,200,220,0,0.000,1966.852,1493.013,,,,3.600,5,0,1,0,9,0,0,10.727,10.494,0.498,
10,200,240,0,0.000,1966.852,1493.013,,,,3.400,5,0,1,0,9,0,0,11.081,7.467,0.513,
10,200,260,0,0.000,1966.852,1493.013,,,,3.700,5,0,1,0,9,0,0,10.959,13.527,0.666,
10,200,280,0,0.000,1966.852,1493.013,,,,3.700,5,0,2,0,8,0,0,12.686,7.780,0.620,
10,200,300,0,0.000,1966.852,1493.013,,,,3.600,5,0,2,0,8,0,0,10.583,11.064,0.750,
10,200,320,0,0.000,1966.852,1493.013,,,,3.800,5,0,2,0,8,0,0,10.066,13.513,0.587,
10,200,340,0,0.000,1966.852,1493.013,,,,3.400,5,0,1,0,9,0,0,12.245,13.630,0.468,
10,200,360,0,0.000,1966.852,1493.013,,,,3.700,5,0,1,0,9,0,0,11.789,12.574,0.546,
10,200,380,0,0.000,1966.852,1493.013,,,,4.000,5,0,2,0,8,0,0,13.328,9.504,0.627,
10,220,-100,0,0.000,1966.852,1493.013,,,,0.000,0,0,0,0,0,0,10,9.197,11.089,0.513,
10,220,-80,0,0.000,1966.852,1493.013,,,,0.000,0,0,0,0,0,0,10,9.348,10.656,0.530,
10,220,-60,0,0.000,1966.852,1493.013,,,,0.000,0,0,0,0,0,0,10,9.161,7.916,0.527,
10,220,-40,0,0.000,1966.852,1493.013,,,,0.000,0,0,0,0,0,0,10,14.545,9.512,0.511,
10,220,-20,0,0.000,1966.852,1493.013,,,,0.000,0,0,0,0,0,0,10,12.726,10.586,0.669,
10,220,0,0,0.000,1966.852,1493.013,,,,0.000,0,0,0,0,0,0,10,11.728,9.282,0.598,
10,220,20,0,0.000,1966.852,1493.013,,,,0.300,3,0,0,0,1,0,9,8.796,11.890,0.641,
10,220,40,0,0.000,1966.852,1493.013,,,,2.400,5,0,1,0,6,0,3,9.479,10.631,0.653,
10,220,60,0,0.000,1966.852,1493.013,,,,3.000,5,0,2,0,8,0,0,10.433,13.779,0.453,
10,220,80,0,0.000,1966.852,1493.013,,,,3.600,5,0,1,0,9,0,0,11.747,9.711,0.531,
10,220,100,0,0.000,1966.852,1493.013,,,,3.100,5,0,2,0,8,0,0,9.173,10.262,0.603,
10,220,120,0,0.000,1966.852,1493.013,,,,3.400,5,0,2,0,8,0,0,10.996,9.629,0.457,
10,220,140,0,0.000,1966.852,1493.013,,,,3.800,5,0,3,0,7,0,0,8.263,12.705,0.578,
10,220,160,0,0.000,1966.852,1493.013,,,,4.300,5,0,5,0,5,0,0,10.460,9.911,0.543,
10,220,180,0,0.000,1966.852,1493.013,,,,3.600,5,0,2,0,8,0,0,12.866,9.207,0.395,
10,220,200,0,0.000,1966.852,1493.013,,,,3.400,5,0,1,0,9,0,0,7.931,10.523,0.482,
10,220,220,0,0.000,1966.852,1493.013,,,,3.600,5,0,1,0,9,0,0,10.084,10.485,0.438,
10,220,240,0,0.000,1966.852,1493.013,,,,3.900,5,0,2,0,8,0,0,9.146,10.513,0.694,
10,220,260,0,0.000,1966.852,1493.013,,,,3.600,5,0,2,0,8,0,0,12.593,9.844,0.379,
10,220,280,0,0.000,1966.852,1493.013,,,,4.000,5,0,4,0,6,0,0,9.214,11.054,0.683,
10,220,300,0,0.000,1966.852,1493.013,,,,3.900,5,0,3,0,7,0,0,7.286,10.367,0.556,
10,220,320,0,0.000,1966.852,1493.013,,,,3.900,5,0,3,0,7,0,0,10.684,10.343,0.562,
10,220,340,0,0.000,1966.852,1493.013,,,,3.900,5,0,2,0,8,0,0,8.631,12.129,0.429,
10,220,360,0,0.000,1966.852,1493.013,,,,4.100,5,0,5,0,5,0,0,11.887,7.109,0.494,
10,220,380,0,0.000,1966.852,1493.013,,,,4.000,5,0,3,0,7,0,0,10.031,11.018,0.590,
10,240,-100,0,0.000,1966.852,1493.013,,,,0.000,0,0,0,0,0,0,10,12.705,12.956,0.605,
10,240,-80,0,0.000,1966.852,1493.013,,,,0.000,0,0,0,0,0,0,10,11.759,13.061,0.638,
10,240,-60,0,0.000,1966.852,1493.013,,,,0.000,0,0,0,0,0,0,10,8.078,11.733,0.693,
10,240,-40,0,0.000,1966.852,1493.013,,,,0.000,0,0,0,0,0,0,10,10.510,12.712,0.463,
10,240,-20,0,0.000,1966.852,1493.013,,,,0.000,0,0,0,0,0,0,10,11.118,7.191,0.445,
10,240,0,0,0.000,1966.852,1493.013,,,,0.000,0,0,0,0,0,0,10,7.134,11.613,0.471,
10,240,20,0,0.000,1966.852,1493.013,,,,0.000,0,0,0,0,0,0,10,11.969,12.118,0.386,
10,240,40,0,0.000,1966.852,1493.013,,,,1.300,5,0,1,0,2,0,7,6.822,11.976,0.539,
10,240,60,0,0.000,1966.852,1493.013,,,,2.300,4,0,0,0,8,0,2,9.701,9.113,0.570,
10,240,80,0,0.000,1966.852,1493.013,,,,2.900,5,0,1,0,9,0,0,11.222,10.368,0.694,
10,240,100,0,0.000,1966.852,1493.013,,,,3.300,5,0,1,0,9,0,0,9.438,11.701,0.671,
10,240,120,0,0.000,1966.852,1493.013,,,,4.000,5,0,3,0,7,0,0,11.192,11.160,0.495,
10,240,140,0,0.000,1966.852,1493.013,,,,3.800,5,0,1,0,9,0,0,13.073,10.374,0.510,
10,240,160,0,0.000,1966.852,1493.013,,,,4.300,5,0,4,0,6,0,0,11.514,8.639,0.573,
10,240,180,0,0.000,1966.852,1493.013,,,,3.600,5,0,2,0,8,0,0,10.453,11.493,0.556,
10,240,200,0,0.000,1966.852,1493.013,,,,3.600,5,0,2,0,8,0,0,10.481,8.692,0.477,
10,240,220,0,0.000,1966.852,1493.013,,,,3.600,5,0,1,0,9,0,0,11.489,11.845,0.646,
10,240,240,0,0.000,1966.852,1493.013,,,,4.000,5,0,4,0,6,0,0,10.486,10.439,0.524,
10,240,260,0,0.000,1966.852,1493.013,,,,3.800,5,0,2,0,8,0,0,10.951,12.917,0.644,
10,240,280,0,0.000,1966.852,1493.013,,,,3.300,4,0,0,0,10,0,0,10.796,11.543,0.593,
10,240,300,0,0.000,1966.852,1493.013,,,,4.400,5,0,5,0,5,0,0,10.109,8.913,0.620,
10,240,320,0,0.000,1966.852,1493.013,,,,3.700,5,0,1,0,9,0,0,6.304,11.472,0.480,
10,240,340,0,0.000,1966.852,1493.013,,,,4.200,5,0,3,0,7,0,0,10.838,9.965,0.614,
10,240,360,0,0.000,1966.852,1493.013,,,,3.700,5,0,2,0,8,0,0,12.826,7.771,0.475,
10,240,380,0,0.000,1966.852,1493.013,,,,3.900,5,0,2,0,8,0,0,9.735,11.756,0.577,
10,260,-100,0,0.000,1966.852,1493.013,,,,0.000,0,0,0,0,0,0,10,10.513,11.895,0.606,
10,260,-80,0,0.000,1966.852,1493.013,,,,0.000,0,0,0,0,0,0,10,12.678,14.899,0.688,
10,260,-60,0,0.000,1966.852,1493.013,,,,0.000,0,0,0,0,0,0,10,9.094,10.633,0.486,
10,260,-40,0,0.000,1966.852,1493.013,,,,0.000,0,0,0,0,0,0,10,8.890,7.856,0.517,
10,260,-20,0,0.000,1966.852,1493.013,,,,0.000,0,0,0,0,0,0,10,6.789,11.392,0.535,
10,260,0,0,0.000,1966.852,1493.013,,,,0.000,0,0,0,0,0,0,10,10.238,10.227,0.648,
10,260,20,0,0.000,1966.852,1493.013,,,,0.000,0,0,0,0,0,0,10,11.838,12.833,0.645,
10,260,40,0,0.000,1966.852,1493.013,,,,1.100,3,0,0,0,4,0,6,12.368,8.702,0.598,
10,260,60,0,0.000,1966.852,1493.013,,,,3.300,5,0,2,0,7,0,1,9.103,12.217,0.446,
10,260,80,0,0.000,1966.852,1493.013,,,,3.900,5,0,2,0,8,0,0,11.844,11.129,0.494,
10,260,100,0,0.000,1966.852,1493.013,,,,4.300,5,0,4,0,6,0,0,8.913,12.995,0.472,
10,260,120,0,0.000,1966.852,1493.013,,,,4.000,5,0,4,0,6,0,0,14.092,13.298,0.561,
10,260,140,0,0.000,1966.852,1493.013,,,,4.400,5,0,6,0,4,0,0,13.740,8.636,0.592,
10,260,160,0,0.000,1966.852,1493.013,,,,4.800,5,0,8,0,2,0,0,7.511,9.881,0.487,
10,260,180,0,0.000,1966.852,1493.013,,,,4.300,5,0,4,0,6,0,0,12.391,11.232,0.564,
10,260,200,0,0.000,1966.852,1493.013,,,,4.700,5,0,7,0,3,0,0,8.403,11.240,0.441,
10,260,220,0,0.000,1966.852,1493.013,,,,4.200,5,0,5,0,5,0,0,11.131,11.112,0.427,
10,260,240,0,0.000,1966.852,1493.013,,,,4.500,5,0,6,0,4,0,0,12.443,11.561,0.430,
10,260,260,0,0.000,1966.852,1493.013,,,,4.300,5,0,3,0,7,0,0,10.651,10.316,0.541,
10,260,280,0,0.000,1966.852,1493.013,,,,3.900,5,0,4,0,6,0,0,11.107,10.698,0.590,
10,260,300,0,0.000,1966.852,1493.013,,,,4.200,5,0,4,0,6,0,0,11.750,9.606,0.536,
10,260,320,0,0.000,1966.852,1493.013,,,,4.000,5,0,2,0,8,0,0,9.512,10.952,0.623,
10,260,340,0,0.000,1966.852,1493.013,,,,4.100,5,0,4,0,6,0,0,12.394,10.181,0.687,
10,260,360,0,0.000,1966.852,1493.013,,,,4.100,5,0,4,0,6,0,0,10.373,10.861,0.516,
10,260,380,0,0.000,1966.852,1493.013,,,,4.200,5,0,5,0,5,0,0,11.264,11.150,0.467,
10,280,-100,0,0.000,1966.852,1493.013,,,,0.000,0,0,0,0,0,0,10,11.941,10.085,0.667,
10,280,-80,0,0.000,1966.852,1493.013,,,,0.000,0,0,0,0,0,0,10,10.074,8.886,0.583,
10,280,-60,0,0.000,1966.852,1493.013,,,,0.000,0,0,0,0,0,0,10,9.409,9.478,0.440,
10,280,-40,0,0.000,1966.852,1493.013,,,,0.000,0,0,0,0,0,0,10,9.687,13.061,0.425,
10,280,-20,0,0.000,1966.852,1493.013,,,,0.000,0,0,0,0,0,0,10,12.985,8.407,0.576,
10,280,0,0,0.000,1966.852,1493.013,,,,0.000,0,0,0,0,0,0,10,12.714,10.729,0.601,
10,280,20,0,0.000,1966.852,1493.013,,,,0.000,0,0,0,0,0,0,10,10.778,12.101,0.493,
10,280,40,0,0.000,1966.852,1493.013,,,,1.100,5,0,1,0,2,0,7,10.698,10.527,0.547,
10,280,60,0,0.000,1966.852,1493.013,,,,3.700,5,0,2,0,8,0,0,13.167,7.729,0.638,
10,280,80,0,0.000,1966.852,1493.013,,,,3.900,5,0,3,0,7,0,0,10.760,10.073,0.469,
10,280,100,0,0.000,1966.852,1493.013,,,,3.600,5,0,1,0,9,0,0,10.410,9.937,0.620,
10,280,120,0,0.000,1966.852,1493.013,,,,4.400,5,0,4,0,6,0,0,11.666,11.027,0.379,
10,280,140,0,0.000,1966.852,1493.013,,,,4.300,5,0,4,0,6,0,0,11.558,10.351,0.468,
10,280,160,0,0.000,1966.852,1493.013,,,,4.300,5,0,3,0,7,0,0,10.779,7.724,0.462,
10,280,180,0,0.000,1966.852,1493.013,,,,4.500,5,0,5,0,5,0,0,9.647,9.042,0.555,
10,280,200,0,0.000,1966.852,1493.013,,,,4.400,5,0,5,0,5,0,0,11.303,12.237,0.594,
10,280,220,0,0.000,1966.852,1493.013,,,,4.300,5,0,4,0,6,0,0,10.980,13.380,0.533,
10,280,240,0,0.000,1966.852,1493.013,,,,4.500,5,0,6,0,4,0,0,13.087,13.621,0.611,
10,280,260,0,0.000,1966.852,1493.013,,,,4.200,5,0,3,0,7,0,0,10.115,11.049,0.647,
10,280,280,0,0.000,1966.852,1493.013,,,,4.200,5,0,5,0,5,0,0,12.200,10.446,0.610,
10,280,300,0,0.000,1966.852,1493.013,,,,3.900,5,0,2,0,8,0,0,10.779,12.269,0.525,
10,280,320,0,0.000,1966.852,1493.013,,,,4.400,5,0,6,0,4,0,0,12.053,11.495,0.575,
10,280,340,0,0.000,1966.852,1493.013,,,,3.900,5,0,2,0,8,0,0,10.033,11.464,0.622,
10,280,360,0,0.000,1966.852,1493.013,,,,3.900,5,0,4,0,6,0,0,9.726,9.809,0.636,
10,280,380,0,0.000,1966.852,1493.013,,,,4.100,5,0,4,0,6,0,0,11.513,9.780,0.637,
20,-200,-100,0,0.000,1879.319,1506.472,,,,0.000,0,10,0,0,0,0,0,10.816,10.445,0.486,
20,-200,-80,0,0.000,1879.319,1506.472,,,,0.000,0,10,0,0,0,0,0,10.169,11.082,0.583,
20,-200,-60,0,0.000,1879.319,1506.472,,,,0.000,0,10,0,0,0,0,0,13.314,10.431,0.512,
20,-200,-40,0,0.000,1879.319,1506.472,,,,0.000,0,10,0,0,0,0,0,8.259,13.521,0.500,
20,-200,-20,0,0.000,1879.319,1506.472,,,,0.000,0,10,0,0,0,0,0,8.701,10.052,0.455,
20,-200,0,0,0.000,1879.319,1506.472,,,,0.000,0,10,0,0,0,0,0,11.048,9.631,0.336,
20,-200,20,0,0.000,1879.319,1506.472,,,,0.000,0,10,0,0,0,0,0,9.830,12.832,0.592,
20,-200,40,0,0.000,1879.319,1506.472,,,,0.000,0,10,0,0,0,0,0,11.368,11.853,0.551,
20,-200,60,0,0.000,1879.319,1506.472,,,,0.000,0,10,0,0,0,0,0,11.331,11.542,0.538,
20,-200,80,0,0.000,1879.319,1506.472,,,,0.000,0,10,0,0,0,0,0,10.191,9.897,0.626,
20,-200,100,0,0.000,1879.319,1506.472,,,,0.000,0,10,0,0,0,0,0,10.815,15.718,0.673,
20,-200,120,0,0.000,1879.319,1506.472,,,,0.000,0,10,0,0,0,0,0,13.828,6.668,0.575,
20,-200,140,0,0.000,1879.319,1506.472,,,,0.000,0,10,0,0,0,0,0,9.547,9.576,0.360,
20,-200,160,0,0.000,1879.319,1506.472,,,,0.000,0,8,0,0,0,0,2,11.552,10.761,0.570,
20,-200,180,0,0.000,1879.319,1506.472,,,,0.000,0,10,0,0,0,0,0,7.851,11.796,0.586,
20,-200,200,0,0.000,1879.319,1506.472,,,,0.000,0,8,0,0,0,0,2,12.026,13.108,0.437,
20,-200,220,0,0.000,1879.319,1506.472,,,,0.000,0,7,0,0,0,0,3,11.107,11.676,0.568,
20,-200,240,0,0.000,1879.319,1506.472,,,,0.000,0,5,0,0,0,0,5,7.478,13.208,0.601,
20,-200,260,0,0.000,1879.319,1506.472,,,,0.000,0,2,0,0,0,0,8,11.117,11.826,0.764,
20,-200,280,0,0.000,1879.319,1506.472,,,,0.000,0,0,0,0,0,0,10,5.021,8.919,0.557,
20,-200,300,0,0.000,1879.319,1506.472,,,,0.000,0,0,0,0,0,0,10,11.459,12.951,0.474,
20,-200,320,0,0.000,1879.319,1506.472,,,,0.000,0,0,0,0,0,0,10,13.165,13.101,0.708,
20,-200,340,0,0.000,1879.319,1506.472,,,,0.000,0,0,0,0,0,0,10,11.658,9.296,0.596,
20,-200,360,0,0.000,1879.319,1506.472,,,,0.000,0,0,0,0,0,0,10,17.002,8.834,0.446,
20,-200,380,0,0.000,1879.319,1506.472,,,,0.000,0,0,0,0,0,0,10,12.929,9.532,0.521,
20,-180,-100,0,0.000,1879.319,1506.472,,,,0.000,0,10,0,0,0,0,0,12.138,10.550,0.589,
20,-180,-80,0,0.000,1879.319,1506.472,,,,0.000,0,10,0,0,0,0,0,10.141,12.031,0.631,
20,-180,-60,0,0.000,1879.319,1506.472,,,,0.000,0,10,0,0,0,0,0,10.724,13.027,0.425,
20,-180,-40,0,0.000,1879.319,1506.472,,,,0.000,0,10,0,0,0,0,0,10.056,11.695,0.521,
20,-180,-20,0,0.000,1879.319,1506.472,,,,0.000,0,10,0,0,0,0,0,12.119,7.727,0.382,
20,-180,0,0,0.000,1879.319,1506.472,,,,0.000,0,10,0,0,0,0,0,12.023,9.774,0.452,
20,-180,20,0,0.000,1879.319,1506.472,,,,0.000,0,10,0,0,0,0,0,8.126,10.444,0.588,
20,-180,40,0,0.000,1879.319,1506.472,,,,0.000,0,10,0,0,0,0,0,10.795,12.188,0.600,
20,-180,60,0,0.000,1879.319,1506.472,,,,0.000,0,10,0,0,0,0,0,9.707,8.028,0.603,
20,-180,80,0,0.000,1879.319,1506.472,,,,0.000,0,10,0,0,0,0,0,5.978,11.653,0.557,
20,-180,100,0,0.000,1879.319,1506.472,,,,0.000,0,10,0,0,0,0,0,14.358,13.567,0.516,
20,-180,120,0,0.000,1879.319,1506.472,,,,0.000,0,8,0,0,0,0,2,12.133,8.146,0.473,
20,-180,140,0,0.000,1879.319,1506.472,,,,0.000,0,9,0,0,0,0,1,7.493,9.502,0.475,
20,-180,160,0,0.000,1879.319,1506.472,,,,0.000,0,5,0,0,0,0,5,12.313,11.924,0.441,
20,-180,180,0,0.000,1879.319,1506.472,,,,0.000,0,2,0,0,0,0,8,10.465,9.869,0.349,
20,-180,200,0,0.000,1879.319,1506.472,,,,0.000,0,1,0,0,0,0,9,11.398,14.422,0.578,
20,-180,220,0,0.000,1879.319,1506.472,,,,0.000,0,0,0,0,0,0,10,13.839,9.751,0.515,
20,-180,240,0,0.000,1879.319,1506.472,,,,0.000,0,0,0,0,0,0,10,11.091,10.153,0.596,
20,-180,260,0,0.000,1879.319,1506.472,,,,0.000,0,0,0,0,0,0,10,10.976,10.853,0.424,
20,-180,280,0,0.000,1879.319,1506.472,,,,0.000,0,0,0,0,0,0,10,9.181,10.374,0.472,
20,-180,300,0,0.000,1879.319,1506.472,,,,0.000,0,0,0,0,0,0,10,8.986,10.719,0.512,
20,-180,320,0,0.000,1879.319,1506.472,,,,0.000,0,0,0,0,0,0,10,11.061,11.213,0.570,
20,-180,340,0,0.000,1879.319,1506.472,,,,0.000,0,0,0,0,0,0,10,12.941,9.306,0.536,
20,-180,360,0,0.000,1879.319,1506.472,,,,0.000,0,0,0,0,0,0,10,7.697,13.014,0.525,
20,-180,380,0,0.000,1879.319,1506.472,,,,0.000,0,0,0,0,0,0,10,9.613,12.364,0.429,
20,-160,-100,0,0.000,1879.319,1506.472,,,,0.000,0,10,0,0,0,0,0,11.220,14.167,0.494,
20,-160,-80,0,0.000,1879.319,1506.472,,,,0.000,0,10,0,0,0,0,0,7.405,9.579,0.494,
20,-160,-60,0,0.000,1879.319,1506.472,,,,0.000,0,10,0,0,0,0,0,11.227,11.977,0.645,
20,-160,-40,0,0.000,1879.319,1506.472,,,,0.000,0,10,0,0,0,0,0,7.281,11.569,0.439,
20,-160,-20,0,0.000,1879.319,1506.472,,,,0.000,0,10,0,0,0,0,0,12.805,13.092,0.567,
20,-160,0,0,0.000,1879.319,1506.472,,,,0.000,0,10,0,0,0,0,0,13.018,10.990,0.512,
20,-160,20,0,0.000,1879.319,1506.472,,,,0.000,0,10,0,0,0,0,0,9.981,13.957,0.533,
20,-160,40,0,0.000,1879.319,1506.472,,,,0.000,0,9,0,0,0,0,1,11.980,11.071,0.619,
20,-160,60,0,0.000,1879.319,1506.472,,,,0.000,0,8,0,0,0,0,2,12.266,8.746,0.612,
20,-160,80,0,0.000,1879.319,1506.472,,,,0.000,0,7,0,0,0,0,3,10.493,9.347,0.599,
20,-160,100,0,0.000,1879.319,1506.472,,,,0.000,0,8,0,0,0,0,2,9.758,7.088,0.554,
20,-160,120,0,0.000,1879.319,1506.472,,,,0.000,0,2,0,0,0,0,8,9.813,11.096,0.692,
20,-160,140,0,0.000,1879.319,1506.472,,,,0.000,0,0,0,0,0,0,10,7.973,11.781,0.394,
20,-160,160,0,0.000,1879.319,1506.472,,,,0.000,0,1,0,0,0,0,9,10.652,13.296,0.443,
20,-160,180,0,0.000,1879.319,1506.472,,,,0.000,0,0,0,0,0,0,10,13.871,11.165,0.620,
20,-160,200,0,0.000,1879.319,1506.472,,,,0.000,0,0,0,0,0,0,10,12.447,13.190,0.679,
20,-160,220,0,0.000,1879.319,1506.472,,,,0.000,0,0,0,0,0,0,10,11.303,8.495,0.539,
20,-160,240,0,0.000,1879.319,1506.472,,,,0.000,0,0,0,0,0,0,10,6.293,10.461,0.583,
20,-160,260,0,0.000,1879.319,1506.472,,,,0.000,0,0,0,0,0,0,10,10.184,13.275,0.479,
20,-160,280,0,0.000,1879.319,1506.472,,,,0.000,0,0,0,0,0,0,10,13.715,13.808,0.567,
20,-160,300,0,0.000,1879.319,1506.472,,,,0.000,0,0,0,0,0,0,10,11.339,13.612,0.639,
20,-160,320,0,0.000,1879.319,1506.472,,,,0.000,0,0,0,0,0,0,10,9.139,10.856,0.582,
20,-160,340,0,0.000,1879.319,1506.472,,,,0.000,0,0,0,0,0,0,10,9.754,10.687,0.572,
20,-160,360,0,0.000,1879.319,1506.472,,,,0.000,0,0,0,0,0,0,10,11.790,9.664,0.719,
20,-160,380,0,0.000,1879.319,1506.472,,,,0.000,0,0,0,0,0,0,10,7.906,8.788,0.530,
20,-140,-100,0,0.000,1879.319,1506.472,,,,0.000,0,10,0,0,0,0,0,9.386,10.659,0.689,
20,-140,-80,0,0.000,1879.319,1506.472,,,,0.000,0,10,0,0,0,0,0,9.362,12.015,0.630,
20,-140,-60,0,0.000,1879.319,1506.472,,,,0.000,0,10,0,0,0,0,0,10.281,10.523,0.341,
20,-140,-40,0,0.000,1879.319,1506.472,,,,0.000,0,10,0,0,0,0,0,12.489,11.341,0.603,
20,-140,-20,0,0.000,1879.319,1506.472,,,,0.000,0,10,0,0,0,0,0,8.271,9.881,0.574,
20,-140,0,0,0.000,1879.319,1506.472,,,,0.000,0,9,0,0,0,0,1,11.111,11.740,0.617,
20,-140,20,0,0.000,1879.319,1506.472,,,,0.000,0,7,0,0,0,0,3,12.238,11.751,0.598,
20,-140,40,0,0.000,1879.319,1506.472,,,,0.000,0,3,0,0,0,0,7,9.384,8.853,0.626,
20,-140,60,0,0.000,1879.319,1506.472,,,,0.000,0,5,0,0,0,0,5,14.694,9.973,0.491,
20,-140,80,0,0.000,1879.319,1506.472,,,,0.000,0,1,0,0,0,0,9,12.800,9.859,0.666,
20,-140,100,0,0.000,1879.319,1506.472,,,,0.000,0,0,0,0,0,0,10,10.028,6.281,0.559,
20,-140,120,0,0.000,1879.319,1506.472,,,,0.000,0,0,0,0,0,0,10,13.284,7.146,0.405,
20,-140,140,0,0.000,1879.319,1506.472,,,,0.000,0,0,0,0,0,0,10,7.860,10.123,0.674,
20,-140,160,0,0.000,1879.319,1506.472,,,,0.000,0,0,0,0,0,0,10,11.761,12.259,0.604,
20,-140,180,0,0.000,1879.319,1506.472,,,,0.000,0,0,0,0,0,0,10,10.630,10.800,0.581,
20,-140,200,0,0.000,1879.319,1506.472,,,,0.000,0,0,0,0,0,0,10,11.001,12.754,0.604,
20,-140,220,0,0.000,1879.319,1506.472,,,,0.000,0,0,0,0,0,0,10,9.609,12.535,0.611,
20,-140,240,0,0.000,1879.319,1506.472,,,,0.000,0,0,0,0,0,0,10,11.564,11.699,0.509,
20,-140,260,0,0.000,1879.319,1506.472,,,,0.000,0,0,0,0,0,0,10,11.839,9.610,0.622,
20,-140,280,0,0.000,1879.319,1506.472,,,,0.000,0,0,0,0,0,0,10,6.395,9.758,0.586,
20,-140,300,0,0.000,1879.319,1506.472,,,,0.000,0,0,0,0,0,0,10,10.788,9.812,0.671,
20,-140,320,0,0.000,1879.319,1506.472,,,,0.000,0,0,0,0,0,0,10,10.943,11.146,0.577,
20,-140,340,0,10.000,1879.319,1506.472,1878.929,1506.760,0.484,0.000,0,0,0,0,0,0,9,13.556,12.305,0.404,0.000
20,-140,360,0,20.000,1879.319,1506.472,1878.930,1506.744,0.474,0.000,0,0,0,0,0,0,8,8.586,9.944,0.586,0.000
20,-140,380,0,40.000,1879.319,1506.472,1878.942,1506.715,0.449,0.000,0,0,0,0,0,0,6,10.457,6.597,0.617,0.000
20,-120,-100,0,0.000,1879.319,1506.472,,,,0.000,0,10,0,0,0,0,0,14.252,10.892,0.539,
20,-120,-80,0,0.000,1879.319,1506.472,,,,0.000,0,10,0,0,0,0,0,13.256,12.415,0.399,
20,-120,-60,0,0.000,1879.319,1506.472,,,,0.000,0,10,0,0,0,0,0,9.968,8.880,0.597,
20,-120,-40,0,0.000,1879.319,1506.472,,,,0.000,0,9,0,0,0,0,1,9.283,12.765,0.507,
20,-120,-20,0,0.000,1879.319,1506.472,,,,0.000,0,7,0,0,0,0,3,7.318,12.035,0.504,
20,-120,0,0,0.000,1879.319,1506.472,,,,0.000,0,6,0,0,0,0,4,10.518,9.658,0.536,
20,-120,20,0,0.000,1879.319,1506.472,,,,0.000,0,1,0,0,0,0,9,8.347,9.059,0.604,
20,-120,40,0,0.000,1879.319,1506.472,,,,0.000,0,0,0,0,0,0,10,10.081,8.731,0.547,
20,-120,60,0,0.000,1879.319,1506.472,,,,0.000,0,0,0,0,0,0,10,11.524,8.363,0.618,
20,-120,80,0,0.000,1879.319,1506.472,,,,0.000,0,0,0,0,0,0,10,12.965,9.374,0.593,
20,-120,100,0,0.000,1879.319,1506.472,,,,0.000,0,0,0,0,0,0,10,9.830,8.234,0.614,
20,-120,120,0,0.000,1879.319,1506.472,,,,0.000,0,0,0,0,0,0,10,10.325,7.023,0.535,
20,-120,140,0,0.000,1879.319,1506.472,,,,0.000,0,0,0,0,0,0,10,9.819,10.648,0.413,
20,-120,160,0,0.000,1879.319,1506.472,,,,0.000,0,0,0,0,0,0,10,12.782,9.801,0.590,
20,-120,180,0,0.000,1879.319,1506.472,,,,0.000,0,0,0,0,0,0,10,9.381,12.945,0.498,
20,-120,200,0,0.000,1879.319,1506.472,,,,0.000,0,0,0,0,0,0,10,6.221,12.899,0.530,
20,-120,220,0,0.000,1879.319,1506.472,,,,0.000,0,0,0,0,0,0,10,9.780,9.043,0.513,
20,-120,240,0,0.000,1879.319,1506.472,,,,0.000,0,0,0,0,0,0,10,9.186,11.416,0.693,
20,-120,260,0,0.000,1879.319,1506.472,,,,0.000,0,0,0,0,0,0,10,9.106,12.532,0.487,
20,-120,280,0,0.000,1879.319,1506.472,,,,0.000,0,0,0,0,0,0,10,6.591,13.945,0.511,
20,-120,300,0,20.000,1879.319,1506.472,1878.931,1506.735,0.469,0.000,0,0,0,0,0,0,8,11.961,11.328,0.540,0.000
20,-120,320,0,60.000,1879.319,1506.472,1878.941,1506.707,0.445,0.000,0,0,0,0,0,0,4,11.959,11.057,0.502,0.000
20,-120,340,0,50.000,1879.319,1506.472,1878.933,1506.738,0.469,0.000,0,0,0,0,0,0,5,10.009,10.589,0.640,0.000
20,-120,360,0,60.000,1879.319,1506.472,1878.942,1506.729,0.456,0.000,0,0,0,0,0,0,4,9.269,10.961,0.509,0.000
20,-120,380,0,90.000,1879.319,1506.472,1878.947,1506.714,0.444,0.000,0,0,0,0,0,0,1,8.494,13.621,0.497,0.000
20,-100,-100,0,0.000,1879.319,1506.472,,,,0.000,0,8,0,0,0,0,2,12.430,9.287,0.572,
20,-100,-80,0,0.000,1879.319,1506.472,,,,0.000,0,9,0,0,0,0,1,8.869,7.534,0.477,
20,-100,-60,0,0.000,1879.319,1506.472,,,,0.000,0,8,0,0,0,0,2,11.689,11.896,0.465,
20,-100,-40,0,0.000,1879.319,1506.472,,,,0.000,0,3,0,0,0,0,7,12.672,10.678,0.551,
20,-100,-20,0,0.000,1879.319,1506.472,,,,0.000,0,1,0,0,0,0,9,10.765,10.277,0.484,
20,-100,0,0,0.000,1879.319,1506.472,,,,0.000,0,0,0,0,0,0,10,11.400,8.749,0.466,
20,-100,20,0,0.000,1879.319,1506.472,,,,0.000,0,0,0,0,0,0,10,11.437,9.655,0.690,
20,-100,40,0,0.000,1879.319,1506.472,,,,0.000,0,0,0,0,0,0,10,5.644,13.511,0.668,
20,-100,60,0,0.000,1879.319,1506.472,,,,0.000,0,0,0,0,0,0,10,11.804,10.425,0.517,
20,-100,80,0,0.000,1879.319,1506.472,,,,0.000,0,0,0,0,0,0,10,10.046,10.029,0.431,
20,-100,100,0,0.000,1879.319,1506.472,,,,0.000,0,0,0,0,0,0,10,13.171,9.971,0.631,
20,-100,120,0,0.000,1879.319,1506.472,,,,0.000,0,0,0,0,0,0,10,11.368,10.484,0.546,
20,-100,140,0,0.000,1879.319,1506.472,,,,0.000,0,0,0,0,0,0,10,10.016,10.201,0.600,
20,-100,160,0,0.000,1879.319,1506.472,,,,0.000,0,0,0,0,0,0,10,8.861,11.543,0.742,
20,-100,180,0,0.000,1879.319,1506.472,,,,0.000,0,0,0,0,0,0,10,13.323,11.467,0.584,
20,-100,200,0,0.000,1879.319,1506.472,,,,0.000,0,0,0,0,0,0,10,12.999,10.861,0.581,
20,-100,220,0,0.000,1879.319,1506.472,,,,0.000,0,0,0,0,0,0,10,10.468,10.827,0.717,
20,-100,240,0,10.000,1879.319,1506.472,1878.960,1506.743,0.450,0.000,0,0,0,0,0,0,9,11.953,10.478,0.472,0.000
20,-100,260,0,40.000,1879.319,1506.472,1878.957,1506.743,0.452,0.000,0,0,0,0,0,0,6,12.094,8.772,0.433,0.000
20,-100,280,0,60.000,1879.319,1506.472,1878.934,1506.711,0.453,0.000,0,0,0,0,0,0,4,9.446,11.918,0.426,0.000
20,-100,300,0,40.000,1879.319,1506.472,1878.932,1506.717,0.458,0.000,0,0,0,0,0,0,6,14.716,12.105,0.542,0.000
20,-100,320,0,100.000,1879.319,1506.472,1878.920,1506.712,0.466,0.000,0,0,0,0,0,0,0,9.653,12.430,0.394,0.000
20,-100,340,0,100.000,1879.319,1506.472,1878.926,1506.730,0.470,0.000,0,0,0,0,0,0,0,11.455,12.045,0.479,0.000
20,-100,360,0,100.000,1879.319,1506.472,1878.927,1506.719,0.463,0.000,0,0,0,0,0,0,0,10.455,6.563,0.574,0.000
20,-100,380,0,100.000,1879.319,1506.472,1878.934,1506.730,0.463,0.000,0,0,0,0,0,0,0,7.808,10.562,0.594,0.000
20,-80,-100,0,0.000,1879.319,1506.472,,,,0.000,0,4,0,0,0,0,6,12.310,12.120,0.421,
20,-80,-80,0,0.000,1879.319,1506.472,,,,0.000,0,1,0,0,0,0,9,12.947,7.976,0.493,
20,-80,-60,0,0.000,1879.319,1506.472,,,,0.000,0,1,0,0,0,0,9,13.823,14.099,0.621,
20,-80,-40,0,0.000,1879.319,1506.472,,,,0.000,0,0,0,0,0,0,10,12.142,10.182,0.613,
20,-80,-20,0,0.000,1879.319,1506.472,,,,0.000,0,0,0,0,0,0,10,9.687,11.867,0.492,
20,-80,0,0,0.000,1879.319,1506.472,,,,0.000,0,0,0,0,0,0,10,10.352,11.796,0.487,
20,-80,20,0,0.000,1879.319,1506.472,,,,0.000,0,0,0,0,0,0,10,10.317,10.061,0.627,
20,-80,40,0,0.000,1879.319,1506.472,,,,0.000,0,0,0,0,0,0,10,11.842,10.074,0.457,
20,-80,60,0,0.000,1879.319,1506.472,,,,0.000,0,0,0,0,0,0,10,9.490,12.754,0.502,
20,-80,80,0,0.000,1879.319,1506.472,,,,0.000,0,0,0,0,0,0,10,9.733,10.647,0.560,
20,-80,100,0,0.000,1879.319,1506.472,,,,0.000,0,0,0,0,0,0,10,10.534,8.307,0.621,
20,-80,120,0,0.000,1879.319,1506.472,,,,0.000,0,0,0,0,0,0,10,8.223,10.119,0.418,
20,-80,140,0,0.000,1879.319,1506.472,,,,0.000,0,0,0,0,0,0,10,13.224,11.301,0.525,
20,-80,160,0,0.000,1879.319,1506.472,,,,0.000,0,0,0,0,0,0,10,9.751,7.297,0.550,
20,-80,180,0,0.000,1879.319,1506.472,,,,0.000,0,0,0,0,0,0,10,7.271,10.771,0.413,
20,-80,200,0,50.000,1879.319,1506.472,1878.936,1506.738,0.466,0.000,0,0,0,0,0,0,5,10.027,9.892,0.576,0.000
20,-80,220,0,30.000,1879.319,1506.472,1878.938,1506.721,0.455,0.000,0,0,0,0,0,0,7,8.597,11.543,0.457,0.000
20,-80,240,0,80.000,1879.319,1506.472,1878.942,1506.723,0.453,0.000,0,0,0,0,0,0,2,9.761,11.051,0.622,0.000
20,-80,260,0,50.000,1879.319,1506.472,1878.930,1506.717,0.460,0.000,0,0,0,0,0,0,5,11.013,10.362,0.560,0.000
20,-80,280,0,60.000,1879.319,1506.472,1878.935,1506.725,0.459,0.000,0,0,0,0,0,0,4,10.279,12.108,0.501,0.000
20,-80,300,0,100.000,1879.319,1506.472,1878.940,1506.741,0.465,0.000,0,0,0,0,0,0,0,8.646,8.312,0.665,0.000
20,-80,320,0,100.000,1879.319,1506.472,1878.934,1506.707,0.451,0.000,0,0,0,0,0,0,0,11.881,9.914,0.424,0.000
20,-80,340,0,100.000,1879.319,1506.472,1878.935,1506.751,0.474,0.000,0,0,0,0,0,0,0,8.263,11.541,0.469,0.000
20,-80,360,0,100.000,1879.319,1506.472,1878.941,1506.730,0.457,0.000,0,0,0,0,0,0,0,13.761,8.720,0.453,0.000
20,-80,380,0,100.000,1879.319,1506.472,1878.945,1506.743,0.462,0.000,0,0,0,0,0,0,0,10.659,12.559,0.505,0.000
20,-60,-100,0,0.000,1879.319,1506.472,,,,0.000,0,0,0,0,0,0,10,8.788,11.281,0.643,
20,-60,-80,0,0.000,1879.319,1506.472,,,,0.000,0,0,0,0,0,0,10,8.199,12.752,0.559,
20,-60,-60,0,0.000,1879.319,1506.472,,,,0.000,0,0,0,0,0,0,10,8.499,8.394,0.691,
20,-60,-40,0,0.000,1879.319,1506.472,,,,0.000,0,0,0,0,0,0,10,10.688,10.600,0.535,
20,-60,-20,0,0.000,1879.319,1506.472,,,,0.000,0,0,0,0,0,0,10,10.399,10.272,0.509,
20,-60,0,0,0.000,1879.319,1506.472,,,,0.000,0,0,0,0,0,0,10,11.095,5.628,0.616,
20,-60,20,0,0.000,1879.319,1506.472,,,,0.000,0,0,0,0,0,0,10,11.582,15.761,0.492,
20,-60,40,0,0.000,1879.319,1506.472,,,,0.000,0,0,0,0,0,0,10,12.538,13.070,0.509,
20,-60,60,0,0.000,1879.319,1506.472,,,,0.000,0,0,0,0,0,0,10,9.835,10.135,0.551,
20,-60,80,0,0.000,1879.319,1506.472,,,,0.000,0,0,0,0,0,0,10,13.362,7.561,0.533,
20,-60,100,0,0.000,1879.319,1506.472,,,,0.000,0,0,0,0,0,0,10,12.836,12.695,0.368,
20,-60,120,0,20.000,1879.319,1506.472,1878.927,1506.762,0.488,0.000,0,0,0,0,0,0,8,8.642,12.165,0.536,0.000
20,-60,140,0,50.000,1879.319,1506.472,1878.923,1506.740,0.478,0.000,0,0,0,0,0,0,5,11.532,11.732,0.523,0.000
20,-60,160,0,30.000,1879.319,1506.472,1878.917,1506.729,0.477,0.000,0,0,0,0,0,0,7,9.352,10.461,0.430,0.000
20,-60,180,0,50.000,1879.319,1506.472,1878.923,1506.722,0.468,0.000,0,0,0,0,0,0,5,11.837,7.091,0.621,0.000
20,-60,200,0,70.000,1879.319,1506.472,1878.922,1506.718,0.467,0.000,0,0,0,0,0,0,3,11.866,11.315,0.497,0.000
20,-60,220,0,90.000,1879.319,1506.472,1878.927,1506.733,0.471,0.000,0,0,0,0,0,0,1,9.673,11.478,0.562,0.000
20,-60,240,0,100.000,1879.319,1506.472,1878.937,1506.727,0.459,0.000,0,0,0,0,0,0,0,12.264,9.200,0.606,0.000
20,-60,260,0,100.000,1879.319,1506.472,1878.939,1506.731,0.460,0.000,0,0,0,0,0,0,0,12.056,7.999,0.484,0.000
20,-60,280,0,100.000,1879.319,1506.472,1878.926,1506.745,0.479,0.000,0,0,0,0,0,0,0,11.090,9.920,0.492,0.000
20,-60,300,0,100.000,1879.319,1506.472,1878.933,1506.738,0.469,0.000,0,0,0,0,0,0,0,9.209,10.151,0.516,0.000
20,-60,320,0,100.000,1879.319,1506.472,1878.948,1506.744,0.460,0.000,0,0,0,0,0,0,0,11.878,8.611,0.537,0.000
20,-60,340,0,100.000,1879.319,1506.472,1878.931,1506.732,0.467,0.000,0,0,0,0,0,0,0,12.647,10.683,0.501,0.000
20,-60,360,0,100.000,1879.319,1506.472,1878.922,1506.724,0.470,0.000,0,0,0,0,0,0,0,9.004,9.982,0.622,0.000
20,-60,380,0,100.000,1879.319,1506.472,1878.931,1506.729,0.465,0.000,0,0,0,0,0,0,0,10.936,10.834,0.553,0.000
20,-40,-100,0,0.000,1879.319,1506.472,,,,0.000,0,0,0,0,0,0,10,12.581,8.964,0.493,
20,-40,-80,0,0.000,1879.319,1506.472,,,,0.000,0,0,0,0,0,0,10,9.583,14.381,0.505,
20,-40,-60,0,0.000,1879.319,1506.472,,,,0.000,0,0,0,0,0,0,10,13.742,9.161,0.539,
20,-40,-40,0,0.000,1879.319,1506.472,,,,0.000,0,0,0,0,0,0,10,10.751,11.189,0.603,
20,-40,-20,0,0.000,1879.319,1506.472,,,,0.000,0,0,0,0,0,0,10,10.135,12.161,0.612,
20,-40,0,0,0.000,1879.319,1506.472,,,,0.000,0,0,0,0,0,0,10,11.459,12.384,0.527,
20,-40,20,0,0.000,1879.319,1506.472,,,,0.000,0,0,0,0,0,0,10,9.382,9.726,0.393,
20,-40,40,0,0.000,1879.319,1506.472,,,,0.000,0,0,0,0,0,0,10,12.559,10.397,0.522,
20,-40,60,0,0.000,1879.319,1506.472,,,,0.000,0,0,0,0,0,0,10,10.740,8.111,0.468,
20,-40,80,0,20.000,1879.319,1506.472,1878.905,1506.741,0.493,0.000,0,0,0,0,0,0,8,11.015,8.377,0.615,0.000
20,-40,100,0,0.000,1879.319,1506.472,,,,0.000,0,0,0,0,0,0,10,6.824,9.273,0.559,
20,-40,120,0,70.000,1879.319,1506.472,1878.944,1506.733,0.457,0.000,0,0,0,0,0,0,3,12.667,8.955,0.507,0.000
20,-40,140,0,70.000,1879.319,1506.472,1878.922,1506.733,0.475,0.000,0,0,0,0,0,0,3,9.134,10.132,0.516,0.000
20,-40,160,0,80.000,1879.319,1506.472,1878.931,1506.743,0.474,0.000,0,0,0,0,0,0,2,11.770,12.330,0.730,0.000
20,-40,180,0,100.000,1879.319,1506.472,1878.918,1506.720,0.471,0.000,0,0,0,0,0,0,0,13.102,11.646,0.511,0.000
20,-40,200,0,100.000,1879.319,1506.472,1878.936,1506.735,0.465,0.000,0,0,0,0,0,0,0,8.856,12.219,0.485,0.000
20,-40,220,0,100.000,1879.319,1506.472,1878.921,1506.744,0.482,0.000,0,0,0,0,0,0,0,12.570,7.180,0.521,0.000
20,-40,240,0,100.000,1879.319,1506.472,1878.921,1506.734,0.476,0.000,0,0,0,0,0,0,0,11.562,11.385,0.450,0.000
20,-40,260,0,100.000,1879.319,1506.472,1878.937,1506.735,0.464,0.000,0,0,0,0,0,0,0,7.551,8.440,0.630,0.000
20,-40,280,0,100.000,1879.319,1506.472,1878.929,1506.740,0.473,0.000,0,0,0,0,0,0,0,12.519,9.239,0.663,0.000
20,-40,300,0,100.000,1879.319,1506.472,1878.914,1506.716,0.473,0.000,0,0,0,0,0,0,0,11.883,12.260,0.652,0.000
20,-40,320,0,100.000,1879.319,1506.472,1878.921,1506.732,0.475,0.000,0,0,0,0,0,0,0,14.902,10.828,0.472,0.000
20,-40,340,0,100.000,1879.319,1506.472,1879.084,1506.646,0.292,0.000,0,0,0,0,0,0,0,13.062,10.390,0.445,0.000
20,-40,360,0,100.000,1879.319,1506.472,1878.936,1506.729,0.461,0.000,0,0,0,0,0,0,0,11.545,10.343,0.598,0.000
20,-40,380,0,100.000,1879.319,1506.472,1878.937,1506.731,0.461,0.100,1,0,0,0,0,0,0,10.876,8.236,0.684,0.000
20,-20,-100,0,0.000,1879.319,1506.472,,,,0.000,0,0,0,0,0,0,10,11.982,10.082,0.494,
20,-20,-80,0,0.000,1879.319,1506.472,,,,0.000,0,0,0,0,0,0,10,9.133,12.723,0.636,
20,-20,-60,0,0.000,1879.319,1506.472,,,,0.000,0,0,0,0,0,0,10,12.315,12.244,0.583,
20,-20,-40,0,0.000,1879.319,1506.472,,,,0.000,0,0,0,0,0,0,10,12.585,11.076,0.699,
20,-20,-20,0,0.000,1879.319,1506.472,,,,0.000,0,0,0,0,0,0,10,11.952,11.344,0.604,
20,-20,0,0,0.000,1879.319,1506.472,,,,0.000,0,0,0,0,0,0,10,8.713,9.163,0.411,
20,-20,20,0,10.000,1879.319,1506.472,1878.903,1506.772,0.513,0.000,0,0,0,0,0,0,9,12.594,11.865,0.401,0.000
20,-20,40,0,20.000,1879.319,1506.472,1879.100,1506.676,0.299,0.000,0,0,0,0,0,0,8,11.242,12.204,0.644,0.000
20,-20,60,0,60.000,1879.319,1506.472,1878.948,1506.711,0.441,0.000,0,0,0,0,0,0,4,12.032,11.284,0.609,0.000
20,-20,80,0,50.000,1879.319,1506.472,1879.136,1506.592,0.219,0.000,0,0,0,0,0,0,5,13.154,10.416,0.492,0.000
20,-20,100,0,90.000,1879.319,1506.472,1879.011,1506.704,0.385,0.000,0,0,0,0,0,0,1,10.055,13.547,0.374,0.000
20,-20,120,0,100.000,1879.319,1506.472,1879.057,1506.669,0.328,0.000,0,0,0,0,0,0,0,11.775,7.961,0.603,0.000
20,-20,140,0,100.000,1879.319,1506.472,1879.269,1506.563,0.104,0.000,0,0,0,0,0,0,0,10.545,10.446,0.494,0.000
20,-20,160,0,100.000,1879.319,1506.472,1878.908,1506.720,0.480,0.000,0,0,0,0,0,0,0,11.023,6.501,0.571,0.000
20,-20,180,0,100.000,1879.319,1506.472,1879.002,1506.694,0.387,0.000,0,0,0,0,0,0,0,10.354,13.432,0.577,0.000
20,-20,200,0,100.000,1879.319,1506.472,1878.970,1506.720,0.428,0.000,0,0,0,0,0,0,0,11.206,9.315,0.612,0.000
20,-20,220,0,100.000,1879.319,1506.472,1878.980,1506.708,0.413,0.000,0,0,0,0,0,0,0,13.214,7.274,0.440,0.000
20,-20,240,0,100.000,1879.319,1506.472,1878.928,1506.742,0.475,0.000,0,0,0,0,0,0,0,9.820,9.538,0.394,0.000
20,-20,260,0,100.000,1879.319,1506.472,1879.257,1506.584,0.128,0.000,0,0,0,0,0,0,0,7.780,11.477,0.545,0.000
20,-20,280,0,100.000,1879.319,1506.472,1878.923,1506.724,0.469,0.100,1,0,0,0,0,0,0,7.470,11.082,0.702,0.000
20,-20,300,0,100.000,1879.319,1506.472,1878.915,1506.754,0.493,0.000,0,0,0,0,0,0,0,9.787,10.583,0.406,0.000
20,-20,320,0,100.000,1879.319,1506.472,1879.645,1506.387,0.337,0.300,2,0,0,0,0,0,0,10.413,8.101,0.463,0.000
20,-20,340,0,100.000,1879.319,1506.472,1879.908,1506.261,0.626,0.300,2,0,0,0,0,0,0,11.013,13.228,0.546,0.000
20,-20,360,0,100.000,1879.319,1506.472,1879.667,1506.371,0.363,0.200,2,0,0,0,0,0,0,11.553,13.784,0.574,0.000
20,-20,380,0,100.000,1879.319,1506.472,1879.439,1506.484,0.121,0.200,2,0,0,0,0,0,0,10.137,13.769,0.589,0.000
20,0,-100,0,0.000,1879.319,1506.472,,,,0.000,0,0,0,0,0,0,10,11.686,10.770,0.585,
20,0,-80,0,0.000,1879.319,1506.472,,,,0.000,0,0,0,0,0,0,10,9.524,10.193,0.469,
20,0,-60,0,0.000,1879.319,1506.472,,,,0.000,0,0,0,0,0,0,10,8.647,9.184,0.602,
20,0,-40,0,0.000,1879.319,1506.472,,,,0.000,0,0,0,0,0,0,10,11.632,14.522,0.574,
20,0,-20,0,0.000,1879.319,1506.472,,,,0.000,0,0,0,0,0,0,10,14.365,9.914,0.656,
20,0,0,0,10.000,1879.319,1506.472,1878.927,1506.762,0.487,0.200,2,0,0,0,1,0,8,9.454,12.121,0.442,0.000
20,0,20,0,40.000,1879.319,1506.472,1881.702,1505.417,2.606,0.400,2,0,0,0,0,0,6,11.525,13.578,0.571,0.000
20,0,40,0,80.000,1879.319,1506.472,1880.052,1506.204,0.781,0.300,1,0,0,0,0,0,2,12.653,10.452,0.549,0.000
20,0,60,0,80.000,1879.319,1506.472,1878.998,1506.707,0.398,0.100,1,0,0,0,0,0,2,9.670,8.212,0.545,0.000
20,0,80,0,100.000,1879.319,1506.472,1878.973,1506.719,0.425,0.000,0,0,0,0,0,0,0,9.458,11.764,0.519,0.000
20,0,100,0,100.000,1879.319,1506.472,1879.038,1506.666,0.342,0.100,1,0,0,0,0,0,0,9.507,13.039,0.534,0.000
20,0,120,0,100.000,1879.319,1506.472,1879.040,1506.671,0.343,0.500,1,0,0,0,0,0,0,11.446,5.760,0.576,0.000
20,0,140,0,100.000,1879.319,1506.472,1878.924,1506.736,0.476,0.500,1,0,0,0,0,0,0,12.238,9.533,0.508,0.000
20,0,160,0,100.000,1879.319,1506.472,1879.030,1506.700,0.367,0.100,1,0,0,0,0,0,0,8.345,13.001,0.674,0.000
20,0,180,0,100.000,1879.319,1506.472,1878.906,1506.727,0.485,0.000,0,0,0,0,0,0,0,8.957,9.152,0.593,0.000
20,0,200,0,100.000,1879.319,1506.472,1878.952,1506.722,0.444,0.300,1,0,0,0,0,0,0,13.126,10.983,0.502,0.000
20,0,220,0,100.000,1879.319,1506.472,1878.965,1506.701,0.422,0.100,1,0,0,0,0,0,0,8.445,13.230,0.335,0.000
20,0,240,0,100.000,1879.319,1506.472,1879.205,1506.592,0.166,0.300,1,0,0,0,0,0,0,11.953,10.809,0.552,0.000
20,0,260,0,100.000,1879.319,1506.472,1879.591,1506.432,0.275,0.500,1,0,0,0,0,0,0,10.570,12.406,0.523,0.000
20,0,280,0,100.000,1879.319,1506.472,1879.342,1506.525,0.058,0.500,1,0,0,0,0,0,0,9.053,11.524,0.422,0.000
20,0,300,0,100.000,1879.319,1506.472,1879.191,1506.609,0.187,0.200,1,0,0,0,0,0,0,12.681,10.164,0.485,0.000
20,0,320,0,100.000,1879.319,1506.472,1879.194,1506.624,0.197,0.400,1,0,0,0,0,0,0,12.526,11.093,0.588,0.000
20,0,340,0,100.000,1879.319,1506.472,1879.187,1506.601,0.184,0.500,2,0,0,0,0,0,0,12.207,11.878,0.573,0.000
20,0,360,0,100.000,1879.319,1506.472,1879.081,1506.658,0.302,0.400,2,0,0,0,0,0,0,13.777,11.479,0.462,0.000
20,0,380,0,100.000,1879.319,1506.472,1879.290,1506.551,0.084,0.600,2,0,0,0,0,0,0,10.865,9.795,0.564,0.000
20,20,-100,0,0.000,1879.319,1506.472,,,,0.000,0,0,0,0,0,0,10,8.800,7.321,0.532,
20,20,-80,0,0.000,1879.319,1506.472,,,,0.000,0,0,0,0,0,0,10,10.807,11.661,0.550,
20,20,-60,0,0.000,1879.319,1506.472,,,,0.000,0,0,0,0,0,0,10,9.026,9.034,0.429,
20,20,-40,0,0.000,1879.319,1506.472,,,,0.000,0,0,0,0,0,0,10,11.114,10.512,0.575,
20,20,-20,0,0.000,1879.319,1506.472,,,,0.000,0,0,0,0,0,0,10,10.399,12.367,0.446,
20,20,0,0,10.000,1879.319,1506.472,1878.903,1506.772,0.513,0.000,0,0,0,0,0,0,9,9.133,8.046,0.432,0.000
20,20,20,0,60.000,1879.319,1506.472,1879.459,1506.470,0.141,0.400,2,0,0,0,1,0,3,11.445,12.624,0.575,0.000
20,20,40,0,60.000,1879.319,1506.472,1880.934,1505.792,1.752,1.400,3,0,0,0,4,0,0,14.161,8.910,0.625,0.000
20,20,60,0,80.000,1879.319,1506.472,1879.742,1506.325,0.447,1.200,3,0,0,0,2,0,0,10.959,13.179,0.487,0.000
20,20,80,0,100.000,1879.319,1506.472,1880.889,1505.808,1.704,0.600,1,0,0,0,0,0,0,13.305,9.982,0.530,0.000
20,20,100,0,100.000,1879.319,1506.472,1880.468,1506.009,1.239,0.700,1,0,0,0,0,0,0,12.449,8.043,0.614,0.000
20,20,120,0,100.000,1879.319,1506.472,1879.376,1506.522,0.076,0.700,1,0,0,0,0,0,0,11.630,8.320,0.430,0.000
20,20,140,0,100.000,1879.319,1506.472,1879.311,1506.555,0.084,0.400,1,0,0,0,0,0,0,13.380,7.606,0.616,0.000
20,20,160,0,100.000,1879.319,1506.472,1879.465,1506.477,0.147,0.700,1,0,0,0,0,0,0,12.007,11.186,0.578,0.000
20,20,180,0,100.000,1879.319,1506.472,1879.149,1506.626,0.229,0.500,1,0,0,0,0,0,0,13.530,9.224,0.540,0.000
20,20,200,0,100.000,1879.319,1506.472,1878.952,1506.737,0.453,0.900,1,0,0,0,0,0,0,11.242,10.433,0.432,0.000
20,20,220,0,100.000,1879.319,1506.472,1879.654,1506.406,0.342,0.600,1,0,0,0,0,0,0,15.164,9.176,0.621,0.000
20,20,240,0,100.000,1879.319,1506.472,1879.432,1506.486,0.115,0.800,1,0,0,0,0,0,0,11.019,13.189,0.466,0.000
20,20,260,0,100.000,1879.319,1506.472,1879.162,1506.620,0.216,0.600,1,0,0,0,0,0,0,14.069,9.472,0.539,0.000
20,20,280,0,100.000,1879.319,1506.472,1879.463,1506.469,0.144,0.800,1,0,0,0,0,0,0,11.058,6.952,0.597,0.000
20,20,300,0,100.000,1879.319,1506.472,1879.232,1506.606,0.160,0.800,1,0,0,0,0,0,0,11.309,12.670,0.745,0.000
20,20,320,0,100.000,1879.319,1506.472,1879.965,1506.226,0.691,1.000,1,0,0,0,0,0,0,10.489,9.307,0.445,0.000
20,20,340,0,100.000,1879.319,1506.472,1879.944,1506.256,0.662,0.900,1,0,0,0,0,0,0,10.095,10.757,0.556,0.000
20,20,360,0,100.000,1879.319,1506.472,1879.134,1506.637,0.248,1.000,1,0,0,0,0,0,0,8.302,12.242,0.510,0.000
20,20,380,0,100.000,1879.319,1506.472,1880.353,1506.047,1.118,0.900,1,0,0,0,0,0,0,9.264,12.818,0.606,0.000
20,40,-100,0,0.000,1879.319,1506.472,,,,0.000,0,0,0,0,0,0,10,7.306,14.102,0.487,
20,40,-80,0,0.000,1879.319,1506.472,,,,0.000,0,0,0,0,0,0,10,6.097,12.467,0.543,
20,40,-60,0,0.000,1879.319,1506.472,,,,0.000,0,0,0,0,0,0,10,12.011,8.453,0.520,
20,40,-40,0,0.000,1879.319,1506.472,,,,0.000,0,0,0,0,0,0,10,10.052,14.281,0.494,
20,40,-20,0,0.000,1879.319,1506.472,,,,0.000,0,0,0,0,0,0,10,6.957,8.592,0.430,
20,40,0,0,0.000,1879.319,1506.472,,,,0.300,3,0,0,0,1,0,9,9.519,12.788,0.560,
20,40,20,0,0.000,1879.319,1506.472,,,,1.400,4,0,0,0,6,0,4,10.485,9.945,0.594,
20,40,40,0,30.000,1879.319,1506.472,1884.065,1504.326,5.209,2.500,5,0,1,0,6,0,0,12.591,9.856,0.361,0.000
20,40,60,0,40.000,1879.319,1506.472,1881.270,1505.642,2.120,2.200,4,0,0,0,6,0,0,10.155,10.648,0.530,0.000
20,40,80,0,80.000,1879.319,1506.472,1881.448,1505.535,2.326,1.500,3,0,0,0,2,0,0,10.852,10.354,0.540,0.000
20,40,100,0,70.000,1879.319,1506.472,1879.798,1506.302,0.508,1.500,3,0,0,0,3,0,0,9.931,11.963,0.550,0.000
20,40,120,0,100.000,1879.319,1506.472,1880.167,1506.156,0.905,1.100,2,0,0,0,0,0,0,10.981,6.957,0.487,0.000
20,40,140,0,100.000,1879.319,1506.472,1879.793,1506.309,0.501,1.100,2,0,0,0,0,0,0,8.138,12.645,0.700,0.000
20,40,160,0,100.000,1879.319,1506.472,1879.745,1506.327,0.451,1.000,1,0,0,0,0,0,0,10.604,10.515,0.472,0.000
20,40,180,0,100.000,1879.319,1506.472,1879.789,1506.336,0.489,1.000,1,0,0,0,0,0,0,11.705,10.444,0.603,0.000
20,40,200,0,100.000,1879.319,1506.472,1879.296,1506.572,0.103,1.000,1,0,0,0,0,0,0,7.534,9.610,0.692,0.000
20,40,220,0,100.000,1879.319,1506.472,1879.429,1506.474,0.111,1.000,1,0,0,0,0,0,0,7.398,12.822,0.562,0.000
20,40,240,0,100.000,1879.319,1506.472,1879.826,1506.288,0.540,1.000,1,0,0,0,0,0,0,10.745,12.598,0.642,0.000
20,40,260,0,100.000,1879.319,1506.472,1880.444,1506.013,1.216,1.000,1,0,0,0,0,0,0,10.914,11.106,0.532,0.000
20,40,280,0,100.000,1879.319,1506.472,1879.191,1506.591,0.175,1.000,1,0,0,0,0,0,0,10.746,12.799,0.507,0.000
20,40,300,0,100.000,1879.319,1506.472,1879.705,1506.356,0.403,1.000,1,0,0,0,0,0,0,7.953,9.386,0.505,0.000
20,40,320,0,100.000,1879.319,1506.472,1879.433,1506.509,0.120,1.000,1,0,0,0,0,0,0,12.481,12.368,0.574,0.000
20,40,340,0,90.000,1879.319,1506.472,1879.403,1506.506,0.091,1.100,2,0,0,0,1,0,0,10.294,12.682,0.622,0.000
20,40,360,0,90.000,1879.319,1506.472,1880.023,1506.225,0.746,1.200,3,0,0,0,1,0,0,9.164,8.633,0.590,0.000
20,40,380,0,100.000,1879.319,1506.472,1879.227,1506.600,0.158,1.000,1,0,0,0,0,0,0,9.998,13.033,0.572,0.000
20,60,-100,0,0.000,1879.319,1506.472,,,,0.000,0,0,0,0,0,0,10,9.890,11.683,0.548,
20,60,-80,0,0.000,1879.319,1506.472,,,,0.000,0,0,0,0,0,0,10,10.980,11.347,0.360,
20,60,-60,0,0.000,1879.319,1506.472,,,,0.000,0,0,0,0,0,0,10,12.411,9.439,0.503,
20,60,-40,0,0.000,1879.319,1506.472,,,,0.000,0,0,0,0,0,0,10,12.884,10.078,0.573,
20,60,-20,0,0.000,1879.319,1506.472,,,,0.000,0,0,0,0,0,0,10,13.214,12.364,0.519,
20,60,0,0,0.000,1879.319,1506.472,,,,0.000,0,0,0,0,0,0,10,8.075,10.064,0.733,
20,60,20,0,0.000,1879.319,1506.472,,,,1.100,4,0,0,0,5,0,5,9.473,10.480,0.414,
20,60,40,0,0.000,1879.319,1506.472,,,,2.400,5,0,1,0,8,0,1,7.702,12.013,0.556,
20,60,60,0,0.000,1879.319,1506.472,,,,2.800,5,0,1,0,9,0,0,12.015,9.090,0.569,
20,60,80,0,0.000,1879.319,1506.472,,,,2.900,3,0,0,0,10,0,0,11.296,14.491,0.498,
20,60,100,0,0.000,1879.319,1506.472,,,,3.200,5,0,1,0,9,0,0,9.118,13.548,0.458,
20,60,120,0,20.000,1879.319,1506.472,1879.702,1506.392,0.392,2.700,4,0,0,0,8,0,0,8.401,12.365,0.522,0.000
20,60,140,0,40.000,1879.319,1506.472,1879.902,1506.276,0.615,2.200,4,0,0,0,6,0,0,11.589,11.078,0.662,0.000
20,60,160,0,80.000,1879.319,1506.472,1880.611,1505.927,1.402,1.400,3,0,0,0,2,0,0,8.620,11.372,0.546,0.000
20,60,180,0,100.000,1879.319,1506.472,1881.368,1505.571,2.239,1.100,2,0,0,0,0,0,0,7.418,10.850,0.600,0.000
20,60,200,0,100.000,1879.319,1506.472,1879.711,1506.363,0.407,1.100,2,0,0,0,0,0,0,11.930,13.672,0.436,0.000
20,60,220,0,100.000,1879.319,1506.472,1879.671,1506.377,0.364,1.000,1,0,0,0,0,0,0,13.007,9.817,0.606,0.000
20,60,240,0,100.000,1879.319,1506.472,1879.976,1506.232,0.700,1.000,1,0,0,0,0,0,0,13.650,8.882,0.453,0.000
20,60,260,0,100.000,1879.319,1506.472,1879.582,1506.426,0.268,1.000,1,0,0,0,0,0,0,9.177,8.067,0.502,0.000
20,60,280,0,100.000,1879.319,1506.472,1879.745,1506.337,0.447,1.000,1,0,0,0,0,0,0,10.548,11.999,0.566,0.000
20,60,300,0,100.000,1879.319,1506.472,1879.220,1506.574,0.142,1.000,1,0,0,0,0,0,0,9.576,14.710,0.671,0.000
20,60,320,0,100.000,1879.319,1506.472,1879.512,1506.448,0.195,1.000,1,0,0,0,0,0,0,8.815,12.843,0.556,0.000
20,60,340,0,100.000,1879.319,1506.472,1880.176,1506.137,0.920,1.000,1,0,0,0,0,0,0,11.050,7.212,0.495,0.000
20,60,360,0,100.000,1879.319,1506.472,1880.046,1506.211,0.773,1.100,2,0,0,0,0,0,0,10.597,8.364,0.529,0.000
20,60,380,0,100.000,1879.319,1506.472,1879.217,1506.579,0.148,1.000,1,0,0,0,0,0,0,14.688,11.391,0.506,0.000
20,80,-100,0,0.000,1879.319,1506.472,,,,0.000,0,0,0,0,0,0,10,7.998,9.944,0.602,
20,80,-80,0,0.000,1879.319,1506.472,,,,0.000,0,0,0,0,0,0,10,13.341,7.382,0.410,
20,80,-60,0,0.000,1879.319,1506.472,,,,0.000,0,0,0,0,0,0,10,10.564,11.824,0.582,
20,80,-40,0,0.000,1879.319,1506.472,,,,0.000,0,0,0,0,0,0,10,5.728,11.930,0.619,
20,80,-20,0,0.000,1879.319,1506.472,,,,0.000,0,0,0,0,0,0,10,9.356,12.397,0.539,
20,80,0,0,0.000,1879.319,1506.472,,,,0.000,0,0,0,0,0,0,10,7.292,12.373,0.599,
20,80,20,0,0.000,1879.319,1506.472,,,,0.500,2,0,0,0,3,0,7,9.107,11.245,0.214,
20,80,40,0,0.000,1879.319,1506.472,,,,1.800,3,0,0,0,8,0,2,14.270,8.100,0.524,
20,80,60,0,0.000,1879.319,1506.472,,,,2.800,5,0,1,0,9,0,0,9.039,9.423,0.584,
20,80,80,0,0.000,1879.319,1506.472,,,,3.200,5,0,2,0,8,0,0,8.198,11.670,0.526,
20,80,100,0,0.000,1879.319,1506.472,,,,3.100,4,0,0,0,10,0,0,12.952,10.529,0.408,
20,80,120,0,0.000,1879.319,1506.472,,,,3.200,5,0,1,0,9,0,0,9.801,10.839,0.606,
20,80,140,0,10.000,1879.319,1506.472,1882.636,1504.989,3.634,3.500,5,0,2,0,7,0,0,12.447,12.343,0.486,0.000
20,80,160,0,30.000,1879.319,1506.472,1882.241,1505.144,3.209,2.500,4,0,0,0,7,0,0,11.289,9.898,0.647,0.000
20,80,180,0,50.000,1879.319,1506.472,1879.687,1506.357,0.385,1.700,3,0,0,0,5,0,0,11.745,11.882,0.465,0.000
20,80,200,0,60.000,1879.319,1506.472,1880.775,1505.850,1.584,2.000,5,0,1,0,3,0,0,11.092,9.432,0.509,0.000
20,80,220,0,70.000,1879.319,1506.472,1879.301,1506.552,0.082,1.700,4,0,0,0,3,0,0,11.625,10.531,0.641,0.000
20,80,240,0,100.000,1879.319,1506.472,1880.520,1505.971,1.302,1.200,2,0,0,0,0,0,0,10.784,10.948,0.669,0.000
20,80,260,0,100.000,1879.319,1506.472,1880.067,1506.196,0.797,1.200,2,0,0,0,0,0,0,11.617,12.473,0.483,0.000
20,80,280,0,100.000,1879.319,1506.472,1881.180,1505.670,2.027,1.200,2,0,0,0,0,0,0,9.415,13.028,0.675,0.000
20,80,300,0,100.000,1879.319,1506.472,1881.129,1505.662,1.983,1.000,1,0,0,0,0,0,0,11.843,10.555,0.466,0.000
20,80,320,0,100.000,1879.319,1506.472,1880.699,1505.903,1.493,1.000,1,0,0,0,0,0,0,8.006,9.706,0.474,0.000
20,80,340,0,100.000,1879.319,1506.472,1879.764,1506.341,0.464,1.000,1,0,0,0,0,0,0,11.319,10.735,0.759,0.000
20,80,360,0,100.000,1879.319,1506.472,1879.564,1506.446,0.246,1.000,1,0,0,0,0,0,0,9.838,10.364,0.553,0.000
20,80,380,0,100.000,1879.319,1506.472,1880.865,1505.814,1.680,1.000,1,0,0,0,0,0,0,12.236,10.768,0.490,0.000
20,100,-100,0,0.000,1879.319,1506.472,,,,0.000,0,0,0,0,0,0,10,9.622,13.596,0.511,
20,100,-80,0,0.000,1879.319,1506.472,,,,0.000,0,0,0,0,0,0,10,12.157,10.623,0.506,
20,100,-60,0,0.000,1879.319,1506.472,,,,0.000,0,0,0,0,0,0,10,7.409,9.535,0.618,
20,100,-40,0,0.000,1879.319,1506.472,,,,0.000,0,0,0,0,0,0,10,10.309,8.603,0.662,
20,100,-20,0,0.000,1879.319,1506.472,,,,0.000,0,0,0,0,0,0,10,11.152,13.044,0.437,
20,100,0,0,0.000,1879.319,1506.472,,,,0.000,0,0,0,0,0,0,10,8.918,11.216,0.558,
20,100,20,0,0.000,1879.319,1506.472,,,,0.000,0,0,0,0,0,0,10,8.277,6.839,0.682,
20,100,40,0,0.000,1879.319,1506.472,,,,1.600,4,0,0,0,6,0,4,11.503,10.560,0.616,
20,100,60,0,0.000,1879.319,1506.472,,,,2.500,5,0,1,0,9,0,0,7.724,10.789,0.486,
20,100,80,0,0.000,1879.319,1506.472,,,,2.800,4,0,0,0,10,0,0,8.995,11.614,0.457,
20,100,100,0,0.000,1879.319,1506.472,,,,3.200,5,0,1,0,9,0,0,12.374,12.178,0.600,
20,100,120,0,0.000,1879.319,1506.472,,,,3.600,5,0,1,0,9,0,0,8.395,9.285,0.482,
20,100,140,0,0.000,1879.319,1506.472,,,,3.500,5,0,2,0,8,0,0,13.507,10.771,0.623,
20,100,160,0,0.000,1879.319,1506.472,,,,3.700,5,0,2,0,8,0,0,13.914,9.769,0.593,
20,100,180,0,0.000,1879.319,1506.472,,,,2.800,4,0,0,0,10,0,0,12.596,9.495,0.556,
20,100,200,0,40.000,1879.319,1506.472,1880.655,1505.911,1.449,2.300,4,0,0,0,6,0,0,13.726,12.386,0.509,0.000
20,100,220,0,30.000,1879.319,1506.472,1883.985,1504.361,5.121,2.600,3,0,0,0,7,0,0,7.467,9.374,0.666,0.000
20,100,240,0,50.000,1879.319,1506.472,1880.058,1506.177,0.796,2.200,5,0,1,0,4,0,0,11.360,12.202,0.395,0.000
20,100,260,0,90.000,1879.319,1506.472,1881.099,1505.717,1.934,1.600,3,0,0,0,1,0,0,9.936,9.911,0.683,0.000
20,100,280,0,90.000,1879.319,1506.472,1881.267,1505.626,2.124,1.600,4,0,0,0,1,0,0,11.235,13.511,0.533,0.000
20,100,300,0,100.000,1879.319,1506.472,1881.218,1505.648,2.070,1.000,1,0,0,0,0,0,0,8.223,9.994,0.585,0.000
20,100,320,0,100.000,1879.319,1506.472,1881.613,1505.458,2.508,1.200,2,0,0,0,0,0,0,12.095,9.641,0.573,0.000
20,100,340,0,100.000,1879.319,1506.472,1881.577,1505.461,2.474,1.200,3,0,0,0,0,0,0,9.850,11.372,0.499,0.000
20,100,360,0,100.000,1879.319,1506.472,1880.682,1505.898,1.479,1.000,1,0,0,0,0,0,0,11.814,10.887,0.381,0.000
20,100,380,0,100.000,1879.319,1506.472,1881.179,1505.659,2.030,1.000,1,0,0,0,0,0,0,12.438,8.997,0.497,0.000
20,120,-100,0,0.000,1879.319,1506.472,,,,0.000,0,0,0,0,0,0,10,11.437,8.920,0.634,
20,120,-80,0,0.000,1879.319,1506.472,,,,0.000,0,0,0,0,0,0,10,11.601,10.753,0.449,
20,120,-60,0,0.000,1879.319,1506.472,,,,0.000,0,0,0,0,0,0,10,8.457,9.299,0.391,
20,120,-40,0,0.000,1879.319,1506.472,,,,0.000,0,0,0,0,0,0,10,9.017,11.203,0.387,
20,120,-20,0,0.000,1879.319,1506.472,,,,0.000,0,0,0,0,0,0,10,8.700,10.535,0.609,
20,120,0,0,0.000,1879.319,1506.472,,,,0.000,0,0,0,0,0,0,10,9.628,12.107,0.706,
20,120,20,0,0.000,1879.319,1506.472,,,,0.000,0,0,0,0,0,0,10,11.313,10.954,0.645,
20,120,40,0,0.000,1879.319,1506.472,,,,1.500,4,0,0,0,4,0,6,10.659,12.535,0.650,
20,120,60,0,0.000,1879.319,1506.472,,,,2.600,5,0,1,0,9,0,0,11.147,13.424,0.407,
20,120,80,0,0.000,1879.319,1506.472,,,,3.200,5,0,1,0,9,0,0,4.806,10.949,0.545,
20,120,100,0,0.000,1879.319,1506.472,,,,3.200,4,0,0,0,10,0,0,8.782,10.219,0.557,
20,120,120,0,0.000,1879.319,1506.472,,,,3.300,5,0,1,0,9,0,0,12.984,9.124,0.694,
20,120,140,0,0.000,1879.319,1506.472,,,,3.000,4,0,0,0,10,0,0,9.223,11.942,0.505,
20,120,160,0,0.000,1879.319,1506.472,,,,3.400,5,0,1,0,9,0,0,10.411,13.362,0.536,
20,120,180,0,0.000,1879.319,1506.472,,,,3.200,4,0,0,0,10,0,0,11.404,9.709,0.514,
20,120,200,0,0.000,1879.319,1506.472,,,,3.300,4,0,0,0,10,0,0,10.810,10.525,0.475,
20,120,220,0,0.000,1879.319,1506.472,,,,3.000,5,0,1,0,9,0,0,11.280,11.544,0.521,
20,120,240,0,30.000,1879.319,1506.472,1883.022,1504.796,4.064,2.800,4,0,0,0,7,0,0,14.140,11.990,0.631,0.000
20,120,260,0,20.000,1879.319,1506.472,1881.576,1505.449,2.478,2.900,5,0,1,0,7,0,0,11.198,10.108,0.545,0.000
20,120,280,0,60.000,1879.319,1506.472,1880.836,1505.846,1.642,2.400,4,0,0,0,4,0,0,10.574,11.220,0.624,0.000
20,120,300,0,70.000,1879.319,1506.472,1881.216,1505.665,2.061,2.300,4,0,0,0,3,0,0,9.357,10.584,0.532,0.000
20,120,320,0,90.000,1879.319,1506.472,1879.857,1506.285,0.570,1.900,3,0,0,0,1,0,0,10.156,10.237,0.723,0.000
20,120,340,0,90.000,1879.319,1506.472,1881.169,1505.673,2.015,1.700,4,0,0,0,1,0,0,13.295,11.184,0.455,0.000
20,120,360,0,100.000,1879.319,1506.472,1880.137,1506.129,0.888,1.600,2,0,0,0,0,0,0,9.495,10.961,0.699,0.000
20,120,380,0,100.000,1879.319,1506.472,1882.150,1505.190,3.108,1.300,3,0,0,0,0,0,0,8.934,10.804,0.540,0.000
20,140,-100,0,0.000,1879.319,1506.472,,,,0.000,0,0,0,0,0,0,10,11.385,9.011,0.457,
20,140,-80,0,0.000,1879.319,1506.472,,,,0.000,0,0,0,0,0,0,10,9.571,11.438,0.743,
20,140,-60,0,0.000,1879.319,1506.472,,,,0.000,0,0,0,0,0,0,10,11.203,8.768,0.476,
20,140,-40,0,0.000,1879.319,1506.472,,,,0.000,0,0,0,0,0,0,10,11.013,5.783,0.536,
20,140,-20,0,0.000,1879.319,1506.472,,,,0.000,0,0,0,0,0,0,10,11.260,12.718,0.588,
20,140,0,0,0.000,1879.319,1506.472,,,,0.000,0,0,0,0,0,0,10,12.207,13.194,0.505,
20,140,20,0,0.000,1879.319,1506.472,,,,0.000,0,0,0,0,0,0,10,9.110,9.909,0.527,
20,140,40,0,0.000,1879.319,1506.472,,,,1.300,4,0,0,0,4,0,6,13.155,9.847,0.518,
20,140,60,0,0.000,1879.319,1506.472,,,,1.900,4,0,0,0,7,0,3,11.257,13.273,0.645,
20,140,80,0,0.000,1879.319,1506.472,,,,3.100,5,0,1,0,9,0,0,10.100,12.653,0.598,
20,140,100,0,0.000,1879.319,1506.472,,,,2.800,4,0,0,0,10,0,0,12.332,11.234,0.350,
20,140,120,0,0.000,1879.319,1506.472,,,,3.500,4,0,0,0,10,0,0,14.248,12.109,0.548,
20,140,140,0,0.000,1879.319,1506.472,,,,3.300,5,0,1,0,9,0,0,8.111,10.835,0.469,
20,140,160,0,0.000,1879.319,1506.472,,,,3.600,4,0,0,0,10,0,0,7.717,9.715,0.689,
20,140,180,0,0.000,1879.319,1506.472,,,,3.400,5,0,1,0,9,0,0,13.044,10.486,0.393,
20,140,200,0,0.000,1879.319,1506.472,,,,3.100,5,0,1,0,9,0,0,8.027,9.858,0.320,
20,140,220,0,0.000,1879.319,1506.472,,,,3.200,5,0,1,0,9,0,0,7.684,9.849,0.552,
20,140,240,0,0.000,1879.319,1506.472,,,,3.100,4,0,0,0,10,0,0,10.350,11.533,0.622,
20,140,260,0,0.000,1879.319,1506.472,,,,3.100,5,0,1,0,9,0,0,11.150,10.558,0.626,
20,140,280,0,0.000,1879.319,1506.472,,,,3.400,5,0,1,0,9,0,0,10.321,11.423,0.508,
20,140,300,0,10.000,1879.319,1506.472,1879.294,1506.591,0.122,3.000,5,0,1,0,8,0,0,9.959,11.316,0.359,0.000
20,140,320,0,30.000,1879.319,1506.472,1882.361,1505.123,3.328,2.700,4,0,0,0,7,0,0,9.407,13.737,0.435,0.000
20,140,340,0,70.000,1879.319,1506.472,1880.831,1505.806,1.652,2.300,4,0,0,0,3,0,0,11.570,11.658,0.503,0.000
20,140,360,0,100.000,1879.319,1506.472,1880.915,1505.795,1.733,1.500,2,0,0,0,0,0,0,6.052,14.265,0.576,0.000
20,140,380,0,80.000,1879.319,1506.472,1879.761,1506.340,0.461,1.900,3,0,0,0,2,0,0,9.108,8.481,0.610,0.000
20,160,-100,0,0.000,1879.319,1506.472,,,,0.000,0,0,0,0,0,0,10,10.258,15.171,0.645,
20,160,-80,0,0.000,1879.319,1506.472,,,,0.000,0,0,0,0,0,0,10,9.635,8.723,0.697,
20,160,-60,0,0.000,1879.319,1506.472,,,,0.000,0,0,0,0,0,0,10,14.807,6.056,0.565,
20,160,-40,0,0.000,1879.319,1506.472,,,,0.000,0,0,0,0,0,0,10,8.566,9.679,0.523,
20,160,-20,0,0.000,1879.319,1506.472,,,,0.000,0,0,0,0,0,0,10,11.235,8.700,0.553,
20,160,0,0,0.000,1879.319,1506.472,,,,0.000,0,0,0,0,0,0,10,9.398,6.969,0.552,
20,160,20,0,0.000,1879.319,1506.472,,,,0.000,0,0,0,0,0,0,10,11.875,11.677,0.612,
20,160,40,0,0.000,1879.319,1506.472,,,,0.900,3,0,0,0,4,0,6,10.414,11.016,0.528,
20,160,60,0,0.000,1879.319,1506.472,,,,1.500,4,0,0,0,6,0,4,9.713,9.312,0.561,
20,160,80,0,0.000,1879.319,1506.472,,,,3.000,5,0,2,0,8,0,0,12.915,12.140,0.401,
20,160,100,0,0.000,1879.319,1506.472,,,,3.400,5,0,2,0,8,0,0,9.555,11.272,0.469,
20,160,120,0,0.000,1879.319,1506.472,,,,2.800,4,0,0,0,10,0,0,7.758,12.036,0.531,
20,160,140,0,0.000,1879.319,1506.472,,,,3.600,5,0,1,0,9,0,0,11.378,8.789,0.504,
20,160,160,0,0.000,1879.319,1506.472,,,,3.500,5,0,1,0,9,0,0,8.245,11.402,0.497,
20,160,180,0,0.000,1879.319,1506.472,,,,3.400,5,0,1,0,9,0,0,12.451,11.053,0.590,
20,160,200,0,0.000,1879.319,1506.472,,,,3.600,4,0,0,0,10,0,0,8.754,12.606,0.630,
20,160,220,0,0.000,1879.319,1506.472,,,,3.000,3,0,0,0,10,0,0,11.230,8.262,0.664,
20,160,240,0,0.000,1879.319,1506.472,,,,3.500,5,0,1,0,9,0,0,11.244,12.409,0.325,
20,160,260,0,0.000,1879.319,1506.472,,,,3.300,4,0,0,0,10,0,0,13.743,11.936,0.634,
20,160,280,0,0.000,1879.319,1506.472,,,,3.700,5,0,2,0,8,0,0,12.703,9.063,0.532,
20,160,300,0,0.000,1879.319,1506.472,,,,3.000,5,0,1,0,9,0,0,12.183,10.515,0.616,
20,160,320,0,0.000,1879.319,1506.472,,,,3.200,5,0,1,0,9,0,0,9.874,10.178,0.469,
20,160,340,0,10.000,1879.319,1506.472,1884.082,1504.309,5.231,3.300,4,0,0,0,9,0,0,12.082,13.586,0.449,0.000
20,160,360,0,30.000,1879.319,1506.472,1879.270,1506.596,0.133,3.000,5,0,2,0,5,0,0,14.516,12.260,0.534,0.000
20,160,380,0,50.000,1879.319,1506.472,1881.371,1505.583,2.236,2.500,4,0,0,0,5,0,0,12.923,8.535,0.437,0.000
20,180,-100,0,0.000,1879.319,1506.472,,,,0.000,0,0,0,0,0,0,10,11.162,10.150,0.566,
20,180,-80,0,0.000,1879.319,1506.472,,,,0.000,0,0,0,0,0,0,10,12.009,12.289,0.671,
20,180,-60,0,0.000,1879.319,1506.472,,,,0.000,0,0,0,0,0,0,10,11.326,10.573,0.623,
20,180,-40,0,0.000,1879.319,1506.472,,,,0.000,0,0,0,0,0,0,10,11.050,11.444,0.454,
20,180,-20,0,0.000,1879.319,1506.472,,,,0.000,0,0,0,0,0,0,10,9.434,12.598,0.576,
20,180,0,0,0.000,1879.319,1506.472,,,,0.000,0,0,0,0,0,0,10,13.018,10.820,0.509,
20,180,20,0,0.000,1879.319,1506.472,,,,0.000,0,0,0,0,0,0,10,12.658,12.140,0.630,
20,180,40,0,0.000,1879.319,1506.472,,,,0.000,0,0,0,0,0,0,10,12.351,16.273,0.557,
20,180,60,0,0.000,1879.319,1506.472,,,,0.900,3,0,0,0,4,0,6,10.271,7.008,0.514,
20,180,80,0,0.000,1879.319,1506.472,,,,2.500,5,0,1,0,8,0,1,6.866,13.311,0.437,
20,180,100,0,0.000,1879.319,1506.472,,,,2.400,4,0,0,0,10,0,0,12.550,13.576,0.497,
20,180,120,0,0.000,1879.319,1506.472,,,,3.200,5,0,1,0,9,0,0,8.286,10.333,0.494,
20,180,140,0,0.000,1879.319,1506.472,,,,3.500,5,0,2,0,8,0,0,9.695,9.287,0.565,
20,180,160,0,0.000,1879.319,1506.472,,,,3.500,5,0,2,0,8,0,0,8.274,10.066,0.523,
20,180,180,0,0.000,1879.319,1506.472,,,,3.900,5,0,3,0,7,0,0,12.364,10.968,0.584,
20,180,200,0,0.000,1879.319,1506.472,,,,3.600,5,0,2,0,8,0,0,14.133,10.240,0.639,
20,180,220,0,0.000,1879.319,1506.472,,,,3.500,4,0,0,0,10,0,0,11.140,11.974,0.609,
20,180,240,0,0.000,1879.319,1506.472,,,,3.300,4,0,0,0,10,0,0,13.450,11.496,0.562,
20,180,260,0,0.000,1879.319,1506.472,,,,3.300,5,0,1,0,9,0,0,11.610,9.619,0.513,
20,180,280,0,0.000,1879.319,1506.472,,,,3.400,4,0,0,0,10,0,0,12.730,8.956,0.579,
20,180,300,0,0.000,1879.319,1506.472,,,,3.700,5,0,1,0,9,0,0,12.940,11.381,0.534,
20,180,320,0,0.000,1879.319,1506.472,,,,3.300,5,0,2,0,8,0,0,14.055,9.313,0.500,
20,180,340,0,0.000,1879.319,1506.472,,,,3.100,4,0,0,0,10,0,0,10.428,13.243,0.568,
20,180,360,0,0.000,1879.319,1506.472,,,,3.600,5,0,1,0,9,0,0,11.620,13.306,0.512,
20,180,380,0,0.000,1879.319,1506.472,,,,3.600,5,0,2,0,8,0,0,11.241,13.994,0.631,
20,200,-100,0,0.000,1879.319,1506.472,,,,0.000,0,0,0,0,0,0,10,10.986,11.511,0.625,
20,200,-80,0,0.000,1879.319,1506.472,,,,0.000,0,0,0,0,0,0,10,11.201,11.164,0.623,
20,200,-60,0,0.000,1879.319,1506.472,,,,0.000,0,0,0,0,0,0,10,8.704,9.549,0.534,
20,200,-40,0,0.000,1879.319,1506.472,,,,0.000,0,0,0,0,0,0,10,11.889,10.975,0.626,
20,200,-20,0,0.000,1879.319,1506.472,,,,0.000,0,0,0,0,0,0,10,10.036,9.176,0.466,
20,200,0,0,0.000,1879.319,1506.472,,,,0.000,0,0,0,0,0,0,10,11.597,11.707,0.571,
20,200,20,0,0.000,1879.319,1506.472,,,,0.000,0,0,0,0,0,0,10,7.743,12.466,0.638,
20,200,40,0,0.000,1879.319,1506.472,,,,0.000,0,0,0,0,0,0,10,8.098,10.797,0.589,
20,200,60,0,0.000,1879.319,1506.472,,,,0.900,3,0,0,0,3,0,7,9.230,12.823,0.459,
20,200,80,0,0.000,1879.319,1506.472,,,,3.400,5,0,2,0,7,0,1,12.597,8.986,0.610,
20,200,100,0,0.000,1879.319,1506.472,,,,3.600,5,0,2,0,8,0,0,9.848,11.063,0.640,
20,200,120,0,0.000,1879.319,1506.472,,,,3.400,5,0,1,0,9,0,0,12.578,10.230,0.610,
20,200,140,0,0.000,1879.319,1506.472,,,,3.600,5,0,1,0,9,0,0,6.480,12.221,0.620,
20,200,160,0,0.000,1879.319,1506.472,,,,3.600,5,0,2,0,8,0,0,11.674,9.382,0.530,
20,200,180,0,0.000,1879.319,1506.472,,,,3.900,5,0,3,0,7,0,0,10.300,12.310,0.564,
20,200,200,0,0.000,1879.319,1506.472,,,,3.700,5,0,1,0,9,0,0,10.588,9.007,0.483,
20,200,220,0,0.000,1879.319,1506.472,,,,3.900,5,0,3,0,7,0,0,9.590,8.335,0.714,
20,200,240,0,0.000,1879.319,1506.472,,,,3.400,4,0,0,0,10,0,0,10.139,13.761,0.523,
20,200,260,0,0.000,1879.319,1506.472,,,,3.300,4,0,0,0,10,0,0,11.341,9.101,0.620,
20,200,280,0,0.000,1879.319,1506.472,,,,3.400,4,0,0,0,10,0,0,8.220,7.317,0.735,
20,200,300,0,0.000,1879.319,1506.472,,,,3.800,5,0,2,0,8,0,0,9.924,10.608,0.436,
20,200,320,0,0.000,1879.319,1506.472,,,,4.200,5,0,4,0,6,0,0,9.178,8.206,0.430,
20,200,340,0,0.000,1879.319,1506.472,,,,3.900,5,0,2,0,8,0,0,10.213,11.799,0.540,
20,200,360,0,0.000,1879.319,1506.472,,,,3.300,5,0,1,0,9,0,0,10.639,12.842,0.613,
20,200,380,0,0.000,1879.319,1506.472,,,,3.400,5,0,1,0,9,0,0,10.668,8.950,0.504,
20,220,-100,0,0.000,1879.319,1506.472,,,,0.000,0,0,0,0,0,0,10,11.452,10.838,0.530,
20,220,-80,0,0.000,1879.319,1506.472,,,,0.000,0,0,0,0,0,0,10,9.877,10.015,0.512,
20,220,-60,0,0.000,1879.319,1506.472,,,,0.000,0,0,0,0,0,0,10,11.796,11.482,0.581,
20,220,-40,0,0.000,1879.319,1506.472,,,,0.000,0,0,0,0,0,0,10,13.286,12.318,0.417,
20,220,-20,0,0.000,1879.319,1506.472,,,,0.000,0,0,0,0,0,0,10,11.501,13.608,0.537,
20,220,0,0,0.000,1879.319,1506.472,,,,0.000,0,0,0,0,0,0,10,13.643,10.949,0.516,
20,220,20,0,0.000,1879.319,1506.472,,,,0.000,0,0,0,0,0,0,10,9.757,9.847,0.555,
20,220,40,0,0.000,1879.319,1506.472,,,,0.000,0,0,0,0,0,0,10,13.200,11.587,0.549,
20,220,60,0,0.000,1879.319,1506.472,,,,0.500,3,0,0,0,2,0,8,13.171,13.261,0.512,
20,220,80,0,0.000,1879.319,1506.472,,,,1.900,4,0,0,0,5,0,5,4.847,11.098,0.674,
20,220,100,0,0.000,1879.319,1506.472,,,,3.600,5,0,2,0,8,0,0,9.470,8.031,0.613,
20,220,120,0,0.000,1879.319,1506.472,,,,3.700,4,0,0,0,10,0,0,13.909,10.535,0.475,
20,220,140,0,0.000,1879.319,1506.472,,,,3.900,5,0,1,0,9,0,0,12.861,10.510,0.362,
20,220,160,0,0.000,1879.319,1506.472,,,,4.000,5,0,3,0,7,0,0,10.906,8.652,0.400,
20,220,180,0,0.000,1879.319,1506.472,,,,3.800,5,0,2,0,8,0,0,11.082,10.202,0.663,
20,220,200,0,0.000,1879.319,1506.472,,,,3.400,5,0,1,0,9,0,0,13.616,11.899,0.446,
20,220,220,0,0.000,1879.319,1506.472,,,,3.600,5,0,2,0,8,0,0,10.155,10.939,0.627,
20,220,240,0,0.000,1879.319,1506.472,,,,4.000,5,0,3,0,7,0,0,10.454,11.195,0.694,
20,220,260,0,0.000,1879.319,1506.472,,,,3.900,5,0,2,0,8,0,0,8.633,10.062,0.561,
20,220,280,0,0.000,1879.319,1506.472,,,,3.800,5,0,1,0,9,0,0,9.559,12.768,0.609,
20,220,300,0,0.000,1879.319,1506.472,,,,3.300,4,0,0,0,10,0,0,10.214,11.443,0.653,
20,220,320,0,0.000,1879.319,1506.472,,,,3.900,5,0,2,0,8,0,0,10.908,11.448,0.613,
20,220,340,0,0.000,1879.319,1506.472,,,,3.800,5,0,1,0,9,0,0,12.552,14.415,0.645,
20,220,360,0,0.000,1879.319,1506.472,,,,4.000,5,0,2,0,8,0,0,10.265,12.738,0.636,
20,220,380,0,0.000,1879.319,1506.472,,,,3.800,5,0,3,0,7,0,0,8.561,10.074,0.473,
20,240,-100,0,0.000,1879.319,1506.472,,,,0.000,0,0,0,0,0,0,10,5.104,8.548,0.470,
20,240,-80,0,0.000,1879.319,1506.472,,,,0.000,0,0,0,0,0,0,10,8.402,13.428,0.572,
20,240,-60,0,0.000,1879.319,1506.472,,,,0.000,0,0,0,0,0,0,10,10.845,11.249,0.662,
20,240,-40,0,0.000,1879.319,1506.472,,,,0.000,0,0,0,0,0,0,10,11.199,11.523,0.528,
20,240,-20,0,0.000,1879.319,1506.472,,,,0.000,0,0,0,0,0,0,10,14.124,7.775,0.538,
20,240,0,0,0.000,1879.319,1506.472,,,,0.000,0,0,0,0,0,0,10,11.973,13.367,0.643,
20,240,20,0,0.000,1879.319,1506.472,,,,0.000,0,0,0,0,0,0,10,13.888,13.821,0.504,
20,240,40,0,0.000,1879.319,1506.472,,,,0.000,0,0,0,0,0,0,10,11.820,11.322,0.664,
20,240,60,0,0.000,1879.319,1506.472,,,,0.000,0,0,0,0,0,0,10,11.444,10.987,0.646,
20,240,80,0,0.000,1879.319,1506.472,,,,1.000,4,0,0,0,3,0,7,11.291,9.603,0.611,
20,240,100,0,0.000,1879.319,1506.472,,,,2.000,5,0,1,0,5,0,4,11.355,9.426,0.593,
20,240,120,0,0.000,1879.319,1506.472,,,,3.500,4,0,0,0,10,0,0,11.749,14.193,0.541,
20,240,140,0,0.000,1879.319,1506.472,,,,3.600,4,0,0,0,10,0,0,8.649,13.209,0.585,
20,240,160,0,0.000,1879.319,1506.472,,,,3.900,5,0,3,0,7,0,0,11.202,8.822,0.522,
20,240,180,0,0.000,1879.319,1506.472,,,,3.600,5,0,1,0,9,0,0,9.877,12.529,0.537,
20,240,200,0,0.000,1879.319,1506.472,,,,3.700,5,0,3,0,7,0,0,12.283,9.364,0.619,
20,240,220,0,0.000,1879.319,1506.472,,,,3.800,5,0,2,0,8,0,0,12.994,14.640,0.622,
20,240,240,0,0.000,1879.319,1506.472,,,,3.500,5,0,1,0,9,0,0,12.590,9.459,0.476,
20,240,260,0,0.000,1879.319,1506.472,,,,3.600,5,0,1,0,9,0,0,9.238,11.307,0.480,
20,240,280,0,0.000,1879.319,1506.472,,,,3.900,5,0,2,0,8,0,0,10.118,12.880,0.546,
20,240,300,0,0.000,1879.319,1506.472,,,,3.300,4,0,0,0,10,0,0,10.351,9.292,0.481,
20,240,320,0,0.000,1879.319,1506.472,,,,3.800,5,0,1,0,9,0,0,10.633,8.900,0.529,
20,240,340,0,0.000,1879.319,1506.472,,,,3.700,5,0,2,0,8,0,0,10.386,9.513,0.600,
20,240,360,0,0.000,1879.319,1506.472,,,,4.200,5,0,3,0,7,0,0,10.720,9.062,0.533,
20,240,380,0,0.000,1879.319,1506.472,,,,4.200,5,0,3,0,7,0,0,9.325,7.536,0.543,
20,260,-100,0,0.000,1879.319,1506.472,,,,0.000,0,0,0,0,0,0,10,9.866,10.104,0.443,
20,260,-80,0,0.000,1879.319,1506.472,,,,0.000,0,0,0,0,0,0,10,10.715,12.439,0.541,
20,260,-60,0,0.000,1879.319,1506.472,,,,0.000,0,0,0,0,0,0,10,12.811,10.828,0.508,
20,260,-40,0,0.000,1879.319,1506.472,,,,0.000,0,0,0,0,0,0,10,11.049,13.156,0.431,
20,260,-20,0,0.000,1879.319,1506.472,,,,0.000,0,0,0,0,0,0,10,10.318,7.524,0.565,
20,260,0,0,0.000,1879.319,1506.472,,,,0.000,0,0,0,0,0,0,10,13.272,11.749,0.548,
20,260,20,0,0.000,1879.319,1506.472,,,,0.000,0,0,0,0,0,0,10,11.305,11.742,0.600,
20,260,40,0,0.000,1879.319,1506.472,,,,0.000,0,0,0,0,0,0,10,10.298,10.121,0.327,
20,260,60,0,0.000,1879.319,1506.472,,,,0.000,0,0,0,0,0,0,10,10.268,11.357,0.614,
20,260,80,0,0.000,1879.319,1506.472,,,,0.300,3,0,0,0,1,0,9,10.262,11.850,0.434,
20,260,100,0,0.000,1879.319,1506.472,,,,2.700,5,0,2,0,6,0,2,13.672,11.185,0.632,
20,260,120,0,0.000,1879.319,1506.472,,,,4.000,5,0,3,0,7,0,0,10.395,8.342,0.609,
20,260,140,0,0.000,1879.319,1506.472,,,,3.700,5,0,1,0,9,0,0,11.538,11.098,0.461,
20,260,160,0,0.000,1879.319,1506.472,,,,4.200,5,0,4,0,6,0,0,10.284,9.034,0.627,
20,260,180,0,0.000,1879.319,1506.472,,,,3.900,5,0,2,0,8,0,0,10.906,9.932,0.603,
20,260,200,0,0.000,1879.319,1506.472,,,,3.900,5,0,1,0,9,0,0,11.574,12.067,0.576,
20,260,220,0,0.000,1879.319,1506.472,,,,4.200,5,0,4,0,6,0,0,9.280,11.964,0.752,
20,260,240,0,0.000,1879.319,1506.472,,,,4.500,5,0,6,0,4,0,0,13.397,11.596,0.447,
20,260,260,0,0.000,1879.319,1506.472,,,,4.400,5,0,5,0,5,0,0,13.932,12.519,0.609,
20,260,280,0,0.000,1879.319,1506.472,,,,3.800,5,0,2,0,8,0,0,13.709,10.268,0.503,
20,260,300,0,0.000,1879.319,1506.472,,,,3.300,4,0,0,0,10,0,0,8.706,11.966,0.495,
20,260,320,0,0.000,1879.319,1506.472,,,,3.800,5,0,1,0,9,0,0,10.697,11.918,0.562,
20,260,340,0,0.000,1879.319,1506.472,,,,3.600,5,0,1,0,9,0,0,11.775,9.430,0.428,
20,260,360,0,0.000,1879.319,1506.472,,,,3.500,5,0,1,0,9,0,0,10.501,7.157,0.606,
20,260,380,0,0.000,1879.319,1506.472,,,,4.100,5,0,3,0,7,0,0,10.885,10.277,0.411,
20,280,-100,0,0.000,1879.319,1506.472,,,,0.000,0,0,0,0,0,0,10,12.215,9.873,0.433,
20,280,-80,0,0.000,1879.319,1506.472,,,,0.000,0,0,0,0,0,0,10,10.350,8.515,0.453,
20,280,-60,0,0.000,1879.319,1506.472,,,,0.000,0,0,0,0,0,0,10,12.111,9.749,0.507,
20,280,-40,0,0.000,1879.319,1506.472,,,,0.000,0,0,0,0,0,0,10,10.178,9.710,0.498,
20,280,-20,0,0.000,1879.319,1506.472,,,,0.000,0,0,0,0,0,0,10,9.916,10.034,0.382,
20,280,0,0,0.000,1879.319,1506.472,,,,0.000,0,0,0,0,0,0,10,7.928,11.712,0.639,
20,280,20,0,0.000,1879.319,1506.472,,,,0.000,0,0,0,0,0,0,10,12.658,10.108,0.554,
20,280,40,0,0.000,1879.319,1506.472,,,,0.000,0,0,0,0,0,0,10,9.784,11.371,0.441,
20,280,60,0,0.000,1879.319,1506.472,,,,0.000,0,0,0,0,0,0,10,8.435,8.890,0.475,
20,280,80,0,0.000,1879.319,1506.472,,,,0.000,0,0,0,0,0,0,10,9.763,9.638,0.495,
20,280,100,0,0.000,1879.319,1506.472,,,,1.200,5,0,1,0,2,0,7,12.119,8.801,0.592,
20,280,120,0,0.000,1879.319,1506.472,,,,4.500,5,0,6,0,4,0,0,12.929,10.538,0.556,
20,280,140,0,0.000,1879.319,1506.472,,,,4.400,5,0,5,0,5,0,0,11.258,12.176,0.625,
20,280,160,0,0.000,1879.319,1506.472,,,,4.000,5,0,2,0,8,0,0,10.638,12.808,0.521,
20,280,180,0,0.000,1879.319,1506.472,,,,4.100,5,0,4,0,6,0,0,12.461,10.139,0.497,
20,280,200,0,0.000,1879.319,1506.472,,,,4.600,5,0,6,0,4,0,0,10.527,10.625,0.624,
20,280,220,0,0.000,1879.319,1506.472,,,,4.500,5,0,5,0,5,0,0,13.088,12.152,0.570,
20,280,240,0,0.000,1879.319,1506.472,,,,3.900,5,0,2,0,8,0,0,11.804,10.222,0.474,
20,280,260,0,0.000,1879.319,1506.472,,,,4.200,5,0,4,0,6,0,0,12.047,11.874,0.494,
20,280,280,0,0.000,1879.319,1506.472,,,,3.600,5,0,2,0,8,0,0,9.731,10.955,0.527,
20,280,300,0,0.000,1879.319,1506.472,,,,4.100,5,0,3,0,7,0,0,10.138,12.681,0.515,
20,280,320,0,0.000,1879.319,1506.472,,,,3.700,5,0,1,0,9,0,0,10.894,9.448,0.601,
20,280,340,0,0.000,1879.319,1506.472,,,,3.700,5,0,2,0,8,0,0,9.717,11.466,0.468,
20,280,360,0,0.000,1879.319,1506.472,,,,3.900,5,0,4,0,6,0,0,12.601,13.870,0.576,
20,280,380,0,0.000,1879.319,1506.472,,,,3.800,5,0,2,0,8,0,0,16.291,12.193,0.445,
30,-200,-100,0,0.000,1795.452,1534.926,,,,0.000,0,10,0,0,0,0,0,10.919,7.944,0.450,
30,-200,-80,0,0.000,1795.452,1534.926,,,,0.000,0,10,0,0,0,0,0,9.796,11.209,0.462,
30,-200,-60,0,0.000,1795.452,1534.926,,,,0.000,0,10,0,0,0,0,0,7.955,10.520,0.379,
30,-200,-40,0,0.000,1795.452,1534.926,,,,0.000,0,10,0,0,0,0,0,12.427,12.751,0.504,
30,-200,-20,0,0.000,1795.452,1534.926,,,,0.000,0,10,0,0,0,0,0,9.998,10.496,0.421,
30,-200,0,0,0.000,1795.452,1534.926,,,,0.000,0,10,0,0,0,0,0,11.497,12.423,0.673,
30,-200,20,0,0.000,1795.452,1534.926,,,,0.000,0,10,0,0,0,0,0,7.585,9.173,0.343,
30,-200,40,0,0.000,1795.452,1534.926,,,,0.000,0,10,0,0,0,0,0,9.483,9.748,0.552,
30,-200,60,0,0.000,1795.452,1534.926,,,,0.000,0,10,0,0,0,0,0,6.732,13.785,0.618,
30,-200,80,0,0.000,1795.452,1534.926,,,,0.000,0,10,0,0,0,0,0,11.089,12.856,0.560,
30,-200,100,0,0.000,1795.452,1534.926,,,,0.000,0,7,0,0,0,0,3,12.575,14.032,0.579,
30,-200,120,0,0.000,1795.452,1534.926,,,,0.000,0,5,0,0,0,0,5,13.411,11.521,0.555,
30,-200,140,0,0.000,1795.452,1534.926,,,,0.000,0,1,0,0,0,0,9,8.767,12.600,0.563,
30,-200,160,0,0.000,1795.452,1534.926,,,,0.000,0,1,0,0,0,0,9,11.835,9.915,0.470,
30,-200,180,0,0.000,1795.452,1534.926,,,,0.000,0,0,0,0,0,0,10,8.904,8.746,0.446,
30,-200,200,0,0.000,1795.452,1534.926,,,,0.000,0,0,0,0,0,0,10,13.486,12.488,0.498,
30,-200,220,0,0.000,1795.452,1534.926,,,,0.000,0,0,0,0,0,0,10,8.371,10.531,0.561,
30,-200,240,0,0.000,1795.452,1534.926,,,,0.000,0,0,0,0,0,0,10,9.328,6.919,0.581,
30,-200,260,0,0.000,1795.452,1534.926,,,,0.000,0,0,0,0,0,0,10,10.900,10.840,0.521,
30,-200,280,0,0.000,1795.452,1534.926,,,,0.000,0,0,0,0,0,0,10,11.086,11.568,0.345,
30,-200,300,0,0.000,1795.452,1534.926,,,,0.000,0,0,0,0,0,0,10,9.957,10.854,0.539,
30,-200,320,0,0.000,1795.452,1534.926,,,,0.000,0,0,0,0,0,0,9,10.157,10.168,0.659,
30,-200,340,0,0.000,1795.452,1534.926,,,,0.000,0,0,0,0,0,0,10,8.364,7.310,0.641,
30,-200,360,0,0.000,1795.452,1534.926,,,,0.000,0,0,0,0,0,0,2,12.683,10.079,0.528,
30,-200,380,0,0.000,1795.452,1534.926,,,,0.000,0,0,0,3,0,0,1,13.353,8.305,0.567,
30,-180,-100,0,0.000,1795.452,1534.926,,,,0.000,0,10,0,0,0,0,0,11.050,9.709,0.507,
30,-180,-80,0,0.000,1795.452,1534.926,,,,0.000,0,10,0,0,0,0,0,9.852,9.444,0.529,
30,-180,-60,0,0.000,1795.452,1534.926,,,,0.000,0,10,0,0,0,0,0,10.260,9.785,0.611,
30,-180,-40,0,0.000,1795.452,1534.926,,,,0.000,0,10,0,0,0,0,0,10.746,10.010,0.640,
30,-180,-20,0,0.000,1795.452,1534.926,,,,0.000,0,10,0,0,0,0,0,9.068,11.983,0.279,
30,-180,0,0,0.000,1795.452,1534.926,,,,0.000,0,10,0,0,0,0,0,11.512,10.401,0.496,
30,-180,20,0,0.000,1795.452,1534.926,,,,0.000,0,10,0,0,0,0,0,11.265,11.098,0.501,
30,-180,40,0,0.000,1795.452,1534.926,,,,0.000,0,10,0,0,0,0,0,11.018,9.152,0.558,
30,-180,60,0,0.000,1795.452,1534.926,,,,0.000,0,8,0,0,0,0,2,10.827,10.861,0.462,
30,-180,80,0,0.000,1795.452,1534.926,,,,0.000,0,4,0,0,0,0,6,6.862,8.556,0.638,
30,-180,100,0,0.000,1795.452,1534.926,,,,0.000,0,5,0,0,0,0,5,11.520,10.988,0.403,
30,-180,120,0,0.000,1795.452,1534.926,,,,0.000,0,2,0,0,0,0,8,14.370,8.880,0.486,
30,-180,140,0,0.000,1795.452,1534.926,,,,0.000,0,0,0,0,0,0,10,9.823,10.699,0.484,
30,-180,160,0,0.000,1795.452,1534.926,,,,0.000,0,0,0,0,0,0,10,11.402,11.187,0.384,
30,-180,180,0,0.000,1795.452,1534.926,,,,0.000,0,0,0,0,0,0,10,12.342,11.749,0.501,
30,-180,200,0,0.000,1795.452,1534.926,,,,0.000,0,0,0,0,0,0,10,10.966,6.821,0.565,
30,-180,220,0,0.000,1795.452,1534.926,,,,0.000,0,0,0,0,0,0,10,10.813,7.236,0.653,
30,-180,240,0,0.000,1795.452,1534.926,,,,0.000,0,0,0,0,0,0,10,10.256,9.905,0.634,
30,-180,260,0,0.000,1795.452,1534.926,,,,0.000,0,0,0,0,0,0,10,11.236,13.339,0.509,
30,-180,280,0,0.000,1795.452,1534.926,,,,0.000,0,0,0,0,0,0,10,10.800,11.899,0.371,
30,-180,300,0,0.000,1795.452,1534.926,,,,0.000,0,0,0,0,0,0,5,12.074,11.663,0.550,
30,-180,320,0,0.000,1795.452,1534.926,,,,0.000,0,0,0,0,0,0,5,15.012,10.514,0.709,
30,-180,340,0,0.000,1795.452,1534.926,,,,0.000,0,0,0,0,0,0,2,11.869,11.851,0.424,
30,-180,360,0,0.000,1795.452,1534.926,,,,0.000,0,0,0,0,0,0,0,12.191,11.022,0.542,
30,-180,380,0,0.000,1795.452,1534.926,,,,0.000,0,0,0,4,0,0,0,11.946,9.544,0.684,
30,-160,-100,0,0.000,1795.452,1534.926,,,,0.000,0,10,0,0,0,0,0,11.474,11.240,0.309,
30,-160,-80,0,0.000,1795.452,1534.926,,,,0.000,0,10,0,0,0,0,0,13.990,10.874,0.342,
30,-160,-60,0,0.000,1795.452,1534.926,,,,0.000,0,10,0,0,0,0,0,14.707,9.607,0.438,
30,-160,-40,0,0.000,1795.452,1534.926,,,,0.000,0,10,0,0,0,0,0,11.425,8.870,0.654,
30,-160,-20,0,0.000,1795.452,1534.926,,,,0.000,0,10,0,0,0,0,0,12.088,11.520,0.630,
30,-160,0,0,0.000,1795.452,1534.926,,,,0.000,0,10,0,0,0,0,0,8.771,12.321,0.613,
30,-160,20,0,0.000,1795.452,1534.926,,,,0.000,0,7,0,0,0,0,3,14.810,10.284,0.624,
30,-160,40,0,0.000,1795.452,1534.926,,,,0.000,0,5,0,0,0,0,5,13.883,12.462,0.592,
30,-160,60,0,0.000,1795.452,1534.926,,,,0.000,0,1,0,0,0,0,9,10.305,12.812,0.572,
30,-160,80,0,0.000,1795.452,1534.926,,,,0.000,0,2,0,0,0,0,8,12.534,11.015,0.452,
30,-160,100,0,0.000,1795.452,1534.926,,,,0.000,0,0,0,0,0,0,10,11.685,8.507,0.549,
30,-160,120,0,0.000,1795.452,1534.926,,,,0.000,0,0,0,0,0,0,10,12.297,8.072,0.557,
30,-160,140,0,0.000,1795.452,1534.926,,,,0.000,0,0,0,0,0,0,10,12.011,10.638,0.525,
30,-160,160,0,0.000,1795.452,1534.926,,,,0.000,0,0,0,0,0,0,10,10.320,9.918,0.475,
30,-160,180,0,0.000,1795.452,1534.926,,,,0.000,0,0,0,0,0,0,10,11.404,12.354,0.588,
30,-160,200,0,0.000,1795.452,1534.926,,,,0.000,0,0,0,0,0,0,10,10.102,11.435,0.499,
30,-160,220,0,0.000,1795.452,1534.926,,,,0.000,0,0,0,0,0,0,10,14.690,8.340,0.621,
30,-160,240,0,0.000,1795.452,1534.926,,,,0.000,0,0,0,0,0,0,9,10.527,12.583,0.456,
30,-160,260,0,0.000,1795.452,1534.926,,,,0.000,0,0,0,0,0,0,9,6.988,12.509,0.685,
30,-160,280,0,0.000,1795.452,1534.926,,,,0.000,0,0,0,0,0,0,4,12.182,9.956,0.570,
30,-160,300,0,0.000,1795.452,1534.926,,,,0.000,0,0,0,0,0,0,2,8.973,13.561,0.760,
30,-160,320,0,0.000,1795.452,1534.926,,,,0.000,0,0,0,0,0,0,0,7.973,9.047,0.559,
30,-160,340,0,0.000,1795.452,1534.926,,,,0.000,0,0,0,2,0,0,0,9.871,8.195,0.499,
30,-160,360,0,0.000,1795.452,1534.926,,,,0.000,0,0,0,2,0,1,0,11.807,10.934,0.640,
30,-160,380,0,20.000,1795.452,1534.926,1795.102,1535.256,0.482,0.000,0,0,0,3,0,0,0,9.733,12.568,0.701,0.000
30,-140,-100,0,0.000,1795.452,1534.926,,,,0.000,0,10,0,0,0,0,0,14.834,8.634,0.453,
30,-140,-80,0,0.000,1795.452,1534.926,,,,0.000,0,10,0,0,0,0,0,11.336,11.636,0.496,
30,-140,-60,0,0.000,1795.452,1534.926,,,,0.000,0,10,0,0,0,0,0,14.029,7.740,0.498,
30,-140,-40,0,0.000,1795.452,1534.926,,,,0.000,0,10,0,0,0,0,0,12.706,6.967,0.400,
30,-140,-20,0,0.000,1795.452,1534.926,,,,0.000,0,9,0,0,0,0,1,11.599,6.461,0.373,
30,-140,0,0,0.000,1795.452,1534.926,,,,0.000,0,7,0,0,0,0,3,10.644,9.843,0.567,
30,-140,20,0,0.000,1795.452,1534.926,,,,0.000,0,4,0,0,0,0,6,12.558,10.129,0.635,
30,-140,40,0,0.000,1795.452,1534.926,,,,0.000,0,1,0,0,0,0,9,7.663,10.664,0.384,
30,-140,60,0,0.000,1795.452,1534.926,,,,0.000,0,0,0,0,0,0,10,9.612,10.435,0.702,
30,-140,80,0,0.000,1795.452,1534.926,,,,0.000,0,0,0,0,0,0,10,9.881,13.122,0.315,
30,-140,100,0,0.000,1795.452,1534.926,,,,0.000,0,0,0,0,0,0,10,11.031,10.748,0.580,
30,-140,120,0,0.000,1795.452,1534.926,,,,0.000,0,0,0,0,0,0,10,9.872,13.454,0.489,
30,-140,140,0,0.000,1795.452,1534.926,,,,0.000,0,0,0,0,0,0,10,11.595,11.864,0.678,
30,-140,160,0,0.000,1795.452,1534.926,,,,0.000,0,0,0,0,0,0,10,8.489,12.818,0.535,
30,-140,180,0,0.000,1795.452,1534.926,,,,0.000,0,0,0,0,0,0,10,12.752,14.506,0.421,
30,-140,200,0,0.000,1795.452,1534.926,,,,0.000,0,0,0,0,0,0,10,10.177,10.632,0.547,
30,-140,220,0,0.000,1795.452,1534.926,,,,0.000,0,0,0,0,0,0,8,9.739,13.001,0.506,
30,-140,240,0,0.000,1795.452,1534.926,,,,0.000,0,0,0,0,0,0,6,10.340,13.230,0.383,
30,-140,260,0,0.000,1795.452,1534.926,,,,0.000,0,0,0,0,0,0,4,8.797,14.288,0.531,
30,-140,280,0,0.000,1795.452,1534.926,,,,0.000,0,0,0,0,0,0,0,9.921,8.995,0.578,
30,-140,300,0,10.000,1795.452,1534.926,1795.074,1535.249,0.498,0.000,0,0,0,0,0,0,0,5.816,11.870,0.588,0.000
30,-140,320,0,10.000,1795.452,1534.926,1795.117,1535.279,0.487,0.000,0,0,0,0,0,0,0,12.687,10.104,0.475,0.000
30,-140,340,0,10.000,1795.452,1534.926,1795.104,1535.288,0.503,0.000,0,0,0,4,0,0,0,10.205,9.936,0.435,0.000
30,-140,360,0,0.000,1795.452,1534.926,,,,0.000,0,0,0,4,0,1,0,8.427,11.501,0.621,
30,-140,380,0,60.000,1795.452,1534.926,1795.118,1535.265,0.477,0.000,0,0,0,1,0,2,0,12.429,10.878,0.391,0.000
30,-120,-100,0,0.000,1795.452,1534.926,,,,0.000,0,10,0,0,0,0,0,10.427,10.270,0.606,
30,-120,-80,0,0.000,1795.452,1534.926,,,,0.000,0,10,0,0,0,0,0,9.044,12.420,0.687,
30,-120,-60,0,0.000,1795.452,1534.926,,,,0.000,0,10,0,0,0,0,0,9.222,8.429,0.625,
30,-120,-40,0,0.000,1795.452,1534.926,,,,0.000,0,8,0,0,0,0,2,9.924,11.564,0.584,
30,-120,-20,0,0.000,1795.452,1534.926,,,,0.000,0,6,0,0,0,0,4,15.196,7.608,0.411,
30,-120,0,0,0.000,1795.452,1534.926,,,,0.000,0,4,0,0,0,0,6,9.846,11.802,0.634,
30,-120,20,0,0.000,1795.452,1534.926,,,,0.000,0,0,0,0,0,0,10,9.432,10.399,0.606,
30,-120,40,0,0.000,1795.452,1534.926,,,,0.000,0,0,0,0,0,0,10,10.595,9.761,0.574,
30,-120,60,0,0.000,1795.452,1534.926,,,,0.000,0,0,0,0,0,0,10,12.030,11.075,0.669,
30,-120,80,0,0.000,1795.452,1534.926,,,,0.000,0,0,0,0,0,0,10,9.345,12.737,0.619,
30,-120,100,0,0.000,1795.452,1534.926,,,,0.000,0,0,0,0,0,0,10,13.190,12.675,0.537,
30,-120,120,0,0.000,1795.452,1534.926,,,,0.000,0,0,0,0,0,0,10,10.811,12.433,0.605,
30,-120,140,0,0.000,1795.452,1534.926,,,,0.000,0,0,0,0,0,0,10,10.380,12.535,0.436,
30,-120,160,0,0.000,1795.452,1534.926,,,,0.000,0,0,0,0,0,0,10,12.151,12.800,0.445,
30,-120,180,0,0.000,1795.452,1534.926,,,,0.000,0,0,0,0,0,0,8,10.198,12.336,0.471,
30,-120,200,0,0.000,1795.452,1534.926,,,,0.000,0,0,0,0,0,0,6,11.398,9.520,0.399,
30,-120,220,0,0.000,1795.452,1534.926,,,,0.000,0,0,0,0,0,0,3,11.953,10.363,0.494,
30,-120,240,0,0.000,1795.452,1534.926,,,,0.000,0,0,0,0,0,0,0,9.789,11.659,0.503,
30,-120,260,0,0.000,1795.452,1534.926,,,,0.000,0,0,0,0,0,0,0,10.316,13.562,0.534,
30,-120,280,0,10.000,1795.452,1534.926,1795.163,1535.253,0.436,0.000,0,0,0,0,0,0,0,9.464,8.998,0.505,0.000
30,-120,300,0,20.000,1795.452,1534.926,1795.120,1535.278,0.484,0.000,0,0,0,0,0,0,0,10.660,11.171,0.649,0.000
30,-120,320,0,0.000,1795.452,1534.926,,,,0.000,0,0,0,0,0,1,0,10.691,7.333,0.607,
30,-120,340,0,20.000,1795.452,1534.926,1795.088,1535.241,0.481,0.000,0,0,0,2,0,0,0,10.608,7.745,0.456,0.000
30,-120,360,0,10.000,1795.452,1534.926,1795.138,1535.268,0.464,0.000,0,0,0,1,0,2,0,12.083,11.799,0.640,0.000
30,-120,380,0,40.000,1795.452,1534.926,1795.099,1535.261,0.487,0.000,0,0,0,3,0,3,0,12.759,8.435,0.456,0.000
30,-100,-100,0,0.000,1795.452,1534.926,,,,0.000,0,10,0,0,0,0,0,10.057,11.353,0.569,
30,-100,-80,0,0.000,1795.452,1534.926,,,,0.000,0,6,0,0,0,0,4,10.437,10.175,0.610,
30,-100,-60,0,0.000,1795.452,1534.926,,,,0.000,0,5,0,0,0,0,5,12.753,12.392,0.617,
30,-100,-40,0,0.000,1795.452,1534.926,,,,0.000,0,1,0,0,0,0,9,8.578,13.015,0.439,
30,-100,-20,0,0.000,1795.452,1534.926,,,,0.000,0,1,0,0,0,0,9,9.754,10.176,0.524,
30,-100,0,0,0.000,1795.452,1534.926,,,,0.000,0,0,0,0,0,0,10,8.529,9.125,0.594,
30,-100,20,0,0.000,1795.452,1534.926,,,,0.000,0,0,0,0,0,0,10,8.696,8.942,0.685,
30,-100,40,0,0.000,1795.452,1534.926,,,,0.000,0,0,0,0,0,0,10,11.989,5.190,0.563,
30,-100,60,0,0.000,1795.452,1534.926,,,,0.000,0,0,0,0,0,0,10,8.076,11.306,0.689,
30,-100,80,0,0.000,1795.452,1534.926,,,,0.000,0,0,0,0,0,0,10,10.994,14.323,0.383,
30,-100,100,0,0.000,1795.452,1534.926,,,,0.000,0,0,0,0,0,0,10,9.876,6.850,0.633,
30,-100,120,0,0.000,1795.452,1534.926,,,,0.000,0,0,0,0,0,0,10,10.445,8.825,0.539,
30,-100,140,0,0.000,1795.452,1534.926,,,,0.000,0,0,0,0,0,0,9,9.062,6.984,0.619,
30,-100,160,0,0.000,1795.452,1534.926,,,,0.000,0,0,0,0,0,0,7,8.104,10.482,0.409,
30,-100,180,0,0.000,1795.452,1534.926,,,,0.000,0,0,0,0,0,0,5,10.292,7.157,0.491,
30,-100,200,0,0.000,1795.452,1534.926,,,,0.000,0,0,0,0,0,0,6,9.430,10.786,0.543,
30,-100,220,0,0.000,1795.452,1534.926,,,,0.000,0,0,0,0,0,0,0,9.328,14.315,0.434,
30,-100,240,0,0.000,1795.452,1534.926,,,,0.000,0,0,0,0,0,0,0,12.376,12.115,0.508,
30,-100,260,0,0.000,1795.452,1534.926,,,,0.000,0,0,0,0,0,0,0,9.006,10.996,0.559,
30,-100,280,0,0.000,1795.452,1534.926,,,,0.000,0,0,0,0,0,2,0,9.209,7.074,0.401,
30,-100,300,0,10.000,1795.452,1534.926,1795.113,1535.281,0.491,0.000,0,0,0,0,0,1,0,12.278,11.207,0.746,0.000
30,-100,320,0,40.000,1795.452,1534.926,1795.100,1535.262,0.487,0.000,0,0,0,0,0,0,0,9.882,12.471,0.651,0.000
30,-100,340,0,40.000,1795.452,1534.926,1795.113,1535.274,0.486,0.000,0,0,0,0,0,0,0,13.605,7.257,0.767,0.000
30,-100,360,0,50.000,1795.452,1534.926,1795.099,1535.264,0.489,0.000,0,0,0,2,0,2,0,14.096,13.475,0.416,0.000
30,-100,380,0,30.000,1795.452,1534.926,1795.129,1535.271,0.473,0.000,0,0,0,0,0,5,0,12.058,10.236,0.653,0.000
30,-80,-100,0,0.000,1795.452,1534.926,,,,0.000,0,4,0,0,0,0,6,9.402,8.147,0.551,
30,-80,-80,0,0.000,1795.452,1534.926,,,,0.000,0,2,0,0,0,0,8,8.707,11.018,0.547,
30,-80,-60,0,0.000,1795.452,1534.926,,,,0.000,0,1,0,0,0,0,9,10.332,12.807,0.536,
30,-80,-40,0,0.000,1795.452,1534.926,,,,0.000,0,0,0,0,0,0,10,12.815,5.524,0.546,
30,-80,-20,0,0.000,1795.452,1534.926,,,,0.000,0,0,0,0,0,0,10,8.888,10.711,0.580,
30,-80,0,0,0.000,1795.452,1534.926,,,,0.000,0,0,0,0,0,0,10,10.507,8.815,0.583,
30,-80,20,0,0.000,1795.452,1534.926,,,,0.000,0,0,0,0,0,0,10,8.230,12.125,0.621,
30,-80,40,0,0.000,1795.452,1534.926,,,,0.000,0,0,0,0,0,0,10,13.570,12.871,0.654,
30,-80,60,0,0.000,1795.452,1534.926,,,,0.000,0,0,0,0,0,0,10,8.132,8.701,0.810,
30,-80,80,0,0.000,1795.452,1534.926,,,,0.000,0,0,0,0,0,0,10,11.927,12.721,0.688,
30,-80,100,0,0.000,1795.452,1534.926,,,,0.000,0,0,0,0,0,0,9,13.439,12.047,0.691,
30,-80,120,0,0.000,1795.452,1534.926,,,,0.000,0,0,0,0,0,0,9,15.208,13.411,0.420,
30,-80,140,0,0.000,1795.452,1534.926,,,,0.000,0,0,0,0,0,0,5,10.956,10.915,0.625,
30,-80,160,0,0.000,1795.452,1534.926,,,,0.000,0,0,0,0,0,0,4,13.415,8.167,0.445,
30,-80,180,0,0.000,1795.452,1534.926,,,,0.000,0,0,0,0,0,0,1,12.072,7.973,0.569,
30,-80,200,0,20.000,1795.452,1534.926,1795.127,1535.272,0.475,0.000,0,0,0,0,0,0,0,7.757,8.880,0.544,0.000
30,-80,220,0,30.000,1795.452,1534.926,1795.120,1535.277,0.483,0.000,0,0,0,0,0,2,0,11.126,11.058,0.410,0.000
30,-80,240,0,20.000,1795.452,1534.926,1795.131,1535.270,0.471,0.000,0,0,0,0,0,3,0,11.744,11.375,0.464,0.000
30,-80,260,0,30.000,1795.452,1534.926,1795.131,1535.269,0.469,0.000,0,0,0,0,0,3,0,14.369,9.338,0.551,0.000
30,-80,280,0,40.000,1795.452,1534.926,1795.120,1535.278,0.484,0.000,0,0,0,0,0,3,0,11.169,12.196,0.486,0.000
30,-80,300,0,60.000,1795.452,1534.926,1795.120,1535.269,0.478,0.000,0,0,0,0,0,1,0,10.686,8.565,0.478,0.000
30,-80,320,0,30.000,1795.452,1534.926,1795.113,1535.253,0.471,0.000,0,0,0,0,0,6,0,7.556,11.994,0.373,0.000
30,-80,340,0,40.000,1795.452,1534.926,1795.101,1535.273,0.494,0.000,0,0,0,0,0,6,0,9.753,12.345,0.265,0.000
30,-80,360,0,50.000,1795.452,1534.926,1795.108,1535.250,0.472,0.000,0,0,0,0,0,5,0,12.816,11.134,0.539,0.000
30,-80,380,0,50.000,1795.452,1534.926,1795.101,1535.265,0.488,0.000,0,0,0,0,0,5,0,11.072,11.031,0.530,0.000
30,-60,-100,0,0.000,1795.452,1534.926,,,,0.000,0,2,0,0,0,0,8,10.366,6.886,0.607,
30,-60,-80,0,0.000,1795.452,1534.926,,,,0.000,0,0,0,0,0,0,10,10.188,10.643,0.673,
30,-60,-60,0,0.000,1795.452,1534.926,,,,0.000,0,0,0,0,0,0,10,11.017,8.107,0.727,
30,-60,-40,0,0.000,1795.452,1534.926,,,,0.000,0,0,0,0,0,0,10,7.108,12.618,0.444,
30,-60,-20,0,0.000,1795.452,1534.926,,,,0.000,0,0,0,0,0,0,10,12.865,7.682,0.538,
30,-60,0,0,0.000,1795.452,1534.926,,,,0.000,0,0,0,0,0,0,10,11.680,12.831,0.549,
30,-60,20,0,0.000,1795.452,1534.926,,,,0.000,0,0,0,0,0,0,10,12.356,12.198,0.391,
30,-60,40,0,0.000,1795.452,1534.926,,,,0.000,0,0,0,0,0,0,10,10.689,10.982,0.669,
30,-60,60,0,0.000,1795.452,1534.926,,,,0.000,0,0,0,0,0,0,10,12.369,10.922,0.489,
30,-60,80,0,0.000,1795.452,1534.926,,,,0.000,0,0,0,0,0,0,9,13.399,11.903,0.468,
30,-60,100,0,0.000,1795.452,1534.926,,,,0.000,0,0,0,0,0,0,4,12.971,9.246,0.523,
30,-60,120,0,0.000,1795.452,1534.926,,,,0.000,0,0,0,0,0,0,4,13.073,8.379,0.630,
30,-60,140,0,10.000,1795.452,1534.926,1795.109,1535.233,0.460,0.000,0,0,0,0,0,0,1,11.170,10.025,0.559,0.000
30,-60,160,0,10.000,1795.452,1534.926,1795.128,1535.272,0.474,0.000,0,0,0,0,0,0,0,10.991,10.360,0.604,0.000
30,-60,180,0,10.000,1795.452,1534.926,1795.103,1535.288,0.503,0.000,0,0,0,0,0,0,0,7.269,8.677,0.622,0.000
30,-60,200,0,50.000,1795.452,1534.926,1795.104,1535.272,0.491,0.000,0,0,0,0,0,0,0,13.541,9.187,0.385,0.000
30,-60,220,0,50.000,1795.452,1534.926,1795.114,1535.282,0.491,0.000,0,0,0,0,0,0,0,9.668,10.629,0.664,0.000
30,-60,240,0,20.000,1795.452,1534.926,1795.095,1535.257,0.487,0.000,0,0,0,0,0,3,0,12.233,9.335,0.600,0.000
30,-60,260,0,50.000,1795.452,1534.926,1795.095,1535.266,0.493,0.000,0,0,0,0,0,4,0,12.127,13.114,0.467,0.000
30,-60,280,0,80.000,1795.452,1534.926,1795.108,1535.254,0.475,0.000,0,0,0,0,0,2,0,12.198,7.161,0.511,0.000
30,-60,300,0,60.000,1795.452,1534.926,1795.113,1535.266,0.480,0.000,0,0,0,0,0,4,0,10.141,11.078,0.350,0.000
30,-60,320,0,30.000,1795.452,1534.926,1795.101,1535.284,0.502,0.000,0,0,0,0,0,7,0,9.819,12.090,0.386,0.000
30,-60,340,0,30.000,1795.452,1534.926,1795.094,1535.287,0.509,0.000,0,0,0,0,0,7,0,11.984,8.906,0.529,0.000
30,-60,360,0,40.000,1795.452,1534.926,1795.082,1535.254,0.495,0.000,0,0,0,0,0,6,0,12.797,9.571,0.577,0.000
30,-60,380,0,40.000,1795.452,1534.926,1795.094,1535.253,0.485,0.000,0,0,0,0,0,6,0,13.798,11.678,0.625,0.000
30,-40,-100,0,0.000,1795.452,1534.926,,,,0.000,0,0,0,0,0,0,10,14.069,12.610,0.650,
30,-40,-80,0,0.000,1795.452,1534.926,,,,0.000,0,0,0,0,0,0,10,11.857,12.169,0.652,
30,-40,-60,0,0.000,1795.452,1534.926,,,,0.000,0,0,0,0,0,0,10,9.393,8.927,0.500,
30,-40,-40,0,0.000,1795.452,1534.926,,,,0.000,0,0,0,0,0,0,10,11.976,10.131,0.563,
30,-40,-20,0,0.000,1795.452,1534.926,,,,0.000,0,0,0,0,0,0,10,14.229,10.632,0.447,
30,-40,0,0,0.000,1795.452,1534.926,,,,0.000,0,0,0,0,0,0,10,11.561,9.832,0.549,
30,-40,20,0,0.000,1795.452,1534.926,,,,0.000,0,0,0,0,0,0,10,12.112,12.283,0.457,
30,-40,40,0,0.000,1795.452,1534.926,,,,0.000,0,0,0,0,0,0,9,11.790,7.361,0.403,
30,-40,60,0,0.000,1795.452,1534.926,,,,0.000,0,0,0,0,0,0,10,11.468,9.600,0.657,
30,-40,80,0,10.000,1795.452,1534.926,1795.108,1535.284,0.497,0.000,0,0,0,0,0,1,4,11.533,7.605,0.420,0.000
30,-40,100,0,10.000,1795.452,1534.926,1795.116,1535.280,0.488,0.000,0,0,0,0,0,2,2,12.002,11.291,0.542,0.000
30,-40,120,0,30.000,1795.452,1534.926,1795.097,1535.275,0.498,0.000,0,0,0,0,0,2,0,13.273,8.820,0.324,0.000
30,-40,140,0,30.000,1795.452,1534.926,1795.104,1535.288,0.502,0.000,0,0,0,0,0,1,0,11.031,9.650,0.534,0.000
30,-40,160,0,40.000,1795.452,1534.926,1795.091,1535.272,0.500,0.000,0,0,0,0,0,2,0,14.919,10.463,0.499,0.000
30,-40,180,0,20.000,1795.452,1534.926,1795.124,1535.274,0.479,0.000,0,0,0,0,0,5,0,9.486,12.515,0.701,0.000
30,-40,200,0,50.000,1795.452,1534.926,1795.128,1535.261,0.466,0.000,0,0,0,0,0,2,0,6.939,13.090,0.668,0.000
30,-40,220,0,50.000,1795.452,1534.926,1795.090,1535.261,0.493,0.000,0,0,0,0,0,5,0,11.132,13.508,0.400,0.000
30,-40,240,0,30.000,1795.452,1534.926,1795.125,1535.275,0.478,0.000,0,0,0,0,0,7,0,8.664,11.568,0.560,0.000
30,-40,260,0,40.000,1795.452,1534.926,1795.107,1535.250,0.474,0.000,0,0,0,0,0,6,0,12.311,13.594,0.523,0.000
30,-40,280,0,70.000,1795.452,1534.926,1795.110,1535.258,0.477,0.100,1,0,0,0,0,3,0,13.386,12.682,0.550,0.000
30,-40,300,0,100.000,1795.452,1534.926,1795.510,1534.980,0.080,0.100,1,0,0,0,0,0,0,11.821,11.158,0.665,0.000
30,-40,320,0,70.000,1795.452,1534.926,1795.130,1535.243,0.452,0.000,0,0,0,0,0,3,0,8.508,10.609,0.497,0.000
30,-40,340,0,30.000,1795.452,1534.926,1795.138,1535.266,0.463,0.000,0,0,0,0,0,7,0,10.358,11.260,0.712,0.000
30,-40,360,0,70.000,1795.452,1534.926,1795.846,1534.739,0.436,0.600,2,0,0,0,0,3,0,11.891,13.795,0.378,0.000
30,-40,380,0,50.000,1795.452,1534.926,1795.732,1534.807,0.304,0.400,2,0,0,0,1,4,0,12.480,12.300,0.592,0.000
30,-20,-100,0,0.000,1795.452,1534.926,,,,0.000,0,0,0,0,0,0,10,13.811,12.256,0.593,
30,-20,-80,0,0.000,1795.452,1534.926,,,,0.000,0,0,0,0,0,0,10,12.974,9.344,0.557,
30,-20,-60,0,0.000,1795.452,1534.926,,,,0.000,0,0,0,0,0,0,10,11.129,8.620,0.687,
30,-20,-40,0,0.000,1795.452,1534.926,,,,0.000,0,0,0,0,0,0,10,7.209,12.126,0.534,
30,-20,-20,0,0.000,1795.452,1534.926,,,,0.000,0,0,0,0,0,0,10,9.842,10.466,0.531,
30,-20,0,0,0.000,1795.452,1534.926,,,,0.000,0,0,0,0,0,0,10,10.802,10.930,0.661,
30,-20,20,0,0.000,1795.452,1534.926,,,,0.000,0,0,0,0,0,1,8,10.949,12.153,0.347,
30,-20,40,0,20.000,1795.452,1534.926,1795.096,1535.234,0.470,0.000,0,0,0,0,0,1,6,14.882,8.995,0.416,0.000
30,-20,60,0,30.000,1795.452,1534.926,1795.122,1535.236,0.453,0.000,0,0,0,0,0,1,3,12.446,11.720,0.589,0.000
30,-20,80,0,50.000,1795.452,1534.926,1795.105,1535.259,0.481,0.000,0,0,0,0,0,2,1,10.967,12.243,0.681,0.000
30,-20,100,0,50.000,1795.452,1534.926,1795.109,1535.268,0.485,0.000,0,0,0,0,0,1,0,11.210,13.944,0.539,0.000
30,-20,120,0,30.000,1795.452,1534.926,1795.098,1535.255,0.484,0.000,0,0,0,0,0,2,0,11.226,9.531,0.582,0.000
30,-20,140,0,60.000,1795.452,1534.926,1795.623,1534.902,0.172,0.000,0,0,0,0,0,3,0,10.626,8.256,0.623,0.000
30,-20,160,0,50.000,1795.452,1534.926,1795.104,1535.276,0.494,0.000,0,0,0,0,0,5,0,10.708,10.277,0.634,0.000
30,-20,180,0,80.000,1795.452,1534.926,1795.094,1535.258,0.488,0.000,0,0,0,0,0,2,0,7.832,10.216,0.436,0.000
30,-20,200,0,70.000,1795.452,1534.926,1795.157,1535.203,0.405,0.000,0,0,0,0,0,3,0,11.002,11.695,0.582,0.000
30,-20,220,0,80.000,1795.452,1534.926,1796.296,1534.422,0.983,0.000,0,0,0,0,0,2,0,11.434,8.677,0.549,0.000
30,-20,240,0,90.000,1795.452,1534.926,1795.840,1534.734,0.432,0.300,2,0,0,0,0,1,0,11.425,9.373,0.681,0.000
30,-20,260,0,40.000,1795.452,1534.926,1795.104,1535.267,0.488,0.000,0,0,0,0,0,6,0,10.663,11.060,0.633,0.000
30,-20,280,0,100.000,1795.452,1534.926,1795.444,1534.996,0.071,0.100,1,0,0,0,0,0,0,8.550,13.362,0.591,0.000
30,-20,300,0,70.000,1795.452,1534.926,1795.100,1535.270,0.492,0.200,1,0,0,0,0,3,0,7.383,12.947,0.749,0.000
30,-20,320,0,90.000,1795.452,1534.926,1795.173,1535.198,0.390,0.400,3,0,0,0,0,1,0,12.094,12.327,0.515,0.000
30,-20,340,0,90.000,1795.452,1534.926,1797.098,1533.841,1.971,1.200,3,0,0,0,1,0,0,9.675,10.794,0.533,0.000
30,-20,360,0,60.000,1795.452,1534.926,1796.200,1534.446,0.889,0.900,2,0,0,0,2,2,0,9.046,13.010,0.555,0.000
30,-20,380,0,70.000,1795.452,1534.926,1796.253,1534.421,0.947,1.100,3,0,0,0,2,1,0,9.478,6.912,0.465,0.000
30,0,-100,0,0.000,1795.452,1534.926,,,,0.000,0,0,0,0,0,0,10,11.868,7.190,0.571,
30,0,-80,0,0.000,1795.452,1534.926,,,,0.000,0,0,0,0,0,0,10,11.567,11.321,0.672,
30,0,-60,0,0.000,1795.452,1534.926,,,,0.000,0,0,0,0,0,0,10,8.351,5.732,0.539,
30,0,-40,0,0.000,1795.452,1534.926,,,,0.000,0,0,0,0,0,0,10,12.619,8.269,0.432,
30,0,-20,0,0.000,1795.452,1534.926,,,,0.000,0,0,0,0,0,0,10,9.917,8.399,0.538,
30,0,0,0,0.000,1795.452,1534.926,,,,0.000,0,0,0,0,0,1,8,12.970,10.932,0.491,
30,0,20,0,50.000,1795.452,1534.926,1795.944,1534.655,0.562,0.200,1,0,0,0,0,0,5,10.648,9.773,0.528,0.000
30,0,40,0,70.000,1795.452,1534.926,1795.214,1535.179,0.347,0.300,1,0,0,0,0,2,0,11.237,11.195,0.489,0.000
30,0,60,0,70.000,1795.452,1534.926,1796.235,1534.450,0.916,0.600,1,0,0,0,0,2,0,13.329,9.464,0.615,0.000
30,0,80,0,80.000,1795.452,1534.926,1795.368,1535.064,0.162,0.200,1,0,0,0,0,2,0,7.680,6.856,0.535,0.000
30,0,100,0,60.000,1795.452,1534.926,1795.534,1534.957,0.088,0.300,1,0,0,0,0,3,0,10.867,10.074,0.457,0.000
30,0,120,0,90.000,1795.452,1534.926,1795.439,1534.995,0.070,0.200,1,0,0,0,0,1,0,12.864,9.914,0.484,0.000
30,0,140,0,90.000,1795.452,1534.926,1795.799,1534.761,0.385,0.400,1,0,0,0,0,1,0,9.833,9.878,0.442,0.000
30,0,160,0,70.000,1795.452,1534.926,1795.333,1535.074,0.191,0.200,1,0,0,0,0,2,0,11.663,10.512,0.540,0.000
30,0,180,0,80.000,1795.452,1534.926,1796.336,1534.396,1.031,0.200,1,0,0,0,0,1,0,12.804,11.861,0.468,0.000
30,0,200,0,80.000,1795.452,1534.926,1795.244,1535.143,0.301,0.100,1,0,0,0,0,2,0,8.780,10.820,0.568,0.000
30,0,220,0,70.000,1795.452,1534.926,1796.046,1534.585,0.685,0.100,1,0,0,0,2,1,0,10.537,7.550,0.480,0.000
30,0,240,0,90.000,1795.452,1534.926,1796.041,1534.586,0.681,0.700,1,0,0,0,0,1,0,12.584,9.967,0.509,0.000
30,0,260,0,90.000,1795.452,1534.926,1795.775,1534.778,0.355,0.300,1,0,0,0,0,1,0,10.026,10.882,0.507,0.000
30,0,280,0,90.000,1795.452,1534.926,1796.058,1534.597,0.690,0.500,1,0,0,0,1,0,0,11.633,8.462,0.505,0.000
30,0,300,0,100.000,1795.452,1534.926,1796.591,1534.200,1.351,0.400,2,0,0,0,0,0,0,10.555,12.893,0.435,0.000
30,0,320,0,100.000,1795.452,1534.926,1797.232,1533.716,2.153,1.000,3,0,0,0,0,0,0,7.148,13.756,0.537,0.000
30,0,340,0,100.000,1795.452,1534.926,1795.729,1534.784,0.311,0.500,2,0,0,0,0,0,0,10.952,7.817,0.644,0.000
30,0,360,0,90.000,1795.452,1534.926,1796.504,1534.264,1.243,0.700,2,0,0,0,0,1,0,10.359,10.857,0.494,0.000
30,0,380,0,80.000,1795.452,1534.926,1796.834,1534.024,1.651,1.000,3,0,0,0,0,2,0,8.504,11.601,0.541,0.000
30,20,-100,0,0.000,1795.452,1534.926,,,,0.000,0,0,0,0,0,0,10,12.750,12.025,0.671,
30,20,-80,0,0.000,1795.452,1534.926,,,,0.000,0,0,0,0,0,0,10,10.010,15.418,0.591,
30,20,-60,0,0.000,1795.452,1534.926,,,,0.000,0,0,0,0,0,0,10,12.084,11.694,0.591,
30,20,-40,0,0.000,1795.452,1534.926,,,,0.000,0,0,0,0,0,0,10,10.986,12.166,0.658,
30,20,-20,0,0.000,1795.452,1534.926,,,,0.000,0,0,0,0,0,0,10,13.388,9.306,0.560,
30,20,0,0,10.000,1795.452,1534.926,1795.112,1535.281,0.492,0.000,0,0,0,0,0,0,9,10.876,8.924,0.448,0.000
30,20,20,0,40.000,1795.452,1534.926,1797.140,1533.820,2.018,0.300,1,0,0,0,0,0,6,11.564,10.923,0.571,0.000
30,20,40,0,50.000,1795.452,1534.926,1796.418,1534.345,1.127,1.100,2,0,0,0,4,1,0,10.628,12.343,0.539,0.000
30,20,60,0,80.000,1795.452,1534.926,1796.991,1533.890,1.855,0.900,3,0,0,0,1,1,0,11.724,10.510,0.339,0.000
30,20,80,0,80.000,1795.452,1534.926,1796.557,1534.233,1.304,1.000,4,0,0,0,1,1,0,12.573,13.723,0.617,0.000
30,20,100,0,90.000,1795.452,1534.926,1795.214,1535.163,0.336,0.800,1,0,0,0,0,1,0,8.765,10.244,0.584,0.000
30,20,120,0,80.000,1795.452,1534.926,1795.141,1535.209,0.420,0.500,1,0,0,0,0,2,0,12.034,12.928,0.501,0.000
30,20,140,0,60.000,1795.452,1534.926,1795.484,1534.988,0.070,0.800,1,0,0,0,0,4,0,11.889,11.999,0.659,0.000
30,20,160,0,100.000,1795.452,1534.926,1796.486,1534.271,1.224,0.900,1,0,0,0,0,0,0,10.295,14.123,0.340,0.000
30,20,180,0,90.000,1795.452,1534.926,1795.861,1534.736,0.451,0.900,1,0,0,0,0,1,0,11.771,9.310,0.516,0.000
30,20,200,0,70.000,1795.452,1534.926,1796.103,1534.554,0.750,0.700,1,0,0,0,0,3,0,12.816,9.539,0.444,0.000
30,20,220,0,90.000,1795.452,1534.926,1795.708,1534.825,0.276,0.700,1,0,0,0,0,0,0,12.879,11.760,0.542,0.000
30,20,240,0,70.000,1795.452,1534.926,1796.158,1534.532,0.808,0.900,1,0,0,0,0,3,0,9.830,10.957,0.552,0.000
30,20,260,0,80.000,1795.452,1534.926,1796.559,1534.224,1.310,0.700,1,0,0,0,0,2,0,10.542,6.555,0.484,0.000
30,20,280,0,90.000,1795.452,1534.926,1796.552,1534.226,1.304,1.000,1,0,0,0,0,1,0,9.344,9.800,0.523,0.000
30,20,300,0,100.000,1795.452,1534.926,1796.129,1534.527,0.786,0.900,1,0,0,0,0,0,0,11.828,11.453,0.652,0.000
30,20,320,0,100.000,1795.452,1534.926,1796.306,1534.419,0.993,0.700,1,0,0,0,0,0,0,11.822,8.290,0.423,0.000
30,20,340,0,100.000,1795.452,1534.926,1796.486,1534.280,1.219,0.800,1,0,0,0,0,0,0,13.092,12.256,0.488,0.000
30,20,360,0,90.000,1795.452,1534.926,1796.031,1534.606,0.662,0.600,1,0,0,0,0,1,0,10.446,9.561,0.502,0.000
30,20,380,0,90.000,1795.452,1534.926,1796.555,1534.241,1.298,0.600,1,0,0,0,0,0,0,9.786,9.705,0.588,0.000
30,40,-100,0,0.000,1795.452,1534.926,,,,0.000,0,0,0,0,0,0,10,11.943,9.820,0.450,
30,40,-80,0,0.000,1795.452,1534.926,,,,0.000,0,0,0,0,0,0,10,11.062,10.852,0.619,
30,40,-60,0,0.000,1795.452,1534.926,,,,0.000,0,0,0,0,0,0,10,13.405,9.467,0.605,
30,40,-40,0,0.000,1795.452,1534.926,,,,0.000,0,0,0,0,0,0,10,11.161,8.975,0.504,
30,40,-20,0,0.000,1795.452,1534.926,,,,0.000,0,0,0,0,0,0,10,12.144,9.792,0.408,
30,40,0,0,0.000,1795.452,1534.926,,,,0.100,1,0,0,0,1,0,9,10.656,11.379,0.585,
30,40,20,0,0.000,1795.452,1534.926,,,,0.800,3,0,0,0,4,0,6,10.383,12.497,0.493,
30,40,40,0,10.000,1795.452,1534.926,1795.095,1535.294,0.513,1.900,4,0,0,0,7,0,2,11.773,10.921,0.723,0.000
30,40,60,0,40.000,1795.452,1534.926,1798.805,1532.627,4.066,2.200,4,0,0,0,6,0,0,10.429,10.923,0.555,0.000
30,40,80,0,40.000,1795.452,1534.926,1795.494,1534.934,0.043,1.700,3,0,0,0,5,1,0,13.352,8.061,0.596,0.000
30,40,100,0,70.000,1795.452,1534.926,1795.997,1534.590,0.640,1.300,3,0,0,0,1,2,0,13.138,12.826,0.487,0.000
30,40,120,0,100.000,1795.452,1534.926,1795.592,1534.893,0.144,1.000,1,0,0,0,0,0,0,8.442,6.698,0.565,0.000
30,40,140,0,100.000,1795.452,1534.926,1795.316,1535.105,0.225,1.000,1,0,0,0,0,0,0,11.000,8.698,0.594,0.000
30,40,160,0,90.000,1795.452,1534.926,1795.781,1534.744,0.376,1.000,1,0,0,0,0,1,0,10.665,14.081,0.529,0.000
30,40,180,0,100.000,1795.452,1534.926,1796.364,1534.355,1.076,1.000,1,0,0,0,0,0,0,11.651,10.793,0.503,0.000
30,40,200,0,90.000,1795.452,1534.926,1795.626,1534.874,0.182,1.100,2,0,0,0,0,1,0,11.193,8.549,0.734,0.000
30,40,220,0,90.000,1795.452,1534.926,1796.218,1534.459,0.897,1.000,1,0,0,0,0,1,0,13.359,9.496,0.660,0.000
30,40,240,0,90.000,1795.452,1534.926,1796.204,1534.457,0.886,1.000,1,0,0,0,0,1,0,11.836,11.403,0.592,0.000
30,40,260,0,90.000,1795.452,1534.926,1796.335,1534.386,1.035,1.000,1,0,0,0,0,1,0,9.318,10.770,0.547,0.000
30,40,280,0,100.000,1795.452,1534.926,1796.489,1534.265,1.230,1.000,1,0,0,0,0,0,0,7.064,12.454,0.545,0.000
30,40,300,0,90.000,1795.452,1534.926,1796.581,1534.219,1.332,1.000,1,0,0,0,1,0,0,10.483,11.026,0.654,0.000
30,40,320,0,90.000,1795.452,1534.926,1797.654,1533.444,2.654,1.000,1,0,0,0,0,1,0,11.331,11.157,0.464,0.000
30,40,340,0,100.000,1795.452,1534.926,1796.737,1534.112,1.521,1.000,1,0,0,0,0,0,0,11.342,9.563,0.556,0.000
30,40,360,0,90.000,1795.452,1534.926,1797.099,1533.840,1.972,1.000,1,0,0,0,0,1,0,11.985,12.449,0.558,0.000
30,40,380,0,90.000,1795.452,1534.926,1796.801,1534.040,1.614,1.000,1,0,0,0,0,1,0,10.092,10.672,0.596,0.000
30,60,-100,0,0.000,1795.452,1534.926,,,,0.000,0,0,0,0,0,0,10,11.205,12.510,0.554,
30,60,-80,0,0.000,1795.452,1534.926,,,,0.000,0,0,0,0,0,0,10,8.839,10.630,0.643,
30,60,-60,0,0.000,1795.452,1534.926,,,,0.000,0,0,0,0,0,0,10,9.693,11.295,0.540,
30,60,-40,0,0.000,1795.452,1534.926,,,,0.000,0,0,0,0,0,0,10,8.454,8.667,0.560,
30,60,-20,0,0.000,1795.452,1534.926,,,,0.000,0,0,0,0,0,0,10,13.016,14.551,0.638,
30,60,0,0,0.000,1795.452,1534.926,,,,0.000,0,0,0,0,0,0,10,12.363,9.502,0.584,
30,60,20,0,0.000,1795.452,1534.926,,,,0.700,3,0,0,0,3,0,7,10.034,10.425,0.498,
30,60,40,0,0.000,1795.452,1534.926,,,,1.300,3,0,0,0,6,0,4,11.574,7.743,0.354,
30,60,60,0,0.000,1795.452,1534.926,,,,2.400,4,0,0,0,10,0,0,9.254,10.968,0.559,
30,60,80,0,20.000,1795.452,1534.926,1798.534,1532.831,3.726,2.200,3,0,0,0,8,0,0,11.453,12.492,0.655,0.000
30,60,100,0,10.000,1795.452,1534.926,1796.985,1533.869,1.862,2.800,5,0,1,0,8,0,0,8.371,12.440,0.439,0.000
30,60,120,0,80.000,1795.452,1534.926,1796.408,1534.350,1.116,1.400,3,0,0,0,2,0,0,10.413,10.800,0.630,0.000
30,60,140,0,80.000,1795.452,1534.926,1795.597,1534.893,0.149,1.300,2,0,0,0,1,1,0,10.000,11.389,0.605,0.000
30,60,160,0,90.000,1795.452,1534.926,1795.490,1534.940,0.041,1.000,1,0,0,0,0,1,0,11.000,7.249,0.452,0.000
30,60,180,0,90.000,1795.452,1534.926,1795.731,1534.817,0.299,1.000,1,0,0,0,0,1,0,14.998,12.069,0.524,0.000
30,60,200,0,90.000,1795.452,1534.926,1795.460,1534.996,0.071,1.000,1,0,0,0,0,1,0,11.180,6.361,0.595,0.000
30,60,220,0,80.000,1795.452,1534.926,1796.765,1534.058,1.574,1.000,1,0,0,0,0,2,0,13.191,12.531,0.636,0.000
30,60,240,0,100.000,1795.452,1534.926,1795.744,1534.801,0.318,1.100,2,0,0,0,0,0,0,10.537,12.040,0.575,0.000
30,60,260,0,100.000,1795.452,1534.926,1795.379,1535.065,0.158,1.000,1,0,0,0,0,0,0,12.728,10.495,0.609,0.000
30,60,280,0,100.000,1795.452,1534.926,1796.965,1533.937,1.808,1.000,1,0,0,0,0,0,0,11.133,9.108,0.501,0.000
30,60,300,0,100.000,1795.452,1534.926,1795.797,1534.753,0.386,1.100,2,0,0,0,0,0,0,11.393,11.784,0.514,0.000
30,60,320,0,100.000,1795.452,1534.926,1796.063,1534.567,0.708,1.000,1,0,0,0,0,0,0,11.253,11.901,0.604,0.000
30,60,340,0,90.000,1795.452,1534.926,1795.745,1534.792,0.322,1.100,2,0,0,0,0,1,0,10.227,10.606,0.523,0.000
30,60,360,0,80.000,1795.452,1534.926,1795.485,1534.990,0.072,1.000,1,0,0,0,0,2,0,15.049,9.789,0.543,0.000
30,60,380,0,90.000,1795.452,1534.926,1796.506,1534.236,1.260,1.000,1,0,0,0,0,1,0,12.211,12.778,0.380,0.000
30,80,-100,0,0.000,1795.452,1534.926,,,,0.000,0,0,0,0,0,0,10,6.288,10.417,0.545,
30,80,-80,0,0.000,1795.452,1534.926,,,,0.000,0,0,0,0,0,0,10,10.573,10.638,0.724,
30,80,-60,0,0.000,1795.452,1534.926,,,,0.000,0,0,0,0,0,0,10,11.287,11.470,0.414,
30,80,-40,0,0.000,1795.452,1534.926,,,,0.000,0,0,0,0,0,0,10,9.297,13.094,0.591,
30,80,-20,0,0.000,1795.452,1534.926,,,,0.000,0,0,0,0,0,0,10,6.657,12.735,0.665,
30,80,0,0,0.000,1795.452,1534.926,,,,0.000,0,0,0,0,0,0,10,10.212,14.135,0.674,
30,80,20,0,0.000,1795.452,1534.926,,,,0.000,0,0,0,0,0,0,10,8.453,9.720,0.512,
30,80,40,0,0.000,1795.452,1534.926,,,,0.800,4,0,0,0,3,0,7,11.628,13.468,0.502,
30,80,60,0,0.000,1795.452,1534.926,,,,2.500,4,0,0,0,9,0,1,12.458,10.494,0.595,
30,80,80,0,0.000,1795.452,1534.926,,,,2.300,4,0,0,0,10,0,0,11.900,13.529,0.532,
30,80,100,0,10.000,1795.452,1534.926,1801.506,1530.648,7.413,2.700,4,0,0,0,9,0,0,12.610,11.744,0.403,0.000
30,80,120,0,30.000,1795.452,1534.926,1797.921,1533.257,2.980,2.500,4,0,0,0,7,0,0,11.210,6.739,0.474,0.000
30,80,140,0,30.000,1795.452,1534.926,1797.655,1533.459,2.647,2.600,5,0,1,0,6,0,0,12.144,5.867,0.605,0.000
30,80,160,0,50.000,1795.452,1534.926,1796.532,1534.230,1.285,1.700,4,0,0,0,4,1,0,11.117,9.956,0.312,0.000
30,80,180,0,90.000,1795.452,1534.926,1796.004,1534.629,0.627,1.500,3,0,0,0,1,0,0,11.536,12.356,0.605,0.000
30,80,200,0,90.000,1795.452,1534.926,1796.080,1534.524,0.746,1.500,2,0,0,0,0,1,0,12.471,12.535,0.460,0.000
30,80,220,0,100.000,1795.452,1534.926,1795.196,1535.163,0.349,1.300,2,0,0,0,0,0,0,13.040,9.620,0.493,0.000
30,80,240,0,90.000,1795.452,1534.926,1796.625,1534.185,1.388,1.200,2,0,0,0,0,1,0,10.341,12.200,0.591,0.000
30,80,260,0,90.000,1795.452,1534.926,1796.255,1534.452,0.932,1.000,1,0,0,0,0,1,0,11.317,10.326,0.662,0.000
30,80,280,0,90.000,1795.452,1534.926,1797.102,1533.817,1.988,1.100,2,0,0,0,0,1,0,8.199,9.079,0.429,0.000
30,80,300,0,100.000,1795.452,1534.926,1796.892,1533.954,1.737,1.000,1,0,0,0,0,0,0,8.700,9.678,0.739,0.000
30,80,320,0,100.000,1795.452,1534.926,1797.032,1533.887,1.891,1.000,1,0,0,0,0,0,0,13.902,10.948,0.522,0.000
30,80,340,0,100.000,1795.452,1534.926,1796.372,1534.339,1.092,1.200,2,0,0,0,0,0,0,10.863,12.840,0.505,0.000
30,80,360,0,90.000,1795.452,1534.926,1797.792,1533.365,2.813,1.300,3,0,0,0,1,0,0,12.612,9.711,0.505,0.000
30,80,380,0,90.000,1795.452,1534.926,1797.496,1533.570,2.453,1.200,3,0,0,0,1,0,0,12.873,14.026,0.430,0.000
30,100,-100,0,0.000,1795.452,1534.926,,,,0.000,0,0,0,0,0,0,10,8.626,12.262,0.633,
30,100,-80,0,0.000,1795.452,1534.926,,,,0.000,0,0,0,0,0,0,10,13.147,9.043,0.609,
30,100,-60,0,0.000,1795.452,1534.926,,,,0.000,0,0,0,0,0,0,10,12.565,11.224,0.573,
30,100,-40,0,0.000,1795.452,1534.926,,,,0.000,0,0,0,0,0,0,10,10.661,7.101,0.694,
30,100,-20,0,0.000,1795.452,1534.926,,,,0.000,0,0,0,0,0,0,10,13.612,9.501,0.563,
30,100,0,0,0.000,1795.452,1534.926,,,,0.000,0,0,0,0,0,0,10,10.735,11.687,0.583,
30,100,20,0,0.000,1795.452,1534.926,,,,0.000,0,0,0,0,0,0,10,12.485,12.089,0.472,
30,100,40,0,0.000,1795.452,1534.926,,,,0.000,0,0,0,0,0,0,10,12.099,10.593,0.631,
30,100,60,0,0.000,1795.452,1534.926,,,,1.100,4,0,0,0,4,0,6,11.124,12.275,0.500,
30,100,80,0,0.000,1795.452,1534.926,,,,2.800,4,0,0,0,10,0,0,12.744,10.521,0.521,
30,100,100,0,0.000,1795.452,1534.926,,,,3.000,5,0,1,0,9,0,0,9.496,13.994,0.344,
30,100,120,0,0.000,1795.452,1534.926,,,,3.300,4,0,0,0,10,0,0,11.480,12.606,0.638,
30,100,140,0,0.000,1795.452,1534.926,,,,3.200,4,0,0,0,10,0,0,14.217,9.354,0.493,
30,100,160,0,30.000,1795.452,1534.926,1795.650,1534.898,0.200,2.600,4,0,0,0,7,0,0,10.755,13.022,0.648,0.000
30,100,180,0,30.000,1795.452,1534.926,1797.557,1533.497,2.544,2.500,4,0,0,0,7,0,0,9.979,12.547,0.451,0.000
30,100,200,0,50.000,1795.452,1534.926,1797.306,1533.688,2.230,2.300,4,0,0,0,5,0,0,12.362,10.368,0.499,0.000
30,100,220,0,100.000,1795.452,1534.926,1796.713,1534.093,1.512,1.400,2,0,0,0,0,0,0,10.176,7.479,0.591,0.000
30,100,240,0,90.000,1795.452,1534.926,1795.949,1534.642,0.572,1.900,4,0,0,0,1,0,0,9.349,11.263,0.545,0.000
30,100,260,0,100.000,1795.452,1534.926,1797.296,1533.685,2.222,1.500,2,0,0,0,0,0,0,10.640,9.724,0.522,0.000
30,100,280,0,100.000,1795.452,1534.926,1796.872,1533.978,1.707,1.300,2,0,0,0,0,0,0,9.654,13.931,0.549,0.000
30,100,300,0,80.000,1795.452,1534.926,1796.467,1534.252,1.218,1.400,3,0,0,0,2,0,0,10.595,8.932,0.537,0.000
30,100,320,0,100.000,1795.452,1534.926,1796.948,1533.919,1.804,1.200,2,0,0,0,0,0,0,11.949,10.763,0.547,0.000
30,100,340,0,90.000,1795.452,1534.926,1796.903,1533.955,1.746,1.300,2,0,0,0,0,1,0,11.182,12.139,0.628,0.000
30,100,360,0,100.000,1795.452,1534.926,1797.650,1533.442,2.652,1.100,2,0,0,0,0,0,0,9.716,10.209,0.548,0.000
30,100,380,0,90.000,1795.452,1534.926,1796.227,1534.469,0.900,1.100,2,0,0,0,0,1,0,13.957,11.371,0.552,0.000
30,120,-100,0,0.000,1795.452,1534.926,,,,0.000,0,0,0,0,0,0,10,10.583,8.290,0.708,
30,120,-80,0,0.000,1795.452,1534.926,,,,0.000,0,0,0,0,0,0,10,9.117,8.992,0.616,
30,120,-60,0,0.000,1795.452,1534.926,,,,0.000,0,0,0,0,0,0,10,9.815,12.294,0.584,
30,120,-40,0,0.000,1795.452,1534.926,,,,0.000,0,0,0,0,0,0,10,6.935,9.687,0.585,
30,120,-20,0,0.000,1795.452,1534.926,,,,0.000,0,0,0,0,0,0,10,7.528,12.337,0.593,
30,120,0,0,0.000,1795.452,1534.926,,,,0.000,0,0,0,0,0,0,10,12.189,9.725,0.584,
30,120,20,0,0.000,1795.452,1534.926,,,,0.000,0,0,0,0,0,0,10,7.999,10.527,0.589,
30,120,40,0,0.000,1795.452,1534.926,,,,0.000,0,0,0,0,0,0,10,11.091,9.224,0.550,
30,120,60,0,0.000,1795.452,1534.926,,,,0.600,4,0,0,0,2,0,8,9.429,13.220,0.360,
30,120,80,0,0.000,1795.452,1534.926,,,,2.000,3,0,0,0,8,0,2,10.957,13.356,0.579,
30,120,100,0,0.000,1795.452,1534.926,,,,3.200,5,0,2,0,8,0,0,8.781,13.712,0.324,
30,120,120,0,0.000,1795.452,1534.926,,,,3.200,5,0,1,0,9,0,0,11.226,13.481,0.636,
30,120,140,0,0.000,1795.452,1534.926,,,,3.500,5,0,1,0,9,0,0,13.256,9.047,0.437,
30,120,160,0,0.000,1795.452,1534.926,,,,2.900,4,0,0,0,10,0,0,12.030,10.970,0.391,
30,120,180,0,0.000,1795.452,1534.926,,,,3.300,4,0,0,0,10,0,0,10.768,7.892,0.439,
30,120,200,0,0.000,1795.452,1534.926,,,,3.200,5,0,1,0,9,0,0,10.634,13.357,0.503,
30,120,220,0,40.000,1795.452,1534.926,1798.459,1532.891,3.630,2.600,4,0,0,0,6,0,0,10.838,10.443,0.669,0.000
30,120,240,0,60.000,1795.452,1534.926,1796.136,1534.494,0.809,2.200,3,0,0,0,4,0,0,12.570,7.856,0.684,0.000
30,120,260,0,70.000,1795.452,1534.926,1796.995,1533.908,1.848,2.100,5,0,1,0,1,1,0,12.939,11.489,0.428,0.000
30,120,280,0,100.000,1795.452,1534.926,1797.701,1533.382,2.728,1.800,4,0,0,0,0,0,0,9.872,12.661,0.608,0.000
30,120,300,0,100.000,1795.452,1534.926,1797.266,1533.709,2.184,1.800,4,0,0,0,0,0,0,11.860,14.564,0.679,0.000
30,120,320,0,100.000,1795.452,1534.926,1796.443,1534.292,1.176,1.400,2,0,0,0,0,0,0,9.405,10.226,0.597,0.000
30,120,340,0,100.000,1795.452,1534.926,1796.910,1533.973,1.742,1.600,3,0,0,0,0,0,0,12.829,11.315,0.583,0.000
30,120,360,0,100.000,1795.452,1534.926,1797.197,1533.766,2.096,1.600,2,0,0,0,0,0,0,9.894,9.424,0.598,0.000
30,120,380,0,90.000,1795.452,1534.926,1797.951,1533.223,3.024,1.700,3,0,0,0,1,0,0,12.807,11.065,0.567,0.000
30,140,-100,0,0.000,1795.452,1534.926,,,,0.000,0,0,0,0,0,0,10,12.647,12.053,0.592,
30,140,-80,0,0.000,1795.452,1534.926,,,,0.000,0,0,0,0,0,0,10,11.433,10.232,0.592,
30,140,-60,0,0.000,1795.452,1534.926,,,,0.000,0,0,0,0,0,0,10,11.153,9.427,0.623,
30,140,-40,0,0.000,1795.452,1534.926,,,,0.000,0,0,0,0,0,0,10,12.338,11.837,0.549,
30,140,-20,0,0.000,1795.452,1534.926,,,,0.000,0,0,0,0,0,0,10,10.700,10.166,0.562,
30,140,0,0,0.000,1795.452,1534.926,,,,0.000,0,0,0,0,0,0,10,12.213,11.714,0.469,
30,140,20,0,0.000,1795.452,1534.926,,,,0.000,0,0,0,0,0,0,10,10.376,12.497,0.438,
30,140,40,0,0.000,1795.452,1534.926,,,,0.000,0,0,0,0,0,0,10,9.957,10.259,0.667,
30,140,60,0,0.000,1795.452,1534.926,,,,0.000,0,0,0,0,0,0,10,11.073,7.764,0.620,
30,140,80,0,0.000,1795.452,1534.926,,,,1.600,5,0,1,0,4,0,5,11.262,11.942,0.597,
30,140,100,0,0.000,1795.452,1534.926,,,,2.200,4,0,0,0,8,0,2,9.355,11.746,0.588,
30,140,120,0,0.000,1795.452,1534.926,,,,3.100,5,0,1,0,9,0,0,10.624,9.695,0.725,
30,140,140,0,0.000,1795.452,1534.926,,,,3.300,5,0,1,0,9,0,0,10.509,8.973,0.565,
30,140,160,0,0.000,1795.452,1534.926,,,,3.300,5,0,1,0,9,0,0,11.401,10.048,0.558,
30,140,180,0,0.000,1795.452,1534.926,,,,3.500,4,0,0,0,10,0,0,11.890,11.117,0.656,
30,140,200,0,0.000,1795.452,1534.926,,,,3.300,5,0,1,0,9,0,0,11.289,12.902,0.619,
30,140,220,0,0.000,1795.452,1534.926,,,,3.300,5,0,1,0,9,0,0,13.723,9.756,0.527,
30,140,240,0,20.000,1795.452,1534.926,1795.087,1535.281,0.509,2.300,4,0,0,0,8,0,0,14.017,10.462,0.559,0.000
30,140,260,0,30.000,1795.452,1534.926,1795.267,1535.155,0.294,2.900,4,0,0,0,7,0,0,9.402,10.706,0.595,0.000
30,140,280,0,40.000,1795.452,1534.926,1795.495,1534.968,0.060,2.600,3,0,0,0,6,0,0,13.585,11.425,0.624,0.000
30,140,300,0,80.000,1795.452,1534.926,1795.863,1534.717,0.461,2.300,4,0,0,0,2,0,0,9.954,12.478,0.643,0.000
30,140,320,0,80.000,1795.452,1534.926,1796.280,1534.424,0.968,2.000,3,0,0,0,1,1,0,13.357,13.166,0.561,0.000
30,140,340,0,70.000,1795.452,1534.926,1796.965,1533.924,1.815,1.900,2,0,0,0,0,3,0,11.867,10.820,0.467,0.000
30,140,360,0,70.000,1795.452,1534.926,1795.866,1534.675,0.484,2.400,5,0,1,0,0,2,0,10.761,11.360,0.713,0.000
30,140,380,0,50.000,1795.452,1534.926,1796.514,1534.230,1.270,2.000,2,0,0,0,4,1,0,11.141,12.369,0.488,0.000
30,160,-100,0,0.000,1795.452,1534.926,,,,0.000,0,0,0,0,0,0,10,9.334,9.941,0.654,
30,160,-80,0,0.000,1795.452,1534.926,,,,0.000,0,0,0,0,0,0,10,11.507,10.831,0.689,
30,160,-60,0,0.000,1795.452,1534.926,,,,0.000,0,0,0,0,0,0,10,8.608,10.712,0.661,
30,160,-40,0,0.000,1795.452,1534.926,,,,0.000,0,0,0,0,0,0,10,11.226,13.783,0.585,
30,160,-20,0,0.000,1795.452,1534.926,,,,0.000,0,0,0,0,0,0,10,10.435,10.847,0.486,
30,160,0,0,0.000,1795.452,1534.926,,,,0.000,0,0,0,0,0,0,10,12.630,9.827,0.693,
30,160,20,0,0.000,1795.452,1534.926,,,,0.000,0,0,0,0,0,0,10,13.347,10.874,0.685,
30,160,40,0,0.000,1795.452,1534.926,,,,0.000,0,0,0,0,0,0,10,12.201,8.055,0.434,
30,160,60,0,0.000,1795.452,1534.926,,,,0.000,0,0,0,0,0,0,10,11.208,11.017,0.512,
30,160,80,0,0.000,1795.452,1534.926,,,,1.200,4,0,0,0,4,0,6,9.870,11.507,0.607,
30,160,100,0,0.000,1795.452,1534.926,,,,2.500,4,0,0,0,9,0,1,11.548,8.113,0.546,
30,160,120,0,0.000,1795.452,1534.926,,,,3.100,4,0,0,0,10,0,0,15.195,10.306,0.474,
30,160,140,0,0.000,1795.452,1534.926,,,,3.500,5,0,1,0,9,0,0,12.928,10.711,0.499,
30,160,160,0,0.000,1795.452,1534.926,,,,3.300,4,0,0,0,10,0,0,12.510,11.485,0.637,
30,160,180,0,0.000,1795.452,1534.926,,,,3.100,4,0,0,0,10,0,0,12.601,12.010,0.604,
30,160,200,0,0.000,1795.452,1534.926,,,,2.900,4,0,0,0,10,0,0,10.179,12.167,0.410,
30,160,220,0,0.000,1795.452,1534.926,,,,2.700,4,0,0,0,10,0,0,10.464,10.784,0.615,
30,160,240,0,0.000,1795.452,1534.926,,,,3.400,5,0,1,0,9,0,0,14.363,11.738,0.602,
30,160,260,0,0.000,1795.452,1534.926,,,,2.900,5,0,1,0,9,0,0,10.394,9.120,0.345,
30,160,280,0,0.000,1795.452,1534.926,,,,3.100,4,0,0,0,10,0,0,8.647,10.923,0.684,
30,160,300,0,40.000,1795.452,1534.926,1795.335,1535.098,0.208,2.900,4,0,0,0,6,0,0,9.916,9.101,0.523,0.000
30,160,320,0,50.000,1795.452,1534.926,1795.901,1534.672,0.516,2.600,4,0,0,0,5,0,0,12.237,13.459,0.566,0.000
30,160,340,0,80.000,1795.452,1534.926,1796.000,1534.624,0.626,2.200,3,0,0,0,2,0,0,10.612,12.663,0.456,0.000
30,160,360,0,80.000,1795.452,1534.926,1795.816,1534.747,0.406,2.200,4,0,0,0,2,0,0,5.412,5.226,0.609,0.000
30,160,380,0,100.000,1795.452,1534.926,1795.342,1535.077,0.187,2.000,2,0,0,0,0,0,0,6.461,8.960,0.557,0.000
30,180,-100,0,0.000,1795.452,1534.926,,,,0.000,0,0,0,0,0,0,10,10.457,9.591,0.531,
30,180,-80,0,0.000,1795.452,1534.926,,,,0.000,0,0,0,0,0,0,10,12.526,11.743,0.548,
30,180,-60,0,0.000,1795.452,1534.926,,,,0.000,0,0,0,0,0,0,10,12.711,8.981,0.291,
30,180,-40,0,0.000,1795.452,1534.926,,,,0.000,0,0,0,0,0,0,10,8.461,10.726,0.522,
30,180,-20,0,0.000,1795.452,1534.926,,,,0.000,0,0,0,0,0,0,10,10.494,8.865,0.462,
30,180,0,0,0.000,1795.452,1534.926,,,,0.000,0,0,0,0,0,0,10,8.448,10.961,0.467,
30,180,20,0,0.000,1795.452,1534.926,,,,0.000,0,0,0,0,0,0,10,14.318,9.411,0.532,
30,180,40,0,0.000,1795.452,1534.926,,,,0.000,0,0,0,0,0,0,10,9.669,12.114,0.623,
30,180,60,0,0.000,1795.452,1534.926,,,,0.000,0,0,0,0,0,0,10,7.322,10.065,0.483,
30,180,80,0,0.000,1795.452,1534.926,,,,0.000,0,0,0,0,0,0,10,14.911,7.914,0.663,
30,180,100,0,0.000,1795.452,1534.926,,,,1.100,5,0,1,0,3,0,6,10.496,13.899,0.725,
30,180,120,0,0.000,1795.452,1534.926,,,,3.000,5,0,1,0,9,0,0,12.525,8.697,0.534,
30,180,140,0,0.000,1795.452,1534.926,,,,3.100,4,0,0,0,10,0,0,8.676,10.808,0.329,
30,180,160,0,0.000,1795.452,1534.926,,,,4.100,5,0,3,0,7,0,0,9.404,13.217,0.607,
30,180,180,0,0.000,1795.452,1534.926,,,,3.400,5,0,1,0,9,0,0,10.673,6.965,0.509,
30,180,200,0,0.000,1795.452,1534.926,,,,3.400,4,0,0,0,10,0,0,12.801,12.308,0.592,
30,180,220,0,0.000,1795.452,1534.926,,,,3.600,5,0,1,0,9,0,0,13.616,11.032,0.499,
30,180,240,0,0.000,1795.452,1534.926,,,,3.400,4,0,0,0,10,0,0,12.314,9.732,0.537,
30,180,260,0,0.000,1795.452,1534.926,,,,2.800,4,0,0,0,10,0,0,12.839,10.128,0.709,
30,180,280,0,0.000,1795.452,1534.926,,,,2.900,4,0,0,0,10,0,0,10.404,11.391,0.512,
30,180,300,0,0.000,1795.452,1534.926,,,,3.200,4,0,0,0,10,0,0,15.182,12.167,0.732,
30,180,320,0,0.000,1795.452,1534.926,,,,3.500,5,0,1,0,9,0,0,8.859,11.463,0.763,
30,180,340,0,20.000,1795.452,1534.926,1798.304,1532.961,3.464,3.300,4,0,0,0,8,0,0,9.951,11.313,0.544,0.000
30,180,360,0,10.000,1795.452,1534.926,1795.118,1535.279,0.486,3.100,4,0,0,0,9,0,0,8.913,10.579,0.593,0.000
30,180,380,0,30.000,1795.452,1534.926,1795.761,1534.818,0.327,3.000,5,0,1,0,5,1,0,12.259,8.682,0.608,0.000
30,200,-100,0,0.000,1795.452,1534.926,,,,0.000,0,0,0,0,0,0,10,12.730,12.110,0.388,
30,200,-80,0,0.000,1795.452,1534.926,,,,0.000,0,0,0,0,0,0,10,12.100,15.122,0.528,
30,200,-60,0,0.000,1795.452,1534.926,,,,0.000,0,0,0,0,0,0,10,10.626,8.488,0.562,
30,200,-40,0,0.000,1795.452,1534.926,,,,0.000,0,0,0,0,0,0,10,6.614,10.521,0.490,
30,200,-20,0,0.000,1795.452,1534.926,,,,0.000,0,0,0,0,0,0,10,9.248,9.770,0.554,
30,200,0,0,0.000,1795.452,1534.926,,,,0.000,0,0,0,0,0,0,10,12.329,9.362,0.544,
30,200,20,0,0.000,1795.452,1534.926,,,,0.000,0,0,0,0,0,0,10,7.235,9.851,0.548,
30,200,40,0,0.000,1795.452,1534.926,,,,0.000,0,0,0,0,0,0,10,11.964,9.175,0.541,
30,200,60,0,0.000,1795.452,1534.926,,,,0.000,0,0,0,0,0,0,10,12.399,10.959,0.490,
30,200,80,0,0.000,1795.452,1534.926,,,,0.000,0,0,0,0,0,0,10,9.282,7.949,0.673,
30,200,100,0,0.000,1795.452,1534.926,,,,0.500,5,0,1,0,0,0,9,10.347,12.395,0.489,
30,200,120,0,0.000,1795.452,1534.926,,,,1.000,5,0,1,0,2,0,7,9.643,9.116,0.641,
30,200,140,0,0.000,1795.452,1534.926,,,,3.400,4,0,0,0,10,0,0,14.862,11.435,0.449,
30,200,160,0,0.000,1795.452,1534.926,,,,4.200,5,0,4,0,6,0,0,8.115,9.500,0.629,
30,200,180,0,0.000,1795.452,1534.926,,,,3.700,5,0,3,0,7,0,0,8.160,13.040,0.629,
30,200,200,0,0.000,1795.452,1534.926,,,,4.300,5,0,5,0,5,0,0,13.921,12.163,0.614,
30,200,220,0,0.000,1795.452,1534.926,,,,4.000,5,0,3,0,7,0,0,11.465,9.323,0.554,
30,200,240,0,0.000,1795.452,1534.926,,,,3.900,5,0,3,0,7,0,0,8.317,12.622,0.473,
30,200,260,0,0.000,1795.452,1534.926,,,,3.400,4,0,0,0,10,0,0,9.305,13.167,0.529,
30,200,280,0,0.000,1795.452,1534.926,,,,3.500,5,0,1,0,9,0,0,9.362,11.374,0.528,
30,200,300,0,0.000,1795.452,1534.926,,,,3.600,5,0,3,0,7,0,0,11.923,11.606,0.515,
30,200,320,0,0.000,1795.452,1534.926,,,,3.100,4,0,0,0,10,0,0,9.093,11.598,0.518,
30,200,340,0,0.000,1795.452,1534.926,,,,3.400,5,0,1,0,9,0,0,10.141,15.377,0.644,
30,200,360,0,0.000,1795.452,1534.926,,,,3.500,5,0,1,0,9,0,0,7.466,11.276,0.573,
30,200,380,0,30.000,1795.452,1534.926,1796.583,1534.200,1.344,3.400,5,0,2,0,5,0,0,12.044,7.782,0.554,0.000
30,220,-100,0,0.000,1795.452,1534.926,,,,0.000,0,0,0,0,0,0,10,7.055,11.257,0.497,
30,220,-80,0,0.000,1795.452,1534.926,,,,0.000,0,0,0,0,0,0,10,11.041,9.593,0.544,
30,220,-60,0,0.000,1795.452,1534.926,,,,0.000,0,0,0,0,0,0,10,11.367,9.377,0.730,
30,220,-40,0,0.000,1795.452,1534.926,,,,0.000,0,0,0,0,0,0,10,9.492,10.538,0.594,
30,220,-20,0,0.000,1795.452,1534.926,,,,0.000,0,0,0,0,0,0,10,12.437,11.588,0.634,
30,220,0,0,0.000,1795.452,1534.926,,,,0.000,0,0,0,0,0,0,10,12.231,11.208,0.519,
30,220,20,0,0.000,1795.452,1534.926,,,,0.000,0,0,0,0,0,0,10,8.558,11.594,0.468,
30,220,40,0,0.000,1795.452,1534.926,,,,0.000,0,0,0,0,0,0,10,10.161,11.915,0.610,
30,220,60,0,0.000,1795.452,1534.926,,,,0.000,0,0,0,0,0,0,10,10.445,9.722,0.454,
30,220,80,0,0.000,1795.452,1534.926,,,,0.000,0,0,0,0,0,0,10,9.359,10.448,0.429,
30,220,100,0,0.000,1795.452,1534.926,,,,0.000,0,0,0,0,0,0,10,10.440,12.134,0.460,
30,220,120,0,0.000,1795.452,1534.926,,,,1.200,5,0,1,0,2,0,7,8.742,12.012,0.430,
30,220,140,0,0.000,1795.452,1534.926,,,,3.000,5,0,2,0,6,0,2,10.786,13.244,0.437,
30,220,160,0,0.000,1795.452,1534.926,,,,4.200,5,0,4,0,6,0,0,9.599,6.599,0.696,
30,220,180,0,0.000,1795.452,1534.926,,,,3.800,5,0,2,0,8,0,0,10.726,13.899,0.484,
30,220,200,0,0.000,1795.452,1534.926,,,,4.300,5,0,4,0,6,0,0,10.516,11.407,0.576,
30,220,220,0,0.000,1795.452,1534.926,,,,4.100,5,0,4,0,6,0,0,12.034,10.622,0.570,
30,220,240,0,0.000,1795.452,1534.926,,,,3.800,5,0,1,0,9,0,0,9.437,10.983,0.548,
30,220,260,0,0.000,1795.452,1534.926,,,,3.800,5,0,2,0,8,0,0,5.216,13.032,0.539,
30,220,280,0,0.000,1795.452,1534.926,,,,3.700,5,0,1,0,9,0,0,11.962,8.669,0.653,
30,220,300,0,0.000,1795.452,1534.926,,,,4.000,5,0,5,0,5,0,0,9.091,9.118,0.608,
30,220,320,0,0.000,1795.452,1534.926,,,,3.500,5,0,2,0,8,0,0,14.759,12.298,0.554,
30,220,340,0,0.000,1795.452,1534.926,,,,2.600,4,0,0,0,10,0,0,10.495,12.212,0.469,
30,220,360,0,0.000,1795.452,1534.926,,,,3.300,5,0,1,0,9,0,0,9.529,8.043,0.623,
30,220,380,0,0.000,1795.452,1534.926,,,,3.300,5,0,1,0,9,0,0,9.895,9.439,0.637,
30,240,-100,0,0.000,1795.452,1534.926,,,,0.000,0,0,0,0,0,0,10,13.470,12.551,0.511,
30,240,-80,0,0.000,1795.452,1534.926,,,,0.000,0,0,0,0,0,0,10,11.172,13.732,0.629,
30,240,-60,0,0.000,1795.452,1534.926,,,,0.000,0,0,0,0,0,0,10,9.913,13.208,0.536,
30,240,-40,0,0.000,1795.452,1534.926,,,,0.000,0,0,0,0,0,0,10,12.910,9.099,0.536,
30,240,-20,0,0.000,1795.452,1534.926,,,,0.000,0,0,0,0,0,0,10,6.129,9.775,0.499,
30,240,0,0,0.000,1795.452,1534.926,,,,0.000,0,0,0,0,0,0,10,8.699,11.713,0.589,
30,240,20,0,0.000,1795.452,1534.926,,,,0.000,0,0,0,0,0,0,10,11.690,13.016,0.442,
30,240,40,0,0.000,1795.452,1534.926,,,,0.000,0,0,0,0,0,0,10,7.837,13.101,0.554,
30,240,60,0,0.000,1795.452,1534.926,,,,0.000,0,0,0,0,0,0,10,7.566,9.035,0.685,
30,240,80,0,0.000,1795.452,1534.926,,,,0.000,0,0,0,0,0,0,10,11.011,10.535,0.517,
30,240,100,0,0.000,1795.452,1534.926,,,,0.000,0,0,0,0,0,0,10,10.407,12.083,0.520,
30,240,120,0,0.000,1795.452,1534.926,,,,0.300,3,0,0,0,1,0,9,11.047,12.547,0.578,
30,240,140,0,0.000,1795.452,1534.926,,,,1.200,5,0,1,0,2,0,7,13.344,11.633,0.485,
30,240,160,0,0.000,1795.452,1534.926,,,,3.900,5,0,5,0,4,0,1,12.063,11.999,0.598,
30,240,180,0,0.000,1795.452,1534.926,,,,3.500,5,0,1,0,9,0,0,10.126,8.838,0.437,
30,240,200,0,0.000,1795.452,1534.926,,,,4.100,5,0,3,0,7,0,0,11.247,8.731,0.550,
30,240,220,0,0.000,1795.452,1534.926,,,,4.300,5,0,5,0,5,0,0,10.495,12.161,0.576,
30,240,240,0,0.000,1795.452,1534.926,,,,3.800,5,0,2,0,8,0,0,10.645,9.989,0.607,
30,240,260,0,0.000,1795.452,1534.926,,,,3.800,5,0,3,0,7,0,0,10.812,8.158,0.447,
30,240,280,0,0.000,1795.452,1534.926,,,,3.500,5,0,1,0,9,0,0,13.379,9.276,0.434,
30,240,300,0,0.000,1795.452,1534.926,,,,4.200,5,0,3,0,7,0,0,10.544,12.159,0.451,
30,240,320,0,0.000,1795.452,1534.926,,,,4.100,5,0,2,0,8,0,0,7.793,8.815,0.469,
30,240,340,0,0.000,1795.452,1534.926,,,,3.400,5,0,2,0,8,0,0,9.517,10.734,0.591,
30,240,360,0,0.000,1795.452,1534.926,,,,3.200,5,0,2,0,8,0,0,12.589,14.425,0.681,
30,240,380,0,0.000,1795.452,1534.926,,,,3.200,5,0,2,0,8,0,0,13.354,10.946,0.562,
30,260,-100,0,0.000,1795.452,1534.926,,,,0.000,0,0,0,0,0,0,10,9.759,12.330,0.372,
30,260,-80,0,0.000,1795.452,1534.926,,,,0.000,0,0,0,0,0,0,10,9.441,7.276,0.396,
30,260,-60,0,0.000,1795.452,1534.926,,,,0.000,0,0,0,0,0,0,10,12.010,9.234,0.433,
30,260,-40,0,0.000,1795.452,1534.926,,,,0.000,0,0,0,0,0,0,10,12.584,12.574,0.447,
30,260,-20,0,0.000,1795.452,1534.926,,,,0.000,0,0,0,0,0,0,10,11.793,11.928,0.558,
30,260,0,0,0.000,1795.452,1534.926,,,,0.000,0,0,0,0,0,0,10,12.406,9.999,0.496,
30,260,20,0,0.000,1795.452,1534.926,,,,0.000,0,0,0,0,0,0,10,9.238,8.781,0.534,
30,260,40,0,0.000,1795.452,1534.926,,,,0.000,0,0,0,0,0,0,10,13.368,11.757,0.669,
30,260,60,0,0.000,1795.452,1534.926,,,,0.000,0,0,0,0,0,0,10,9.615,9.988,0.659,
30,260,80,0,0.000,1795.452,1534.926,,,,0.000,0,0,0,0,0,0,10,12.098,12.750,0.617,
30,260,100,0,0.000,1795.452,1534.926,,,,0.000,0,0,0,0,0,0,10,12.606,11.276,0.619,
30,260,120,0,0.000,1795.452,1534.926,,,,0.000,0,0,0,0,0,0,10,11.855,10.247,0.525,
30,260,140,0,0.000,1795.452,1534.926,,,,1.100,5,0,1,0,2,0,7,9.320,13.806,0.557,
30,260,160,0,0.000,1795.452,1534.926,,,,2.500,5,0,1,0,5,0,4,12.844,13.006,0.470,
30,260,180,0,0.000,1795.452,1534.926,,,,4.300,5,0,3,0,7,0,0,12.672,10.548,0.623,
30,260,200,0,0.000,1795.452,1534.926,,,,4.600,5,0,6,0,4,0,0,11.622,10.779,0.580,
30,260,220,0,0.000,1795.452,1534.926,,,,4.600,5,0,7,0,3,0,0,11.526,10.094,0.499,
30,260,240,0,0.000,1795.452,1534.926,,,,4.400,5,0,6,0,4,0,0,13.145,11.922,0.528,
30,260,260,0,0.000,1795.452,1534.926,,,,4.000,5,0,3,0,7,0,0,5.691,10.633,0.512,
30,260,280,0,0.000,1795.452,1534.926,,,,3.900,5,0,2,0,8,0,0,12.386,9.060,0.641,
30,260,300,0,0.000,1795.452,1534.926,,,,3.400,5,0,1,0,9,0,0,11.551,10.572,0.581,
30,260,320,0,0.000,1795.452,1534.926,,,,4.100,5,0,2,0,8,0,0,12.695,10.791,0.441,
30,260,340,0,0.000,1795.452,1534.926,,,,3.900,5,0,2,0,8,0,0,13.473,13.640,0.474,
30,260,360,0,0.000,1795.452,1534.926,,,,4.200,5,0,4,0,6,0,0,11.084,10.258,0.631,
30,260,380,0,0.000,1795.452,1534.926,,,,4.000,5,0,4,0,6,0,0,10.772,11.422,0.401,
30,280,-100,0,0.000,1795.452,1534.926,,,,0.000,0,0,0,0,0,0,10,10.661,11.249,0.626,
30,280,-80,0,0.000,1795.452,1534.926,,,,0.000,0,0,0,0,0,0,10,12.058,10.243,0.509,
30,280,-60,0,0.000,1795.452,1534.926,,,,0.000,0,0,0,0,0,0,10,11.622,10.929,0.520,
30,280,-40,0,0.000,1795.452,1534.926,,,,0.000,0,0,0,0,0,0,10,11.946,7.308,0.770,
30,280,-20,0,0.000,1795.452,1534.926,,,,0.000,0,0,0,0,0,0,10,10.621,9.194,0.598,
30,280,0,0,0.000,1795.452,1534.926,,,,0.000,0,0,0,0,0,0,10,8.823,11.761,0.262,
30,280,20,0,0.000,1795.452,1534.926,,,,0.000,0,0,0,0,0,0,10,13.191,8.011,0.710,
30,280,40,0,0.000,1795.452,1534.926,,,,0.000,0,0,0,0,0,0,10,11.227,11.722,0.517,
30,280,60,0,0.000,1795.452,1534.926,,,,0.000,0,0,0,0,0,0,10,13.327,14.720,0.661,
30,280,80,0,0.000,1795.452,1534.926,,,,0.000,0,0,0,0,0,0,10,11.521,8.737,0.539,
30,280,100,0,0.000,1795.452,1534.926,,,,0.000,0,0,0,0,0,0,10,10.287,14.279,0.464,
30,280,120,0,0.000,1795.452,1534.926,,,,0.000,0,0,0,0,0,0,10,12.301,10.372,0.670,
30,280,140,0,0.000,1795.452,1534.926,,,,0.000,0,0,0,0,0,0,10,11.489,12.474,0.579,
30,280,160,0,0.000,1795.452,1534.926,,,,2.100,5,0,2,0,3,0,5,12.368,11.014,0.502,
30,280,180,0,0.000,1795.452,1534.926,,,,4.100,5,0,5,0,4,0,1,9.725,10.098,0.664,
30,280,200,0,0.000,1795.452,1534.926,,,,4.400,5,0,5,0,5,0,0,10.352,11.823,0.572,
30,280,220,0,0.000,1795.452,1534.926,,,,4.700,5,0,7,0,3,0,0,8.399,12.318,0.369,
30,280,240,0,0.000,1795.452,1534.926,,,,4.600,5,0,6,0,4,0,0,11.982,8.178,0.550,
30,280,260,0,0.000,1795.452,1534.926,,,,4.600,5,0,6,0,4,0,0,10.251,9.094,0.403,
30,280,280,0,0.000,1795.452,1534.926,,,,4.000,5,0,1,0,9,0,0,9.852,13.807,0.506,
30,280,300,0,0.000,1795.452,1534.926,,,,4.000,5,0,3,0,7,0,0,9.095,8.440,0.504,
30,280,320,0,0.000,1795.452,1534.926,,,,3.400,5,0,1,0,9,0,0,7.176,10.848,0.521,
30,280,340,0,0.000,1795.452,1534.926,,,,4.000,5,0,2,0,8,0,0,7.377,11.935,0.616,
30,280,360,0,0.000,1795.452,1534.926,,,,3.500,4,0,0,0,10,0,0,15.120,14.444,0.391,
30,280,380,0,0.000,1795.452,1534.926,,,,3.500,5,0,3,0,7,0,0,11.399,11.732,0.604,
