angle,release_x_offset,release_y_offset,relative_angle,success_rate,ideal_x,ideal_y,avg_final_x,avg_final_y,difference_from_ideal_px,avg_short_contacts,max_short_contacts,failures_floor,failures_multi_short,failures_unstable,failures_angle,failures_no_contact,failures_invalid_pos,x_offset_std,y_offset_std,angle_offset_std,difference_from_ideal_mm
10,-100,-10,0,0.000,1966.852,1493.013,,,,0.000,0,2,0,0,0,0,8,13.690,6.973,0.538,
10,-100,-5,0,0.000,1966.852,1493.013,,,,0.000,0,0,0,0,0,0,10,8.776,10.361,0.495,
10,-100,0,0,0.000,1966.852,1493.013,,,,0.000,0,0,0,0,0,0,10,5.562,12.810,0.668,
10,-100,5,0,0.000,1966.852,1493.013,,,,0.000,0,1,0,0,0,0,9,13.137,9.077,0.564,
10,-100,10,0,0.000,1966.852,1493.013,,,,0.000,0,0,0,0,0,0,10,10.134,13.297,0.621,
10,-100,15,0,0.000,1966.852,1493.013,,,,0.000,0,1,0,0,0,0,9,9.648,11.372,0.466,
10,-100,20,0,0.000,1966.852,1493.013,,,,0.000,0,0,0,0,0,0,10,10.869,9.427,0.553,
10,-100,25,0,0.000,1966.852,1493.013,,,,0.000,0,0,0,0,0,0,10,13.081,12.809,0.570,
10,-100,30,0,0.000,1966.852,1493.013,,,,0.000,0,0,0,0,0,0,10,12.239,11.074,0.441,
10,-100,35,0,0.000,1966.852,1493.013,,,,0.000,0,0,0,0,0,0,10,13.474,14.668,0.542,
10,-100,40,0,0.000,1966.852,1493.013,,,,0.000,0,0,0,0,0,0,10,13.040,7.252,0.523,
10,-100,45,0,0.000,1966.852,1493.013,,,,0.000,0,0,0,0,0,0,10,9.818,10.931,0.541,
10,-100,50,0,0.000,1966.852,1493.013,,,,0.000,0,0,0,0,0,0,10,10.176,8.667,0.530,
10,-100,55,0,0.000,1966.852,1493.013,,,,0.000,0,0,0,0,0,0,10,10.188,10.171,0.417,
10,-100,60,0,0.000,1966.852,1493.013,,,,0.000,0,0,0,0,0,0,10,9.484,11.373,0.579,
10,-100,65,0,0.000,1966.852,1493.013,,,,0.000,0,0,0,0,0,0,10,12.327,11.546,0.474,
10,-100,70,0,0.000,1966.852,1493.013,,,,0.000,0,0,0,0,0,0,10,11.750,7.666,0.321,
10,-100,75,0,0.000,1966.852,1493.013,,,,0.000,0,0,0,0,0,0,10,13.428,12.023,0.596,
10,-100,80,0,0.000,1966.852,1493.013,,,,0.000,0,0,0,0,0,0,10,11.692,15.003,0.443,
10,-100,85,0,0.000,1966.852,1493.013,,,,0.000,0,0,0,0,0,0,10,13.396,10.776,0.493,
10,-100,90,0,0.000,1966.852,1493.013,,,,0.000,0,0,0,0,0,0,10,10.222,11.540,0.461,
10,-100,95,0,0.000,1966.852,1493.013,,,,0.000,0,0,0,0,0,0,10,9.957,8.005,0.611,
10,-100,100,0,0.000,1966.852,1493.013,,,,0.000,0,0,0,0,0,0,10,8.722,12.654,0.654,
10,-100,105,0,0.000,1966.852,1493.013,,,,0.000,0,0,0,0,0,0,10,12.771,12.375,0.492,
10,-100,110,0,0.000,1966.852,1493.013,,,,0.000,0,0,0,0,0,0,10,12.876,12.001,0.595,
10,-100,115,0,0.000,1966.852,1493.013,,,,0.000,0,0,0,0,0,0,10,10.813,9.493,0.688,
10,-100,120,0,0.000,1966.852,1493.013,,,,0.000,0,0,0,0,0,0,10,9.637,12.280,0.538,
10,-100,125,0,0.000,1966.852,1493.013,,,,0.000,0,0,0,0,0,0,10,8.867,9.173,0.545,
10,-100,130,0,0.000,1966.852,1493.013,,,,0.000,0,0,0,0,0,0,10,11.477,10.170,0.546,
10,-100,135,0,0.000,1966.852,1493.013,,,,0.000,0,0,0,0,0,0,10,6.760,11.968,0.473,
10,-100,140,0,0.000,1966.852,1493.013,,,,0.000,0,0,0,0,0,0,10,8.939,8.433,0.487,
10,-100,145,0,0.000,1966.852,1493.013,,,,0.000,0,0,0,0,0,0,10,7.562,10.091,0.659,
10,-100,150,0,0.000,1966.852,1493.013,,,,0.000,0,0,0,0,0,0,10,12.470,13.066,0.623,
10,-100,155,0,0.000,1966.852,1493.013,,,,0.000,0,0,0,0,0,0,10,11.377,11.867,0.579,
10,-100,160,0,0.000,1966.852,1493.013,,,,0.000,0,0,0,0,0,0,10,13.642,11.148,0.467,
10,-100,165,0,0.000,1966.852,1493.013,,,,0.000,0,0,0,0,0,0,10,12.442,11.502,0.426,
10,-100,170,0,0.000,1966.852,1493.013,,,,0.000,0,0,0,0,0,0,10,11.470,10.394,0.697,
10,-100,175,0,0.000,1966.852,1493.013,,,,0.000,0,0,0,0,0,0,10,9.587,10.459,0.507,
10,-100,180,0,0.000,1966.852,1493.013,,,,0.000,0,0,0,0,0,0,10,12.505,12.648,0.451,
10,-100,185,0,0.000,1966.852,1493.013,,,,0.000,0,0,0,0,0,0,10,8.359,9.563,0.558,
10,-100,190,0,0.000,1966.852,1493.013,,,,0.000,0,0,0,0,0,0,10,9.885,10.086,0.510,
10,-100,195,0,0.000,1966.852,1493.013,,,,0.000,0,0,0,0,0,0,10,11.068,11.867,0.594,
10,-100,200,0,0.000,1966.852,1493.013,,,,0.000,0,0,0,0,0,0,10,12.173,8.613,0.215,
10,-100,205,0,0.000,1966.852,1493.013,,,,0.000,0,0,0,0,0,0,10,11.883,10.842,0.479,
10,-100,210,0,0.000,1966.852,1493.013,,,,0.000,0,0,0,0,0,0,10,11.657,13.786,0.582,
10,-100,215,0,0.000,1966.852,1493.013,,,,0.000,0,0,0,0,0,0,10,10.467,13.374,0.605,
10,-100,220,0,0.000,1966.852,1493.013,,,,0.000,0,0,0,0,0,0,10,11.071,11.238,0.436,
10,-100,225,0,0.000,1966.852,1493.013,,,,0.000,0,0,0,0,0,0,10,8.554,8.035,0.565,
10,-100,230,0,0.000,1966.852,1493.013,,,,0.000,0,0,0,0,0,0,10,9.700,10.305,0.566,
10,-100,235,0,0.000,1966.852,1493.013,,,,0.000,0,0,0,0,0,0,10,7.282,11.280,0.628,
10,-100,240,0,0.000,1966.852,1493.013,,,,0.000,0,0,0,0,0,0,10,8.605,14.757,0.707,
10,-100,245,0,0.000,1966.852,1493.013,,,,0.000,0,0,0,0,0,0,10,12.375,12.261,0.693,
10,-100,250,0,0.000,1966.852,1493.013,,,,0.000,0,0,0,0,0,0,10,11.861,12.824,0.479,
10,-100,255,0,0.000,1966.852,1493.013,,,,0.000,0,0,0,0,0,0,10,12.277,8.981,0.333,
10,-100,260,0,0.000,1966.852,1493.013,,,,0.000,0,0,0,0,0,0,10,10.921,12.013,0.428,
10,-100,265,0,0.000,1966.852,1493.013,,,,0.000,0,0,0,0,0,0,10,12.133,7.414,0.514,
10,-100,270,0,0.000,1966.852,1493.013,,,,0.000,0,0,0,0,0,0,10,14.462,12.609,0.639,
10,-100,275,0,0.000,1966.852,1493.013,,,,0.000,0,0,0,0,0,0,10,12.650,12.094,0.573,
10,-100,280,0,0.000,1966.852,1493.013,,,,0.000,0,0,0,0,0,0,10,12.767,12.074,0.674,
10,-100,285,0,0.000,1966.852,1493.013,,,,0.000,0,0,0,0,0,0,10,11.782,12.929,0.458,
10,-95,-10,0,0.000,1966.852,1493.013,,,,0.000,0,1,0,0,0,0,9,12.841,11.086,0.587,
10,-95,-5,0,0.000,1966.852,1493.013,,,,0.000,0,0,0,0,0,0,10,13.263,11.166,0.650,
10,-95,0,0,0.000,1966.852,1493.013,,,,0.000,0,0,0,0,0,0,10,10.907,11.955,0.575,
10,-95,5,0,0.000,1966.852,1493.013,,,,0.000,0,0,0,0,0,0,10,9.772,11.607,0.486,
10,-95,10,0,0.000,1966.852,1493.013,,,,0.000,0,1,0,0,0,0,9,11.036,10.653,0.429,
10,-95,15,0,0.000,1966.852,1493.013,,,,0.000,0,0,0,0,0,0,10,9.023,12.287,0.577,
10,-95,20,0,0.000,1966.852,1493.013,,,,0.000,0,0,0,0,0,0,10,11.005,10.675,0.547,
10,-95,25,0,0.000,1966.852,1493.013,,,,0.000,0,0,0,0,0,0,10,9.483,8.185,0.516,
10,-95,30,0,0.000,1966.852,1493.013,,,,0.000,0,0,0,0,0,0,10,8.508,8.332,0.580,
10,-95,35,0,0.000,1966.852,1493.013,,,,0.000,0,0,0,0,0,0,10,6.955,11.522,0.448,
10,-95,40,0,0.000,1966.852,1493.013,,,,0.000,0,0,0,0,0,0,10,9.402,11.392,0.533,
10,-95,45,0,0.000,1966.852,1493.013,,,,0.000,0,0,0,0,0,0,10,13.785,10.989,0.580,
10,-95,50,0,0.000,1966.852,1493.013,,,,0.000,0,0,0,0,0,0,10,10.753,12.256,0.492,
10,-95,55,0,0.000,1966.852,1493.013,,,,0.000,0,0,0,0,0,0,10,12.398,14.721,0.711,
10,-95,60,0,0.000,1966.852,1493.013,,,,0.000,0,0,0,0,0,0,10,10.453,9.108,0.718,
10,-95,65,0,0.000,1966.852,1493.013,,,,0.000,0,0,0,0,0,0,10,10.065,11.018,0.509,
10,-95,70,0,0.000,1966.852,1493.013,,,,0.000,0,0,0,0,0,0,10,9.298,12.586,0.605,
10,-95,75,0,0.000,1966.852,1493.013,,,,0.000,0,0,0,0,0,0,10,9.351,7.529,0.296,
10,-95,80,0,0.000,1966.852,1493.013,,,,0.000,0,0,0,0,0,0,10,9.668,12.955,0.611,
10,-95,85,0,0.000,1966.852,1493.013,,,,0.000,0,0,0,0,0,0,10,13.273,9.255,0.483,
10,-95,90,0,0.000,1966.852,1493.013,,,,0.000,0,0,0,0,0,0,10,11.752,10.894,0.509,
10,-95,95,0,0.000,1966.852,1493.013,,,,0.000,0,0,0,0,0,0,10,8.763,7.988,0.558,
10,-95,100,0,0.000,1966.852,1493.013,,,,0.000,0,0,0,0,0,0,10,13.391,10.823,0.607,
10,-95,105,0,0.000,1966.852,1493.013,,,,0.000,0,0,0,0,0,0,10,9.035,11.719,0.584,
10,-95,110,0,0.000,1966.852,1493.013,,,,0.000,0,0,0,0,0,0,10,8.269,11.698,0.526,
10,-95,115,0,0.000,1966.852,1493.013,,,,0.000,0,0,0,0,0,0,10,11.263,9.945,0.406,
10,-95,120,0,0.000,1966.852,1493.013,,,,0.000,0,0,0,0,0,0,10,10.165,8.342,0.575,
10,-95,125,0,0.000,1966.852,1493.013,,,,0.000,0,0,0,0,0,0,10,13.161,10.457,0.490,
10,-95,130,0,0.000,1966.852,1493.013,,,,0.000,0,0,0,0,0,0,10,13.252,13.720,0.703,
10,-95,135,0,0.000,1966.852,1493.013,,,,0.000,0,0,0,0,0,0,10,8.997,12.530,0.650,
10,-95,140,0,0.000,1966.852,1493.013,,,,0.000,0,0,0,0,0,0,10,10.584,14.302,0.503,
10,-95,145,0,0.000,1966.852,1493.013,,,,0.000,0,0,0,0,0,0,10,14.282,11.584,0.690,
10,-95,150,0,0.000,1966.852,1493.013,,,,0.000,0,0,0,0,0,0,10,8.126,12.825,0.605,
10,-95,155,0,0.000,1966.852,1493.013,,,,0.000,0,0,0,0,0,0,10,10.658,11.686,0.666,
10,-95,160,0,0.000,1966.852,1493.013,,,,0.000,0,0,0,0,0,0,10,11.249,5.225,0.575,
10,-95,165,0,0.000,1966.852,1493.013,,,,0.000,0,0,0,0,0,0,10,10.745,6.996,0.449,
10,-95,170,0,0.000,1966.852,1493.013,,,,0.000,0,0,0,0,0,0,10,9.575,11.967,0.649,
10,-95,175,0,0.000,1966.852,1493.013,,,,0.000,0,0,0,0,0,0,10,12.507,11.778,0.511,
10,-95,180,0,0.000,1966.852,1493.013,,,,0.000,0,0,0,0,0,0,10,11.336,10.885,0.513,
10,-95,185,0,0.000,1966.852,1493.013,,,,0.000,0,0,0,0,0,0,10,12.484,6.920,0.480,
10,-95,190,0,0.000,1966.852,1493.013,,,,0.000,0,0,0,0,0,0,10,8.052,13.089,0.587,
10,-95,195,0,0.000,1966.852,1493.013,,,,0.000,0,0,0,0,0,0,10,11.765,7.144,0.558,
10,-95,200,0,0.000,1966.852,1493.013,,,,0.000,0,0,0,0,0,0,10,13.233,11.275,0.556,
10,-95,205,0,0.000,1966.852,1493.013,,,,0.000,0,0,0,0,0,0,10,10.838,13.197,0.615,
10,-95,210,0,0.000,1966.852,1493.013,,,,0.000,0,0,0,0,0,0,10,6.859,13.998,0.527,
10,-95,215,0,0.000,1966.852,1493.013,,,,0.000,0,0,0,0,0,0,10,7.129,9.512,0.522,
10,-95,220,0,0.000,1966.852,1493.013,,,,0.000,0,0,0,0,0,0,10,7.583,5.699,0.527,
10,-95,225,0,0.000,1966.852,1493.013,,,,0.000,0,0,0,0,0,0,10,10.542,11.808,0.480,
10,-95,230,0,0.000,1966.852,1493.013,,,,0.000,0,0,0,0,0,0,10,11.321,7.591,0.555,
10,-95,235,0,0.000,1966.852,1493.013,,,,0.000,0,0,0,0,0,0,10,8.100,11.169,0.506,
10,-95,240,0,0.000,1966.852,1493.013,,,,0.000,0,0,0,0,0,0,10,10.966,10.319,0.400,
10,-95,245,0,0.000,1966.852,1493.013,,,,0.000,0,0,0,0,0,0,10,11.989,9.452,0.609,
10,-95,250,0,0.000,1966.852,1493.013,,,,0.000,0,0,0,0,0,0,10,9.704,11.537,0.584,
10,-95,255,0,0.000,1966.852,1493.013,,,,0.000,0,0,0,0,0,0,10,12.583,8.100,0.659,
10,-95,260,0,0.000,1966.852,1493.013,,,,0.000,0,0,0,0,0,0,10,12.784,10.779,0.465,
10,-95,265,0,0.000,1966.852,1493.013,,,,0.000,0,0,0,0,0,0,10,8.643,7.850,0.736,
10,-95,270,0,0.000,1966.852,1493.013,,,,0.000,0,0,0,0,0,0,10,8.258,9.899,0.324,
10,-95,275,0,0.000,1966.852,1493.013,,,,0.000,0,0,0,0,0,0,10,8.704,10.929,0.372,
10,-95,280,0,0.000,1966.852,1493.013,,,,0.000,0,0,0,0,0,0,10,11.478,11.228,0.673,
10,-95,285,0,0.000,1966.852,1493.013,,,,0.000,0,0,0,0,0,0,10,13.617,12.909,0.680,
10,-90,-10,0,0.000,1966.852,1493.013,,,,0.000,0,0,0,0,0,0,10,10.422,8.923,0.594,
10,-90,-5,0,0.000,1966.852,1493.013,,,,0.000,0,0,0,0,0,0,10,11.843,10.555,0.571,
10,-90,0,0,0.000,1966.852,1493.013,,,,0.000,0,0,0,0,0,0,10,11.686,12.778,0.445,
10,-90,5,0,0.000,1966.852,1493.013,,,,0.000,0,0,0,0,0,0,10,10.651,9.209,0.564,
10,-90,10,0,0.000,1966.852,1493.013,,,,0.000,0,0,0,0,0,0,10,10.460,10.832,0.597,
10,-90,15,0,0.000,1966.852,1493.013,,,,0.000,0,0,0,0,0,0,10,10.431,10.211,0.580,
10,-90,20,0,0.000,1966.852,1493.013,,,,0.000,0,0,0,0,0,0,10,10.274,13.623,0.530,
10,-90,25,0,0.000,1966.852,1493.013,,,,0.000,0,0,0,0,0,0,10,7.087,14.037,0.633,
10,-90,30,0,0.000,1966.852,1493.013,,,,0.000,0,0,0,0,0,0,10,11.491,12.416,0.650,
10,-90,35,0,0.000,1966.852,1493.013,,,,0.000,0,0,0,0,0,0,10,13.357,11.575,0.590,
10,-90,40,0,0.000,1966.852,1493.013,,,,0.000,0,0,0,0,0,0,10,11.211,9.142,0.587,
10,-90,45,0,0.000,1966.852,1493.013,,,,0.000,0,0,0,0,0,0,10,10.594,12.719,0.466,
10,-90,50,0,0.000,1966.852,1493.013,,,,0.000,0,0,0,0,0,0,10,11.587,8.990,0.565,
10,-90,55,0,0.000,1966.852,1493.013,,,,0.000,0,0,0,0,0,0,10,8.860,11.530,0.620,
10,-90,60,0,0.000,1966.852,1493.013,,,,0.000,0,0,0,0,0,0,10,10.476,13.087,0.476,
10,-90,65,0,0.000,1966.852,1493.013,,,,0.000,0,0,0,0,0,0,10,8.492,11.658,0.374,
10,-90,70,0,0.000,1966.852,1493.013,,,,0.000,0,0,0,0,0,0,10,11.591,12.626,0.664,
10,-90,75,0,0.000,1966.852,1493.013,,,,0.000,0,0,0,0,0,0,10,10.337,8.159,0.525,
10,-90,80,0,0.000,1966.852,1493.013,,,,0.000,0,0,0,0,0,0,10,11.041,13.757,0.248,
10,-90,85,0,0.000,1966.852,1493.013,,,,0.000,0,0,0,0,0,0,10,11.855,7.037,0.725,
10,-90,90,0,0.000,1966.852,1493.013,,,,0.000,0,0,0,0,0,0,10,9.641,10.170,0.563,
10,-90,95,0,0.000,1966.852,1493.013,,,,0.000,0,0,0,0,0,0,10,9.810,10.073,0.475,
10,-90,100,0,0.000,1966.852,1493.013,,,,0.000,0,0,0,0,0,0,10,13.745,7.850,0.556,
10,-90,105,0,0.000,1966.852,1493.013,,,,0.000,0,0,0,0,0,0,10,10.658,11.291,0.603,
10,-90,110,0,0.000,1966.852,1493.013,,,,0.000,0,0,0,0,0,0,10,10.989,11.558,0.624,
10,-90,115,0,0.000,1966.852,1493.013,,,,0.000,0,0,0,0,0,0,10,10.554,13.509,0.487,
10,-90,120,0,0.000,1966.852,1493.013,,,,0.000,0,0,0,0,0,0,10,9.786,12.865,0.412,
10,-90,125,0,0.000,1966.852,1493.013,,,,0.000,0,0,0,0,0,0,10,10.497,12.769,0.273,
10,-90,130,0,0.000,1966.852,1493.013,,,,0.000,0,0,0,0,0,0,10,11.651,11.236,0.575,
10,-90,135,0,0.000,1966.852,1493.013,,,,0.000,0,0,0,0,0,0,10,10.169,9.871,0.363,
10,-90,140,0,0.000,1966.852,1493.013,,,,0.000,0,0,0,0,0,0,10,9.334,13.521,0.628,
10,-90,145,0,0.000,1966.852,1493.013,,,,0.000,0,0,0,0,0,0,10,11.885,8.896,0.537,
10,-90,150,0,0.000,1966.852,1493.013,,,,0.000,0,0,0,0,0,0,10,8.060,6.511,0.558,
10,-90,155,0,0.000,1966.852,1493.013,,,,0.000,0,0,0,0,0,0,10,11.611,12.591,0.500,
10,-90,160,0,0.000,1966.852,1493.013,,,,0.000,0,0,0,0,0,0,10,12.304,11.993,0.819,
10,-90,165,0,0.000,1966.852,1493.013,,,,0.000,0,0,0,0,0,0,10,13.000,9.731,0.547,
10,-90,170,0,0.000,1966.852,1493.013,,,,0.000,0,0,0,0,0,0,10,11.912,8.728,0.512,
10,-90,175,0,0.000,1966.852,1493.013,,,,0.000,0,0,0,0,0,0,10,10.331,8.872,0.578,
10,-90,180,0,0.000,1966.852,1493.013,,,,0.000,0,0,0,0,0,0,10,8.390,9.022,0.513,
10,-90,185,0,0.000,1966.852,1493.013,,,,0.000,0,0,0,0,0,0,10,12.513,10.562,0.593,
10,-90,190,0,0.000,1966.852,1493.013,,,,0.000,0,0,0,0,0,0,10,11.492,8.085,0.773,
10,-90,195,0,0.000,1966.852,1493.013,,,,0.000,0,0,0,0,0,0,10,13.776,10.334,0.493,
10,-90,200,0,0.000,1966.852,1493.013,,,,0.000,0,0,0,0,0,0,10,10.705,12.369,0.642,
10,-90,205,0,0.000,1966.852,1493.013,,,,0.000,0,0,0,0,0,0,10,11.303,12.186,0.640,
10,-90,210,0,0.000,1966.852,1493.013,,,,0.000,0,0,0,0,0,0,10,7.675,11.778,0.615,
10,-90,215,0,0.000,1966.852,1493.013,,,,0.000,0,0,0,0,0,0,10,13.743,14.162,0.552,
10,-90,220,0,0.000,1966.852,1493.013,,,,0.000,0,0,0,0,0,0,10,10.470,10.983,0.603,
10,-90,225,0,0.000,1966.852,1493.013,,,,0.000,0,0,0,0,0,0,10,10.948,12.570,0.517,
10,-90,230,0,0.000,1966.852,1493.013,,,,0.000,0,0,0,0,0,0,10,14.626,11.233,0.610,
10,-90,235,0,0.000,1966.852,1493.013,,,,0.000,0,0,0,0,0,0,10,6.272,10.072,0.585,
10,-90,240,0,0.000,1966.852,1493.013,,,,0.000,0,0,0,0,0,0,10,10.397,13.416,0.485,
10,-90,245,0,0.000,1966.852,1493.013,,,,0.000,0,0,0,0,0,0,10,10.272,12.678,0.623,
10,-90,250,0,0.000,1966.852,1493.013,,,,0.000,0,0,0,0,0,0,10,11.903,7.166,0.527,
10,-90,255,0,0.000,1966.852,1493.013,,,,0.000,0,0,0,0,0,0,10,10.376,11.777,0.562,
10,-90,260,0,0.000,1966.852,1493.013,,,,0.000,0,0,0,0,0,0,10,9.985,12.127,0.380,
10,-90,265,0,0.000,1966.852,1493.013,,,,0.000,0,0,0,0,0,0,10,10.303,12.496,0.653,
10,-90,270,0,0.000,1966.852,1493.013,,,,0.000,0,0,0,0,0,0,10,11.615,10.296,0.598,
10,-90,275,0,0.000,1966.852,1493.013,,,,0.000,0,0,0,0,0,0,10,11.845,10.553,0.505,
10,-90,280,0,0.000,1966.852,1493.013,,,,0.000,0,0,0,0,0,0,10,10.859,12.606,0.493,
10,-90,285,0,0.000,1966.852,1493.013,,,,0.000,0,0,0,0,0,0,10,11.933,11.825,0.581,
10,-85,-10,0,0.000,1966.852,1493.013,,,,0.000,0,0,0,0,0,0,10,9.021,10.179,0.517,
10,-85,-5,0,0.000,1966.852,1493.013,,,,0.000,0,0,0,0,0,0,10,12.187,12.466,0.571,
10,-85,0,0,0.000,1966.852,1493.013,,,,0.000,0,0,0,0,0,0,10,9.727,11.163,0.581,
10,-85,5,0,0.000,1966.852,1493.013,,,,0.000,0,0,0,0,0,0,10,14.554,13.427,0.487,
10,-85,10,0,0.000,1966.852,1493.013,,,,0.000,0,0,0,0,0,0,10,11.559,12.708,0.638,
10,-85,15,0,0.000,1966.852,1493.013,,,,0.000,0,0,0,0,0,0,10,10.613,8.728,0.574,
10,-85,20,0,0.000,1966.852,1493.013,,,,0.000,0,0,0,0,0,0,10,10.224,13.168,0.612,
10,-85,25,0,0.000,1966.852,1493.013,,,,0.000,0,0,0,0,0,0,10,11.992,13.450,0.528,
10,-85,30,0,0.000,1966.852,1493.013,,,,0.000,0,0,0,0,0,0,10,12.311,13.211,0.589,
10,-85,35,0,0.000,1966.852,1493.013,,,,0.000,0,0,0,0,0,0,10,10.953,10.584,0.565,
10,-85,40,0,0.000,1966.852,1493.013,,,,0.000,0,0,0,0,0,0,10,10.289,8.297,0.578,
10,-85,45,0,0.000,1966.852,1493.013,,,,0.000,0,0,0,0,0,0,10,13.722,14.408,0.584,
10,-85,50,0,0.000,1966.852,1493.013,,,,0.000,0,0,0,0,0,0,10,9.066,12.203,0.488,
10,-85,55,0,0.000,1966.852,1493.013,,,,0.000,0,0,0,0,0,0,10,11.383,10.167,0.535,
10,-85,60,0,0.000,1966.852,1493.013,,,,0.000,0,0,0,0,0,0,10,11.512,11.122,0.460,
10,-85,65,0,0.000,1966.852,1493.013,,,,0.000,0,0,0,0,0,0,10,8.395,10.519,0.608,
10,-85,70,0,0.000,1966.852,1493.013,,,,0.000,0,0,0,0,0,0,10,9.097,10.343,0.648,
10,-85,75,0,0.000,1966.852,1493.013,,,,0.000,0,0,0,0,0,0,10,11.609,11.285,0.551,
10,-85,80,0,0.000,1966.852,1493.013,,,,0.000,0,0,0,0,0,0,10,10.880,11.251,0.732,
10,-85,85,0,0.000,1966.852,1493.013,,,,0.000,0,0,0,0,0,0,10,11.234,11.261,0.550,
10,-85,90,0,0.000,1966.852,1493.013,,,,0.000,0,0,0,0,0,0,10,11.548,8.647,0.430,
10,-85,95,0,0.000,1966.852,1493.013,,,,0.000,0,0,0,0,0,0,10,11.941,9.722,0.600,
10,-85,100,0,0.000,1966.852,1493.013,,,,0.000,0,0,0,0,0,0,10,11.453,10.591,0.536,
10,-85,105,0,0.000,1966.852,1493.013,,,,0.000,0,0,0,0,0,0,10,12.966,11.428,0.490,
10,-85,110,0,0.000,1966.852,1493.013,,,,0.000,0,0,0,0,0,0,10,13.327,9.984,0.469,
10,-85,115,0,0.000,1966.852,1493.013,,,,0.000,0,0,0,0,0,0,10,9.802,9.357,0.638,
10,-85,120,0,0.000,1966.852,1493.013,,,,0.000,0,0,0,0,0,0,10,9.624,14.153,0.556,
10,-85,125,0,0.000,1966.852,1493.013,,,,0.000,0,0,0,0,0,0,10,8.611,8.716,0.649,
10,-85,130,0,0.000,1966.852,1493.013,,,,0.000,0,0,0,0,0,0,10,10.953,9.260,0.517,
10,-85,135,0,0.000,1966.852,1493.013,,,,0.000,0,0,0,0,0,0,10,11.292,11.082,0.467,
10,-85,140,0,0.000,1966.852,1493.013,,,,0.000,0,0,0,0,0,0,10,10.292,9.307,0.588,
10,-85,145,0,0.000,1966.852,1493.013,,,,0.000,0,0,0,0,0,0,10,11.818,9.240,0.620,
10,-85,150,0,0.000,1966.852,1493.013,,,,0.000,0,0,0,0,0,0,10,11.530,10.556,0.715,
10,-85,155,0,0.000,1966.852,1493.013,,,,0.000,0,0,0,0,0,0,10,13.920,8.411,0.508,
10,-85,160,0,0.000,1966.852,1493.013,,,,0.000,0,0,0,0,0,0,10,12.822,11.554,0.441,
10,-85,165,0,0.000,1966.852,1493.013,,,,0.000,0,0,0,0,0,0,10,10.731,6.482,0.595,
10,-85,170,0,0.000,1966.852,1493.013,,,,0.000,0,0,0,0,0,0,10,10.246,8.120,0.574,
10,-85,175,0,0.000,1966.852,1493.013,,,,0.000,0,0,0,0,0,0,10,8.144,9.617,0.616,
10,-85,180,0,0.000,1966.852,1493.013,,,,0.000,0,0,0,0,0,0,10,9.578,9.740,0.449,
10,-85,185,0,0.000,1966.852,1493.013,,,,0.000,0,0,0,0,0,0,10,13.053,8.561,0.476,
10,-85,190,0,0.000,1966.852,1493.013,,,,0.000,0,0,0,0,0,0,10,12.726,12.239,0.640,
10,-85,195,0,0.000,1966.852,1493.013,,,,0.000,0,0,0,0,0,0,10,11.302,11.890,0.466,
10,-85,200,0,0.000,1966.852,1493.013,,,,0.000,0,0,0,0,0,0,10,14.414,9.130,0.640,
10,-85,205,0,0.000,1966.852,1493.013,,,,0.000,0,0,0,0,0,0,10,11.226,10.030,0.702,
10,-85,210,0,0.000,1966.852,1493.013,,,,0.000,0,0,0,0,0,0,10,8.607,12.256,0.673,
10,-85,215,0,0.000,1966.852,1493.013,,,,0.000,0,0,0,0,0,0,10,10.118,10.188,0.476,
10,-85,220,0,0.000,1966.852,1493.013,,,,0.000,0,0,0,0,0,0,10,11.663,12.399,0.534,
10,-85,225,0,0.000,1966.852,1493.013,,,,0.000,0,0,0,0,0,0,10,6.570,10.416,0.506,
10,-85,230,0,0.000,1966.852,1493.013,,,,0.000,0,0,0,0,0,0,10,11.584,10.752,0.555,
10,-85,235,0,0.000,1966.852,1493.013,,,,0.000,0,0,0,0,0,0,10,12.184,8.941,0.467,
10,-85,240,0,0.000,1966.852,1493.013,,,,0.000,0,0,0,0,0,0,10,13.136,13.571,0.639,
10,-85,245,0,0.000,1966.852,1493.013,,,,0.000,0,0,0,0,0,0,10,13.045,9.673,0.650,
10,-85,250,0,0.000,1966.852,1493.013,,,,0.000,0,0,0,0,0,0,10,12.721,10.794,0.629,
10,-85,255,0,0.000,1966.852,1493.013,,,,0.000,0,0,0,0,0,0,10,12.088,13.751,0.442,
10,-85,260,0,0.000,1966.852,1493.013,,,,0.000,0,0,0,0,0,0,10,13.134,9.288,0.540,
10,-85,265,0,0.000,1966.852,1493.013,,,,0.000,0,0,0,0,0,0,10,14.062,7.096,0.581,
10,-85,270,0,0.000,1966.852,1493.013,,,,0.000,0,0,0,0,0,0,10,7.718,10.791,0.572,
10,-85,275,0,0.000,1966.852,1493.013,,,,0.000,0,0,0,0,0,0,10,11.099,10.278,0.607,
10,-85,280,0,0.000,1966.852,1493.013,,,,0.000,0,0,0,0,0,0,10,9.223,10.273,0.539,
10,-85,285,0,0.000,1966.852,1493.013,,,,0.000,0,0,0,0,0,0,10,11.799,10.416,0.537,
10,-80,-10,0,0.000,1966.852,1493.013,,,,0.000,0,0,0,0,0,0,10,13.243,15.463,0.448,
10,-80,-5,0,0.000,1966.852,1493.013,,,,0.000,0,0,0,0,0,0,10,9.970,10.042,0.663,
10,-80,0,0,0.000,1966.852,1493.013,,,,0.000,0,0,0,0,0,0,10,9.282,12.724,0.455,
10,-80,5,0,0.000,1966.852,1493.013,,,,0.000,0,0,0,0,0,0,10,10.330,8.878,0.370,
10,-80,10,0,0.000,1966.852,1493.013,,,,0.000,0,0,0,0,0,0,10,11.170,8.710,0.574,
10,-80,15,0,0.000,1966.852,1493.013,,,,0.000,0,0,0,0,0,0,10,9.126,8.551,0.417,
10,-80,20,0,0.000,1966.852,1493.013,,,,0.000,0,0,0,0,0,0,10,8.204,12.685,0.366,
10,-80,25,0,0.000,1966.852,1493.013,,,,0.000,0,0,0,0,0,0,10,11.801,12.786,0.517,
10,-80,30,0,0.000,1966.852,1493.013,,,,0.000,0,0,0,0,0,0,10,10.563,12.163,0.596,
10,-80,35,0,0.000,1966.852,1493.013,,,,0.000,0,0,0,0,0,0,10,11.693,10.750,0.563,
10,-80,40,0,0.000,1966.852,1493.013,,,,0.000,0,0,0,0,0,0,10,9.398,9.093,0.445,
10,-80,45,0,0.000,1966.852,1493.013,,,,0.000,0,0,0,0,0,0,10,10.927,8.322,0.404,
10,-80,50,0,0.000,1966.852,1493.013,,,,0.000,0,0,0,0,0,0,10,9.653,11.916,0.582,
10,-80,55,0,0.000,1966.852,1493.013,,,,0.000,0,0,0,0,0,0,10,11.687,7.253,0.658,
10,-80,60,0,0.000,1966.852,1493.013,,,,0.000,0,0,0,0,0,0,10,7.277,14.315,0.497,
10,-80,65,0,0.000,1966.852,1493.013,,,,0.000,0,0,0,0,0,0,10,8.533,9.995,0.420,
10,-80,70,0,0.000,1966.852,1493.013,,,,0.000,0,0,0,0,0,0,10,9.435,11.154,0.535,
10,-80,75,0,0.000,1966.852,1493.013,,,,0.000,0,0,0,0,0,0,10,10.814,12.413,0.527,
10,-80,80,0,0.000,1966.852,1493.013,,,,0.000,0,0,0,0,0,0,10,13.245,8.696,0.632,
10,-80,85,0,0.000,1966.852,1493.013,,,,0.000,0,0,0,0,0,0,10,11.707,8.326,0.609,
10,-80,90,0,0.000,1966.852,1493.013,,,,0.000,0,0,0,0,0,0,10,12.320,12.177,0.623,
10,-80,95,0,0.000,1966.852,1493.013,,,,0.000,0,0,0,0,0,0,10,12.034,9.258,0.510,
10,-80,100,0,0.000,1966.852,1493.013,,,,0.000,0,0,0,0,0,0,10,12.737,11.380,0.538,
10,-80,105,0,0.000,1966.852,1493.013,,,,0.000,0,0,0,0,0,0,10,11.688,13.611,0.417,
10,-80,110,0,0.000,1966.852,1493.013,,,,0.000,0,0,0,0,0,0,10,10.210,8.568,0.599,
10,-80,115,0,0.000,1966.852,1493.013,,,,0.000,0,0,0,0,0,0,10,12.976,11.208,0.521,
10,-80,120,0,0.000,1966.852,1493.013,,,,0.000,0,0,0,0,0,0,10,13.125,13.369,0.691,
10,-80,125,0,0.000,1966.852,1493.013,,,,0.000,0,0,0,0,0,0,10,12.345,12.420,0.628,
10,-80,130,0,0.000,1966.852,1493.013,,,,0.000,0,0,0,0,0,0,10,11.378,10.580,0.612,
10,-80,135,0,0.000,1966.852,1493.013,,,,0.000,0,0,0,0,0,0,10,10.484,7.798,0.550,
10,-80,140,0,0.000,1966.852,1493.013,,,,0.000,0,0,0,0,0,0,10,8.231,10.342,0.576,
10,-80,145,0,0.000,1966.852,1493.013,,,,0.000,0,0,0,0,0,0,10,11.257,10.087,0.699,
10,-80,150,0,0.000,1966.852,1493.013,,,,0.000,0,0,0,0,0,0,10,7.857,13.219,0.607,
10,-80,155,0,0.000,1966.852,1493.013,,,,0.000,0,0,0,0,0,0,10,11.791,10.293,0.529,
10,-80,160,0,0.000,1966.852,1493.013,,,,0.000,0,0,0,0,0,0,10,11.371,10.369,0.470,
10,-80,165,0,0.000,1966.852,1493.013,,,,0.000,0,0,0,0,0,0,10,7.950,10.995,0.472,
10,-80,170,0,0.000,1966.852,1493.013,,,,0.000,0,0,0,0,0,0,10,11.714,12.187,0.547,
10,-80,175,0,0.000,1966.852,1493.013,,,,0.000,0,0,0,0,0,0,10,8.877,10.661,0.604,
10,-80,180,0,0.000,1966.852,1493.013,,,,0.000,0,0,0,0,0,0,10,8.999,10.173,0.470,
10,-80,185,0,0.000,1966.852,1493.013,,,,0.000,0,0,0,0,0,0,10,12.372,11.741,0.622,
10,-80,190,0,0.000,1966.852,1493.013,,,,0.000,0,0,0,0,0,0,10,9.594,13.016,0.332,
10,-80,195,0,0.000,1966.852,1493.013,,,,0.000,0,0,0,0,0,0,10,10.709,10.354,0.545,
10,-80,200,0,0.000,1966.852,1493.013,,,,0.000,0,0,0,0,0,0,10,8.656,9.861,0.484,
10,-80,205,0,0.000,1966.852,1493.013,,,,0.000,0,0,0,0,0,0,10,13.369,11.011,0.267,
10,-80,210,0,0.000,1966.852,1493.013,,,,0.000,0,0,0,0,0,0,10,10.794,12.010,0.521,
10,-80,215,0,0.000,1966.852,1493.013,,,,0.000,0,0,0,0,0,0,10,10.184,12.404,0.479,
10,-80,220,0,0.000,1966.852,1493.013,,,,0.000,0,0,0,0,0,0,10,12.283,12.993,0.506,
10,-80,225,0,0.000,1966.852,1493.013,,,,0.000,0,0,0,0,0,0,10,8.872,8.542,0.535,
10,-80,230,0,0.000,1966.852,1493.013,,,,0.000,0,0,0,0,0,0,10,10.384,14.887,0.410,
10,-80,235,0,0.000,1966.852,1493.013,,,,0.000,0,0,0,0,0,0,10,14.256,12.583,0.521,
10,-80,240,0,0.000,1966.852,1493.013,,,,0.000,0,0,0,0,0,0,10,10.782,11.932,0.622,
10,-80,245,0,0.000,1966.852,1493.013,,,,0.000,0,0,0,0,0,0,10,12.020,8.185,0.693,
10,-80,250,0,0.000,1966.852,1493.013,,,,0.000,0,0,0,0,0,0,10,9.242,10.635,0.451,
10,-80,255,0,0.000,1966.852,1493.013,,,,0.000,0,0,0,0,0,0,10,11.134,11.108,0.380,
10,-80,260,0,0.000,1966.852,1493.013,,,,0.000,0,0,0,0,0,0,10,11.680,8.676,0.523,
10,-80,265,0,0.000,1966.852,1493.013,,,,0.000,0,0,0,0,0,0,10,12.766,7.205,0.653,
10,-80,270,0,0.000,1966.852,1493.013,,,,0.000,0,0,0,0,0,0,10,12.931,9.141,0.647,
10,-80,275,0,0.000,1966.852,1493.013,,,,0.000,0,0,0,0,0,0,10,11.946,9.994,0.459,
10,-80,280,0,0.000,1966.852,1493.013,,,,0.000,0,0,0,0,0,0,10,10.651,6.785,0.595,
10,-80,285,0,0.000,1966.852,1493.013,,,,0.000,0,0,0,0,0,0,10,9.121,11.486,0.565,
10,-75,-10,0,0.000,1966.852,1493.013,,,,0.000,0,0,0,0,0,0,10,9.413,9.895,0.488,
10,-75,-5,0,0.000,1966.852,1493.013,,,,0.000,0,0,0,0,0,0,10,12.885,11.219,0.618,
10,-75,0,0,0.000,1966.852,1493.013,,,,0.000,0,0,0,0,0,0,10,8.953,13.027,0.457,
10,-75,5,0,0.000,1966.852,1493.013,,,,0.000,0,0,0,0,0,0,10,10.854,10.108,0.608,
10,-75,10,0,0.000,1966.852,1493.013,,,,0.000,0,0,0,0,0,0,10,11.682,10.394,0.530,
10,-75,15,0,0.000,1966.852,1493.013,,,,0.000,0,0,0,0,0,0,10,10.972,11.385,0.458,
10,-75,20,0,0.000,1966.852,1493.013,,,,0.000,0,0,0,0,0,0,10,13.436,14.320,0.635,
10,-75,25,0,0.000,1966.852,1493.013,,,,0.000,0,0,0,0,0,0,10,8.080,10.017,0.679,
10,-75,30,0,0.000,1966.852,1493.013,,,,0.000,0,0,0,0,0,0,10,12.399,7.897,0.553,
10,-75,35,0,0.000,1966.852,1493.013,,,,0.000,0,0,0,0,0,0,10,12.221,11.174,0.393,
10,-75,40,0,0.000,1966.852,1493.013,,,,0.000,0,0,0,0,0,0,10,10.402,10.138,0.449,
10,-75,45,0,0.000,1966.852,1493.013,,,,0.000,0,0,0,0,0,0,10,11.476,12.152,0.552,
10,-75,50,0,0.000,1966.852,1493.013,,,,0.000,0,0,0,0,0,0,10,8.840,12.104,0.525,
10,-75,55,0,0.000,1966.852,1493.013,,,,0.000,0,0,0,0,0,0,10,9.760,10.546,0.547,
10,-75,60,0,0.000,1966.852,1493.013,,,,0.000,0,0,0,0,0,0,10,10.359,10.792,0.617,
10,-75,65,0,0.000,1966.852,1493.013,,,,0.000,0,0,0,0,0,0,10,11.920,11.777,0.447,
10,-75,70,0,0.000,1966.852,1493.013,,,,0.000,0,0,0,0,0,0,10,10.568,8.640,0.472,
10,-75,75,0,0.000,1966.852,1493.013,,,,0.000,0,0,0,0,0,0,10,9.307,10.366,0.671,
10,-75,80,0,0.000,1966.852,1493.013,,,,0.000,0,0,0,0,0,0,10,11.569,8.380,0.622,
10,-75,85,0,0.000,1966.852,1493.013,,,,0.000,0,0,0,0,0,0,10,10.363,9.547,0.603,
10,-75,90,0,0.000,1966.852,1493.013,,,,0.000,0,0,0,0,0,0,10,11.413,12.135,0.511,
10,-75,95,0,0.000,1966.852,1493.013,,,,0.000,0,0,0,0,0,0,10,12.885,11.583,0.588,
10,-75,100,0,0.000,1966.852,1493.013,,,,0.000,0,0,0,0,0,0,10,10.510,11.925,0.363,
10,-75,105,0,0.000,1966.852,1493.013,,,,0.000,0,0,0,0,0,0,10,13.104,9.380,0.341,
10,-75,110,0,0.000,1966.852,1493.013,,,,0.000,0,0,0,0,0,0,10,6.532,12.456,0.649,
10,-75,115,0,0.000,1966.852,1493.013,,,,0.000,0,0,0,0,0,0,10,11.929,8.515,0.687,
10,-75,120,0,0.000,1966.852,1493.013,,,,0.000,0,0,0,0,0,0,10,10.399,11.563,0.516,
10,-75,125,0,0.000,1966.852,1493.013,,,,0.000,0,0,0,0,0,0,10,8.391,11.674,0.597,
10,-75,130,0,0.000,1966.852,1493.013,,,,0.000,0,0,0,0,0,0,10,6.741,9.936,0.651,
10,-75,135,0,0.000,1966.852,1493.013,,,,0.000,0,0,0,0,0,0,10,10.412,8.621,0.543,
10,-75,140,0,0.000,1966.852,1493.013,,,,0.000,0,0,0,0,0,0,10,11.779,11.655,0.530,
10,-75,145,0,0.000,1966.852,1493.013,,,,0.000,0,0,0,0,0,0,10,10.708,11.350,0.652,
10,-75,150,0,0.000,1966.852,1493.013,,,,0.000,0,0,0,0,0,0,10,11.077,10.643,0.445,
10,-75,155,0,0.000,1966.852,1493.013,,,,0.000,0,0,0,0,0,0,10,8.719,12.572,0.551,
10,-75,160,0,0.000,1966.852,1493.013,,,,0.000,0,0,0,0,0,0,10,10.283,12.337,0.620,
10,-75,165,0,0.000,1966.852,1493.013,,,,0.000,0,0,0,0,0,0,10,8.020,10.908,0.693,
10,-75,170,0,0.000,1966.852,1493.013,,,,0.000,0,0,0,0,0,0,10,9.570,11.405,0.565,
10,-75,175,0,0.000,1966.852,1493.013,,,,0.000,0,0,0,0,0,0,10,12.748,10.116,0.566,
10,-75,180,0,0.000,1966.852,1493.013,,,,0.000,0,0,0,0,0,0,10,9.700,9.039,0.526,
10,-75,185,0,0.000,1966.852,1493.013,,,,0.000,0,0,0,0,0,0,10,12.643,11.644,0.638,
10,-75,190,0,0.000,1966.852,1493.013,,,,0.000,0,0,0,0,0,0,10,8.762,11.157,0.465,
10,-75,195,0,0.000,1966.852,1493.013,,,,0.000,0,0,0,0,0,0,10,10.810,11.391,0.700,
10,-75,200,0,0.000,1966.852,1493.013,,,,0.000,0,0,0,0,0,0,10,10.564,12.275,0.610,
10,-75,205,0,0.000,1966.852,1493.013,,,,0.000,0,0,0,0,0,0,10,10.057,11.619,0.621,
10,-75,210,0,0.000,1966.852,1493.013,,,,0.000,0,0,0,0,0,0,10,10.079,9.799,0.572,
10,-75,215,0,0.000,1966.852,1493.013,,,,0.000,0,0,0,0,0,0,10,11.882,10.904,0.558,
10,-75,220,0,0.000,1966.852,1493.013,,,,0.000,0,0,0,0,0,0,10,10.739,9.399,0.369,
10,-75,225,0,0.000,1966.852,1493.013,,,,0.000,0,0,0,0,0,0,10,13.271,11.037,0.554,
10,-75,230,0,0.000,1966.852,1493.013,,,,0.000,0,0,0,0,0,0,10,11.816,6.944,0.748,
10,-75,235,0,0.000,1966.852,1493.013,,,,0.000,0,0,0,0,0,0,10,12.375,7.446,0.545,
10,-75,240,0,0.000,1966.852,1493.013,,,,0.000,0,0,0,0,0,0,10,9.837,10.216,0.693,
10,-75,245,0,0.000,1966.852,1493.013,,,,0.000,0,0,0,0,0,0,10,10.316,11.077,0.548,
10,-75,250,0,0.000,1966.852,1493.013,,,,0.000,0,0,0,0,0,0,10,12.008,7.005,0.451,
10,-75,255,0,0.000,1966.852,1493.013,,,,0.000,0,0,0,0,0,0,10,11.074,10.792,0.722,
10,-75,260,0,0.000,1966.852,1493.013,,,,0.000,0,0,0,0,0,0,10,12.555,7.432,0.587,
10,-75,265,0,0.000,1966.852,1493.013,,,,0.000,0,0,0,0,0,0,10,13.433,10.331,0.597,
10,-75,270,0,0.000,1966.852,1493.013,,,,0.000,0,0,0,0,0,0,10,11.794,12.448,0.497,
10,-75,275,0,0.000,1966.852,1493.013,,,,0.000,0,0,0,0,0,0,10,9.555,14.706,0.505,
10,-75,280,0,0.000,1966.852,1493.013,,,,0.000,0,0,0,0,0,0,10,12.555,9.226,0.550,
10,-75,285,0,0.000,1966.852,1493.013,,,,0.000,0,0,0,0,0,0,10,10.934,9.692,0.423,
10,-70,-10,0,0.000,1966.852,1493.013,,,,0.000,0,0,0,0,0,0,10,7.853,10.385,0.404,
10,-70,-5,0,0.000,1966.852,1493.013,,,,0.000,0,0,0,0,0,0,10,14.214,8.636,0.552,
10,-70,0,0,0.000,1966.852,1493.013,,,,0.000,0,0,0,0,0,0,10,11.583,8.072,0.570,
10,-70,5,0,0.000,1966.852,1493.013,,,,0.000,0,0,0,0,0,0,10,10.355,13.327,0.631,
10,-70,10,0,0.000,1966.852,1493.013,,,,0.000,0,0,0,0,0,0,10,9.014,10.312,0.348,
10,-70,15,0,0.000,1966.852,1493.013,,,,0.000,0,0,0,0,0,0,10,11.486,11.403,0.295,
10,-70,20,0,0.000,1966.852,1493.013,,,,0.000,0,0,0,0,0,0,10,10.418,13.688,0.475,
10,-70,25,0,0.000,1966.852,1493.013,,,,0.000,0,0,0,0,0,0,10,13.869,8.750,0.458,
10,-70,30,0,0.000,1966.852,1493.013,,,,0.000,0,0,0,0,0,0,10,15.477,8.754,0.513,
10,-70,35,0,0.000,1966.852,1493.013,,,,0.000,0,0,0,0,0,0,10,11.755,10.023,0.556,
10,-70,40,0,0.000,1966.852,1493.013,,,,0.000,0,0,0,0,0,0,10,10.004,11.699,0.682,
10,-70,45,0,0.000,1966.852,1493.013,,,,0.000,0,0,0,0,0,0,10,10.332,9.811,0.559,
10,-70,50,0,0.000,1966.852,1493.013,,,,0.000,0,0,0,0,0,0,10,9.823,11.202,0.616,
10,-70,55,0,0.000,1966.852,1493.013,,,,0.000,0,0,0,0,0,0,10,8.821,11.351,0.623,
10,-70,60,0,0.000,1966.852,1493.013,,,,0.000,0,0,0,0,0,0,10,11.367,13.410,0.674,
10,-70,65,0,0.000,1966.852,1493.013,,,,0.000,0,0,0,0,0,0,10,10.042,10.264,0.670,
10,-70,70,0,0.000,1966.852,1493.013,,,,0.000,0,0,0,0,0,0,10,11.333,13.201,0.448,
10,-70,75,0,0.000,1966.852,1493.013,,,,0.000,0,0,0,0,0,0,10,11.173,10.684,0.604,
10,-70,80,0,0.000,1966.852,1493.013,,,,0.000,0,0,0,0,0,0,10,8.254,13.653,0.452,
10,-70,85,0,0.000,1966.852,1493.013,,,,0.000,0,0,0,0,0,0,10,10.744,10.034,0.668,
10,-70,90,0,0.000,1966.852,1493.013,,,,0.000,0,0,0,0,0,0,10,10.355,8.653,0.348,
10,-70,95,0,0.000,1966.852,1493.013,,,,0.000,0,0,0,0,0,0,10,7.089,13.296,0.455,
10,-70,100,0,0.000,1966.852,1493.013,,,,0.000,0,0,0,0,0,0,10,8.203,12.346,0.641,
10,-70,105,0,0.000,1966.852,1493.013,,,,0.000,0,0,0,0,0,0,10,10.458,11.159,0.524,
10,-70,110,0,0.000,1966.852,1493.013,,,,0.000,0,0,0,0,0,0,10,8.982,11.222,0.570,
10,-70,115,0,0.000,1966.852,1493.013,,,,0.000,0,0,0,0,0,0,10,13.204,11.406,0.627,
10,-70,120,0,0.000,1966.852,1493.013,,,,0.000,0,0,0,0,0,0,10,10.492,12.496,0.517,
10,-70,125,0,0.000,1966.852,1493.013,,,,0.000,0,0,0,0,0,0,10,8.288,10.722,0.517,
10,-70,130,0,0.000,1966.852,1493.013,,,,0.000,0,0,0,0,0,0,10,11.198,10.510,0.511,
10,-70,135,0,0.000,1966.852,1493.013,,,,0.000,0,0,0,0,0,0,10,9.216,13.294,0.437,
10,-70,140,0,0.000,1966.852,1493.013,,,,0.000,0,0,0,0,0,0,10,10.838,7.694,0.662,
10,-70,145,0,0.000,1966.852,1493.013,,,,0.000,0,0,0,0,0,0,10,11.030,10.891,0.360,
10,-70,150,0,0.000,1966.852,1493.013,,,,0.000,0,0,0,0,0,0,10,9.178,12.608,0.533,
10,-70,155,0,0.000,1966.852,1493.013,,,,0.000,0,0,0,0,0,0,10,11.793,14.557,0.498,
10,-70,160,0,0.000,1966.852,1493.013,,,,0.000,0,0,0,0,0,0,10,9.327,9.781,0.546,
10,-70,165,0,0.000,1966.852,1493.013,,,,0.000,0,0,0,0,0,0,10,12.410,7.361,0.481,
10,-70,170,0,0.000,1966.852,1493.013,,,,0.000,0,0,0,0,0,0,10,10.939,8.843,0.641,
10,-70,175,0,0.000,1966.852,1493.013,,,,0.000,0,0,0,0,0,0,10,11.996,8.889,0.469,
10,-70,180,0,0.000,1966.852,1493.013,,,,0.000,0,0,0,0,0,0,10,12.268,7.548,0.773,
10,-70,185,0,0.000,1966.852,1493.013,,,,0.000,0,0,0,0,0,0,10,12.135,10.933,0.532,
10,-70,190,0,0.000,1966.852,1493.013,,,,0.000,0,0,0,0,0,0,10,14.941,10.729,0.574,
10,-70,195,0,0.000,1966.852,1493.013,,,,0.000,0,0,0,0,0,0,10,8.442,11.910,0.523,
10,-70,200,0,0.000,1966.852,1493.013,,,,0.000,0,0,0,0,0,0,10,12.213,12.682,0.485,
10,-70,205,0,0.000,1966.852,1493.013,,,,0.000,0,0,0,0,0,0,10,11.140,9.954,0.537,
10,-70,210,0,0.000,1966.852,1493.013,,,,0.000,0,0,0,0,0,0,10,9.965,11.207,0.456,
10,-70,215,0,0.000,1966.852,1493.013,,,,0.000,0,0,0,0,0,0,10,14.553,14.116,0.642,
10,-70,220,0,0.000,1966.852,1493.013,,,,0.000,0,0,0,0,0,0,10,11.089,13.196,0.461,
10,-70,225,0,0.000,1966.852,1493.013,,,,0.000,0,0,0,0,0,0,10,9.136,9.941,0.728,
10,-70,230,0,0.000,1966.852,1493.013,,,,0.000,0,0,0,0,0,0,10,11.370,13.810,0.625,
10,-70,235,0,0.000,1966.852,1493.013,,,,0.000,0,0,0,0,0,0,10,11.225,10.216,0.624,
10,-70,240,0,0.000,1966.852,1493.013,,,,0.000,0,0,0,0,0,0,10,12.008,10.824,0.594,
10,-70,245,0,0.000,1966.852,1493.013,,,,0.000,0,0,0,0,0,0,10,12.383,11.295,0.443,
10,-70,250,0,0.000,1966.852,1493.013,,,,0.000,0,0,0,0,0,0,10,11.835,11.150,0.488,
10,-70,255,0,0.000,1966.852,1493.013,,,,0.000,0,0,0,0,0,0,10,11.148,13.601,0.484,
10,-70,260,0,0.000,1966.852,1493.013,,,,0.000,0,0,0,0,0,0,10,10.896,12.316,0.300,
10,-70,265,0,0.000,1966.852,1493.013,,,,0.000,0,0,0,0,0,0,10,8.980,14.066,0.527,
10,-70,270,0,0.000,1966.852,1493.013,,,,0.000,0,0,0,0,0,0,10,8.311,7.614,0.502,
10,-70,275,0,0.000,1966.852,1493.013,,,,0.000,0,0,0,0,0,0,10,11.247,9.387,0.585,
10,-70,280,0,0.000,1966.852,1493.013,,,,0.000,0,0,0,0,0,0,10,12.948,10.078,0.599,
10,-70,285,0,0.000,1966.852,1493.013,,,,0.000,0,0,0,0,0,0,10,9.221,8.926,0.514,
10,-65,-10,0,0.000,1966.852,1493.013,,,,0.000,0,0,0,0,0,0,10,7.360,9.243,0.510,
10,-65,-5,0,0.000,1966.852,1493.013,,,,0.000,0,0,0,0,0,0,10,5.950,10.604,0.619,
10,-65,0,0,0.000,1966.852,1493.013,,,,0.000,0,0,0,0,0,0,10,12.847,12.067,0.419,
10,-65,5,0,0.000,1966.852,1493.013,,,,0.000,0,0,0,0,0,0,10,10.950,12.341,0.397,
10,-65,10,0,0.000,1966.852,1493.013,,,,0.000,0,0,0,0,0,0,10,11.117,9.841,0.667,
10,-65,15,0,0.000,1966.852,1493.013,,,,0.000,0,0,0,0,0,0,10,9.879,11.339,0.594,
10,-65,20,0,0.000,1966.852,1493.013,,,,0.000,0,0,0,0,0,0,10,12.825,10.835,0.597,
10,-65,25,0,0.000,1966.852,1493.013,,,,0.000,0,0,0,0,0,0,10,12.304,11.601,0.528,
10,-65,30,0,0.000,1966.852,1493.013,,,,0.000,0,0,0,0,0,0,10,11.015,10.372,0.572,
10,-65,35,0,0.000,1966.852,1493.013,,,,0.000,0,0,0,0,0,0,10,8.537,8.473,0.439,
10,-65,40,0,0.000,1966.852,1493.013,,,,0.000,0,0,0,0,0,0,10,11.164,8.926,0.436,
10,-65,45,0,0.000,1966.852,1493.013,,,,0.000,0,0,0,0,0,0,10,7.834,10.461,0.553,
10,-65,50,0,0.000,1966.852,1493.013,,,,0.000,0,0,0,0,0,0,10,11.355,9.347,0.716,
10,-65,55,0,0.000,1966.852,1493.013,,,,0.000,0,0,0,0,0,0,10,8.144,10.568,0.507,
10,-65,60,0,0.000,1966.852,1493.013,,,,0.000,0,0,0,0,0,0,10,8.907,8.372,0.549,
10,-65,65,0,0.000,1966.852,1493.013,,,,0.000,0,0,0,0,0,0,10,9.473,11.248,0.538,
10,-65,70,0,0.000,1966.852,1493.013,,,,0.000,0,0,0,0,0,0,10,9.960,9.625,0.465,
10,-65,75,0,0.000,1966.852,1493.013,,,,0.000,0,0,0,0,0,0,10,15.701,7.948,0.414,
10,-65,80,0,0.000,1966.852,1493.013,,,,0.000,0,0,0,0,0,0,10,11.177,12.344,0.468,
10,-65,85,0,0.000,1966.852,1493.013,,,,0.000,0,0,0,0,0,0,10,10.582,9.187,0.654,
10,-65,90,0,0.000,1966.852,1493.013,,,,0.000,0,0,0,0,0,0,10,12.428,10.176,0.419,
10,-65,95,0,0.000,1966.852,1493.013,,,,0.000,0,0,0,0,0,0,10,5.831,11.566,0.784,
10,-65,100,0,0.000,1966.852,1493.013,,,,0.000,0,0,0,0,0,0,10,11.246,12.352,0.635,
10,-65,105,0,0.000,1966.852,1493.013,,,,0.000,0,0,0,0,0,0,10,8.838,12.487,0.478,
10,-65,110,0,0.000,1966.852,1493.013,,,,0.000,0,0,0,0,0,0,10,10.620,11.825,0.604,
10,-65,115,0,0.000,1966.852,1493.013,,,,0.000,0,0,0,0,0,0,10,10.039,13.891,0.522,
10,-65,120,0,0.000,1966.852,1493.013,,,,0.000,0,0,0,0,0,0,10,11.319,8.242,0.676,
10,-65,125,0,0.000,1966.852,1493.013,,,,0.000,0,0,0,0,0,0,10,12.572,7.190,0.636,
10,-65,130,0,0.000,1966.852,1493.013,,,,0.000,0,0,0,0,0,0,10,13.933,11.150,0.578,
10,-65,135,0,0.000,1966.852,1493.013,,,,0.000,0,0,0,0,0,0,10,13.409,12.021,0.514,
10,-65,140,0,0.000,1966.852,1493.013,,,,0.000,0,0,0,0,0,0,10,10.797,8.804,0.483,
10,-65,145,0,0.000,1966.852,1493.013,,,,0.000,0,0,0,0,0,0,10,11.739,12.105,0.544,
10,-65,150,0,0.000,1966.852,1493.013,,,,0.000,0,0,0,0,0,0,10,7.149,8.711,0.450,
10,-65,155,0,0.000,1966.852,1493.013,,,,0.000,0,0,0,0,0,0,10,9.354,11.286,0.551,
10,-65,160,0,0.000,1966.852,1493.013,,,,0.000,0,0,0,0,0,0,10,9.768,11.174,0.624,
10,-65,165,0,0.000,1966.852,1493.013,,,,0.000,0,0,0,0,0,0,10,12.059,10.698,0.712,
10,-65,170,0,0.000,1966.852,1493.013,,,,0.000,0,0,0,0,0,0,10,11.564,12.079,0.469,
10,-65,175,0,0.000,1966.852,1493.013,,,,0.000,0,0,0,0,0,0,10,12.657,11.114,0.656,
10,-65,180,0,0.000,1966.852,1493.013,,,,0.000,0,0,0,0,0,0,10,12.296,9.179,0.726,
10,-65,185,0,0.000,1966.852,1493.013,,,,0.000,0,0,0,0,0,0,10,12.743,11.755,0.619,
10,-65,190,0,0.000,1966.852,1493.013,,,,0.000,0,0,0,0,0,0,10,8.755,11.991,0.581,
10,-65,195,0,0.000,1966.852,1493.013,,,,0.000,0,0,0,0,0,0,10,10.070,10.513,0.637,
10,-65,200,0,0.000,1966.852,1493.013,,,,0.000,0,0,0,0,0,0,10,12.198,10.395,0.643,
10,-65,205,0,0.000,1966.852,1493.013,,,,0.000,0,0,0,0,0,0,10,10.300,6.259,0.487,
10,-65,210,0,0.000,1966.852,1493.013,,,,0.000,0,0,0,0,0,0,10,10.408,7.368,0.654,
10,-65,215,0,0.000,1966.852,1493.013,,,,0.000,0,0,0,0,0,0,10,14.001,9.567,0.498,
10,-65,220,0,0.000,1966.852,1493.013,,,,0.000,0,0,0,0,0,0,10,13.312,12.050,0.613,
10,-65,225,0,0.000,1966.852,1493.013,,,,0.000,0,0,0,0,0,0,10,9.877,9.890,0.696,
10,-65,230,0,0.000,1966.852,1493.013,,,,0.000,0,0,0,0,0,0,10,12.021,11.822,0.447,
10,-65,235,0,0.000,1966.852,1493.013,,,,0.000,0,0,0,0,0,0,10,10.280,7.697,0.590,
10,-65,240,0,0.000,1966.852,1493.013,,,,0.000,0,0,0,0,0,0,10,10.782,11.939,0.526,
10,-65,245,0,0.000,1966.852,1493.013,,,,0.000,0,0,0,0,0,0,10,11.456,12.572,0.673,
10,-65,250,0,0.000,1966.852,1493.013,,,,0.000,0,0,0,0,0,0,10,11.517,6.163,0.477,
10,-65,255,0,10.000,1966.852,1493.013,1966.466,1493.153,0.411,0.000,0,0,0,0,0,0,9,9.321,11.408,0.563,0.000
10,-65,260,0,10.000,1966.852,1493.013,1966.444,1493.153,0.432,0.000,0,0,0,0,0,0,9,13.176,12.452,0.501,0.000
10,-65,265,0,0.000,1966.852,1493.013,,,,0.000,0,0,0,0,0,0,10,12.871,6.576,0.458,
10,-65,270,0,10.000,1966.852,1493.013,1966.471,1493.158,0.408,0.000,0,0,0,0,0,0,9,12.521,13.078,0.561,0.000
10,-65,275,0,0.000,1966.852,1493.013,,,,0.000,0,0,0,0,0,0,10,9.024,7.471,0.593,
10,-65,280,0,10.000,1966.852,1493.013,1966.391,1493.157,0.483,0.000,0,0,0,0,0,0,9,11.958,14.105,0.515,0.000
10,-65,285,0,0.000,1966.852,1493.013,,,,0.000,0,0,0,0,0,0,10,8.960,12.327,0.415,
10,-60,-10,0,0.000,1966.852,1493.013,,,,0.000,0,0,0,0,0,0,10,9.593,11.213,0.530,
10,-60,-5,0,0.000,1966.852,1493.013,,,,0.000,0,0,0,0,0,0,10,12.399,11.126,0.609,
10,-60,0,0,0.000,1966.852,1493.013,,,,0.000,0,0,0,0,0,0,10,7.602,10.952,0.472,
10,-60,5,0,0.000,1966.852,1493.013,,,,0.000,0,0,0,0,0,0,10,10.171,10.683,0.369,
10,-60,10,0,0.000,1966.852,1493.013,,,,0.000,0,0,0,0,0,0,10,12.049,11.030,0.628,
10,-60,15,0,0.000,1966.852,1493.013,,,,0.000,0,0,0,0,0,0,10,11.366,9.836,0.690,
10,-60,20,0,0.000,1966.852,1493.013,,,,0.000,0,0,0,0,0,0,10,11.750,9.851,0.392,
10,-60,25,0,0.000,1966.852,1493.013,,,,0.000,0,0,0,0,0,0,10,11.394,11.465,0.487,
10,-60,30,0,0.000,1966.852,1493.013,,,,0.000,0,0,0,0,0,0,10,8.458,9.990,0.574,
10,-60,35,0,0.000,1966.852,1493.013,,,,0.000,0,0,0,0,0,0,10,12.399,8.751,0.492,
10,-60,40,0,0.000,1966.852,1493.013,,,,0.000,0,0,0,0,0,0,10,13.882,6.464,0.541,
10,-60,45,0,0.000,1966.852,1493.013,,,,0.000,0,0,0,0,0,0,10,6.946,11.107,0.620,
10,-60,50,0,0.000,1966.852,1493.013,,,,0.000,0,0,0,0,0,0,10,13.428,11.014,0.374,
10,-60,55,0,0.000,1966.852,1493.013,,,,0.000,0,0,0,0,0,0,10,9.112,10.651,0.479,
10,-60,60,0,0.000,1966.852,1493.013,,,,0.000,0,0,0,0,0,0,10,12.237,12.565,0.628,
10,-60,65,0,0.000,1966.852,1493.013,,,,0.000,0,0,0,0,0,0,10,10.417,8.274,0.596,
10,-60,70,0,0.000,1966.852,1493.013,,,,0.000,0,0,0,0,0,0,10,14.156,12.069,0.469,
10,-60,75,0,0.000,1966.852,1493.013,,,,0.000,0,0,0,0,0,0,10,9.244,12.258,0.545,
10,-60,80,0,0.000,1966.852,1493.013,,,,0.000,0,0,0,0,0,0,10,11.547,10.585,0.646,
10,-60,85,0,0.000,1966.852,1493.013,,,,0.000,0,0,0,0,0,0,10,12.904,14.570,0.573,
10,-60,90,0,0.000,1966.852,1493.013,,,,0.000,0,0,0,0,0,0,10,10.348,11.826,0.493,
10,-60,95,0,0.000,1966.852,1493.013,,,,0.000,0,0,0,0,0,0,10,8.701,11.509,0.653,
10,-60,100,0,0.000,1966.852,1493.013,,,,0.000,0,0,0,0,0,0,10,7.805,9.330,0.586,
10,-60,105,0,0.000,1966.852,1493.013,,,,0.000,0,0,0,0,0,0,10,10.009,10.210,0.489,
10,-60,110,0,0.000,1966.852,1493.013,,,,0.000,0,0,0,0,0,0,10,10.891,13.836,0.667,
10,-60,115,0,0.000,1966.852,1493.013,,,,0.000,0,0,0,0,0,0,10,10.640,9.804,0.584,
10,-60,120,0,0.000,1966.852,1493.013,,,,0.000,0,0,0,0,0,0,10,9.197,10.029,0.553,
10,-60,125,0,0.000,1966.852,1493.013,,,,0.000,0,0,0,0,0,0,10,11.635,11.443,0.540,
10,-60,130,0,0.000,1966.852,1493.013,,,,0.000,0,0,0,0,0,0,10,11.086,12.131,0.563,
10,-60,135,0,0.000,1966.852,1493.013,,,,0.000,0,0,0,0,0,0,10,10.749,8.264,0.474,
10,-60,140,0,0.000,1966.852,1493.013,,,,0.000,0,0,0,0,0,0,10,10.071,14.337,0.486,
10,-60,145,0,0.000,1966.852,1493.013,,,,0.000,0,0,0,0,0,0,10,13.271,13.527,0.405,
10,-60,150,0,0.000,1966.852,1493.013,,,,0.000,0,0,0,0,0,0,10,10.573,12.670,0.525,
10,-60,155,0,0.000,1966.852,1493.013,,,,0.000,0,0,0,0,0,0,10,9.934,9.362,0.566,
10,-60,160,0,0.000,1966.852,1493.013,,,,0.000,0,0,0,0,0,0,10,11.972,14.843,0.622,
10,-60,165,0,0.000,1966.852,1493.013,,,,0.000,0,0,0,0,0,0,10,7.977,10.030,0.601,
10,-60,170,0,0.000,1966.852,1493.013,,,,0.000,0,0,0,0,0,0,10,10.988,11.399,0.603,
10,-60,175,0,0.000,1966.852,1493.013,,,,0.000,0,0,0,0,0,0,10,11.757,12.084,0.619,
10,-60,180,0,0.000,1966.852,1493.013,,,,0.000,0,0,0,0,0,0,10,12.404,10.720,0.615,
10,-60,185,0,0.000,1966.852,1493.013,,,,0.000,0,0,0,0,0,0,10,15.219,11.796,0.638,
10,-60,190,0,0.000,1966.852,1493.013,,,,0.000,0,0,0,0,0,0,10,10.867,10.938,0.684,
10,-60,195,0,0.000,1966.852,1493.013,,,,0.000,0,0,0,0,0,0,10,10.808,9.310,0.639,
10,-60,200,0,0.000,1966.852,1493.013,,,,0.000,0,0,0,0,0,0,10,11.325,11.831,0.431,
10,-60,205,0,0.000,1966.852,1493.013,,,,0.000,0,0,0,0,0,0,10,7.204,11.164,0.548,
10,-60,210,0,0.000,1966.852,1493.013,,,,0.000,0,0,0,0,0,0,10,11.278,10.495,0.497,
10,-60,215,0,0.000,1966.852,1493.013,,,,0.000,0,0,0,0,0,0,10,11.072,9.041,0.666,
10,-60,220,0,0.000,1966.852,1493.013,,,,0.000,0,0,0,0,0,0,10,12.582,12.531,0.612,
10,-60,225,0,0.000,1966.852,1493.013,,,,0.000,0,0,0,0,0,0,10,8.939,10.665,0.510,
10,-60,230,0,0.000,1966.852,1493.013,,,,0.000,0,0,0,0,0,0,10,7.918,9.665,0.596,
10,-60,235,0,10.000,1966.852,1493.013,1966.486,1493.150,0.391,0.000,0,0,0,0,0,0,9,11.900,11.384,0.543,0.000
10,-60,240,0,0.000,1966.852,1493.013,,,,0.000,0,0,0,0,0,0,10,11.280,12.097,0.619,
10,-60,245,0,20.000,1966.852,1493.013,1966.463,1493.136,0.408,0.000,0,0,0,0,0,0,8,10.178,7.397,0.448,0.000
10,-60,250,0,0.000,1966.852,1493.013,,,,0.000,0,0,0,0,0,0,10,7.869,7.205,0.648,
10,-60,255,0,10.000,1966.852,1493.013,1966.454,1493.225,0.451,0.000,0,0,0,0,0,0,9,11.616,13.123,0.668,0.000
10,-60,260,0,10.000,1966.852,1493.013,1966.472,1493.223,0.434,0.000,0,0,0,0,0,0,9,8.766,14.028,0.476,0.000
10,-60,265,0,10.000,1966.852,1493.013,1966.491,1493.131,0.380,0.000,0,0,0,0,0,0,9,9.714,13.879,0.625,0.000
10,-60,270,0,10.000,1966.852,1493.013,1966.408,1493.167,0.471,0.000,0,0,0,0,0,0,9,10.896,11.569,0.404,0.000
10,-60,275,0,20.000,1966.852,1493.013,1966.441,1493.165,0.439,0.000,0,0,0,0,0,0,8,10.989,9.389,0.610,0.000
10,-60,280,0,10.000,1966.852,1493.013,1966.482,1493.177,0.405,0.000,0,0,0,0,0,0,9,10.923,9.133,0.693,0.000
10,-60,285,0,0.000,1966.852,1493.013,,,,0.000,0,0,0,0,0,0,10,11.021,8.537,0.567,
10,-55,-10,0,0.000,1966.852,1493.013,,,,0.000,0,0,0,0,0,0,10,12.483,10.581,0.590,
10,-55,-5,0,0.000,1966.852,1493.013,,,,0.000,0,0,0,0,0,0,10,10.771,13.306,0.545,
10,-55,0,0,0.000,1966.852,1493.013,,,,0.000,0,0,0,0,0,0,10,14.426,11.570,0.463,
10,-55,5,0,0.000,1966.852,1493.013,,,,0.000,0,0,0,0,0,0,10,11.655,12.825,0.767,
10,-55,10,0,0.000,1966.852,1493.013,,,,0.000,0,0,0,0,0,0,10,8.580,9.287,0.410,
10,-55,15,0,0.000,1966.852,1493.013,,,,0.000,0,0,0,0,0,0,10,11.645,9.112,0.535,
10,-55,20,0,0.000,1966.852,1493.013,,,,0.000,0,0,0,0,0,0,10,12.305,14.285,0.469,
10,-55,25,0,0.000,1966.852,1493.013,,,,0.000,0,0,0,0,0,0,10,9.876,11.568,0.453,
10,-55,30,0,0.000,1966.852,1493.013,,,,0.000,0,0,0,0,0,0,10,11.176,12.483,0.609,
10,-55,35,0,0.000,1966.852,1493.013,,,,0.000,0,0,0,0,0,0,10,12.554,12.855,0.606,
10,-55,40,0,0.000,1966.852,1493.013,,,,0.000,0,0,0,0,0,0,10,9.517,11.062,0.560,
10,-55,45,0,0.000,1966.852,1493.013,,,,0.000,0,0,0,0,0,0,10,13.761,11.675,0.419,
10,-55,50,0,0.000,1966.852,1493.013,,,,0.000,0,0,0,0,0,0,10,12.082,9.114,0.528,
10,-55,55,0,0.000,1966.852,1493.013,,,,0.000,0,0,0,0,0,0,10,10.227,9.497,0.523,
10,-55,60,0,0.000,1966.852,1493.013,,,,0.000,0,0,0,0,0,0,10,9.381,9.747,0.592,
10,-55,65,0,0.000,1966.852,1493.013,,,,0.000,0,0,0,0,0,0,10,12.757,13.126,0.536,
10,-55,70,0,0.000,1966.852,1493.013,,,,0.000,0,0,0,0,0,0,10,9.245,9.508,0.664,
10,-55,75,0,0.000,1966.852,1493.013,,,,0.000,0,0,0,0,0,0,10,7.381,10.153,0.596,
10,-55,80,0,0.000,1966.852,1493.013,,,,0.000,0,0,0,0,0,0,10,10.931,9.747,0.552,
10,-55,85,0,0.000,1966.852,1493.013,,,,0.000,0,0,0,0,0,0,10,11.001,10.288,0.459,
10,-55,90,0,0.000,1966.852,1493.013,,,,0.000,0,0,0,0,0,0,10,11.066,10.180,0.545,
10,-55,95,0,0.000,1966.852,1493.013,,,,0.000,0,0,0,0,0,0,10,12.652,11.923,0.683,
10,-55,100,0,0.000,1966.852,1493.013,,,,0.000,0,0,0,0,0,0,10,12.918,11.514,0.634,
10,-55,105,0,0.000,1966.852,1493.013,,,,0.000,0,0,0,0,0,0,10,6.741,9.071,0.606,
10,-55,110,0,0.000,1966.852,1493.013,,,,0.000,0,0,0,0,0,0,10,10.800,10.242,0.428,
10,-55,115,0,0.000,1966.852,1493.013,,,,0.000,0,0,0,0,0,0,10,9.819,11.726,0.486,
10,-55,120,0,0.000,1966.852,1493.013,,,,0.000,0,0,0,0,0,0,10,11.081,12.411,0.620,
10,-55,125,0,0.000,1966.852,1493.013,,,,0.000,0,0,0,0,0,0,10,13.081,11.765,0.569,
10,-55,130,0,0.000,1966.852,1493.013,,,,0.000,0,0,0,0,0,0,10,13.116,9.824,0.500,
10,-55,135,0,0.000,1966.852,1493.013,,,,0.000,0,0,0,0,0,0,10,9.175,8.546,0.598,
10,-55,140,0,0.000,1966.852,1493.013,,,,0.000,0,0,0,0,0,0,10,14.122,11.983,0.500,
10,-55,145,0,0.000,1966.852,1493.013,,,,0.000,0,0,0,0,0,0,10,11.971,13.119,0.420,
10,-55,150,0,0.000,1966.852,1493.013,,,,0.000,0,0,0,0,0,0,10,11.352,9.183,0.399,
10,-55,155,0,0.000,1966.852,1493.013,,,,0.000,0,0,0,0,0,0,10,11.440,10.555,0.591,
10,-55,160,0,0.000,1966.852,1493.013,,,,0.000,0,0,0,0,0,0,10,8.631,12.897,0.564,
10,-55,165,0,0.000,1966.852,1493.013,,,,0.000,0,0,0,0,0,0,10,10.007,8.764,0.600,
10,-55,170,0,0.000,1966.852,1493.013,,,,0.000,0,0,0,0,0,0,10,9.551,12.190,0.627,
10,-55,175,0,0.000,1966.852,1493.013,,,,0.000,0,0,0,0,0,0,10,8.080,13.040,0.598,
10,-55,180,0,0.000,1966.852,1493.013,,,,0.000,0,0,0,0,0,0,10,8.891,12.569,0.519,
10,-55,185,0,0.000,1966.852,1493.013,,,,0.000,0,0,0,0,0,0,10,13.880,12.315,0.519,
10,-55,190,0,0.000,1966.852,1493.013,,,,0.000,0,0,0,0,0,0,10,11.993,10.132,0.536,
10,-55,195,0,0.000,1966.852,1493.013,,,,0.000,0,0,0,0,0,0,10,10.587,8.492,0.433,
10,-55,200,0,0.000,1966.852,1493.013,,,,0.000,0,0,0,0,0,0,10,12.786,12.127,0.615,
10,-55,205,0,0.000,1966.852,1493.013,,,,0.000,0,0,0,0,0,0,10,9.369,12.731,0.458,
10,-55,210,0,0.000,1966.852,1493.013,,,,0.000,0,0,0,0,0,0,10,13.036,13.121,0.456,
10,-55,215,0,0.000,1966.852,1493.013,,,,0.000,0,0,0,0,0,0,10,9.328,13.967,0.462,
10,-55,220,0,20.000,1966.852,1493.013,1966.457,1493.199,0.437,0.000,0,0,0,0,0,0,8,11.499,11.280,0.525,0.000
10,-55,225,0,0.000,1966.852,1493.013,,,,0.000,0,0,0,0,0,0,10,14.191,9.574,0.466,
10,-55,230,0,0.000,1966.852,1493.013,,,,0.000,0,0,0,0,0,0,10,8.479,12.563,0.493,
10,-55,235,0,10.000,1966.852,1493.013,1966.419,1493.170,0.461,0.000,0,0,0,0,0,0,9,11.393,12.657,0.537,0.000
10,-55,240,0,30.000,1966.852,1493.013,1966.446,1493.161,0.433,0.000,0,0,0,0,0,0,7,12.764,9.868,0.427,0.000
10,-55,245,0,0.000,1966.852,1493.013,,,,0.000,0,0,0,0,0,0,10,10.030,10.462,0.509,
10,-55,250,0,10.000,1966.852,1493.013,1966.476,1493.175,0.410,0.000,0,0,0,0,0,0,9,11.202,8.073,0.598,0.000
10,-55,255,0,20.000,1966.852,1493.013,1966.445,1493.170,0.436,0.000,0,0,0,0,0,0,8,13.091,9.718,0.589,0.000
10,-55,260,0,30.000,1966.852,1493.013,1966.446,1493.180,0.439,0.000,0,0,0,0,0,0,7,10.093,13.556,0.589,0.000
10,-55,265,0,30.000,1966.852,1493.013,1966.433,1493.162,0.445,0.000,0,0,0,0,0,0,7,11.259,12.539,0.635,0.000
10,-55,270,0,20.000,1966.852,1493.013,1966.455,1493.125,0.413,0.000,0,0,0,0,0,0,8,10.565,12.300,0.484,0.000
10,-55,275,0,20.000,1966.852,1493.013,1966.462,1493.144,0.411,0.000,0,0,0,0,0,0,8,10.787,11.294,0.700,0.000
10,-55,280,0,10.000,1966.852,1493.013,1966.467,1493.131,0.403,0.000,0,0,0,0,0,0,9,10.824,15.757,0.566,0.000
10,-55,285,0,30.000,1966.852,1493.013,1966.427,1493.159,0.449,0.000,0,0,0,0,0,0,7,12.023,12.077,0.656,0.000
10,-50,-10,0,0.000,1966.852,1493.013,,,,0.000,0,0,0,0,0,0,10,7.532,9.881,0.670,
10,-50,-5,0,0.000,1966.852,1493.013,,,,0.000,0,0,0,0,0,0,10,12.438,7.223,0.637,
10,-50,0,0,0.000,1966.852,1493.013,,,,0.000,0,0,0,0,0,0,10,5.308,10.802,0.646,
10,-50,5,0,0.000,1966.852,1493.013,,,,0.000,0,0,0,0,0,0,10,8.480,10.119,0.685,
10,-50,10,0,0.000,1966.852,1493.013,,,,0.000,0,0,0,0,0,0,10,10.625,10.499,0.346,
10,-50,15,0,0.000,1966.852,1493.013,,,,0.000,0,0,0,0,0,0,10,9.530,7.564,0.583,
10,-50,20,0,0.000,1966.852,1493.013,,,,0.000,0,0,0,0,0,0,10,9.022,10.471,0.514,
10,-50,25,0,0.000,1966.852,1493.013,,,,0.000,0,0,0,0,0,0,10,10.740,10.717,0.513,
10,-50,30,0,0.000,1966.852,1493.013,,,,0.000,0,0,0,0,0,0,10,14.081,11.330,0.521,
10,-50,35,0,0.000,1966.852,1493.013,,,,0.000,0,0,0,0,0,0,10,13.303,10.840,0.387,
10,-50,40,0,0.000,1966.852,1493.013,,,,0.000,0,0,0,0,0,0,10,13.011,12.906,0.558,
10,-50,45,0,0.000,1966.852,1493.013,,,,0.000,0,0,0,0,0,0,10,7.734,12.614,0.486,
10,-50,50,0,0.000,1966.852,1493.013,,,,0.000,0,0,0,0,0,0,10,10.164,11.286,0.483,
10,-50,55,0,0.000,1966.852,1493.013,,,,0.000,0,0,0,0,0,0,10,12.135,9.228,0.666,
10,-50,60,0,0.000,1966.852,1493.013,,,,0.000,0,0,0,0,0,0,10,12.203,9.757,0.498,
10,-50,65,0,0.000,1966.852,1493.013,,,,0.000,0,0,0,0,0,0,10,7.836,11.255,0.455,
10,-50,70,0,0.000,1966.852,1493.013,,,,0.000,0,0,0,0,0,0,10,11.946,11.044,0.615,
10,-50,75,0,0.000,1966.852,1493.013,,,,0.000,0,0,0,0,0,0,10,7.941,13.101,0.517,
10,-50,80,0,0.000,1966.852,1493.013,,,,0.000,0,0,0,0,0,0,10,12.118,10.408,0.425,
10,-50,85,0,0.000,1966.852,1493.013,,,,0.000,0,0,0,0,0,0,10,11.498,10.134,0.359,
10,-50,90,0,0.000,1966.852,1493.013,,,,0.000,0,0,0,0,0,0,10,13.035,8.758,0.664,
10,-50,95,0,0.000,1966.852,1493.013,,,,0.000,0,0,0,0,0,0,10,11.837,7.054,0.627,
10,-50,100,0,0.000,1966.852,1493.013,,,,0.000,0,0,0,0,0,0,10,11.001,11.454,0.515,
10,-50,105,0,0.000,1966.852,1493.013,,,,0.000,0,0,0,0,0,0,10,8.796,10.884,0.620,
10,-50,110,0,0.000,1966.852,1493.013,,,,0.000,0,0,0,0,0,0,10,11.012,9.613,0.530,
10,-50,115,0,0.000,1966.852,1493.013,,,,0.000,0,0,0,0,0,0,10,7.038,12.582,0.551,
10,-50,120,0,0.000,1966.852,1493.013,,,,0.000,0,0,0,0,0,0,10,11.468,14.316,0.581,
10,-50,125,0,0.000,1966.852,1493.013,,,,0.000,0,0,0,0,0,0,10,9.529,10.320,0.470,
10,-50,130,0,0.000,1966.852,1493.013,,,,0.000,0,0,0,0,0,0,10,11.305,10.658,0.570,
10,-50,135,0,0.000,1966.852,1493.013,,,,0.000,0,0,0,0,0,0,10,6.940,14.063,0.583,
10,-50,140,0,0.000,1966.852,1493.013,,,,0.000,0,0,0,0,0,0,10,11.760,12.263,0.419,
10,-50,145,0,0.000,1966.852,1493.013,,,,0.000,0,0,0,0,0,0,10,7.300,10.350,0.686,
10,-50,150,0,0.000,1966.852,1493.013,,,,0.000,0,0,0,0,0,0,10,8.382,8.551,0.377,
10,-50,155,0,0.000,1966.852,1493.013,,,,0.000,0,0,0,0,0,0,10,11.282,9.622,0.492,
10,-50,160,0,0.000,1966.852,1493.013,,,,0.000,0,0,0,0,0,0,10,10.112,8.281,0.385,
10,-50,165,0,0.000,1966.852,1493.013,,,,0.000,0,0,0,0,0,0,10,9.359,10.657,0.508,
10,-50,170,0,0.000,1966.852,1493.013,,,,0.000,0,0,0,0,0,0,10,12.566,11.907,0.512,
10,-50,175,0,0.000,1966.852,1493.013,,,,0.000,0,0,0,0,0,0,10,11.489,10.402,0.554,
10,-50,180,0,0.000,1966.852,1493.013,,,,0.000,0,0,0,0,0,0,10,10.713,10.521,0.629,
10,-50,185,0,0.000,1966.852,1493.013,,,,0.000,0,0,0,0,0,0,10,9.293,11.663,0.667,
10,-50,190,0,10.000,1966.852,1493.013,1966.454,1493.137,0.417,0.000,0,0,0,0,0,0,9,11.188,11.119,0.523,0.000
10,-50,195,0,0.000,1966.852,1493.013,,,,0.000,0,0,0,0,0,0,10,10.667,9.841,0.583,
10,-50,200,0,10.000,1966.852,1493.013,1966.391,1493.237,0.513,0.000,0,0,0,0,0,0,9,8.628,12.764,0.516,0.000
10,-50,205,0,10.000,1966.852,1493.013,1966.472,1493.186,0.418,0.000,0,0,0,0,0,0,9,9.966,10.108,0.439,0.000
10,-50,210,0,10.000,1966.852,1493.013,1966.465,1493.157,0.413,0.000,0,0,0,0,0,0,9,11.331,10.500,0.553,0.000
10,-50,215,0,20.000,1966.852,1493.013,1966.427,1493.167,0.452,0.000,0,0,0,0,0,0,8,14.218,8.053,0.589,0.000
10,-50,220,0,10.000,1966.852,1493.013,1966.483,1493.221,0.423,0.000,0,0,0,0,0,0,9,10.584,9.290,0.544,0.000
10,-50,225,0,20.000,1966.852,1493.013,1966.452,1493.135,0.418,0.000,0,0,0,0,0,0,8,12.895,12.143,0.586,0.000
10,-50,230,0,10.000,1966.852,1493.013,1966.460,1493.174,0.424,0.000,0,0,0,0,0,0,9,9.803,10.500,0.624,0.000
10,-50,235,0,20.000,1966.852,1493.013,1966.434,1493.210,0.462,0.000,0,0,0,0,0,0,8,9.642,11.186,0.441,0.000
10,-50,240,0,20.000,1966.852,1493.013,1966.389,1493.167,0.488,0.000,0,0,0,0,0,0,8,11.180,11.678,0.515,0.000
10,-50,245,0,30.000,1966.852,1493.013,1966.451,1493.152,0.424,0.000,0,0,0,0,0,0,7,11.359,9.636,0.476,0.000
10,-50,250,0,20.000,1966.852,1493.013,1966.460,1493.175,0.424,0.000,0,0,0,0,0,0,8,11.727,8.640,0.617,0.000
10,-50,255,0,30.000,1966.852,1493.013,1966.444,1493.205,0.451,0.000,0,0,0,0,0,0,7,10.197,10.499,0.627,0.000
10,-50,260,0,30.000,1966.852,1493.013,1966.427,1493.167,0.452,0.000,0,0,0,0,0,0,7,12.914,10.100,0.717,0.000
10,-50,265,0,30.000,1966.852,1493.013,1966.431,1493.161,0.446,0.000,0,0,0,0,0,0,7,9.807,11.941,0.515,0.000
10,-50,270,0,80.000,1966.852,1493.013,1966.437,1493.161,0.441,0.000,0,0,0,0,0,0,2,9.797,11.064,0.637,0.000
10,-50,275,0,60.000,1966.852,1493.013,1966.449,1493.173,0.434,0.000,0,0,0,0,0,0,4,12.207,12.762,0.647,0.000
10,-50,280,0,40.000,1966.852,1493.013,1966.452,1493.151,0.424,0.000,0,0,0,0,0,0,6,11.653,14.275,0.626,0.000
10,-50,285,0,40.000,1966.852,1493.013,1966.436,1493.164,0.443,0.000,0,0,0,0,0,0,6,9.012,11.911,0.509,0.000
10,-45,-10,0,0.000,1966.852,1493.013,,,,0.000,0,0,0,0,0,0,10,10.770,11.033,0.614,
10,-45,-5,0,0.000,1966.852,1493.013,,,,0.000,0,0,0,0,0,0,10,9.271,10.517,0.592,
10,-45,0,0,0.000,1966.852,1493.013,,,,0.000,0,0,0,0,0,0,10,9.132,13.971,0.541,
10,-45,5,0,0.000,1966.852,1493.013,,,,0.000,0,0,0,0,0,0,10,12.061,12.849,0.465,
10,-45,10,0,0.000,1966.852,1493.013,,,,0.000,0,0,0,0,0,0,10,11.827,12.675,0.588,
10,-45,15,0,0.000,1966.852,1493.013,,,,0.000,0,0,0,0,0,0,10,8.621,12.810,0.664,
10,-45,20,0,0.000,1966.852,1493.013,,,,0.000,0,0,0,0,0,0,10,12.935,6.157,0.573,
10,-45,25,0,0.000,1966.852,1493.013,,,,0.000,0,0,0,0,0,0,10,10.174,12.528,0.337,
10,-45,30,0,0.000,1966.852,1493.013,,,,0.000,0,0,0,0,0,0,10,11.184,7.872,0.595,
10,-45,35,0,0.000,1966.852,1493.013,,,,0.000,0,0,0,0,0,0,10,6.712,9.670,0.435,
10,-45,40,0,0.000,1966.852,1493.013,,,,0.000,0,0,0,0,0,0,10,10.720,8.482,0.617,
10,-45,45,0,0.000,1966.852,1493.013,,,,0.000,0,0,0,0,0,0,10,11.956,10.439,0.441,
10,-45,50,0,0.000,1966.852,1493.013,,,,0.000,0,0,0,0,0,0,10,14.122,9.789,0.432,
10,-45,55,0,0.000,1966.852,1493.013,,,,0.000,0,0,0,0,0,0,10,10.871,9.117,0.367,
10,-45,60,0,0.000,1966.852,1493.013,,,,0.000,0,0,0,0,0,0,10,11.827,10.643,0.631,
10,-45,65,0,0.000,1966.852,1493.013,,,,0.000,0,0,0,0,0,0,10,12.318,11.754,0.566,
10,-45,70,0,0.000,1966.852,1493.013,,,,0.000,0,0,0,0,0,0,10,11.217,9.929,0.556,
10,-45,75,0,0.000,1966.852,1493.013,,,,0.000,0,0,0,0,0,0,10,10.441,11.333,0.562,
10,-45,80,0,0.000,1966.852,1493.013,,,,0.000,0,0,0,0,0,0,10,12.550,10.191,0.556,
10,-45,85,0,0.000,1966.852,1493.013,,,,0.000,0,0,0,0,0,0,10,12.481,13.037,0.455,
10,-45,90,0,0.000,1966.852,1493.013,,,,0.000,0,0,0,0,0,0,10,11.027,11.937,0.573,
10,-45,95,0,0.000,1966.852,1493.013,,,,0.000,0,0,0,0,0,0,10,14.079,12.031,0.710,
10,-45,100,0,0.000,1966.852,1493.013,,,,0.000,0,0,0,0,0,0,10,12.552,13.271,0.443,
10,-45,105,0,0.000,1966.852,1493.013,,,,0.000,0,0,0,0,0,0,10,8.610,12.693,0.597,
10,-45,110,0,0.000,1966.852,1493.013,,,,0.000,0,0,0,0,0,0,10,11.037,9.352,0.548,
10,-45,115,0,0.000,1966.852,1493.013,,,,0.000,0,0,0,0,0,0,10,9.014,11.925,0.565,
10,-45,120,0,0.000,1966.852,1493.013,,,,0.000,0,0,0,0,0,0,10,10.427,11.119,0.592,
10,-45,125,0,0.000,1966.852,1493.013,,,,0.000,0,0,0,0,0,0,10,12.535,7.944,0.725,
10,-45,130,0,0.000,1966.852,1493.013,,,,0.000,0,0,0,0,0,0,10,8.342,14.701,0.576,
10,-45,135,0,0.000,1966.852,1493.013,,,,0.000,0,0,0,0,0,0,10,10.328,10.623,0.459,
10,-45,140,0,0.000,1966.852,1493.013,,,,0.000,0,0,0,0,0,0,10,9.893,12.458,0.623,
10,-45,145,0,0.000,1966.852,1493.013,,,,0.000,0,0,0,0,0,0,10,12.599,10.017,0.387,
10,-45,150,0,0.000,1966.852,1493.013,,,,0.000,0,0,0,0,0,0,10,12.392,14.233,0.644,
10,-45,155,0,0.000,1966.852,1493.013,,,,0.000,0,0,0,0,0,0,10,10.011,10.808,0.618,
10,-45,160,0,10.000,1966.852,1493.013,1966.423,1493.145,0.449,0.000,0,0,0,0,0,0,9,10.991,12.846,0.410,0.000
10,-45,165,0,0.000,1966.852,1493.013,,,,0.000,0,0,0,0,0,0,10,10.590,12.074,0.588,
10,-45,170,0,0.000,1966.852,1493.013,,,,0.000,0,0,0,0,0,0,10,10.387,10.640,0.611,
10,-45,175,0,10.000,1966.852,1493.013,1966.465,1493.222,0.440,0.000,0,0,0,0,0,0,9,11.396,11.910,0.564,0.000
10,-45,180,0,0.000,1966.852,1493.013,,,,0.000,0,0,0,0,0,0,10,10.409,11.052,0.629,
10,-45,185,0,10.000,1966.852,1493.013,1966.437,1493.224,0.466,0.000,0,0,0,0,0,0,9,11.043,11.753,0.493,0.000
10,-45,190,0,20.000,1966.852,1493.013,1966.476,1493.193,0.417,0.000,0,0,0,0,0,0,8,11.398,12.001,0.427,0.000
10,-45,195,0,10.000,1966.852,1493.013,1966.391,1493.237,0.513,0.000,0,0,0,0,0,0,9,11.749,10.647,0.474,0.000
10,-45,200,0,30.000,1966.852,1493.013,1966.431,1493.177,0.452,0.000,0,0,0,0,0,0,7,13.257,12.370,0.405,0.000
10,-45,205,0,10.000,1966.852,1493.013,1966.478,1493.221,0.428,0.000,0,0,0,0,0,0,9,9.286,12.513,0.418,0.000
10,-45,210,0,40.000,1966.852,1493.013,1966.453,1493.201,0.442,0.000,0,0,0,0,0,0,6,11.187,11.825,0.590,0.000
10,-45,215,0,50.000,1966.852,1493.013,1966.454,1493.159,0.424,0.000,0,0,0,0,0,0,5,11.215,10.610,0.503,0.000
10,-45,220,0,20.000,1966.852,1493.013,1966.429,1493.156,0.447,0.000,0,0,0,0,0,0,8,10.287,10.496,0.471,0.000
10,-45,225,0,10.000,1966.852,1493.013,1966.424,1493.150,0.449,0.000,0,0,0,0,0,0,9,8.054,7.183,0.611,0.000
10,-45,230,0,30.000,1966.852,1493.013,1966.471,1493.177,0.415,0.000,0,0,0,0,0,0,7,8.951,12.315,0.634,0.000
10,-45,235,0,20.000,1966.852,1493.013,1966.455,1493.189,0.435,0.000,0,0,0,0,0,0,8,11.234,7.446,0.693,0.000
10,-45,240,0,40.000,1966.852,1493.013,1966.437,1493.187,0.451,0.000,0,0,0,0,0,0,6,12.031,10.207,0.500,0.000
10,-45,245,0,40.000,1966.852,1493.013,1966.450,1493.189,0.439,0.000,0,0,0,0,0,0,6,9.930,8.024,0.652,0.000
10,-45,250,0,40.000,1966.852,1493.013,1966.450,1493.162,0.429,0.000,0,0,0,0,0,0,6,10.353,9.372,0.620,0.000
10,-45,255,0,80.000,1966.852,1493.013,1966.449,1493.162,0.430,0.000,0,0,0,0,0,0,2,9.249,10.653,0.606,0.000
10,-45,260,0,60.000,1966.852,1493.013,1966.449,1493.176,0.435,0.000,0,0,0,0,0,0,4,10.174,12.990,0.504,0.000
10,-45,265,0,50.000,1966.852,1493.013,1966.434,1493.157,0.442,0.000,0,0,0,0,0,0,5,12.675,13.112,0.438,0.000
10,-45,270,0,50.000,1966.852,1493.013,1966.430,1493.167,0.449,0.000,0,0,0,0,0,0,5,10.996,9.162,0.598,0.000
10,-45,275,0,50.000,1966.852,1493.013,1966.435,1493.180,0.450,0.000,0,0,0,0,0,0,5,11.443,12.930,0.566,0.000
10,-45,280,0,70.000,1966.852,1493.013,1966.440,1493.162,0.438,0.000,0,0,0,0,0,0,3,9.765,12.729,0.525,0.000
10,-45,285,0,40.000,1966.852,1493.013,1966.420,1493.197,0.470,0.200,1,0,2,0,0,0,4,9.519,8.912,0.630,0.000
10,-40,-10,0,0.000,1966.852,1493.013,,,,0.000,0,0,0,0,0,0,10,13.929,12.242,0.388,
10,-40,-5,0,0.000,1966.852,1493.013,,,,0.000,0,0,0,0,0,0,10,12.320,10.225,0.586,
10,-40,0,0,0.000,1966.852,1493.013,,,,0.000,0,0,0,0,0,0,10,8.677,11.415,0.362,
10,-40,5,0,0.000,1966.852,1493.013,,,,0.000,0,0,0,0,0,0,10,13.347,11.262,0.616,
10,-40,10,0,0.000,1966.852,1493.013,,,,0.000,0,0,0,0,0,0,10,8.232,11.128,0.733,
10,-40,15,0,0.000,1966.852,1493.013,,,,0.000,0,0,0,0,0,0,10,14.203,11.095,0.418,
10,-40,20,0,0.000,1966.852,1493.013,,,,0.000,0,0,0,0,0,0,10,11.233,10.973,0.395,
10,-40,25,0,0.000,1966.852,1493.013,,,,0.000,0,0,0,0,0,0,10,9.885,13.300,0.585,
10,-40,30,0,0.000,1966.852,1493.013,,,,0.000,0,0,0,0,0,0,10,10.631,9.205,0.611,
10,-40,35,0,0.000,1966.852,1493.013,,,,0.000,0,0,0,0,0,0,10,10.814,8.447,0.524,
10,-40,40,0,0.000,1966.852,1493.013,,,,0.000,0,0,0,0,0,0,10,8.295,13.271,0.703,
10,-40,45,0,0.000,1966.852,1493.013,,,,0.000,0,0,0,0,0,0,10,9.704,14.095,0.681,
10,-40,50,0,0.000,1966.852,1493.013,,,,0.000,0,0,0,0,0,0,10,11.712,10.203,0.411,
10,-40,55,0,0.000,1966.852,1493.013,,,,0.000,0,0,0,0,0,0,10,11.897,11.707,0.498,
10,-40,60,0,0.000,1966.852,1493.013,,,,0.000,0,0,0,0,0,0,10,9.425,12.014,0.486,
10,-40,65,0,0.000,1966.852,1493.013,,,,0.000,0,0,0,0,0,0,10,11.618,12.457,0.558,
10,-40,70,0,0.000,1966.852,1493.013,,,,0.000,0,0,0,0,0,0,10,8.448,10.497,0.619,
10,-40,75,0,0.000,1966.852,1493.013,,,,0.000,0,0,0,0,0,0,10,12.872,10.979,0.497,
10,-40,80,0,0.000,1966.852,1493.013,,,,0.000,0,0,0,0,0,0,10,7.345,12.368,0.534,
10,-40,85,0,0.000,1966.852,1493.013,,,,0.000,0,0,0,0,0,0,10,9.197,14.199,0.607,
10,-40,90,0,0.000,1966.852,1493.013,,,,0.000,0,0,0,0,0,0,10,9.971,9.839,0.532,
10,-40,95,0,0.000,1966.852,1493.013,,,,0.000,0,0,0,0,0,0,10,13.310,10.360,0.508,
10,-40,100,0,0.000,1966.852,1493.013,,,,0.000,0,0,0,0,0,0,10,12.522,11.422,0.293,
10,-40,105,0,0.000,1966.852,1493.013,,,,0.000,0,0,0,0,0,0,10,11.150,11.964,0.583,
10,-40,110,0,0.000,1966.852,1493.013,,,,0.000,0,0,0,0,0,0,10,11.270,11.319,0.492,
10,-40,115,0,0.000,1966.852,1493.013,,,,0.000,0,0,0,0,0,0,10,8.317,8.092,0.605,
10,-40,120,0,0.000,1966.852,1493.013,,,,0.000,0,0,0,0,0,0,10,13.064,10.905,0.635,
10,-40,125,0,0.000,1966.852,1493.013,,,,0.000,0,0,0,0,0,0,10,8.146,11.019,0.576,
10,-40,130,0,0.000,1966.852,1493.013,,,,0.000,0,0,0,0,0,0,10,10.879,7.399,0.534,
10,-40,135,0,10.000,1966.852,1493.013,1966.480,1493.221,0.426,0.000,0,0,0,0,0,0,9,12.185,9.325,0.382,0.000
10,-40,140,0,0.000,1966.852,1493.013,,,,0.000,0,0,0,0,0,0,10,7.411,11.600,0.600,
10,-40,145,0,0.000,1966.852,1493.013,,,,0.000,0,0,0,0,0,0,10,12.634,13.878,0.575,
10,-40,150,0,0.000,1966.852,1493.013,,,,0.000,0,0,0,0,0,0,10,9.372,11.523,0.484,
10,-40,155,0,0.000,1966.852,1493.013,,,,0.000,0,0,0,0,0,0,10,11.831,12.458,0.528,
10,-40,160,0,10.000,1966.852,1493.013,1966.473,1493.222,0.433,0.000,0,0,0,0,0,0,9,12.231,9.904,0.283,0.000
10,-40,165,0,0.000,1966.852,1493.013,,,,0.000,0,0,0,0,0,0,10,9.126,12.372,0.550,
10,-40,170,0,20.000,1966.852,1493.013,1966.458,1493.176,0.426,0.000,0,0,0,0,0,0,8,11.536,10.214,0.575,0.000
10,-40,175,0,10.000,1966.852,1493.013,1966.420,1493.140,0.450,0.000,0,0,0,0,0,0,9,11.554,10.401,0.448,0.000
10,-40,180,0,10.000,1966.852,1493.013,1966.448,1493.178,0.436,0.000,0,0,0,0,0,0,9,10.212,14.722,0.411,0.000
10,-40,185,0,30.000,1966.852,1493.013,1966.482,1493.188,0.410,0.000,0,0,0,0,0,0,7,11.751,11.480,0.577,0.000
10,-40,190,0,40.000,1966.852,1493.013,1966.452,1493.177,0.432,0.000,0,0,0,0,0,0,6,12.368,10.620,0.565,0.000
10,-40,195,0,30.000,1966.852,1493.013,1966.447,1493.163,0.432,0.000,0,0,0,0,0,0,7,9.334,6.077,0.546,0.000
10,-40,200,0,20.000,1966.852,1493.013,1966.438,1493.167,0.441,0.000,0,0,0,0,0,0,8,11.572,13.790,0.525,0.000
10,-40,205,0,20.000,1966.852,1493.013,1966.443,1493.141,0.429,0.000,0,0,0,0,0,0,8,12.524,12.174,0.522,0.000
10,-40,210,0,40.000,1966.852,1493.013,1966.443,1493.161,0.435,0.000,0,0,0,0,0,0,6,12.936,9.078,0.679,0.000
10,-40,215,0,20.000,1966.852,1493.013,1966.437,1493.153,0.438,0.000,0,0,0,0,0,0,8,12.859,10.950,0.571,0.000
10,-40,220,0,60.000,1966.852,1493.013,1966.457,1493.161,0.422,0.000,0,0,0,0,0,0,4,12.488,11.964,0.677,0.000
10,-40,225,0,50.000,1966.852,1493.013,1966.428,1493.164,0.450,0.000,0,0,0,0,0,0,5,9.700,12.263,0.600,0.000
10,-40,230,0,50.000,1966.852,1493.013,1966.455,1493.165,0.425,0.000,0,0,0,0,0,0,5,10.224,10.065,0.628,0.000
10,-40,235,0,60.000,1966.852,1493.013,1966.449,1493.185,0.439,0.000,0,0,0,0,0,0,4,9.670,11.037,0.588,0.000
10,-40,240,0,40.000,1966.852,1493.013,1966.416,1493.175,0.465,0.000,0,0,0,0,0,0,6,9.846,10.379,0.619,0.000
10,-40,245,0,60.000,1966.852,1493.013,1966.427,1493.179,0.456,0.000,0,0,0,0,0,0,4,12.731,11.129,0.479,0.000
10,-40,250,0,50.000,1966.852,1493.013,1966.449,1493.147,0.425,0.000,0,0,0,0,0,0,5,9.745,10.090,0.461,0.000
10,-40,255,0,40.000,1966.852,1493.013,1966.451,1493.167,0.430,0.000,0,0,0,0,0,0,6,13.920,14.286,0.563,0.000
10,-40,260,0,40.000,1966.852,1493.013,1966.445,1493.178,0.440,0.000,0,0,0,0,0,0,6,13.506,11.274,0.530,0.000
10,-40,265,0,70.000,1966.852,1493.013,1966.451,1493.163,0.428,0.000,0,0,0,0,0,0,3,12.893,11.653,0.528,0.000
10,-40,270,0,70.000,1966.852,1493.013,1966.438,1493.184,0.448,0.000,0,0,0,0,0,0,3,11.002,11.250,0.515,0.000
10,-40,275,0,40.000,1966.852,1493.013,1966.457,1493.173,0.427,0.000,0,0,0,0,0,0,6,12.259,11.319,0.730,0.000
10,-40,280,0,70.000,1966.852,1493.013,1966.438,1493.155,0.438,0.000,0,0,0,0,0,0,3,13.808,11.045,0.637,0.000
10,-40,285,0,90.000,1966.852,1493.013,1966.452,1493.178,0.433,0.000,0,0,0,0,0,0,1,7.277,12.590,0.501,0.000
10,-35,-10,0,0.000,1966.852,1493.013,,,,0.000,0,0,0,0,0,0,10,10.255,12.707,0.649,
10,-35,-5,0,0.000,1966.852,1493.013,,,,0.000,0,0,0,0,0,0,10,10.539,12.233,0.391,
10,-35,0,0,0.000,1966.852,1493.013,,,,0.000,0,0,0,0,0,0,10,10.286,12.173,0.541,
10,-35,5,0,0.000,1966.852,1493.013,,,,0.000,0,0,0,0,0,0,10,12.711,9.655,0.548,
10,-35,10,0,0.000,1966.852,1493.013,,,,0.000,0,0,0,0,0,0,10,10.875,7.235,0.461,
10,-35,15,0,0.000,1966.852,1493.013,,,,0.000,0,0,0,0,0,0,10,11.230,12.246,0.484,
10,-35,20,0,0.000,1966.852,1493.013,,,,0.000,0,0,0,0,0,0,10,9.667,12.344,0.706,
10,-35,25,0,0.000,1966.852,1493.013,,,,0.000,0,0,0,0,0,0,10,4.831,12.700,0.453,
10,-35,30,0,0.000,1966.852,1493.013,,,,0.000,0,0,0,0,0,0,10,10.735,12.002,0.593,
10,-35,35,0,0.000,1966.852,1493.013,,,,0.000,0,0,0,0,0,0,10,13.550,11.975,0.580,
10,-35,40,0,0.000,1966.852,1493.013,,,,0.000,0,0,0,0,0,0,10,11.877,13.132,0.578,
10,-35,45,0,0.000,1966.852,1493.013,,,,0.000,0,0,0,0,0,0,10,13.485,11.118,0.555,
10,-35,50,0,0.000,1966.852,1493.013,,,,0.000,0,0,0,0,0,0,10,11.258,9.617,0.604,
10,-35,55,0,0.000,1966.852,1493.013,,,,0.000,0,0,0,0,0,0,10,12.062,11.758,0.344,
10,-35,60,0,0.000,1966.852,1493.013,,,,0.000,0,0,0,0,0,0,10,11.070,9.307,0.495,
10,-35,65,0,0.000,1966.852,1493.013,,,,0.000,0,0,0,0,0,0,10,8.926,11.528,0.335,
10,-35,70,0,0.000,1966.852,1493.013,,,,0.000,0,0,0,0,0,0,10,11.623,12.848,0.542,
10,-35,75,0,0.000,1966.852,1493.013,,,,0.000,0,0,0,0,0,0,10,9.827,11.170,0.563,
10,-35,80,0,0.000,1966.852,1493.013,,,,0.000,0,0,0,0,0,0,10,7.800,10.646,0.609,
10,-35,85,0,0.000,1966.852,1493.013,,,,0.000,0,0,0,0,0,0,10,8.711,13.369,0.441,
10,-35,90,0,10.000,1966.852,1493.013,1966.451,1493.128,0.418,0.000,0,0,0,0,0,0,9,12.904,7.095,0.599,0.000
10,-35,95,0,0.000,1966.852,1493.013,,,,0.000,0,0,0,0,0,0,10,14.152,11.776,0.565,
10,-35,100,0,0.000,1966.852,1493.013,,,,0.000,0,0,0,0,0,0,10,10.937,14.055,0.385,
10,-35,105,0,0.000,1966.852,1493.013,,,,0.000,0,0,0,0,0,0,10,13.596,10.619,0.623,
10,-35,110,0,0.000,1966.852,1493.013,,,,0.000,0,0,0,0,0,0,10,12.854,12.261,0.565,
10,-35,115,0,10.000,1966.852,1493.013,1966.382,1493.186,0.501,0.000,0,0,0,0,0,0,9,9.951,7.765,0.543,0.000
10,-35,120,0,0.000,1966.852,1493.013,,,,0.000,0,0,0,0,0,0,10,8.863,13.623,0.534,
10,-35,125,0,30.000,1966.852,1493.013,1966.468,1493.191,0.424,0.000,0,0,0,0,0,0,7,12.521,11.975,0.527,0.000
10,-35,130,0,0.000,1966.852,1493.013,,,,0.000,0,0,0,0,0,0,10,13.278,8.122,0.600,
10,-35,135,0,0.000,1966.852,1493.013,,,,0.000,0,0,0,0,0,0,10,9.843,10.142,0.540,
10,-35,140,0,20.000,1966.852,1493.013,1966.454,1493.215,0.447,0.000,0,0,0,0,0,0,8,10.499,10.653,0.398,0.000
10,-35,145,0,10.000,1966.852,1493.013,1966.428,1493.227,0.476,0.000,0,0,0,0,0,0,9,9.897,10.910,0.423,0.000
10,-35,150,0,30.000,1966.852,1493.013,1966.463,1493.179,0.423,0.000,0,0,0,0,0,0,7,10.091,12.057,0.698,0.000
10,-35,155,0,20.000,1966.852,1493.013,1966.470,1493.183,0.418,0.000,0,0,0,0,0,0,8,10.322,9.237,0.534,0.000
10,-35,160,0,20.000,1966.852,1493.013,1966.416,1493.138,0.454,0.000,0,0,0,0,0,0,8,10.968,8.375,0.569,0.000
10,-35,165,0,40.000,1966.852,1493.013,1966.449,1493.189,0.440,0.000,0,0,0,0,0,0,6,14.061,10.501,0.644,0.000
10,-35,170,0,30.000,1966.852,1493.013,1966.453,1493.167,0.427,0.000,0,0,0,0,0,0,7,13.025,7.499,0.514,0.000
10,-35,175,0,40.000,1966.852,1493.013,1966.437,1493.182,0.448,0.000,0,0,0,0,0,0,6,11.517,12.816,0.315,0.000
10,-35,180,0,30.000,1966.852,1493.013,1966.462,1493.213,0.438,0.000,0,0,0,0,0,0,7,11.549,9.294,0.392,0.000
10,-35,185,0,20.000,1966.852,1493.013,1966.472,1493.221,0.433,0.000,0,0,0,0,0,0,8,10.235,11.038,0.684,0.000
10,-35,190,0,30.000,1966.852,1493.013,1966.428,1493.191,0.460,0.000,0,0,0,0,0,0,7,9.233,6.986,0.592,0.000
10,-35,195,0,30.000,1966.852,1493.013,1966.438,1493.165,0.441,0.000,0,0,0,0,0,0,7,13.575,12.836,0.565,0.000
10,-35,200,0,50.000,1966.852,1493.013,1966.467,1493.161,0.413,0.000,0,0,0,0,0,0,5,13.207,9.055,0.406,0.000
10,-35,205,0,40.000,1966.852,1493.013,1966.459,1493.187,0.430,0.000,0,0,0,0,0,0,6,9.803,9.659,0.496,0.000
10,-35,210,0,60.000,1966.852,1493.013,1966.461,1493.181,0.426,0.000,0,0,0,0,0,0,4,9.203,9.227,0.426,0.000
10,-35,215,0,50.000,1966.852,1493.013,1966.439,1493.180,0.446,0.000,0,0,0,0,0,0,5,9.454,10.813,0.720,0.000
10,-35,220,0,60.000,1966.852,1493.013,1966.465,1493.179,0.421,0.000,0,0,0,0,0,0,4,13.466,8.687,0.659,0.000
10,-35,225,0,60.000,1966.852,1493.013,1966.442,1493.192,0.448,0.000,0,0,0,0,0,0,4,10.501,12.320,0.339,0.000
10,-35,230,0,40.000,1966.852,1493.013,1966.432,1493.175,0.450,0.000,0,0,0,0,0,0,6,12.855,10.196,0.576,0.000
10,-35,235,0,60.000,1966.852,1493.013,1966.443,1493.168,0.437,0.000,0,0,0,0,0,0,4,12.928,13.140,0.492,0.000
10,-35,240,0,70.000,1966.852,1493.013,1966.438,1493.170,0.443,0.000,0,0,0,0,0,0,3,8.586,9.669,0.543,0.000
10,-35,245,0,70.000,1966.852,1493.013,1966.452,1493.171,0.430,0.000,0,0,0,0,0,0,3,13.072,5.893,0.648,0.000
10,-35,250,0,80.000,1966.852,1493.013,1966.446,1493.171,0.436,0.000,0,0,0,0,0,0,2,6.408,12.069,0.601,0.000
10,-35,255,0,60.000,1966.852,1493.013,1966.445,1493.169,0.436,0.000,0,0,0,0,0,0,4,9.970,13.070,0.580,0.000
10,-35,260,0,60.000,1966.852,1493.013,1966.431,1493.188,0.456,0.000,0,0,0,0,0,0,4,11.222,9.844,0.595,0.000
10,-35,265,0,100.000,1966.852,1493.013,1966.447,1493.180,0.438,0.000,0,0,0,0,0,0,0,9.227,11.492,0.429,0.000
10,-35,270,0,90.000,1966.852,1493.013,1966.448,1493.179,0.437,0.000,0,0,0,0,0,0,1,11.113,8.435,0.585,0.000
10,-35,275,0,80.000,1966.852,1493.013,1966.438,1493.163,0.441,0.000,0,0,0,0,0,0,2,10.217,11.086,0.373,0.000
10,-35,280,0,80.000,1966.852,1493.013,1966.446,1493.195,0.445,0.000,0,0,0,0,0,0,2,12.556,12.379,0.548,0.000
10,-35,285,0,90.000,1966.852,1493.013,1966.444,1493.175,0.440,0.000,0,0,0,0,0,0,1,12.947,11.630,0.658,0.000
10,-30,-10,0,0.000,1966.852,1493.013,,,,0.000,0,0,0,0,0,0,10,14.420,10.748,0.596,
10,-30,-5,0,0.000,1966.852,1493.013,,,,0.000,0,0,0,0,0,0,10,8.909,11.458,0.457,
10,-30,0,0,0.000,1966.852,1493.013,,,,0.000,0,0,0,0,0,0,10,14.986,12.297,0.466,
10,-30,5,0,0.000,1966.852,1493.013,,,,0.000,0,0,0,0,0,0,10,12.455,9.750,0.425,
10,-30,10,0,0.000,1966.852,1493.013,,,,0.000,0,0,0,0,0,0,10,10.570,10.314,0.487,
10,-30,15,0,0.000,1966.852,1493.013,,,,0.000,0,0,0,0,0,0,10,12.638,9.994,0.610,
10,-30,20,0,0.000,1966.852,1493.013,,,,0.000,0,0,0,0,0,0,10,9.417,13.479,0.631,
10,-30,25,0,0.000,1966.852,1493.013,,,,0.000,0,0,0,0,0,0,10,11.608,10.294,0.514,
10,-30,30,0,0.000,1966.852,1493.013,,,,0.000,0,0,0,0,0,0,10,9.876,9.338,0.400,
10,-30,35,0,0.000,1966.852,1493.013,,,,0.000,0,0,0,0,0,0,10,11.037,9.978,0.519,
10,-30,40,0,0.000,1966.852,1493.013,,,,0.000,0,0,0,0,0,0,10,12.560,12.733,0.513,
10,-30,45,0,0.000,1966.852,1493.013,,,,0.000,0,0,0,0,0,0,10,11.608,10.928,0.462,
10,-30,50,0,0.000,1966.852,1493.013,,,,0.000,0,0,0,0,0,0,10,9.538,9.440,0.659,
10,-30,55,0,0.000,1966.852,1493.013,,,,0.000,0,0,0,0,0,0,10,9.840,11.799,0.354,
10,-30,60,0,0.000,1966.852,1493.013,,,,0.000,0,0,0,0,0,0,10,10.008,11.224,0.619,
10,-30,65,0,10.000,1966.852,1493.013,1966.426,1493.153,0.449,0.000,0,0,0,0,0,0,9,12.959,13.241,0.360,0.000
10,-30,70,0,0.000,1966.852,1493.013,,,,0.000,0,0,0,0,0,0,10,11.392,9.848,0.504,
10,-30,75,0,0.000,1966.852,1493.013,,,,0.000,0,0,0,0,0,0,10,10.753,10.150,0.588,
10,-30,80,0,10.000,1966.852,1493.013,1966.432,1493.180,0.452,0.000,0,0,0,0,0,0,9,13.476,9.141,0.492,0.000
10,-30,85,0,20.000,1966.852,1493.013,1966.443,1493.169,0.437,0.000,0,0,0,0,0,0,8,13.755,12.604,0.502,0.000
10,-30,90,0,10.000,1966.852,1493.013,1966.467,1493.205,0.430,0.000,0,0,0,0,0,0,9,12.641,13.121,0.562,0.000
10,-30,95,0,10.000,1966.852,1493.013,1966.447,1493.225,0.457,0.000,0,0,0,0,0,0,9,11.087,14.033,0.490,0.000
10,-30,100,0,10.000,1966.852,1493.013,1966.481,1493.209,0.420,0.000,0,0,0,0,0,0,9,9.321,9.303,0.312,0.000
10,-30,105,0,10.000,1966.852,1493.013,1966.435,1493.151,0.439,0.000,0,0,0,0,0,0,9,11.234,12.653,0.505,0.000
10,-30,110,0,20.000,1966.852,1493.013,1966.462,1493.179,0.424,0.000,0,0,0,0,0,0,8,13.736,10.717,0.730,0.000
10,-30,115,0,50.000,1966.852,1493.013,1966.439,1493.205,0.456,0.000,0,0,0,0,0,0,5,10.367,11.067,0.483,0.000
10,-30,120,0,10.000,1966.852,1493.013,1966.440,1493.208,0.456,0.000,0,0,0,0,0,0,9,9.924,9.801,0.499,0.000
10,-30,125,0,40.000,1966.852,1493.013,1966.463,1493.209,0.436,0.000,0,0,0,0,0,0,6,13.097,11.192,0.644,0.000
10,-30,130,0,20.000,1966.852,1493.013,1966.438,1493.202,0.455,0.000,0,0,0,0,0,0,8,9.950,9.683,0.420,0.000
10,-30,135,0,20.000,1966.852,1493.013,1966.466,1493.176,0.419,0.000,0,0,0,0,0,0,8,11.407,9.815,0.492,0.000
10,-30,140,0,20.000,1966.852,1493.013,1966.439,1493.140,0.432,0.000,0,0,0,0,0,0,8,8.811,9.521,0.591,0.000
10,-30,145,0,20.000,1966.852,1493.013,1966.447,1493.180,0.438,0.000,0,0,0,0,0,0,8,8.887,10.222,0.563,0.000
10,-30,150,0,30.000,1966.852,1493.013,1966.453,1493.164,0.427,0.000,0,0,0,0,0,0,7,10.900,8.670,0.398,0.000
10,-30,155,0,30.000,1966.852,1493.013,1966.456,1493.154,0.420,0.000,0,0,0,0,0,0,7,10.824,13.618,0.492,0.000
10,-30,160,0,60.000,1966.852,1493.013,1966.460,1493.177,0.425,0.000,0,0,0,0,0,0,4,8.651,11.069,0.554,0.000
10,-30,165,0,30.000,1966.852,1493.013,1966.449,1493.193,0.441,0.000,0,0,0,0,0,0,7,11.764,11.761,0.443,0.000
10,-30,170,0,20.000,1966.852,1493.013,1966.434,1493.132,0.435,0.000,0,0,0,0,0,0,8,10.756,10.896,0.605,0.000
10,-30,175,0,40.000,1966.852,1493.013,1966.430,1493.154,0.445,0.000,0,0,0,0,0,0,6,12.543,8.552,0.497,0.000
10,-30,180,0,50.000,1966.852,1493.013,1966.459,1493.179,0.427,0.000,0,0,0,0,0,0,5,12.173,11.102,0.627,0.000
10,-30,185,0,40.000,1966.852,1493.013,1966.462,1493.195,0.430,0.000,0,0,0,0,0,0,6,10.591,11.115,0.455,0.000
10,-30,190,0,60.000,1966.852,1493.013,1966.446,1493.151,0.429,0.000,0,0,0,0,0,0,4,12.708,12.300,0.437,0.000
10,-30,195,0,40.000,1966.852,1493.013,1966.449,1493.177,0.435,0.000,0,0,0,0,0,0,6,9.010,11.002,0.608,0.000
10,-30,200,0,40.000,1966.852,1493.013,1966.452,1493.174,0.431,0.000,0,0,0,0,0,0,6,9.896,11.326,0.569,0.000
10,-30,205,0,50.000,1966.852,1493.013,1966.458,1493.162,0.421,0.000,0,0,0,0,0,0,5,10.820,7.777,0.710,0.000
10,-30,210,0,60.000,1966.852,1493.013,1966.459,1493.166,0.422,0.000,0,0,0,0,0,0,4,13.074,11.883,0.595,0.000
10,-30,215,0,70.000,1966.852,1493.013,1966.452,1493.184,0.435,0.000,0,0,0,0,0,0,3,11.106,9.777,0.615,0.000
10,-30,220,0,70.000,1966.852,1493.013,1966.438,1493.163,0.441,0.000,0,0,0,0,0,0,3,11.077,11.592,0.618,0.000
10,-30,225,0,80.000,1966.852,1493.013,1966.466,1493.190,0.425,0.000,0,0,0,0,0,0,2,10.973,13.078,0.478,0.000
10,-30,230,0,90.000,1966.852,1493.013,1966.440,1493.168,0.440,0.000,0,0,0,0,0,0,1,9.467,8.543,0.481,0.000
10,-30,235,0,80.000,1966.852,1493.013,1966.434,1493.146,0.439,0.000,0,0,0,0,0,0,2,9.274,11.493,0.563,0.000
10,-30,240,0,70.000,1966.852,1493.013,1966.452,1493.175,0.432,0.000,0,0,0,0,0,0,3,13.284,9.842,0.606,0.000
10,-30,245,0,90.000,1966.852,1493.013,1966.431,1493.174,0.451,0.000,0,0,0,0,0,0,1,9.042,12.677,0.559,0.000
10,-30,250,0,90.000,1966.852,1493.013,1966.451,1493.181,0.435,0.000,0,0,0,0,0,0,1,10.307,7.507,0.662,0.000
10,-30,255,0,100.000,1966.852,1493.013,1966.456,1493.172,0.427,0.000,0,0,0,0,0,0,0,7.898,12.419,0.517,0.000
10,-30,260,0,70.000,1966.852,1493.013,1966.453,1493.163,0.427,0.000,0,0,0,0,0,0,3,11.963,11.389,0.593,0.000
10,-30,265,0,80.000,1966.852,1493.013,1966.436,1493.164,0.443,0.000,0,0,0,0,0,0,2,12.419,10.032,0.672,0.000
10,-30,270,0,80.000,1966.852,1493.013,1966.445,1493.157,0.432,0.000,0,0,0,0,0,0,2,10.822,6.696,0.319,0.000
10,-30,275,0,70.000,1966.852,1493.013,1966.447,1493.184,0.439,0.100,1,0,1,0,0,0,2,10.295,11.776,0.597,0.000
10,-30,280,0,70.000,1966.852,1493.013,1966.459,1493.191,0.432,0.000,0,0,0,0,0,0,3,10.631,11.439,0.519,0.000
10,-30,285,0,100.000,1966.852,1493.013,1966.438,1493.157,0.439,0.000,0,0,0,0,0,0,0,9.648,9.047,0.477,0.000
10,-25,-10,0,0.000,1966.852,1493.013,,,,0.000,0,0,0,0,0,0,10,10.986,13.335,0.487,
10,-25,-5,0,0.000,1966.852,1493.013,,,,0.000,0,0,0,0,0,0,10,11.481,12.280,0.525,
10,-25,0,0,0.000,1966.852,1493.013,,,,0.000,0,0,0,0,0,0,10,8.169,11.441,0.612,
10,-25,5,0,0.000,1966.852,1493.013,,,,0.000,0,0,0,0,0,0,10,11.508,13.271,0.473,
10,-25,10,0,0.000,1966.852,1493.013,,,,0.000,0,0,0,0,0,0,10,10.683,11.743,0.487,
10,-25,15,0,0.000,1966.852,1493.013,,,,0.000,0,0,0,0,0,0,10,13.743,11.672,0.478,
10,-25,20,0,0.000,1966.852,1493.013,,,,0.000,0,0,0,0,0,0,10,7.235,11.615,0.523,
10,-25,25,0,0.000,1966.852,1493.013,,,,0.000,0,0,0,0,0,0,10,13.201,13.547,0.633,
10,-25,30,0,0.000,1966.852,1493.013,,,,0.000,0,0,0,0,0,0,10,8.213,9.788,0.587,
10,-25,35,0,0.000,1966.852,1493.013,,,,0.000,0,0,0,0,0,0,10,9.789,12.950,0.695,
10,-25,40,0,0.000,1966.852,1493.013,,,,0.000,0,0,0,0,0,0,10,11.579,11.379,0.417,
10,-25,45,0,0.000,1966.852,1493.013,,,,0.000,0,0,0,0,0,0,10,10.581,11.827,0.502,
10,-25,50,0,0.000,1966.852,1493.013,,,,0.000,0,0,0,0,0,0,10,12.567,9.561,0.636,
10,-25,55,0,0.000,1966.852,1493.013,,,,0.000,0,0,0,0,0,0,10,10.902,11.462,0.591,
10,-25,60,0,0.000,1966.852,1493.013,,,,0.000,0,0,0,0,0,0,10,11.452,7.562,0.502,
10,-25,65,0,10.000,1966.852,1493.013,1966.437,1493.225,0.466,0.000,0,0,0,0,0,0,9,9.877,12.934,0.471,0.000
10,-25,70,0,10.000,1966.852,1493.013,1966.448,1493.224,0.456,0.000,0,0,0,0,0,0,9,8.581,13.494,0.494,0.000
10,-25,75,0,10.000,1966.852,1493.013,1966.450,1493.223,0.454,0.000,0,0,0,0,0,0,9,9.848,9.677,0.507,0.000
10,-25,80,0,10.000,1966.852,1493.013,1966.445,1493.160,0.433,0.000,0,0,0,0,0,0,9,11.434,12.524,0.307,0.000
10,-25,85,0,0.000,1966.852,1493.013,,,,0.000,0,0,0,0,0,0,10,7.841,6.899,0.341,
10,-25,90,0,20.000,1966.852,1493.013,1966.421,1493.190,0.467,0.000,0,0,0,0,0,0,8,12.039,9.328,0.538,0.000
10,-25,95,0,10.000,1966.852,1493.013,1966.400,1493.146,0.471,0.000,0,0,0,0,0,0,9,8.229,10.780,0.596,0.000
10,-25,100,0,10.000,1966.852,1493.013,1966.461,1493.168,0.421,0.000,0,0,0,0,0,0,9,9.442,9.603,0.470,0.000
10,-25,105,0,40.000,1966.852,1493.013,1966.429,1493.200,0.462,0.000,0,0,0,0,0,0,6,8.295,9.705,0.478,0.000
10,-25,110,0,30.000,1966.852,1493.013,1966.458,1493.167,0.423,0.000,0,0,0,0,0,0,7,12.123,10.680,0.507,0.000
10,-25,115,0,30.000,1966.852,1493.013,1966.438,1493.148,0.436,0.000,0,0,0,0,0,0,7,11.288,9.151,0.378,0.000
10,-25,120,0,40.000,1966.852,1493.013,1966.443,1493.184,0.444,0.000,0,0,0,0,0,0,6,11.902,8.150,0.680,0.000
10,-25,125,0,40.000,1966.852,1493.013,1966.446,1493.169,0.436,0.000,0,0,0,0,0,0,6,10.702,8.438,0.600,0.000
10,-25,130,0,40.000,1966.852,1493.013,1966.449,1493.171,0.433,0.000,0,0,0,0,0,0,6,13.670,13.460,0.628,0.000
10,-25,135,0,40.000,1966.852,1493.013,1966.449,1493.161,0.430,0.000,0,0,0,0,0,0,6,11.635,11.138,0.522,0.000
10,-25,140,0,30.000,1966.852,1493.013,1966.437,1493.191,0.452,0.000,0,0,0,0,0,0,7,9.544,11.164,0.651,0.000
10,-25,145,0,40.000,1966.852,1493.013,1966.417,1493.196,0.472,0.000,0,0,0,0,0,0,6,11.801,8.461,0.471,0.000
10,-25,150,0,50.000,1966.852,1493.013,1966.456,1493.188,0.433,0.000,0,0,0,0,0,0,5,12.305,11.571,0.613,0.000
10,-25,155,0,50.000,1966.852,1493.013,1966.431,1493.184,0.455,0.000,0,0,0,0,0,0,5,11.381,12.544,0.482,0.000
10,-25,160,0,70.000,1966.852,1493.013,1966.448,1493.182,0.438,0.000,0,0,0,0,0,0,3,12.105,10.082,0.590,0.000
10,-25,165,0,60.000,1966.852,1493.013,1966.448,1493.191,0.441,0.000,0,0,0,0,0,0,4,8.684,11.023,0.558,0.000
10,-25,170,0,60.000,1966.852,1493.013,1966.443,1493.177,0.441,0.000,0,0,0,0,0,0,4,13.245,9.841,0.722,0.000
10,-25,175,0,50.000,1966.852,1493.013,1966.451,1493.195,0.441,0.000,0,0,0,0,0,0,5,9.984,11.022,0.413,0.000
10,-25,180,0,70.000,1966.852,1493.013,1966.455,1493.172,0.428,0.000,0,0,0,0,0,0,3,10.598,12.632,0.595,0.000
10,-25,185,0,60.000,1966.852,1493.013,1966.443,1493.178,0.441,0.000,0,0,0,0,0,0,4,13.349,9.632,0.369,0.000
10,-25,190,0,30.000,1966.852,1493.013,1966.475,1493.177,0.411,0.000,0,0,0,0,0,0,7,7.657,9.668,0.554,0.000
10,-25,195,0,60.000,1966.852,1493.013,1966.453,1493.181,0.433,0.000,0,0,0,0,0,0,4,10.046,10.993,0.592,0.000
10,-25,200,0,60.000,1966.852,1493.013,1966.434,1493.156,0.442,0.000,0,0,0,0,0,0,4,12.196,12.731,0.562,0.000
10,-25,205,0,50.000,1966.852,1493.013,1966.460,1493.205,0.437,0.000,0,0,0,0,0,0,5,10.082,11.020,0.622,0.000
10,-25,210,0,80.000,1966.852,1493.013,1966.434,1493.166,0.445,0.000,0,0,0,0,0,0,2,12.207,11.507,0.575,0.000
10,-25,215,0,90.000,1966.852,1493.013,1966.458,1493.185,0.430,0.000,0,0,0,0,0,0,1,10.449,12.516,0.602,0.000
10,-25,220,0,100.000,1966.852,1493.013,1966.426,1493.176,0.456,0.000,0,0,0,0,0,0,0,11.873,11.735,0.415,0.000
10,-25,225,0,80.000,1966.852,1493.013,1966.438,1493.182,0.447,0.000,0,0,0,0,0,0,2,11.271,11.465,0.578,0.000
10,-25,230,0,70.000,1966.852,1493.013,1966.450,1493.168,0.431,0.000,0,0,0,0,0,0,3,11.954,10.682,0.590,0.000
10,-25,235,0,100.000,1966.852,1493.013,1966.448,1493.165,0.432,0.000,0,0,0,0,0,0,0,8.706,7.126,0.507,0.000
10,-25,240,0,90.000,1966.852,1493.013,1966.435,1493.179,0.449,0.100,1,0,1,0,0,0,0,9.565,12.514,0.622,0.000
10,-25,245,0,100.000,1966.852,1493.013,1966.442,1493.173,0.441,0.000,0,0,0,0,0,0,0,9.279,12.402,0.488,0.000
10,-25,250,0,90.000,1966.852,1493.013,1966.441,1493.167,0.439,0.000,0,0,0,0,0,0,1,10.746,10.347,0.487,0.000
10,-25,255,0,70.000,1966.852,1493.013,1966.441,1493.190,0.448,0.100,1,0,1,0,0,0,2,13.228,11.099,0.403,0.000
10,-25,260,0,70.000,1966.852,1493.013,1966.438,1493.162,0.440,0.000,0,0,0,0,0,0,3,13.485,13.329,0.522,0.000
10,-25,265,0,90.000,1966.852,1493.013,1966.432,1493.178,0.451,0.000,0,0,0,0,0,0,1,13.438,10.696,0.550,0.000
10,-25,270,0,100.000,1966.852,1493.013,1966.458,1493.178,0.427,0.000,0,0,0,0,0,0,0,14.455,10.135,0.543,0.000
10,-25,275,0,100.000,1966.852,1493.013,1966.452,1493.163,0.427,0.000,0,0,0,0,0,0,0,10.136,8.407,0.602,0.000
10,-25,280,0,90.000,1966.852,1493.013,1966.446,1493.170,0.436,0.100,1,0,1,0,0,0,0,9.406,12.475,0.432,0.000
10,-25,285,0,100.000,1966.852,1493.013,1966.452,1493.173,0.431,0.000,0,0,0,0,0,0,0,9.416,8.592,0.502,0.000
10,-20,-10,0,0.000,1966.852,1493.013,,,,0.000,0,0,0,0,0,0,10,10.048,13.033,0.554,
10,-20,-5,0,0.000,1966.852,1493.013,,,,0.000,0,0,0,0,0,0,10,8.892,7.305,0.550,
10,-20,0,0,10.000,1966.852,1493.013,1966.468,1493.219,0.436,0.000,0,0,0,0,0,0,9,11.187,10.199,0.343,0.000
10,-20,5,0,0.000,1966.852,1493.013,,,,0.000,0,0,0,0,0,0,10,7.970,10.045,0.565,
10,-20,10,0,0.000,1966.852,1493.013,,,,0.000,0,0,0,0,0,0,10,9.900,9.101,0.668,
10,-20,15,0,0.000,1966.852,1493.013,,,,0.000,0,0,0,0,0,0,10,8.047,10.984,0.450,
10,-20,20,0,0.000,1966.852,1493.013,,,,0.000,0,0,0,0,0,0,10,7.525,8.717,0.420,
10,-20,25,0,10.000,1966.852,1493.013,1966.457,1493.225,0.449,0.000,0,0,0,0,0,0,9,9.776,12.365,0.565,0.000
10,-20,30,0,30.000,1966.852,1493.013,1966.461,1493.197,0.432,0.000,0,0,0,0,0,0,7,13.711,9.603,0.418,0.000
10,-20,35,0,0.000,1966.852,1493.013,,,,0.000,0,0,0,0,0,0,10,13.525,12.925,0.481,
10,-20,40,0,10.000,1966.852,1493.013,1966.475,1493.222,0.431,0.000,0,0,0,0,0,0,9,11.277,13.523,0.678,0.000
10,-20,45,0,0.000,1966.852,1493.013,,,,0.000,0,0,0,0,0,0,10,10.651,9.888,0.530,
10,-20,50,0,10.000,1966.852,1493.013,1966.465,1493.220,0.439,0.000,0,0,0,0,0,0,9,10.893,13.675,0.505,0.000
10,-20,55,0,0.000,1966.852,1493.013,,,,0.000,0,0,0,0,0,0,10,9.207,9.119,0.547,
10,-20,60,0,0.000,1966.852,1493.013,,,,0.000,0,0,0,0,0,0,10,9.458,8.356,0.406,
10,-20,65,0,40.000,1966.852,1493.013,1966.434,1493.181,0.451,0.000,0,0,0,0,0,0,6,10.314,9.147,0.421,0.000
10,-20,70,0,40.000,1966.852,1493.013,1966.429,1493.181,0.456,0.000,0,0,0,0,0,0,6,13.277,12.344,0.545,0.000
10,-20,75,0,20.000,1966.852,1493.013,1966.439,1493.227,0.465,0.000,0,0,0,0,0,0,8,12.575,9.789,0.595,0.000
10,-20,80,0,30.000,1966.852,1493.013,1966.427,1493.174,0.455,0.000,0,0,0,0,0,0,7,11.724,13.526,0.556,0.000
10,-20,85,0,30.000,1966.852,1493.013,1966.438,1493.200,0.454,0.000,0,0,0,0,0,0,7,11.618,8.804,0.592,0.000
10,-20,90,0,40.000,1966.852,1493.013,1966.466,1493.181,0.422,0.000,0,0,0,0,0,0,6,11.725,11.754,0.521,0.000
10,-20,95,0,20.000,1966.852,1493.013,1966.469,1493.176,0.416,0.000,0,0,0,0,0,0,8,9.769,13.048,0.423,0.000
10,-20,100,0,20.000,1966.852,1493.013,1966.445,1493.201,0.448,0.000,0,0,0,0,0,0,8,6.386,10.977,0.485,0.000
10,-20,105,0,50.000,1966.852,1493.013,1966.417,1493.174,0.464,0.000,0,0,0,0,0,0,5,13.961,10.498,0.513,0.000
10,-20,110,0,30.000,1966.852,1493.013,1966.461,1493.223,0.445,0.000,0,0,0,0,0,0,7,11.441,11.944,0.560,0.000
10,-20,115,0,40.000,1966.852,1493.013,1966.432,1493.201,0.461,0.000,0,0,0,0,0,0,6,10.045,14.578,0.452,0.000
10,-20,120,0,40.000,1966.852,1493.013,1966.454,1493.185,0.434,0.000,0,0,0,0,0,0,6,10.820,9.499,0.680,0.000
10,-20,125,0,60.000,1966.852,1493.013,1966.449,1493.176,0.435,0.000,0,0,0,0,0,0,4,10.379,10.494,0.593,0.000
10,-20,130,0,20.000,1966.852,1493.013,1966.440,1493.185,0.447,0.000,0,0,0,0,0,0,8,9.153,11.150,0.775,0.000
10,-20,135,0,50.000,1966.852,1493.013,1966.431,1493.191,0.457,0.000,0,0,0,0,0,0,5,14.435,9.544,0.716,0.000
10,-20,140,0,40.000,1966.852,1493.013,1966.456,1493.194,0.436,0.000,0,0,0,0,0,0,6,9.911,11.129,0.567,0.000
10,-20,145,0,40.000,1966.852,1493.013,1966.453,1493.180,0.433,0.000,0,0,0,0,0,0,6,8.501,10.633,0.580,0.000
10,-20,150,0,70.000,1966.852,1493.013,1966.779,1493.088,0.105,0.000,0,0,0,0,0,0,3,11.577,11.239,0.468,0.000
10,-20,155,0,50.000,1966.852,1493.013,1966.452,1493.185,0.435,0.000,0,0,0,0,0,0,5,11.186,9.171,0.652,0.000
10,-20,160,0,80.000,1966.852,1493.013,1966.446,1493.197,0.446,0.000,0,0,0,0,0,0,2,9.383,11.901,0.566,0.000
10,-20,165,0,50.000,1966.852,1493.013,1966.435,1493.170,0.445,0.000,0,0,0,0,0,0,5,10.212,13.223,0.625,0.000
10,-20,170,0,80.000,1966.852,1493.013,1966.447,1493.202,0.448,0.000,0,0,0,0,0,0,2,11.537,8.572,0.636,0.000
10,-20,175,0,100.000,1966.852,1493.013,1966.440,1493.167,0.440,0.000,0,0,0,0,0,0,0,6.724,9.587,0.590,0.000
10,-20,180,0,70.000,1966.852,1493.013,1966.424,1493.149,0.450,0.000,0,0,0,0,0,0,3,11.412,12.414,0.425,0.000
10,-20,185,0,80.000,1966.852,1493.013,1966.459,1493.198,0.434,0.000,0,0,0,0,0,0,2,10.105,7.727,0.678,0.000
10,-20,190,0,70.000,1966.852,1493.013,1966.440,1493.174,0.442,0.000,0,0,0,0,0,0,3,13.558,11.625,0.542,0.000
10,-20,195,0,50.000,1966.852,1493.013,1966.427,1493.192,0.461,0.000,0,0,0,0,0,0,5,13.028,9.977,0.401,0.000
10,-20,200,0,80.000,1966.852,1493.013,1966.455,1493.163,0.425,0.000,0,0,0,0,0,0,2,11.715,10.930,0.429,0.000
10,-20,205,0,70.000,1966.852,1493.013,1966.457,1493.199,0.437,0.000,0,0,0,0,0,0,3,8.073,10.969,0.482,0.000
10,-20,210,0,60.000,1966.852,1493.013,1966.417,1493.176,0.464,0.000,0,0,0,0,0,0,4,12.449,9.728,0.513,0.000
10,-20,215,0,100.000,1966.852,1493.013,1966.433,1493.175,0.449,0.000,0,0,0,0,0,0,0,10.265,9.938,0.583,0.000
10,-20,220,0,90.000,1966.852,1493.013,1966.922,1493.046,0.077,0.000,0,0,0,0,0,0,1,10.829,13.444,0.510,0.000
10,-20,225,0,90.000,1966.852,1493.013,1966.446,1493.162,0.433,0.000,0,0,0,0,0,0,1,12.542,10.530,0.470,0.000
10,-20,230,0,90.000,1966.852,1493.013,1966.461,1493.173,0.422,0.000,0,0,0,0,0,0,1,11.423,11.612,0.543,0.000
10,-20,235,0,100.000,1966.852,1493.013,1967.056,1493.014,0.204,0.000,0,0,0,0,0,0,0,9.802,7.320,0.654,0.000
10,-20,240,0,100.000,1966.852,1493.013,1966.452,1493.181,0.434,0.000,0,0,0,0,0,0,0,6.900,12.570,0.528,0.000
10,-20,245,0,90.000,1966.852,1493.013,1966.447,1493.189,0.442,0.000,0,0,0,0,0,0,1,12.051,7.394,0.547,0.000
10,-20,250,0,90.000,1966.852,1493.013,1966.959,1493.037,0.110,0.000,0,0,0,0,0,0,1,14.095,11.427,0.590,0.000
10,-20,255,0,80.000,1966.852,1493.013,1967.121,1492.977,0.271,0.100,1,0,1,0,0,0,1,11.037,10.893,0.581,0.000
10,-20,260,0,90.000,1966.852,1493.013,1966.449,1493.175,0.435,0.100,1,0,1,0,0,0,0,10.377,14.640,0.560,0.000
10,-20,265,0,100.000,1966.852,1493.013,1967.106,1492.993,0.255,0.000,0,0,0,0,0,0,0,8.490,9.556,0.494,0.000
10,-20,270,0,90.000,1966.852,1493.013,1966.461,1493.169,0.421,0.100,1,0,1,0,0,0,0,8.209,12.433,0.457,0.000
10,-20,275,0,100.000,1966.852,1493.013,1966.425,1493.159,0.451,0.000,0,0,0,0,0,0,0,9.140,13.510,0.366,0.000
10,-20,280,0,100.000,1966.852,1493.013,1966.576,1493.127,0.299,0.000,0,0,0,0,0,0,0,11.719,10.608,0.543,0.000
10,-20,285,0,100.000,1966.852,1493.013,1966.464,1493.189,0.426,0.000,0,0,0,0,0,0,0,9.127,11.391,0.484,0.000
10,-15,-10,0,0.000,1966.852,1493.013,,,,0.000,0,0,0,0,0,0,10,10.298,10.363,0.495,
10,-15,-5,0,0.000,1966.852,1493.013,,,,0.000,0,0,0,0,0,0,10,10.291,11.757,0.506,
10,-15,0,0,0.000,1966.852,1493.013,,,,0.000,0,0,0,0,0,0,10,10.080,11.924,0.692,
10,-15,5,0,10.000,1966.852,1493.013,1966.466,1493.183,0.422,0.000,0,0,0,0,0,0,9,13.209,6.701,0.322,0.000
10,-15,10,0,20.000,1966.852,1493.013,1968.181,1492.671,1.372,0.000,0,0,0,0,0,0,8,11.581,8.465,0.561,0.000
10,-15,15,0,0.000,1966.852,1493.013,,,,0.000,0,0,0,0,0,0,10,10.117,11.300,0.646,
10,-15,20,0,20.000,1966.852,1493.013,1966.876,1493.081,0.072,0.000,0,0,0,0,0,0,8,9.787,13.843,0.451,0.000
10,-15,25,0,30.000,1966.852,1493.013,1966.462,1493.167,0.420,0.000,0,0,0,0,0,0,7,12.983,10.445,0.538,0.000
10,-15,30,0,10.000,1966.852,1493.013,1966.394,1493.237,0.510,0.000,0,0,0,0,0,0,9,10.051,10.482,0.533,0.000
10,-15,35,0,40.000,1966.852,1493.013,1966.415,1493.191,0.472,0.000,0,0,0,0,0,0,6,8.666,11.010,0.464,0.000
10,-15,40,0,50.000,1966.852,1493.013,1967.069,1493.000,0.217,0.000,0,0,0,0,0,0,5,9.160,8.767,0.542,0.000
10,-15,45,0,20.000,1966.852,1493.013,1966.475,1493.194,0.419,0.000,0,0,0,0,0,0,8,11.826,11.608,0.591,0.000
10,-15,50,0,10.000,1966.852,1493.013,1966.426,1493.131,0.442,0.000,0,0,0,0,0,0,9,10.813,11.466,0.638,0.000
10,-15,55,0,30.000,1966.852,1493.013,1966.481,1493.195,0.414,0.000,0,0,0,0,0,0,7,13.035,9.306,0.537,0.000
10,-15,60,0,20.000,1966.852,1493.013,1966.455,1493.206,0.442,0.000,0,0,0,0,0,0,8,11.722,11.231,0.524,0.000
10,-15,65,0,30.000,1966.852,1493.013,1966.437,1493.175,0.445,0.000,0,0,0,0,0,0,7,9.186,9.575,0.460,0.000
10,-15,70,0,40.000,1966.852,1493.013,1966.462,1493.179,0.424,0.000,0,0,0,0,0,0,6,11.800,9.949,0.637,0.000
10,-15,75,0,30.000,1966.852,1493.013,1966.449,1493.224,0.455,0.000,0,0,0,0,0,0,7,12.480,11.197,0.605,0.000
10,-15,80,0,30.000,1966.852,1493.013,1966.445,1493.141,0.427,0.000,0,0,0,0,0,0,7,8.921,10.921,0.351,0.000
10,-15,85,0,50.000,1966.852,1493.013,1966.474,1493.183,0.415,0.000,0,0,0,0,0,0,5,12.000,13.596,0.504,0.000
10,-15,90,0,60.000,1966.852,1493.013,1966.431,1493.192,0.458,0.000,0,0,0,0,0,0,4,11.643,9.978,0.561,0.000
10,-15,95,0,60.000,1966.852,1493.013,1966.448,1493.194,0.443,0.000,0,0,0,0,0,0,4,10.105,13.716,0.608,0.000
10,-15,100,0,30.000,1966.852,1493.013,1966.470,1493.181,0.418,0.000,0,0,0,0,0,0,7,12.710,10.716,0.593,0.000
10,-15,105,0,30.000,1966.852,1493.013,1966.455,1493.167,0.426,0.000,0,0,0,0,0,0,7,11.210,11.196,0.536,0.000
10,-15,110,0,40.000,1966.852,1493.013,1966.439,1493.190,0.450,0.000,0,0,0,0,0,0,6,10.699,13.987,0.617,0.000
10,-15,115,0,60.000,1966.852,1493.013,1966.422,1493.202,0.470,0.000,0,0,0,0,0,0,4,12.813,6.772,0.589,0.000
10,-15,120,0,40.000,1966.852,1493.013,1966.595,1493.152,0.292,0.000,0,0,0,0,0,0,6,11.274,9.699,0.523,0.000
10,-15,125,0,30.000,1966.852,1493.013,1966.451,1493.218,0.450,0.000,0,0,0,0,0,0,7,6.563,10.613,0.559,0.000
10,-15,130,0,40.000,1966.852,1493.013,1966.444,1493.187,0.444,0.000,0,0,0,0,0,0,6,11.745,8.047,0.604,0.000
10,-15,135,0,70.000,1966.852,1493.013,1966.444,1493.198,0.448,0.000,0,0,0,0,0,0,3,11.551,13.526,0.651,0.000
10,-15,140,0,70.000,1966.852,1493.013,1966.496,1493.168,0.389,0.000,0,0,0,0,0,0,3,11.330,11.667,0.494,0.000
10,-15,145,0,60.000,1966.852,1493.013,1966.430,1493.190,0.458,0.000,0,0,0,0,0,0,4,11.018,11.989,0.692,0.000
10,-15,150,0,60.000,1966.852,1493.013,1966.436,1493.160,0.441,0.000,0,0,0,0,0,0,4,11.139,11.916,0.592,0.000
10,-15,155,0,90.000,1966.852,1493.013,1966.449,1493.182,0.438,0.000,0,0,0,0,0,0,1,8.073,9.679,0.409,0.000
10,-15,160,0,80.000,1966.852,1493.013,1966.438,1493.194,0.452,0.000,0,0,0,0,0,0,2,11.470,11.397,0.402,0.000
10,-15,165,0,60.000,1966.852,1493.013,1966.996,1493.025,0.144,0.000,0,0,0,0,0,0,4,10.130,6.991,0.530,0.000
10,-15,170,0,80.000,1966.852,1493.013,1966.422,1493.158,0.454,0.000,0,0,0,0,0,0,2,9.103,8.576,0.613,0.000
10,-15,175,0,80.000,1966.852,1493.013,1966.653,1493.130,0.231,0.000,0,0,0,0,0,0,2,12.741,9.094,0.604,0.000
10,-15,180,0,50.000,1966.852,1493.013,1967.288,1492.969,0.438,0.000,0,0,0,0,0,0,5,13.336,10.013,0.537,0.000
10,-15,185,0,80.000,1966.852,1493.013,1966.663,1493.129,0.222,0.000,0,0,0,0,0,0,2,8.955,11.719,0.481,0.000
10,-15,190,0,80.000,1966.852,1493.013,1966.460,1493.189,0.430,0.000,0,0,0,0,0,0,2,15.056,13.203,0.168,0.000
10,-15,195,0,100.000,1966.852,1493.013,1966.444,1493.187,0.444,0.000,0,0,0,0,0,0,0,12.365,9.672,0.590,0.000
10,-15,200,0,100.000,1966.852,1493.013,1966.449,1493.180,0.437,0.000,0,0,0,0,0,0,0,12.245,9.465,0.550,0.000
10,-15,205,0,100.000,1966.852,1493.013,1966.440,1493.185,0.446,0.000,0,0,0,0,0,0,0,8.823,12.536,0.519,0.000
10,-15,210,0,100.000,1966.852,1493.013,1966.430,1493.182,0.455,0.000,0,0,0,0,0,0,0,11.407,8.426,0.568,0.000
10,-15,215,0,100.000,1966.852,1493.013,1966.442,1493.171,0.439,0.000,0,0,0,0,0,0,0,11.372,11.400,0.475,0.000
10,-15,220,0,100.000,1966.852,1493.013,1966.438,1493.171,0.443,0.000,0,0,0,0,0,0,0,10.481,11.625,0.431,0.000
10,-15,225,0,100.000,1966.852,1493.013,1966.448,1493.176,0.436,0.000,0,0,0,0,0,0,0,6.230,10.932,0.552,0.000
10,-15,230,0,100.000,1966.852,1493.013,1966.432,1493.170,0.449,0.000,0,0,0,0,0,0,0,11.456,9.134,0.571,0.000
10,-15,235,0,100.000,1966.852,1493.013,1967.028,1492.999,0.176,0.000,0,0,0,0,0,0,0,12.189,13.296,0.507,0.000
10,-15,240,0,100.000,1966.852,1493.013,1966.441,1493.167,0.439,0.000,0,0,0,0,0,0,0,13.206,14.193,0.584,0.000
10,-15,245,0,90.000,1966.852,1493.013,1966.446,1493.165,0.434,0.100,1,0,1,0,0,0,0,9.134,10.656,0.407,0.000
10,-15,250,0,100.000,1966.852,1493.013,1966.448,1493.173,0.435,0.000,0,0,0,0,0,0,0,7.764,7.206,0.478,0.000
10,-15,255,0,90.000,1966.852,1493.013,1966.456,1493.186,0.433,0.100,1,0,1,0,0,0,0,11.209,8.009,0.551,0.000
10,-15,260,0,100.000,1966.852,1493.013,1967.059,1493.026,0.207,0.000,0,0,0,0,0,0,0,11.707,9.900,0.656,0.000
10,-15,265,0,100.000,1966.852,1493.013,1966.451,1493.189,0.439,0.000,0,0,0,0,0,0,0,13.094,12.541,0.412,0.000
10,-15,270,0,100.000,1966.852,1493.013,1967.324,1492.948,0.476,0.000,0,0,0,0,0,0,0,11.906,10.516,0.595,0.000
10,-15,275,0,90.000,1966.852,1493.013,1967.245,1492.956,0.397,0.100,1,0,1,0,0,0,0,9.122,9.607,0.679,0.000
10,-15,280,0,90.000,1966.852,1493.013,1966.432,1493.157,0.445,0.100,1,0,1,0,0,0,0,9.944,13.027,0.526,0.000
10,-15,285,0,90.000,1966.852,1493.013,1967.253,1492.968,0.404,0.100,1,0,1,0,0,0,0,8.744,12.366,0.547,0.000
10,-10,-10,0,0.000,1966.852,1493.013,,,,0.000,0,0,0,0,0,0,10,14.155,8.085,0.427,
10,-10,-5,0,10.000,1966.852,1493.013,1970.001,1492.191,3.254,0.000,0,0,0,0,0,0,9,13.050,11.992,0.525,0.000
10,-10,0,0,10.000,1966.852,1493.013,1966.472,1493.223,0.434,0.000,0,0,0,0,0,0,9,11.048,8.461,0.714,0.000
10,-10,5,0,10.000,1966.852,1493.013,1972.311,1491.591,5.641,0.000,0,0,0,0,0,0,9,11.953,10.163,0.498,0.000
10,-10,10,0,0.000,1966.852,1493.013,,,,0.000,0,0,0,0,0,0,10,11.499,8.146,0.696,
10,-10,15,0,30.000,1966.852,1493.013,1966.427,1493.196,0.463,0.000,0,0,0,0,0,0,7,12.010,12.394,0.448,0.000
10,-10,20,0,0.000,1966.852,1493.013,,,,0.000,0,0,0,0,0,0,10,6.608,10.317,0.580,
10,-10,25,0,20.000,1966.852,1493.013,1970.105,1492.159,3.363,0.000,0,0,0,0,0,0,8,12.074,9.645,0.466,0.000
10,-10,30,0,30.000,1966.852,1493.013,1966.515,1493.168,0.371,0.000,0,0,0,0,0,0,7,8.820,10.492,0.551,0.000
10,-10,35,0,30.000,1966.852,1493.013,1966.884,1493.076,0.070,0.000,0,0,0,0,0,0,7,9.733,12.238,0.486,0.000
10,-10,40,0,30.000,1966.852,1493.013,1966.517,1493.156,0.365,0.000,0,0,0,0,0,0,7,9.800,11.492,0.505,0.000
10,-10,45,0,70.000,1966.852,1493.013,1966.611,1493.148,0.277,0.000,0,0,0,0,0,0,3,9.943,8.974,0.569,0.000
10,-10,50,0,20.000,1966.852,1493.013,1967.949,1492.806,1.116,0.000,0,0,0,0,0,0,8,12.049,10.864,0.668,0.000
10,-10,55,0,20.000,1966.852,1493.013,1966.824,1493.081,0.073,0.000,0,0,0,0,0,0,8,9.794,7.053,0.568,0.000
10,-10,60,0,30.000,1966.852,1493.013,1966.447,1493.226,0.458,0.000,0,0,0,0,0,0,7,9.953,10.869,0.489,0.000
10,-10,65,0,60.000,1966.852,1493.013,1966.605,1493.155,0.285,0.000,0,0,0,0,0,0,4,12.581,5.143,0.432,0.000
10,-10,70,0,50.000,1966.852,1493.013,1966.529,1493.188,0.368,0.000,0,0,0,0,0,0,5,9.672,6.275,0.579,0.000
10,-10,75,0,70.000,1966.852,1493.013,1966.465,1493.204,0.432,0.000,0,0,0,0,0,0,3,11.480,12.655,0.629,0.000
10,-10,80,0,40.000,1966.852,1493.013,1966.456,1493.222,0.448,0.100,1,0,1,0,0,0,5,13.110,10.671,0.547,0.000
10,-10,85,0,80.000,1966.852,1493.013,1966.568,1493.137,0.310,0.000,0,0,0,0,0,0,2,7.920,6.081,0.509,0.000
10,-10,90,0,60.000,1966.852,1493.013,1966.433,1493.206,0.462,0.100,1,0,1,0,0,0,3,9.826,12.004,0.588,0.000
10,-10,95,0,80.000,1966.852,1493.013,1966.696,1493.125,0.193,0.000,0,0,0,0,0,0,2,5.871,9.838,0.465,0.000
10,-10,100,0,30.000,1966.852,1493.013,1966.441,1493.204,0.453,0.000,0,0,0,0,0,0,7,12.738,7.913,0.590,0.000
10,-10,105,0,60.000,1966.852,1493.013,1966.498,1493.197,0.399,0.000,0,0,0,0,0,0,4,11.402,9.158,0.570,0.000
10,-10,110,0,60.000,1966.852,1493.013,1967.255,1492.970,0.405,0.000,0,0,0,0,0,0,4,12.416,8.311,0.670,0.000
10,-10,115,0,60.000,1966.852,1493.013,1966.444,1493.192,0.446,0.000,0,0,0,0,0,0,4,11.343,9.128,0.586,0.000
10,-10,120,0,60.000,1966.852,1493.013,1966.527,1493.175,0.363,0.000,0,0,0,0,0,0,4,13.155,12.004,0.563,0.000
10,-10,125,0,70.000,1966.852,1493.013,1966.448,1493.162,0.431,0.000,0,0,0,0,0,0,3,10.952,10.813,0.561,0.000
10,-10,130,0,80.000,1966.852,1493.013,1966.456,1493.185,0.432,0.000,0,0,0,0,0,0,2,11.214,9.145,0.639,0.000
10,-10,135,0,80.000,1966.852,1493.013,1966.451,1493.201,0.444,0.000,0,0,0,0,0,0,2,8.286,9.215,0.495,0.000
10,-10,140,0,90.000,1966.852,1493.013,1966.447,1493.191,0.443,0.000,0,0,0,0,0,0,1,9.926,10.040,0.689,0.000
10,-10,145,0,70.000,1966.852,1493.013,1966.422,1493.171,0.458,0.000,0,0,0,0,0,0,3,13.342,9.323,0.574,0.000
10,-10,150,0,50.000,1966.852,1493.013,1966.430,1493.175,0.452,0.000,0,0,0,0,0,0,5,6.565,12.494,0.505,0.000
10,-10,155,0,90.000,1966.852,1493.013,1966.617,1493.153,0.274,0.000,0,0,0,0,0,0,1,11.519,8.210,0.501,0.000
10,-10,160,0,60.000,1966.852,1493.013,1966.434,1493.205,0.460,0.000,0,0,0,0,0,0,4,12.690,8.757,0.700,0.000
10,-10,165,0,60.000,1966.852,1493.013,1966.440,1493.209,0.456,0.200,1,0,2,0,0,0,2,13.675,12.093,0.595,0.000
10,-10,170,0,70.000,1966.852,1493.013,1966.454,1493.184,0.433,0.200,1,0,2,0,0,0,1,12.136,11.240,0.414,0.000
10,-10,175,0,100.000,1966.852,1493.013,1966.628,1493.151,0.263,0.000,0,0,0,0,0,0,0,11.288,13.995,0.589,0.000
10,-10,180,0,100.000,1966.852,1493.013,1966.882,1493.068,0.062,0.000,0,0,0,0,0,0,0,10.561,6.942,0.592,0.000
10,-10,185,0,100.000,1966.852,1493.013,1967.075,1493.001,0.223,0.000,0,0,0,0,0,0,0,7.287,10.231,0.508,0.000
10,-10,190,0,90.000,1966.852,1493.013,1966.448,1493.179,0.437,0.000,0,0,0,0,0,0,1,10.980,12.079,0.558,0.000
10,-10,195,0,100.000,1966.852,1493.013,1966.784,1493.087,0.100,0.000,0,0,0,0,0,0,0,8.078,10.602,0.427,0.000
10,-10,200,0,90.000,1966.852,1493.013,1966.449,1493.181,0.437,0.100,1,0,1,0,0,0,0,11.498,11.830,0.537,0.000
10,-10,205,0,80.000,1966.852,1493.013,1966.609,1493.156,0.282,0.200,1,0,2,0,0,0,0,12.562,10.528,0.624,0.000
10,-10,210,0,100.000,1966.852,1493.013,1966.441,1493.189,0.447,0.000,0,0,0,0,0,0,0,9.272,13.102,0.512,0.000
10,-10,215,0,80.000,1966.852,1493.013,1966.460,1493.181,0.426,0.100,1,0,1,0,0,0,1,11.626,12.365,0.688,0.000
10,-10,220,0,100.000,1966.852,1493.013,1966.755,1493.078,0.116,0.000,0,0,0,0,0,0,0,9.709,9.870,0.619,0.000
10,-10,225,0,100.000,1966.852,1493.013,1966.439,1493.152,0.436,0.000,0,0,0,0,0,0,0,10.781,8.159,0.658,0.000
10,-10,230,0,100.000,1966.852,1493.013,1966.445,1493.172,0.437,0.000,0,0,0,0,0,0,0,13.374,9.700,0.546,0.000
10,-10,235,0,100.000,1966.852,1493.013,1966.456,1493.165,0.425,0.000,0,0,0,0,0,0,0,10.022,10.917,0.459,0.000
10,-10,240,0,100.000,1966.852,1493.013,1966.453,1493.197,0.439,0.000,0,0,0,0,0,0,0,8.494,11.157,0.466,0.000
10,-10,245,0,100.000,1966.852,1493.013,1966.453,1493.177,0.431,0.000,0,0,0,0,0,0,0,11.117,11.420,0.629,0.000
10,-10,250,0,90.000,1966.852,1493.013,1966.428,1493.151,0.446,0.100,1,0,1,0,0,0,0,9.588,12.339,0.423,0.000
10,-10,255,0,90.000,1966.852,1493.013,1966.626,1493.130,0.255,0.100,1,0,1,0,0,0,0,11.827,10.532,0.544,0.000
10,-10,260,0,100.000,1966.852,1493.013,1966.435,1493.172,0.446,0.000,0,0,0,0,0,0,0,6.985,7.800,0.636,0.000
10,-10,265,0,80.000,1966.852,1493.013,1966.457,1493.170,0.425,0.200,1,0,2,0,0,0,0,10.337,11.056,0.461,0.000
10,-10,270,0,80.000,1966.852,1493.013,1966.469,1493.185,0.420,0.200,1,0,2,0,0,0,0,11.295,10.122,0.685,0.000
10,-10,275,0,90.000,1966.852,1493.013,1967.794,1492.807,0.964,0.100,1,0,1,0,0,0,0,11.515,11.562,0.470,0.000
10,-10,280,0,70.000,1966.852,1493.013,1966.455,1493.196,0.437,0.300,1,0,3,0,0,0,0,11.268,13.101,0.567,0.000
10,-10,285,0,70.000,1966.852,1493.013,1966.450,1493.207,0.446,0.300,1,0,3,0,0,0,0,11.479,10.684,0.350,0.000
10,-5,-10,0,0.000,1966.852,1493.013,,,,0.000,0,0,0,0,0,0,10,8.199,7.829,0.582,
10,-5,-5,0,0.000,1966.852,1493.013,,,,0.200,1,0,2,0,0,0,8,11.430,11.267,0.562,
10,-5,0,0,10.000,1966.852,1493.013,1970.967,1491.975,4.243,0.100,1,0,1,0,0,0,8,10.932,9.190,0.390,0.000
10,-5,5,0,20.000,1966.852,1493.013,1966.785,1493.097,0.107,0.000,0,0,0,0,0,0,8,12.298,11.819,0.598,0.000
10,-5,10,0,10.000,1966.852,1493.013,1968.043,1492.784,1.212,0.300,1,0,3,0,0,0,6,12.901,8.635,0.354,0.000
10,-5,15,0,0.000,1966.852,1493.013,,,,0.100,1,0,1,0,0,0,9,10.709,11.720,0.418,
10,-5,20,0,20.000,1966.852,1493.013,1968.611,1492.588,1.809,0.200,1,0,2,0,0,0,6,11.346,11.156,0.562,0.000
10,-5,25,0,40.000,1966.852,1493.013,1967.908,1492.810,1.075,0.200,1,0,2,0,0,0,4,10.433,8.565,0.544,0.000
10,-5,30,0,20.000,1966.852,1493.013,1966.623,1493.142,0.263,0.200,1,0,2,0,0,0,6,12.380,9.497,0.483,0.000
10,-5,35,0,50.000,1966.852,1493.013,1966.922,1493.058,0.082,0.000,0,0,0,0,0,0,5,8.750,13.840,0.653,0.000
10,-5,40,0,40.000,1966.852,1493.013,1967.415,1492.928,0.569,0.100,1,0,1,0,0,0,5,12.222,11.857,0.683,0.000
10,-5,45,0,20.000,1966.852,1493.013,1966.532,1493.164,0.354,0.200,1,0,2,0,0,0,6,12.596,10.483,0.602,0.000
10,-5,50,0,40.000,1966.852,1493.013,1968.354,1492.654,1.544,0.100,1,0,1,0,0,0,5,13.799,9.369,0.709,0.000
10,-5,55,0,30.000,1966.852,1493.013,1966.772,1493.075,0.101,0.200,1,0,2,0,0,0,5,13.171,12.874,0.641,0.000
10,-5,60,0,60.000,1966.852,1493.013,1966.521,1493.156,0.360,0.000,0,0,0,0,0,0,4,10.739,10.348,0.616,0.000
10,-5,65,0,30.000,1966.852,1493.013,1966.435,1493.196,0.456,0.200,1,0,2,0,0,0,5,11.997,12.927,0.539,0.000
10,-5,70,0,50.000,1966.852,1493.013,1966.641,1493.144,0.248,0.000,0,0,0,0,0,0,5,10.337,12.950,0.506,0.000
10,-5,75,0,40.000,1966.852,1493.013,1966.442,1493.190,0.447,0.200,1,0,2,0,0,0,4,12.157,10.270,0.472,0.000
10,-5,80,0,60.000,1966.852,1493.013,1966.561,1493.136,0.316,0.000,0,0,0,0,0,0,4,8.181,13.018,0.437,0.000
10,-5,85,0,60.000,1966.852,1493.013,1966.426,1493.210,0.470,0.000,0,0,0,0,0,0,4,11.078,11.660,0.468,0.000
10,-5,90,0,70.000,1966.852,1493.013,1966.465,1493.203,0.431,0.200,1,0,2,0,0,0,1,7.843,12.395,0.600,0.000
10,-5,95,0,40.000,1966.852,1493.013,1966.430,1493.214,0.468,0.100,1,0,1,0,0,0,5,12.529,10.804,0.635,0.000
10,-5,100,0,50.000,1966.852,1493.013,1966.446,1493.187,0.442,0.100,1,0,1,0,0,0,4,9.879,13.519,0.567,0.000
10,-5,105,0,70.000,1966.852,1493.013,1966.745,1493.094,0.134,0.000,0,0,0,0,0,0,3,9.849,7.798,0.516,0.000
10,-5,110,0,70.000,1966.852,1493.013,1966.612,1493.159,0.281,0.000,0,0,0,0,0,0,3,10.502,10.079,0.529,0.000
10,-5,115,0,50.000,1966.852,1493.013,1966.472,1493.183,0.416,0.400,1,0,4,0,0,0,1,13.564,10.667,0.438,0.000
10,-5,120,0,30.000,1966.852,1493.013,1967.350,1492.943,0.503,0.500,1,0,5,0,0,0,2,14.507,8.274,0.463,0.000
10,-5,125,0,70.000,1966.852,1493.013,1966.918,1493.065,0.083,0.200,1,0,2,0,0,0,1,11.054,8.813,0.583,0.000
10,-5,130,0,70.000,1966.852,1493.013,1966.577,1493.130,0.299,0.100,1,0,1,0,0,0,2,9.636,12.211,0.692,0.000
10,-5,135,0,70.000,1966.852,1493.013,1966.522,1493.191,0.376,0.100,1,0,1,0,0,0,2,12.694,12.106,0.418,0.000
10,-5,140,0,80.000,1966.852,1493.013,1966.508,1493.176,0.381,0.100,1,0,1,0,0,0,1,9.912,10.600,0.572,0.000
10,-5,145,0,90.000,1966.852,1493.013,1966.455,1493.188,0.434,0.100,1,0,1,0,0,0,0,12.940,11.210,0.601,0.000
10,-5,150,0,80.000,1966.852,1493.013,1966.438,1493.185,0.449,0.000,0,0,0,0,0,0,2,11.565,8.420,0.568,0.000
10,-5,155,0,80.000,1966.852,1493.013,1967.329,1492.955,0.481,0.100,1,0,1,0,0,0,1,11.545,10.846,0.557,0.000
10,-5,160,0,80.000,1966.852,1493.013,1966.441,1493.172,0.440,0.200,1,0,2,0,0,0,0,11.622,10.336,0.638,0.000
10,-5,165,0,80.000,1966.852,1493.013,1966.817,1493.074,0.070,0.200,1,0,2,0,0,0,0,12.069,9.152,0.586,0.000
10,-5,170,0,70.000,1966.852,1493.013,1966.436,1493.185,0.450,0.300,1,0,3,0,0,0,0,12.909,12.968,0.512,0.000
10,-5,175,0,90.000,1966.852,1493.013,1966.445,1493.198,0.448,0.100,1,0,1,0,0,0,0,10.403,14.424,0.445,0.000
10,-5,180,0,80.000,1966.852,1493.013,1966.525,1493.156,0.357,0.200,1,0,2,0,0,0,0,10.807,11.116,0.590,0.000
10,-5,185,0,90.000,1966.852,1493.013,1966.563,1493.157,0.323,0.100,1,0,1,0,0,0,0,7.145,13.388,0.536,0.000
10,-5,190,0,90.000,1966.852,1493.013,1966.629,1493.131,0.252,0.100,1,0,1,0,0,0,0,9.934,12.173,0.315,0.000
10,-5,195,0,90.000,1966.852,1493.013,1966.879,1493.075,0.067,0.100,1,0,1,0,0,0,0,10.566,10.775,0.423,0.000
10,-5,200,0,100.000,1966.852,1493.013,1966.861,1493.053,0.040,0.000,0,0,0,0,0,0,0,9.877,13.843,0.510,0.000
10,-5,205,0,90.000,1966.852,1493.013,1966.466,1493.187,0.424,0.100,1,0,1,0,0,0,0,8.398,9.299,0.553,0.000
10,-5,210,0,90.000,1966.852,1493.013,1966.590,1493.133,0.288,0.100,1,0,1,0,0,0,0,8.084,12.617,0.710,0.000
10,-5,215,0,100.000,1966.852,1493.013,1966.436,1493.188,0.451,0.000,0,0,0,0,0,0,0,10.414,11.947,0.465,0.000
10,-5,220,0,100.000,1966.852,1493.013,1966.715,1493.121,0.175,0.000,0,0,0,0,0,0,0,9.213,7.898,0.450,0.000
10,-5,225,0,80.000,1966.852,1493.013,1966.435,1493.184,0.451,0.200,1,0,2,0,0,0,0,10.795,7.935,0.515,0.000
10,-5,230,0,60.000,1966.852,1493.013,1966.435,1493.188,0.453,0.400,1,0,4,0,0,0,0,12.196,7.924,0.459,0.000
10,-5,235,0,80.000,1966.852,1493.013,1966.445,1493.176,0.439,0.200,1,0,2,0,0,0,0,11.083,14.149,0.646,0.000
10,-5,240,0,80.000,1966.852,1493.013,1966.449,1493.184,0.437,0.200,1,0,2,0,0,0,0,9.500,10.652,0.457,0.000
10,-5,245,0,80.000,1966.852,1493.013,1966.442,1493.178,0.443,0.200,1,0,2,0,0,0,0,10.792,12.074,0.594,0.000
10,-5,250,0,80.000,1966.852,1493.013,1966.444,1493.205,0.451,0.200,1,0,2,0,0,0,0,13.962,12.170,0.727,0.000
10,-5,255,0,80.000,1966.852,1493.013,1967.130,1492.969,0.281,0.200,1,0,2,0,0,0,0,10.198,10.082,0.503,0.000
10,-5,260,0,70.000,1966.852,1493.013,1966.588,1493.152,0.299,0.300,1,0,3,0,0,0,0,13.504,14.049,0.639,0.000
10,-5,265,0,80.000,1966.852,1493.013,1966.690,1493.114,0.191,0.200,1,0,2,0,0,0,0,9.614,11.439,0.708,0.000
10,-5,270,0,80.000,1966.852,1493.013,1966.451,1493.188,0.438,0.200,1,0,2,0,0,0,0,12.654,9.875,0.568,0.000
10,-5,275,0,70.000,1966.852,1493.013,1966.442,1493.186,0.445,0.300,1,0,3,0,0,0,0,11.528,10.326,0.459,0.000
10,-5,280,0,80.000,1966.852,1493.013,1966.446,1493.182,0.440,0.200,1,0,2,0,0,0,0,13.596,10.364,0.555,0.000
10,-5,285,0,90.000,1966.852,1493.013,1967.915,1492.772,1.090,0.100,1,0,1,0,0,0,0,10.135,10.714,0.587,0.000
10,0,-10,0,0.000,1966.852,1493.013,,,,0.000,0,0,0,0,0,0,10,10.791,12.023,0.576,
10,0,-5,0,0.000,1966.852,1493.013,,,,0.000,0,0,0,0,0,0,10,10.322,11.038,0.635,
10,0,0,0,20.000,1966.852,1493.013,1970.989,1491.941,4.274,0.000,0,0,0,0,0,0,8,10.126,6.988,0.621,0.000
10,0,5,0,20.000,1966.852,1493.013,1971.803,1491.733,5.114,0.200,1,0,2,0,0,0,6,10.777,11.614,0.622,0.000
10,0,10,0,30.000,1966.852,1493.013,1968.006,1492.761,1.181,0.400,1,0,4,0,0,0,3,9.759,5.543,0.429,0.000
10,0,15,0,20.000,1966.852,1493.013,1969.500,1492.341,2.731,0.300,1,0,3,0,0,0,5,12.160,10.045,0.614,0.000
10,0,20,0,30.000,1966.852,1493.013,1966.852,1493.106,0.093,0.100,1,0,1,0,0,0,6,8.909,10.684,0.581,0.000
10,0,25,0,20.000,1966.852,1493.013,1966.704,1493.093,0.169,0.600,1,0,6,0,0,0,2,11.455,7.978,0.543,0.000
10,0,30,0,10.000,1966.852,1493.013,1966.578,1493.194,0.329,0.300,1,0,3,0,0,0,6,13.271,11.970,0.467,0.000
10,0,35,0,10.000,1966.852,1493.013,1971.670,1491.780,4.973,0.200,1,0,2,0,0,0,7,12.310,10.734,0.582,0.000
10,0,40,0,0.000,1966.852,1493.013,,,,0.400,1,0,4,0,0,0,6,12.209,9.513,0.578,
10,0,45,0,20.000,1966.852,1493.013,1967.695,1492.877,0.853,0.300,1,0,3,0,0,0,5,11.539,9.086,0.525,0.000
10,0,50,0,50.000,1966.852,1493.013,1966.798,1493.091,0.095,0.100,1,0,1,0,0,0,4,8.303,8.913,0.663,0.000
10,0,55,0,30.000,1966.852,1493.013,1966.403,1493.177,0.478,0.200,1,0,2,0,0,0,5,12.868,12.099,0.351,0.000
10,0,60,0,30.000,1966.852,1493.013,1966.484,1493.167,0.399,0.300,1,0,3,0,0,0,4,10.024,12.377,0.657,0.000
10,0,65,0,30.000,1966.852,1493.013,1967.419,1492.906,0.577,0.300,1,0,3,0,0,0,4,12.874,9.919,0.721,0.000
10,0,70,0,70.000,1966.852,1493.013,1966.438,1493.189,0.450,0.300,1,0,3,0,0,0,0,7.470,8.703,0.477,0.000
10,0,75,0,40.000,1966.852,1493.013,1966.459,1493.194,0.432,0.300,1,0,3,0,0,0,3,12.535,12.134,0.547,0.000
10,0,80,0,30.000,1966.852,1493.013,1966.518,1493.206,0.386,0.300,1,0,3,0,0,0,4,13.789,10.114,0.552,0.000
10,0,85,0,70.000,1966.852,1493.013,1966.493,1493.172,0.392,0.100,1,0,1,0,0,0,2,8.996,11.454,0.527,0.000
10,0,90,0,60.000,1966.852,1493.013,1966.453,1493.186,0.436,0.200,1,0,2,0,0,0,2,9.305,10.930,0.642,0.000
10,0,95,0,80.000,1966.852,1493.013,1966.713,1493.140,0.188,0.200,1,0,2,0,0,0,0,8.040,11.063,0.584,0.000
10,0,100,0,40.000,1966.852,1493.013,1966.944,1493.056,0.101,0.300,1,0,3,0,0,0,3,13.431,12.531,0.558,0.000
10,0,105,0,50.000,1966.852,1493.013,1966.557,1493.154,0.328,0.400,1,0,4,0,0,0,1,10.108,10.449,0.654,0.000
10,0,110,0,50.000,1966.852,1493.013,1967.105,1493.031,0.253,0.500,1,0,5,0,0,0,0,6.719,11.878,0.614,0.000
10,0,115,0,50.000,1966.852,1493.013,1966.667,1493.134,0.221,0.400,1,0,4,0,0,0,1,13.758,11.989,0.409,0.000
10,0,120,0,40.000,1966.852,1493.013,1966.950,1493.063,0.110,0.500,1,0,5,0,0,0,1,11.298,12.049,0.524,0.000
10,0,125,0,100.000,1966.852,1493.013,1966.449,1493.191,0.440,0.000,0,0,0,0,0,0,0,6.591,9.237,0.469,0.000
10,0,130,0,80.000,1966.852,1493.013,1966.446,1493.197,0.445,0.100,1,0,1,0,0,0,1,8.905,10.701,0.590,0.000
10,0,135,0,80.000,1966.852,1493.013,1966.433,1493.188,0.454,0.200,1,0,2,0,0,0,0,10.616,8.615,0.600,0.000
10,0,140,0,80.000,1966.852,1493.013,1966.449,1493.191,0.441,0.200,1,0,2,0,0,0,0,12.595,11.309,0.540,0.000
10,0,145,0,90.000,1966.852,1493.013,1966.454,1493.179,0.431,0.100,1,0,1,0,0,0,0,9.924,11.835,0.471,0.000
10,0,150,0,80.000,1966.852,1493.013,1966.888,1493.064,0.062,0.200,1,0,2,0,0,0,0,11.628,11.630,0.517,0.000
10,0,155,0,80.000,1966.852,1493.013,1966.443,1493.176,0.440,0.200,1,0,2,0,0,0,0,12.315,7.669,0.528,0.000
10,0,160,0,80.000,1966.852,1493.013,1966.443,1493.188,0.445,0.200,1,0,2,0,0,0,0,10.101,9.353,0.450,0.000
10,0,165,0,80.000,1966.852,1493.013,1966.428,1493.173,0.454,0.200,1,0,2,0,0,0,0,10.986,11.191,0.621,0.000
10,0,170,0,60.000,1966.852,1493.013,1966.437,1493.180,0.448,0.400,1,0,4,0,0,0,0,9.354,11.706,0.486,0.000
10,0,175,0,80.000,1966.852,1493.013,1966.430,1493.185,0.455,0.200,1,0,2,0,0,0,0,12.775,13.578,0.513,0.000
10,0,180,0,80.000,1966.852,1493.013,1967.006,1493.048,0.157,0.200,1,0,2,0,0,0,0,12.352,11.610,0.656,0.000
10,0,185,0,60.000,1966.852,1493.013,1966.441,1493.199,0.452,0.400,1,0,4,0,0,0,0,11.076,8.928,0.527,0.000
10,0,190,0,80.000,1966.852,1493.013,1966.607,1493.141,0.276,0.200,1,0,2,0,0,0,0,9.512,15.383,0.643,0.000
10,0,195,0,80.000,1966.852,1493.013,1966.924,1493.068,0.091,0.200,1,0,2,0,0,0,0,11.845,10.759,0.717,0.000
10,0,200,0,70.000,1966.852,1493.013,1967.110,1493.006,0.258,0.300,1,0,3,0,0,0,0,7.997,11.607,0.542,0.000
10,0,205,0,80.000,1966.852,1493.013,1966.463,1493.172,0.420,0.200,1,0,2,0,0,0,0,7.392,10.500,0.571,0.000
10,0,210,0,70.000,1966.852,1493.013,1967.887,1492.781,1.060,0.300,1,0,3,0,0,0,0,10.893,11.193,0.525,0.000
10,0,215,0,60.000,1966.852,1493.013,1966.445,1493.180,0.441,0.400,1,0,4,0,0,0,0,8.153,12.213,0.472,0.000
10,0,220,0,70.000,1966.852,1493.013,1966.433,1493.201,0.459,0.300,1,0,3,0,0,0,0,10.890,10.212,0.717,0.000
10,0,225,0,90.000,1966.852,1493.013,1966.456,1493.179,0.429,0.100,1,0,1,0,0,0,0,10.866,10.361,0.539,0.000
10,0,230,0,70.000,1966.852,1493.013,1966.445,1493.166,0.435,0.300,1,0,3,0,0,0,0,14.002,8.237,0.638,0.000
10,0,235,0,60.000,1966.852,1493.013,1966.466,1493.159,0.413,0.400,1,0,4,0,0,0,0,11.169,9.222,0.475,0.000
10,0,240,0,70.000,1966.852,1493.013,1966.702,1493.113,0.180,0.300,1,0,3,0,0,0,0,10.195,11.502,0.682,0.000
10,0,245,0,50.000,1966.852,1493.013,1966.416,1493.197,0.473,0.500,1,0,5,0,0,0,0,11.172,11.389,0.607,0.000
10,0,250,0,80.000,1966.852,1493.013,1966.710,1493.111,0.172,0.200,1,0,2,0,0,0,0,10.792,10.822,0.563,0.000
10,0,255,0,70.000,1966.852,1493.013,1967.287,1492.923,0.444,0.300,1,0,3,0,0,0,0,12.424,12.116,0.631,0.000
10,0,260,0,80.000,1966.852,1493.013,1966.454,1493.174,0.430,0.200,1,0,2,0,0,0,0,9.998,10.304,0.459,0.000
10,0,265,0,60.000,1966.852,1493.013,1966.443,1493.180,0.442,0.400,1,0,4,0,0,0,0,10.251,11.217,0.621,0.000
10,0,270,0,50.000,1966.852,1493.013,1966.438,1493.169,0.442,0.500,1,0,5,0,0,0,0,11.765,8.871,0.563,0.000
10,0,275,0,50.000,1966.852,1493.013,1966.435,1493.182,0.450,0.500,1,0,5,0,0,0,0,9.924,8.574,0.492,0.000
10,0,280,0,70.000,1966.852,1493.013,1967.266,1492.947,0.419,0.300,1,0,3,0,0,0,0,10.771,7.618,0.555,0.000
10,0,285,0,70.000,1966.852,1493.013,1966.437,1493.181,0.449,0.300,1,0,3,0,0,0,0,9.245,10.258,0.321,0.000
10,5,-10,0,0.000,1966.852,1493.013,,,,0.000,0,0,0,0,0,0,10,12.198,10.841,0.555,
10,5,-5,0,10.000,1966.852,1493.013,1969.730,1492.314,2.961,0.100,1,0,1,0,0,0,8,13.863,11.817,0.551,0.000
10,5,0,0,20.000,1966.852,1493.013,1968.390,1492.658,1.578,0.100,1,0,1,0,0,0,7,8.707,13.618,0.524,0.000
10,5,5,0,10.000,1966.852,1493.013,1970.298,1492.076,3.570,0.200,1,0,2,0,0,0,7,8.227,10.036,0.560,0.000
10,5,10,0,20.000,1966.852,1493.013,1966.423,1493.162,0.454,0.300,1,0,3,0,0,0,5,10.981,7.842,0.555,0.000
10,5,15,0,10.000,1966.852,1493.013,1968.197,1492.739,1.372,0.200,1,0,2,0,0,0,7,10.653,10.810,0.601,0.000
10,5,20,0,40.000,1966.852,1493.013,1968.978,1492.497,2.188,0.100,1,0,1,0,0,0,5,9.360,11.423,0.340,0.000
10,5,25,0,30.000,1966.852,1493.013,1969.032,1492.506,2.238,0.500,1,0,5,0,0,0,2,10.708,11.156,0.601,0.000
10,5,30,0,20.000,1966.852,1493.013,1966.524,1493.209,0.382,0.600,1,0,6,0,0,0,2,13.387,9.991,0.465,0.000
10,5,35,0,40.000,1966.852,1493.013,1967.536,1492.889,0.695,0.200,1,0,2,0,0,0,4,11.499,13.197,0.588,0.000
10,5,40,0,40.000,1966.852,1493.013,1966.706,1493.107,0.174,0.300,1,0,3,0,0,0,3,12.861,10.968,0.511,0.000
10,5,45,0,50.000,1966.852,1493.013,1966.777,1493.123,0.133,0.200,1,0,2,0,0,0,3,10.075,11.772,0.526,0.000
10,5,50,0,30.000,1966.852,1493.013,1966.706,1493.104,0.172,0.500,1,0,5,0,0,0,2,10.793,11.858,0.573,0.000
10,5,55,0,30.000,1966.852,1493.013,1967.669,1492.868,0.830,0.300,1,0,3,0,0,0,4,11.763,10.985,0.624,0.000
10,5,60,0,50.000,1966.852,1493.013,1966.933,1493.072,0.100,0.300,1,0,3,0,0,0,2,9.981,9.357,0.454,0.000
10,5,65,0,40.000,1966.852,1493.013,1966.428,1493.199,0.463,0.600,1,0,6,0,0,0,0,9.901,7.718,0.495,0.000
10,5,70,0,70.000,1966.852,1493.013,1966.434,1493.204,0.460,0.200,1,0,2,0,0,0,1,10.962,9.623,0.603,0.000
10,5,75,0,40.000,1966.852,1493.013,1967.432,1492.921,0.587,0.600,1,0,6,0,0,0,0,9.394,12.195,0.499,0.000
10,5,80,0,50.000,1966.852,1493.013,1966.487,1493.169,0.397,0.300,1,0,3,0,0,0,2,11.115,13.948,0.526,0.000
10,5,85,0,70.000,1966.852,1493.013,1966.441,1493.185,0.446,0.200,1,0,2,0,0,0,1,8.125,10.666,0.606,0.000
10,5,90,0,40.000,1966.852,1493.013,1966.404,1493.170,0.475,0.500,1,0,5,0,0,0,1,14.482,9.595,0.422,0.000
10,5,95,0,60.000,1966.852,1493.013,1966.444,1493.191,0.446,0.400,1,0,4,0,0,0,0,11.618,8.509,0.548,0.000
10,5,100,0,50.000,1966.852,1493.013,1966.895,1493.054,0.059,0.200,1,0,2,0,0,0,3,11.391,13.831,0.594,0.000
10,5,105,0,50.000,1966.852,1493.013,1966.580,1493.165,0.311,0.500,1,0,5,0,0,0,0,9.889,11.166,0.313,0.000
10,5,110,0,60.000,1966.852,1493.013,1966.455,1493.166,0.426,0.400,1,0,4,0,0,0,0,12.597,14.959,0.431,0.000
10,5,115,0,70.000,1966.852,1493.013,1966.508,1493.172,0.379,0.300,1,0,3,0,0,0,0,10.894,9.579,0.524,0.000
10,5,120,0,50.000,1966.852,1493.013,1966.436,1493.202,0.457,0.500,1,0,5,0,0,0,0,13.541,12.152,0.581,0.000
10,5,125,0,70.000,1966.852,1493.013,1966.431,1493.192,0.458,0.300,1,0,3,0,0,0,0,11.613,11.553,0.539,0.000
10,5,130,0,70.000,1966.852,1493.013,1966.455,1493.197,0.437,0.300,1,0,3,0,0,0,0,10.226,10.310,0.480,0.000
10,5,135,0,50.000,1966.852,1493.013,1966.445,1493.193,0.445,0.500,1,0,5,0,0,0,0,9.184,12.779,0.582,0.000
10,5,140,0,70.000,1966.852,1493.013,1966.455,1493.176,0.430,0.300,1,0,3,0,0,0,0,12.659,8.843,0.571,0.000
10,5,145,0,60.000,1966.852,1493.013,1966.460,1493.193,0.431,0.400,1,0,4,0,0,0,0,9.902,11.847,0.382,0.000
10,5,150,0,60.000,1966.852,1493.013,1966.509,1493.179,0.381,0.400,1,0,4,0,0,0,0,8.144,12.346,0.398,0.000
10,5,155,0,60.000,1966.852,1493.013,1966.547,1493.170,0.343,0.400,1,0,4,0,0,0,0,13.271,12.128,0.638,0.000
10,5,160,0,60.000,1966.852,1493.013,1966.501,1493.178,0.388,0.400,1,0,4,0,0,0,0,8.872,13.202,0.418,0.000
10,5,165,0,40.000,1966.852,1493.013,1966.435,1493.157,0.442,0.600,1,0,6,0,0,0,0,9.694,13.333,0.595,0.000
10,5,170,0,40.000,1966.852,1493.013,1966.441,1493.171,0.441,0.600,1,0,6,0,0,0,0,13.414,15.631,0.470,0.000
10,5,175,0,40.000,1966.852,1493.013,1966.714,1493.130,0.181,0.600,1,0,6,0,0,0,0,10.933,12.296,0.505,0.000
10,5,180,0,50.000,1966.852,1493.013,1966.917,1493.079,0.092,0.500,1,0,5,0,0,0,0,7.212,10.025,0.542,0.000
10,5,185,0,60.000,1966.852,1493.013,1966.433,1493.174,0.449,0.400,1,0,4,0,0,0,0,11.380,10.399,0.481,0.000
10,5,190,0,30.000,1966.852,1493.013,1966.452,1493.180,0.434,0.700,1,0,7,0,0,0,0,11.988,11.743,0.616,0.000
10,5,195,0,50.000,1966.852,1493.013,1966.447,1493.199,0.446,0.500,1,0,5,0,0,0,0,11.284,13.350,0.529,0.000
10,5,200,0,30.000,1966.852,1493.013,1966.439,1493.175,0.444,0.700,1,0,7,0,0,0,0,12.117,10.933,0.498,0.000
10,5,205,0,50.000,1966.852,1493.013,1966.429,1493.164,0.450,0.500,1,0,5,0,0,0,0,10.832,12.672,0.535,0.000
10,5,210,0,30.000,1966.852,1493.013,1966.457,1493.201,0.438,0.700,1,0,7,0,0,0,0,9.557,11.882,0.433,0.000
10,5,215,0,70.000,1966.852,1493.013,1967.343,1492.929,0.498,0.300,1,0,3,0,0,0,0,8.511,7.809,0.661,0.000
10,5,220,0,50.000,1966.852,1493.013,1966.453,1493.186,0.435,0.500,1,0,5,0,0,0,0,10.188,12.430,0.553,0.000
10,5,225,0,40.000,1966.852,1493.013,1966.826,1493.066,0.059,0.600,1,0,6,0,0,0,0,11.586,12.483,0.456,0.000
10,5,230,0,60.000,1966.852,1493.013,1966.439,1493.180,0.445,0.400,1,0,4,0,0,0,0,11.670,8.976,0.530,0.000
10,5,235,0,70.000,1966.852,1493.013,1966.702,1493.110,0.178,0.300,1,0,3,0,0,0,0,11.426,7.159,0.647,0.000
10,5,240,0,40.000,1966.852,1493.013,1966.437,1493.158,0.440,0.600,1,0,6,0,0,0,0,13.591,9.623,0.616,0.000
10,5,245,0,60.000,1966.852,1493.013,1966.442,1493.155,0.434,0.400,1,0,4,0,0,0,0,10.308,10.466,0.695,0.000
10,5,250,0,40.000,1966.852,1493.013,1966.427,1493.199,0.465,0.600,1,0,6,0,0,0,0,8.800,12.720,0.583,0.000
10,5,255,0,30.000,1966.852,1493.013,1966.441,1493.185,0.446,0.700,1,0,7,0,0,0,0,7.806,11.064,0.674,0.000
10,5,260,0,40.000,1966.852,1493.013,1966.429,1493.147,0.444,0.600,1,0,6,0,0,0,0,8.780,6.549,0.473,0.000
10,5,265,0,50.000,1966.852,1493.013,1966.439,1493.191,0.450,0.500,1,0,5,0,0,0,0,7.986,11.332,0.711,0.000
10,5,270,0,40.000,1966.852,1493.013,1966.431,1493.162,0.447,0.600,1,0,6,0,0,0,0,8.551,10.847,0.566,0.000
10,5,275,0,80.000,1966.852,1493.013,1966.430,1493.168,0.449,0.200,1,0,2,0,0,0,0,10.706,11.708,0.733,0.000
10,5,280,0,70.000,1966.852,1493.013,1966.861,1493.052,0.039,0.300,1,0,3,0,0,0,0,13.193,15.157,0.563,0.000
10,5,285,0,70.000,1966.852,1493.013,1966.439,1493.204,0.455,0.300,1,0,3,0,0,0,0,8.437,9.148,0.523,0.000
10,10,-10,0,0.000,1966.852,1493.013,,,,0.200,1,0,2,0,0,0,8,11.605,12.668,0.584,
10,10,-5,0,0.000,1966.852,1493.013,,,,0.200,1,0,2,0,0,0,8,12.714,11.217,0.667,
10,10,0,0,10.000,1966.852,1493.013,1967.995,1492.797,1.163,0.300,1,0,3,0,0,0,6,10.359,15.460,0.548,0.000
10,10,5,0,10.000,1966.852,1493.013,1966.420,1493.131,0.448,0.200,1,0,2,0,0,0,7,11.964,11.202,0.447,0.000
10,10,10,0,10.000,1966.852,1493.013,1966.458,1493.224,0.447,0.100,1,0,1,0,0,0,8,14.298,11.065,0.663,0.000
10,10,15,0,0.000,1966.852,1493.013,,,,0.200,1,0,2,0,0,0,8,7.924,9.231,0.528,
10,10,20,0,40.000,1966.852,1493.013,1966.496,1493.182,0.394,0.300,1,0,3,0,0,0,3,11.842,8.479,0.493,0.000
10,10,25,0,40.000,1966.852,1493.013,1969.442,1492.393,2.663,0.500,1,0,5,0,0,0,1,10.072,9.040,0.528,0.000
10,10,30,0,10.000,1966.852,1493.013,1966.391,1493.237,0.513,0.800,1,0,8,0,0,0,1,9.539,9.035,0.351,0.000
10,10,35,0,20.000,1966.852,1493.013,1969.431,1492.398,2.651,0.500,1,0,5,0,0,0,3,10.082,9.246,0.741,0.000
10,10,40,0,50.000,1966.852,1493.013,1968.031,1492.766,1.204,0.400,1,0,4,0,0,0,1,8.684,8.763,0.585,0.000
10,10,45,0,20.000,1966.852,1493.013,1966.411,1493.232,0.492,0.700,1,0,7,0,0,0,1,13.458,10.969,0.564,0.000
10,10,50,0,30.000,1966.852,1493.013,1966.422,1493.178,0.461,0.600,1,0,6,0,0,0,1,12.972,12.351,0.445,0.000
10,10,55,0,30.000,1966.852,1493.013,1966.447,1493.186,0.440,0.600,1,0,6,0,0,0,1,10.774,11.981,0.606,0.000
10,10,60,0,50.000,1966.852,1493.013,1966.808,1493.095,0.093,0.500,1,0,5,0,0,0,0,9.050,8.077,0.569,0.000
10,10,65,0,40.000,1966.852,1493.013,1966.850,1493.093,0.079,0.600,1,0,6,0,0,0,0,9.536,7.840,0.577,0.000
10,10,70,0,60.000,1966.852,1493.013,1966.540,1493.158,0.344,0.300,1,0,3,0,0,0,1,13.212,12.400,0.460,0.000
10,10,75,0,70.000,1966.852,1493.013,1966.453,1493.193,0.438,0.300,1,0,3,0,0,0,0,8.661,10.496,0.608,0.000
10,10,80,0,80.000,1966.852,1493.013,1967.548,1492.879,0.709,0.200,1,0,2,0,0,0,0,7.148,10.520,0.565,0.000
10,10,85,0,30.000,1966.852,1493.013,1966.415,1493.231,0.488,0.700,1,0,7,0,0,0,0,6.521,9.082,0.722,0.000
10,10,90,0,30.000,1966.852,1493.013,1966.708,1493.127,0.184,0.700,1,0,7,0,0,0,0,7.329,7.904,0.542,0.000
10,10,95,0,40.000,1966.852,1493.013,1966.784,1493.055,0.080,0.600,1,0,6,0,0,0,0,12.637,8.941,0.644,0.000
10,10,100,0,0.000,1966.852,1493.013,,,,1.000,1,0,10,0,0,0,0,6.370,11.443,0.437,
10,10,105,0,60.000,1966.852,1493.013,1966.847,1493.087,0.074,0.400,1,0,4,0,0,0,0,9.355,11.488,0.546,0.000
10,10,110,0,60.000,1966.852,1493.013,1966.445,1493.176,0.439,0.400,1,0,4,0,0,0,0,13.086,7.798,0.696,0.000
10,10,115,0,50.000,1966.852,1493.013,1966.623,1493.133,0.259,0.500,1,0,5,0,0,0,0,11.872,8.825,0.580,0.000
10,10,120,0,40.000,1966.852,1493.013,1966.935,1493.057,0.094,0.600,1,0,6,0,0,0,0,11.321,7.133,0.580,0.000
10,10,125,0,30.000,1966.852,1493.013,1966.453,1493.200,0.441,0.700,1,0,7,0,0,0,0,10.051,12.206,0.464,0.000
10,10,130,0,30.000,1966.852,1493.013,1966.445,1493.214,0.454,0.700,1,0,7,0,0,0,0,10.087,12.720,0.589,0.000
10,10,135,0,30.000,1966.852,1493.013,1966.430,1493.168,0.450,0.700,1,0,7,0,0,0,0,12.085,13.997,0.570,0.000
10,10,140,0,40.000,1966.852,1493.013,1966.453,1493.190,0.437,0.600,1,0,6,0,0,0,0,11.459,7.578,0.552,0.000
10,10,145,0,20.000,1966.852,1493.013,1966.470,1493.172,0.414,0.800,1,0,8,0,0,0,0,10.240,7.877,0.462,0.000
10,10,150,0,70.000,1966.852,1493.013,1966.440,1493.194,0.450,0.300,1,0,3,0,0,0,0,10.771,10.381,0.520,0.000
10,10,155,0,90.000,1966.852,1493.013,1966.642,1493.128,0.239,0.100,1,0,1,0,0,0,0,6.333,11.881,0.462,0.000
10,10,160,0,30.000,1966.852,1493.013,1966.430,1493.177,0.453,0.700,1,0,7,0,0,0,0,11.594,11.347,0.526,0.000
10,10,165,0,40.000,1966.852,1493.013,1966.449,1493.184,0.438,0.600,1,0,6,0,0,0,0,7.000,5.862,0.404,0.000
10,10,170,0,60.000,1966.852,1493.013,1966.686,1493.140,0.209,0.400,1,0,4,0,0,0,0,10.349,10.903,0.634,0.000
10,10,175,0,50.000,1966.852,1493.013,1966.467,1493.161,0.412,0.500,1,0,5,0,0,0,0,6.971,10.772,0.551,0.000
10,10,180,0,60.000,1966.852,1493.013,1966.662,1493.122,0.219,0.400,1,0,4,0,0,0,0,8.183,12.142,0.450,0.000
10,10,185,0,70.000,1966.852,1493.013,1967.549,1492.884,0.708,0.300,1,0,3,0,0,0,0,8.272,13.057,0.327,0.000
10,10,190,0,30.000,1966.852,1493.013,1966.453,1493.184,0.434,0.700,1,0,7,0,0,0,0,12.237,11.998,0.606,0.000
10,10,195,0,50.000,1966.852,1493.013,1966.450,1493.200,0.444,0.500,1,0,5,0,0,0,0,12.882,10.844,0.569,0.000
10,10,200,0,60.000,1966.852,1493.013,1966.655,1493.125,0.226,0.400,1,0,4,0,0,0,0,8.346,10.299,0.602,0.000
10,10,205,0,60.000,1966.852,1493.013,1966.446,1493.173,0.436,0.400,1,0,4,0,0,0,0,11.310,12.233,0.451,0.000
10,10,210,0,40.000,1966.852,1493.013,1966.432,1493.166,0.448,0.600,1,0,6,0,0,0,0,9.605,11.118,0.695,0.000
10,10,215,0,50.000,1966.852,1493.013,1966.429,1493.155,0.446,0.500,1,0,5,0,0,0,0,14.158,11.514,0.624,0.000
10,10,220,0,20.000,1966.852,1493.013,1966.427,1493.200,0.464,0.800,1,0,8,0,0,0,0,10.933,11.915,0.588,0.000
10,10,225,0,50.000,1966.852,1493.013,1966.430,1493.179,0.454,0.500,1,0,5,0,0,0,0,12.726,11.605,0.281,0.000
10,10,230,0,70.000,1966.852,1493.013,1967.142,1492.976,0.292,0.300,1,0,3,0,0,0,0,6.108,10.936,0.499,0.000
10,10,235,0,80.000,1966.852,1493.013,1966.492,1493.181,0.398,0.200,1,0,2,0,0,0,0,7.502,9.730,0.675,0.000
10,10,240,0,90.000,1966.852,1493.013,1966.450,1493.178,0.435,0.100,1,0,1,0,0,0,0,5.855,12.049,0.681,0.000
10,10,245,0,40.000,1966.852,1493.013,1966.456,1493.173,0.427,0.600,1,0,6,0,0,0,0,11.080,8.009,0.491,0.000
10,10,250,0,30.000,1966.852,1493.013,1966.952,1493.032,0.102,0.700,1,0,7,0,0,0,0,12.796,13.429,0.604,0.000
10,10,255,0,50.000,1966.852,1493.013,1966.440,1493.201,0.453,0.500,1,0,5,0,0,0,0,7.651,11.919,0.668,0.000
10,10,260,0,40.000,1966.852,1493.013,1966.451,1493.167,0.430,0.600,1,0,6,0,0,0,0,13.494,7.794,0.540,0.000
10,10,265,0,40.000,1966.852,1493.013,1966.866,1493.092,0.080,0.600,1,0,6,0,0,0,0,11.463,10.429,0.514,0.000
10,10,270,0,10.000,1966.852,1493.013,1966.479,1493.221,0.427,0.900,1,0,9,0,0,0,0,11.132,10.657,0.372,0.000
10,10,275,0,70.000,1966.852,1493.013,1966.432,1493.183,0.453,0.300,1,0,3,0,0,0,0,8.126,11.711,0.347,0.000
10,10,280,0,30.000,1966.852,1493.013,1966.443,1493.194,0.447,0.700,1,0,7,0,0,0,0,11.331,10.652,0.476,0.000
10,10,285,0,50.000,1966.852,1493.013,1967.743,1492.837,0.908,0.500,1,0,5,0,0,0,0,11.463,9.867,0.330,0.000
10,15,-10,0,0.000,1966.852,1493.013,,,,0.000,0,0,0,0,0,0,10,10.960,8.734,0.521,
10,15,-5,0,0.000,1966.852,1493.013,,,,0.200,1,0,2,0,0,0,8,8.268,10.866,0.407,
10,15,0,0,20.000,1966.852,1493.013,1966.449,1493.184,0.438,0.200,1,0,2,0,0,0,6,12.381,13.017,0.261,0.000
10,15,5,0,20.000,1966.852,1493.013,1967.114,1492.994,0.263,0.100,1,0,1,0,0,0,7,12.891,11.579,0.619,0.000
10,15,10,0,10.000,1966.852,1493.013,1973.267,1491.357,6.625,0.300,1,0,3,0,0,0,6,9.260,14.268,0.427,0.000
10,15,15,0,0.000,1966.852,1493.013,,,,0.600,1,0,6,0,0,0,4,10.307,9.629,0.641,
10,15,20,0,20.000,1966.852,1493.013,1966.458,1493.208,0.440,0.400,1,0,4,0,0,0,4,13.455,13.192,0.307,0.000
10,15,25,0,10.000,1966.852,1493.013,1966.378,1493.162,0.497,0.900,1,0,9,0,0,0,0,6.821,13.399,0.609,0.000
10,15,30,0,50.000,1966.852,1493.013,1967.134,1493.031,0.282,0.400,1,0,4,0,0,0,1,11.925,11.500,0.465,0.000
10,15,35,0,50.000,1966.852,1493.013,1966.591,1493.172,0.306,0.500,1,0,5,0,0,0,0,9.347,11.895,0.335,0.000
10,15,40,0,30.000,1966.852,1493.013,1968.214,1492.706,1.396,0.700,1,0,7,0,0,0,0,8.401,10.803,0.427,0.000
10,15,45,0,30.000,1966.852,1493.013,1966.561,1493.146,0.320,0.700,1,0,7,0,0,0,0,10.142,12.553,0.425,0.000
10,15,50,0,20.000,1966.852,1493.013,1966.460,1493.219,0.443,0.800,1,0,8,0,0,0,0,8.139,10.394,0.458,0.000
10,15,55,0,10.000,1966.852,1493.013,1970.377,1492.139,3.631,0.800,1,0,8,0,0,0,1,9.093,10.070,0.542,0.000
10,15,60,0,50.000,1966.852,1493.013,1966.995,1493.061,0.151,0.500,1,0,5,0,0,0,0,11.358,12.796,0.359,0.000
10,15,65,0,70.000,1966.852,1493.013,1966.885,1493.094,0.087,0.300,1,0,3,0,0,0,0,7.771,8.918,0.519,0.000
10,15,70,0,50.000,1966.852,1493.013,1966.925,1493.064,0.089,0.500,1,0,5,0,0,0,0,9.814,12.579,0.594,0.000
10,15,75,0,40.000,1966.852,1493.013,1967.095,1492.997,0.243,0.600,1,0,6,0,0,0,0,10.643,11.843,0.653,0.000
10,15,80,0,20.000,1966.852,1493.013,1967.610,1492.886,0.769,0.800,1,0,8,0,0,0,0,9.849,11.768,0.666,0.000
10,15,85,0,40.000,1966.852,1493.013,1966.609,1493.164,0.286,0.600,1,0,6,0,0,0,0,9.658,12.398,0.418,0.000
10,15,90,0,50.000,1966.852,1493.013,1966.755,1493.121,0.145,0.500,1,0,5,0,0,0,0,12.334,13.145,0.559,0.000
10,15,95,0,30.000,1966.852,1493.013,1966.445,1493.200,0.448,0.700,1,0,7,0,0,0,0,12.910,11.876,0.628,0.000
10,15,100,0,20.000,1966.852,1493.013,1966.422,1493.168,0.458,0.800,1,0,8,0,0,0,0,10.151,12.364,0.490,0.000
10,15,105,0,40.000,1966.852,1493.013,1966.425,1493.188,0.462,0.600,1,0,6,0,0,0,0,10.420,12.474,0.320,0.000
10,15,110,0,40.000,1966.852,1493.013,1966.469,1493.211,0.431,0.600,1,0,6,0,0,0,0,11.348,11.380,0.637,0.000
10,15,115,0,50.000,1966.852,1493.013,1966.525,1493.173,0.364,0.500,1,0,5,0,0,0,0,11.045,8.352,0.551,0.000
10,15,120,0,30.000,1966.852,1493.013,1966.429,1493.197,0.462,0.700,1,0,7,0,0,0,0,10.692,13.049,0.545,0.000
10,15,125,0,40.000,1966.852,1493.013,1966.434,1493.168,0.446,0.600,1,0,6,0,0,0,0,9.363,8.504,0.514,0.000
10,15,130,0,60.000,1966.852,1493.013,1966.527,1493.177,0.364,0.400,1,0,4,0,0,0,0,11.516,11.530,0.396,0.000
10,15,135,0,40.000,1966.852,1493.013,1966.420,1493.167,0.459,0.600,1,0,6,0,0,0,0,14.054,10.364,0.534,0.000
10,15,140,0,20.000,1966.852,1493.013,1966.467,1493.222,0.438,0.800,1,0,8,0,0,0,0,11.031,9.014,0.564,0.000
10,15,145,0,20.000,1966.852,1493.013,1967.662,1492.854,0.826,0.800,1,0,8,0,0,0,0,8.100,10.623,0.491,0.000
10,15,150,0,40.000,1966.852,1493.013,1966.544,1493.181,0.351,0.600,1,0,6,0,0,0,0,11.660,9.608,0.576,0.000
10,15,155,0,50.000,1966.852,1493.013,1966.741,1493.107,0.145,0.500,1,0,5,0,0,0,0,8.889,13.501,0.545,0.000
10,15,160,0,20.000,1966.852,1493.013,1967.223,1493.008,0.371,0.800,1,0,8,0,0,0,0,12.075,12.050,0.552,0.000
10,15,165,0,30.000,1966.852,1493.013,1966.947,1493.071,0.110,0.700,1,0,7,0,0,0,0,11.964,11.848,0.525,0.000
10,15,170,0,20.000,1966.852,1493.013,1966.473,1493.222,0.433,0.800,1,0,8,0,0,0,0,12.776,8.016,0.352,0.000
10,15,175,0,40.000,1966.852,1493.013,1966.435,1493.188,0.453,0.600,1,0,6,0,0,0,0,12.814,8.768,0.656,0.000
10,15,180,0,30.000,1966.852,1493.013,1966.444,1493.194,0.446,0.700,1,0,7,0,0,0,0,12.362,12.960,0.551,0.000
10,15,185,0,10.000,1966.852,1493.013,1967.083,1493.052,0.234,0.900,1,0,9,0,0,0,0,8.063,13.649,0.656,0.000
10,15,190,0,40.000,1966.852,1493.013,1966.595,1493.152,0.293,0.600,1,0,6,0,0,0,0,11.653,11.956,0.513,0.000
10,15,195,0,60.000,1966.852,1493.013,1967.675,1492.862,0.837,0.400,1,0,4,0,0,0,0,10.064,10.566,0.595,0.000
10,15,200,0,50.000,1966.852,1493.013,1966.419,1493.176,0.462,0.500,1,0,5,0,0,0,0,9.686,11.298,0.509,0.000
10,15,205,0,10.000,1966.852,1493.013,1966.462,1493.198,0.431,0.900,1,0,9,0,0,0,0,11.382,12.462,0.673,0.000
10,15,210,0,50.000,1966.852,1493.013,1966.432,1493.204,0.461,0.500,1,0,5,0,0,0,0,13.303,9.988,0.462,0.000
10,15,215,0,30.000,1966.852,1493.013,1966.423,1493.169,0.457,0.700,1,0,7,0,0,0,0,11.431,11.688,0.532,0.000
10,15,220,0,50.000,1966.852,1493.013,1966.444,1493.191,0.446,0.500,1,0,5,0,0,0,0,12.711,11.105,0.529,0.000
10,15,225,0,30.000,1966.852,1493.013,1966.435,1493.204,0.458,0.700,1,0,7,0,0,0,0,10.281,11.691,0.338,0.000
10,15,230,0,50.000,1966.852,1493.013,1966.435,1493.177,0.448,0.500,1,0,5,0,0,0,0,11.975,11.922,0.556,0.000
10,15,235,0,30.000,1966.852,1493.013,1966.434,1493.173,0.448,0.700,1,0,7,0,0,0,0,11.667,12.824,0.574,0.000
10,15,240,0,20.000,1966.852,1493.013,1966.618,1493.132,0.262,0.800,1,0,8,0,0,0,0,11.332,8.710,0.495,0.000
10,15,245,0,50.000,1966.852,1493.013,1966.419,1493.174,0.462,0.500,1,0,5,0,0,0,0,11.634,11.123,0.626,0.000
10,15,250,0,40.000,1966.852,1493.013,1966.930,1493.072,0.097,0.600,1,0,6,0,0,0,0,13.151,12.278,0.508,0.000
10,15,255,0,40.000,1966.852,1493.013,1968.522,1492.632,1.712,0.600,1,0,6,0,0,0,0,12.376,11.506,0.642,0.000
10,15,260,0,0.000,1966.852,1493.013,,,,1.000,1,0,10,0,0,0,0,7.971,9.993,0.504,
10,15,265,0,20.000,1966.852,1493.013,1966.416,1493.186,0.469,0.800,1,0,8,0,0,0,0,11.272,6.713,0.375,0.000
10,15,270,0,10.000,1966.852,1493.013,1966.482,1493.220,0.424,0.900,1,0,9,0,0,0,0,9.566,12.995,0.521,0.000
10,15,275,0,30.000,1966.852,1493.013,1966.423,1493.178,0.460,0.700,1,0,7,0,0,0,0,11.031,9.314,0.412,0.000
10,15,280,0,10.000,1966.852,1493.013,1966.421,1493.136,0.449,0.900,1,0,9,0,0,0,0,12.474,12.497,0.551,0.000
10,15,285,0,40.000,1966.852,1493.013,1966.445,1493.202,0.449,0.600,1,0,6,0,0,0,0,11.055,10.192,0.594,0.000
10,20,-10,0,10.000,1966.852,1493.013,1966.432,1493.184,0.454,0.000,0,0,0,0,0,0,9,12.081,10.537,0.551,0.000
10,20,-5,0,10.000,1966.852,1493.013,1973.722,1491.234,7.096,0.200,1,0,2,0,0,0,7,12.402,13.471,0.381,0.000
10,20,0,0,10.000,1966.852,1493.013,1966.624,1493.130,0.257,0.200,1,0,2,0,0,0,7,13.356,12.764,0.508,0.000
10,20,5,0,10.000,1966.852,1493.013,1968.964,1492.525,2.167,0.600,1,0,6,0,0,0,3,9.882,11.065,0.630,0.000
10,20,10,0,10.000,1966.852,1493.013,1966.460,1493.178,0.425,0.500,1,0,5,0,0,0,4,9.374,8.997,0.646,0.000
10,20,15,0,10.000,1966.852,1493.013,1966.400,1493.196,0.488,0.500,1,0,5,0,0,0,4,12.182,9.775,0.532,0.000
10,20,20,0,10.000,1966.852,1493.013,1967.463,1492.908,0.619,0.900,1,0,9,0,0,0,0,9.050,11.689,0.695,0.000
10,20,25,0,20.000,1966.852,1493.013,1967.902,1492.775,1.076,0.600,1,0,6,0,0,0,2,11.938,14.288,0.699,0.000
10,20,30,0,40.000,1966.852,1493.013,1967.715,1492.820,0.884,0.600,1,0,6,0,0,0,0,12.089,10.501,0.614,0.000
10,20,35,0,20.000,1966.852,1493.013,1968.504,1492.643,1.693,0.800,1,0,8,0,0,0,0,11.190,11.412,0.670,0.000
10,20,40,0,30.000,1966.852,1493.013,1967.734,1492.867,0.893,0.700,1,0,7,0,0,0,0,5.614,13.485,0.640,0.000
10,20,45,0,10.000,1966.852,1493.013,1966.505,1493.118,0.363,0.900,1,0,9,0,0,0,0,11.104,9.502,0.466,0.000
10,20,50,0,30.000,1966.852,1493.013,1967.294,1492.988,0.442,0.700,1,0,7,0,0,0,0,9.303,13.194,0.585,0.000
10,20,55,0,20.000,1966.852,1493.013,1966.506,1493.159,0.376,0.800,1,0,8,0,0,0,0,8.729,12.224,0.352,0.000
10,20,60,0,20.000,1966.852,1493.013,1966.476,1493.194,0.418,0.800,1,0,8,0,0,0,0,7.721,12.652,0.432,0.000
10,20,65,0,40.000,1966.852,1493.013,1966.722,1493.152,0.190,0.600,1,0,6,0,0,0,0,10.822,10.221,0.576,0.000
10,20,70,0,10.000,1966.852,1493.013,1966.463,1493.224,0.443,0.900,1,0,9,0,0,0,0,11.158,9.322,0.553,0.000
10,20,75,0,10.000,1966.852,1493.013,1970.920,1491.984,4.196,0.900,1,0,9,0,0,0,0,9.406,13.221,0.478,0.000
10,20,80,0,40.000,1966.852,1493.013,1966.836,1493.110,0.098,0.600,1,0,6,0,0,0,0,11.350,11.810,0.606,0.000
10,20,85,0,20.000,1966.852,1493.013,1966.728,1493.129,0.170,0.800,1,0,8,0,0,0,0,10.656,12.249,0.659,0.000
10,20,90,0,0.000,1966.852,1493.013,,,,1.000,1,0,10,0,0,0,0,7.853,12.191,0.452,
10,20,95,0,50.000,1966.852,1493.013,1966.676,1493.132,0.213,0.500,1,0,5,0,0,0,0,8.717,9.983,0.427,0.000
10,20,100,0,30.000,1966.852,1493.013,1966.576,1493.167,0.316,0.700,1,0,7,0,0,0,0,10.835,10.994,0.394,0.000
10,20,105,0,20.000,1966.852,1493.013,1966.454,1493.168,0.427,0.800,1,0,8,0,0,0,0,10.300,13.922,0.544,0.000
10,20,110,0,20.000,1966.852,1493.013,1966.551,1493.185,0.346,0.800,1,0,8,0,0,0,0,9.229,9.667,0.590,0.000
10,20,115,0,20.000,1966.852,1493.013,1966.427,1493.195,0.462,0.800,1,0,8,0,0,0,0,11.899,12.714,0.274,0.000
10,20,120,0,30.000,1966.852,1493.013,1966.511,1493.192,0.385,0.700,1,0,7,0,0,0,0,11.785,9.324,0.483,0.000
10,20,125,0,10.000,1966.852,1493.013,1966.480,1493.221,0.426,0.900,1,0,9,0,0,0,0,12.209,9.836,0.532,0.000
10,20,130,0,20.000,1966.852,1493.013,1966.429,1493.230,0.475,0.800,1,0,8,0,0,0,0,10.421,12.366,0.550,0.000
10,20,135,0,20.000,1966.852,1493.013,1966.437,1493.225,0.467,0.800,1,0,8,0,0,0,0,11.984,13.350,0.615,0.000
10,20,140,0,20.000,1966.852,1493.013,1966.397,1493.155,0.477,0.800,1,0,8,0,0,0,0,10.758,9.927,0.541,0.000
10,20,145,0,30.000,1966.852,1493.013,1966.433,1493.183,0.452,0.700,1,0,7,0,0,0,0,12.337,11.764,0.578,0.000
10,20,150,0,10.000,1966.852,1493.013,1966.469,1493.223,0.437,0.900,1,0,9,0,0,0,0,9.391,11.858,0.495,0.000
10,20,155,0,20.000,1966.852,1493.013,1966.461,1493.181,0.426,0.800,1,0,8,0,0,0,0,11.344,7.998,0.505,0.000
10,20,160,0,30.000,1966.852,1493.013,1966.405,1493.195,0.483,0.700,1,0,7,0,0,0,0,11.392,6.648,0.656,0.000
10,20,165,0,10.000,1966.852,1493.013,1966.453,1493.185,0.435,0.900,1,0,9,0,0,0,0,9.611,9.461,0.504,0.000
10,20,170,0,20.000,1966.852,1493.013,1967.157,1493.026,0.305,0.800,1,0,8,0,0,0,0,10.710,9.037,0.594,0.000
10,20,175,0,20.000,1966.852,1493.013,1966.444,1493.209,0.453,0.800,1,0,8,0,0,0,0,11.675,13.042,0.575,0.000
10,20,180,0,30.000,1966.852,1493.013,1966.470,1493.199,0.425,0.700,1,0,7,0,0,0,0,13.561,9.682,0.496,0.000
10,20,185,0,10.000,1966.852,1493.013,1966.455,1493.225,0.450,0.900,1,0,9,0,0,0,0,9.430,8.885,0.479,0.000
10,20,190,0,20.000,1966.852,1493.013,1966.440,1493.138,0.431,0.800,1,0,8,0,0,0,0,10.448,10.367,0.591,0.000
10,20,195,0,20.000,1966.852,1493.013,1966.415,1493.170,0.465,0.800,1,0,8,0,0,0,0,13.589,10.963,0.574,0.000
10,20,200,0,10.000,1966.852,1493.013,1966.434,1493.172,0.447,0.900,1,0,9,0,0,0,0,9.627,12.274,0.497,0.000
10,20,205,0,20.000,1966.852,1493.013,1966.445,1493.188,0.443,0.800,1,0,8,0,0,0,0,11.712,13.677,0.398,0.000
10,20,210,0,50.000,1966.852,1493.013,1966.427,1493.187,0.459,0.500,1,0,5,0,0,0,0,7.954,11.082,0.662,0.000
10,20,215,0,0.000,1966.852,1493.013,,,,1.000,1,0,10,0,0,0,0,9.120,6.623,0.498,
10,20,220,0,20.000,1966.852,1493.013,1966.413,1493.231,0.491,0.800,1,0,8,0,0,0,0,9.916,10.687,0.690,0.000
10,20,225,0,20.000,1966.852,1493.013,1966.464,1493.223,0.441,0.800,1,0,8,0,0,0,0,10.087,10.976,0.577,0.000
10,20,230,0,20.000,1966.852,1493.013,1966.430,1493.212,0.467,0.800,1,0,8,0,0,0,0,11.952,9.096,0.593,0.000
10,20,235,0,20.000,1966.852,1493.013,1967.302,1492.984,0.450,0.800,1,0,8,0,0,0,0,11.477,12.234,0.497,0.000
10,20,240,0,0.000,1966.852,1493.013,,,,1.000,1,0,10,0,0,0,0,8.920,11.330,0.572,
10,20,245,0,20.000,1966.852,1493.013,1967.501,1492.858,0.667,0.800,1,0,8,0,0,0,0,10.560,12.885,0.522,0.000
10,20,250,0,30.000,1966.852,1493.013,1966.448,1493.166,0.432,0.700,1,0,7,0,0,0,0,10.688,8.145,0.518,0.000
10,20,255,0,10.000,1966.852,1493.013,1966.432,1493.194,0.457,0.900,1,0,9,0,0,0,0,11.045,10.291,0.436,0.000
10,20,260,0,40.000,1966.852,1493.013,1966.424,1493.200,0.468,0.600,1,0,6,0,0,0,0,10.922,12.241,0.606,0.000
10,20,265,0,20.000,1966.852,1493.013,1966.467,1493.223,0.439,0.800,1,0,8,0,0,0,0,11.624,9.482,0.563,0.000
10,20,270,0,20.000,1966.852,1493.013,1966.443,1493.203,0.452,0.800,1,0,8,0,0,0,0,13.255,12.179,0.453,0.000
10,20,275,0,10.000,1966.852,1493.013,1966.425,1493.228,0.478,0.900,1,0,9,0,0,0,0,9.247,11.921,0.684,0.000
10,20,280,0,20.000,1966.852,1493.013,1966.479,1493.221,0.427,0.800,1,0,8,0,0,0,0,12.054,9.195,0.656,0.000
10,20,285,0,10.000,1966.852,1493.013,1966.437,1493.159,0.440,0.900,1,0,9,0,0,0,0,11.208,8.406,0.449,0.000
10,25,-10,0,10.000,1966.852,1493.013,1974.380,1491.059,7.778,0.200,1,0,2,0,0,0,7,11.375,13.125,0.585,0.000
10,25,-5,0,0.000,1966.852,1493.013,,,,0.100,1,0,1,0,0,0,9,14.989,10.231,0.530,
10,25,0,0,10.000,1966.852,1493.013,1969.980,1492.238,3.222,0.300,1,0,3,0,0,0,6,11.881,13.798,0.452,0.000
10,25,5,0,0.000,1966.852,1493.013,,,,0.500,1,0,5,0,0,0,5,9.620,11.700,0.650,
10,25,10,0,0.000,1966.852,1493.013,,,,0.600,1,0,6,0,0,0,4,11.089,11.016,0.370,
10,25,15,0,10.000,1966.852,1493.013,1967.074,1492.992,0.223,0.800,1,0,8,0,0,0,1,10.607,9.322,0.606,0.000
10,25,20,0,10.000,1966.852,1493.013,1972.128,1491.663,5.446,0.700,1,0,7,0,0,0,2,12.656,9.454,0.652,0.000
10,25,25,0,10.000,1966.852,1493.013,1972.201,1491.642,5.522,0.800,1,0,8,0,0,0,1,11.837,11.313,0.700,0.000
10,25,30,0,10.000,1966.852,1493.013,1966.413,1493.145,0.458,0.900,1,0,9,0,0,0,0,14.548,13.800,0.515,0.000
10,25,35,0,0.000,1966.852,1493.013,,,,1.000,1,0,10,0,0,0,0,6.725,14.043,0.569,
10,25,40,0,0.000,1966.852,1493.013,,,,1.000,1,0,10,0,0,0,0,7.511,10.374,0.557,
10,25,45,0,0.000,1966.852,1493.013,,,,1.000,1,0,10,0,0,0,0,9.779,5.468,0.366,
10,25,50,0,10.000,1966.852,1493.013,1967.395,1492.965,0.544,0.900,1,0,9,0,0,0,0,9.188,13.840,0.338,0.000
10,25,55,0,30.000,1966.852,1493.013,1967.029,1493.043,0.179,0.700,1,0,7,0,0,0,0,10.255,14.551,0.646,0.000
10,25,60,0,20.000,1966.852,1493.013,1966.535,1493.197,0.367,0.800,1,0,8,0,0,0,0,12.209,8.686,0.340,0.000
10,25,65,0,0.000,1966.852,1493.013,,,,1.000,1,0,10,0,0,0,0,8.070,10.865,0.677,
10,25,70,0,10.000,1966.852,1493.013,1970.346,1492.146,3.600,0.900,1,0,9,0,0,0,0,10.151,8.136,0.660,0.000
10,25,75,0,0.000,1966.852,1493.013,,,,1.000,1,0,10,0,0,0,0,6.944,12.022,0.691,
10,25,80,0,20.000,1966.852,1493.013,1967.491,1492.929,0.644,0.800,1,0,8,0,0,0,0,9.100,10.329,0.389,0.000
10,25,85,0,10.000,1966.852,1493.013,1966.408,1493.137,0.462,0.900,1,0,9,0,0,0,0,12.055,11.006,0.596,0.000
10,25,90,0,0.000,1966.852,1493.013,,,,1.000,1,0,10,0,0,0,0,11.471,13.046,0.584,
10,25,95,0,0.000,1966.852,1493.013,,,,1.000,1,0,10,0,0,0,0,11.484,13.019,0.634,
10,25,100,0,10.000,1966.852,1493.013,1967.081,1493.010,0.229,0.900,1,0,9,0,0,0,0,10.921,11.004,0.513,0.000
10,25,105,0,0.000,1966.852,1493.013,,,,1.000,1,0,10,0,0,0,0,13.003,9.429,0.512,
10,25,110,0,30.000,1966.852,1493.013,1967.143,1493.024,0.291,0.700,1,0,7,0,0,0,0,9.474,11.103,0.663,0.000
10,25,115,0,20.000,1966.852,1493.013,1966.797,1493.086,0.091,0.800,1,0,8,0,0,0,0,7.746,9.123,0.556,0.000
10,25,120,0,0.000,1966.852,1493.013,,,,1.000,1,0,10,0,0,0,0,11.571,13.523,0.450,
10,25,125,0,30.000,1966.852,1493.013,1967.357,1492.965,0.507,0.700,1,0,7,0,0,0,0,12.575,12.166,0.662,0.000
10,25,130,0,10.000,1966.852,1493.013,1966.852,1493.060,0.047,0.900,1,0,9,0,0,0,0,8.889,11.438,0.610,0.000
10,25,135,0,10.000,1966.852,1493.013,1966.392,1493.205,0.498,0.900,1,0,9,0,0,0,0,10.620,9.101,0.627,0.000
10,25,140,0,0.000,1966.852,1493.013,,,,1.000,1,0,10,0,0,0,0,7.241,11.744,0.596,
10,25,145,0,20.000,1966.852,1493.013,1966.462,1493.133,0.409,0.800,1,0,8,0,0,0,0,12.893,13.379,0.505,0.000
10,25,150,0,20.000,1966.852,1493.013,1966.448,1493.184,0.439,0.800,1,0,8,0,0,0,0,7.428,10.955,0.408,0.000
10,25,155,0,0.000,1966.852,1493.013,,,,1.000,1,0,10,0,0,0,0,9.574,12.408,0.487,
10,25,160,0,20.000,1966.852,1493.013,1966.473,1493.220,0.432,0.800,1,0,8,0,0,0,0,11.984,9.514,0.547,0.000
10,25,165,0,10.000,1966.852,1493.013,1966.455,1493.225,0.450,0.900,1,0,9,0,0,0,0,12.412,13.691,0.545,0.000
10,25,170,0,10.000,1966.852,1493.013,1966.477,1493.222,0.429,0.900,1,0,9,0,0,0,0,9.744,5.647,0.567,0.000
10,25,175,0,10.000,1966.852,1493.013,1966.393,1493.179,0.488,0.900,1,0,9,0,0,0,0,8.623,11.116,0.436,0.000
10,25,180,0,10.000,1966.852,1493.013,1966.458,1493.223,0.447,0.900,1,0,9,0,0,0,0,12.448,14.223,0.624,0.000
10,25,185,0,0.000,1966.852,1493.013,,,,1.000,1,0,10,0,0,0,0,9.413,9.721,0.627,
10,25,190,0,10.000,1966.852,1493.013,1966.477,1493.221,0.430,0.900,1,0,9,0,0,0,0,7.944,13.223,0.491,0.000
10,25,195,0,20.000,1966.852,1493.013,1966.459,1493.177,0.426,0.800,1,0,8,0,0,0,0,11.771,7.945,0.446,0.000
10,25,200,0,0.000,1966.852,1493.013,,,,1.000,1,0,10,0,0,0,0,9.449,11.142,0.470,
10,25,205,0,0.000,1966.852,1493.013,,,,1.000,1,0,10,0,0,0,0,11.017,9.166,0.621,
10,25,210,0,10.000,1966.852,1493.013,1966.427,1493.190,0.461,0.900,1,0,9,0,0,0,0,12.073,12.928,0.433,0.000
10,25,215,0,10.000,1966.852,1493.013,1966.440,1493.217,0.460,0.900,1,0,9,0,0,0,0,9.238,11.475,0.383,0.000
10,25,220,0,20.000,1966.852,1493.013,1966.450,1493.224,0.454,0.800,1,0,8,0,0,0,0,10.415,12.792,0.493,0.000
10,25,225,0,0.000,1966.852,1493.013,,,,1.000,1,0,10,0,0,0,0,11.926,9.802,0.538,
10,25,230,0,0.000,1966.852,1493.013,,,,1.000,1,0,10,0,0,0,0,5.923,10.435,0.509,
10,25,235,0,0.000,1966.852,1493.013,,,,1.000,1,0,10,0,0,0,0,6.601,8.705,0.666,
10,25,240,0,20.000,1966.852,1493.013,1966.465,1493.165,0.416,0.800,1,0,8,0,0,0,0,12.396,12.549,0.458,0.000
10,25,245,0,0.000,1966.852,1493.013,,,,1.000,1,0,10,0,0,0,0,12.889,12.532,0.542,
10,25,250,0,20.000,1966.852,1493.013,1966.452,1493.154,0.425,0.800,1,0,8,0,0,0,0,11.694,12.329,0.501,0.000
10,25,255,0,20.000,1966.852,1493.013,1966.439,1493.179,0.445,0.800,1,0,8,0,0,0,0,9.988,11.604,0.541,0.000
10,25,260,0,10.000,1966.852,1493.013,1966.461,1493.148,0.414,0.900,1,0,9,0,0,0,0,11.593,14.580,0.481,0.000
10,25,265,0,0.000,1966.852,1493.013,,,,1.000,1,0,10,0,0,0,0,10.826,11.815,0.532,
10,25,270,0,0.000,1966.852,1493.013,,,,1.000,1,0,10,0,0,0,0,8.625,5.192,0.445,
10,25,275,0,0.000,1966.852,1493.013,,,,1.000,1,0,10,0,0,0,0,9.713,10.860,0.666,
10,25,280,0,0.000,1966.852,1493.013,,,,1.000,1,0,10,0,0,0,0,12.042,11.147,0.525,
10,25,285,0,0.000,1966.852,1493.013,,,,1.000,1,0,10,0,0,0,0,10.978,11.081,0.654,
10,30,-10,0,0.000,1966.852,1493.013,,,,0.200,1,0,2,0,0,0,8,11.461,11.224,0.612,
10,30,-5,0,0.000,1966.852,1493.013,,,,0.100,1,0,1,0,0,0,9,7.429,9.047,0.597,
10,30,0,0,0.000,1966.852,1493.013,,,,0.300,1,0,3,0,0,0,7,9.369,10.046,0.539,
10,30,5,0,0.000,1966.852,1493.013,,,,0.400,1,0,4,0,0,0,6,10.230,12.278,0.507,
10,30,10,0,0.000,1966.852,1493.013,,,,0.400,1,0,4,0,0,0,6,11.929,11.593,0.511,
10,30,15,0,0.000,1966.852,1493.013,,,,0.700,1,0,7,0,0,0,3,11.843,12.495,0.411,
10,30,20,0,0.000,1966.852,1493.013,,,,0.700,1,0,7,0,0,0,3,12.465,11.660,0.491,
10,30,25,0,0.000,1966.852,1493.013,,,,1.000,1,0,10,0,0,0,0,11.223,11.800,0.644,
10,30,30,0,0.000,1966.852,1493.013,,,,1.000,1,0,10,0,0,0,0,12.936,7.778,0.503,
10,30,35,0,0.000,1966.852,1493.013,,,,1.000,1,0,10,0,0,0,0,10.737,12.489,0.579,
10,30,40,0,0.000,1966.852,1493.013,,,,1.000,1,0,10,0,0,0,0,9.858,10.711,0.623,
10,30,45,0,0.000,1966.852,1493.013,,,,1.000,1,0,10,0,0,0,0,10.222,12.361,0.534,
10,30,50,0,0.000,1966.852,1493.013,,,,1.000,1,0,10,0,0,0,0,14.228,12.351,0.559,
10,30,55,0,0.000,1966.852,1493.013,,,,1.000,1,0,10,0,0,0,0,12.941,9.436,0.482,
10,30,60,0,0.000,1966.852,1493.013,,,,1.000,1,0,10,0,0,0,0,10.806,10.501,0.503,
10,30,65,0,0.000,1966.852,1493.013,,,,1.000,1,0,10,0,0,0,0,9.969,9.704,0.430,
10,30,70,0,0.000,1966.852,1493.013,,,,1.000,1,0,10,0,0,0,0,11.856,7.562,0.500,
10,30,75,0,0.000,1966.852,1493.013,,,,1.000,1,0,10,0,0,0,0,14.825,11.994,0.606,
10,30,80,0,0.000,1966.852,1493.013,,,,1.000,1,0,10,0,0,0,0,9.889,7.714,0.621,
10,30,85,0,0.000,1966.852,1493.013,,,,1.000,1,0,10,0,0,0,0,10.035,11.140,0.565,
10,30,90,0,0.000,1966.852,1493.013,,,,1.000,1,0,10,0,0,0,0,15.034,9.070,0.422,
10,30,95,0,0.000,1966.852,1493.013,,,,1.000,1,0,10,0,0,0,0,14.635,11.871,0.374,
10,30,100,0,0.000,1966.852,1493.013,,,,1.000,1,0,10,0,0,0,0,10.118,13.435,0.489,
10,30,105,0,0.000,1966.852,1493.013,,,,1.000,1,0,10,0,0,0,0,11.717,10.580,0.691,
10,30,110,0,0.000,1966.852,1493.013,,,,1.000,1,0,10,0,0,0,0,9.256,10.578,0.517,
10,30,115,0,0.000,1966.852,1493.013,,,,1.000,1,0,10,0,0,0,0,13.521,11.443,0.561,
10,30,120,0,0.000,1966.852,1493.013,,,,1.000,1,0,10,0,0,0,0,14.482,11.379,0.641,
10,30,125,0,0.000,1966.852,1493.013,,,,1.000,1,0,10,0,0,0,0,8.776,5.847,0.619,
10,30,130,0,0.000,1966.852,1493.013,,,,1.000,1,0,10,0,0,0,0,8.225,13.482,0.616,
10,30,135,0,0.000,1966.852,1493.013,,,,1.000,1,0,10,0,0,0,0,5.704,13.709,0.559,
10,30,140,0,0.000,1966.852,1493.013,,,,1.000,1,0,10,0,0,0,0,6.737,9.884,0.366,
10,30,145,0,0.000,1966.852,1493.013,,,,1.000,1,0,10,0,0,0,0,10.601,12.305,0.497,
10,30,150,0,0.000,1966.852,1493.013,,,,1.000,1,0,10,0,0,0,0,9.153,9.593,0.423,
10,30,155,0,0.000,1966.852,1493.013,,,,1.000,1,0,10,0,0,0,0,8.939,10.582,0.410,
10,30,160,0,0.000,1966.852,1493.013,,,,1.000,1,0,10,0,0,0,0,9.112,10.438,0.639,
10,30,165,0,0.000,1966.852,1493.013,,,,1.000,1,0,10,0,0,0,0,9.006,11.429,0.437,
10,30,170,0,0.000,1966.852,1493.013,,,,1.000,1,0,10,0,0,0,0,11.491,13.575,0.555,
10,30,175,0,0.000,1966.852,1493.013,,,,1.000,1,0,10,0,0,0,0,12.839,7.473,0.291,
10,30,180,0,0.000,1966.852,1493.013,,,,1.000,1,0,10,0,0,0,0,13.148,7.260,0.672,
10,30,185,0,0.000,1966.852,1493.013,,,,1.000,1,0,10,0,0,0,0,11.939,12.231,0.426,
10,30,190,0,0.000,1966.852,1493.013,,,,1.000,1,0,10,0,0,0,0,10.179,9.772,0.407,
10,30,195,0,0.000,1966.852,1493.013,,,,1.000,1,0,10,0,0,0,0,11.289,15.265,0.564,
10,30,200,0,0.000,1966.852,1493.013,,,,1.000,1,0,10,0,0,0,0,9.524,11.644,0.667,
10,30,205,0,0.000,1966.852,1493.013,,,,1.000,1,0,10,0,0,0,0,8.815,7.703,0.550,
10,30,210,0,0.000,1966.852,1493.013,,,,1.000,1,0,10,0,0,0,0,8.355,13.147,0.569,
10,30,215,0,0.000,1966.852,1493.013,,,,1.000,1,0,10,0,0,0,0,5.160,8.780,0.510,
10,30,220,0,0.000,1966.852,1493.013,,,,1.000,1,0,10,0,0,0,0,11.998,10.796,0.370,
10,30,225,0,0.000,1966.852,1493.013,,,,1.000,1,0,10,0,0,0,0,14.202,9.441,0.482,
10,30,230,0,0.000,1966.852,1493.013,,,,1.000,1,0,10,0,0,0,0,13.499,11.781,0.466,
10,30,235,0,0.000,1966.852,1493.013,,,,1.000,1,0,10,0,0,0,0,9.067,7.902,0.658,
10,30,240,0,0.000,1966.852,1493.013,,,,1.000,1,0,10,0,0,0,0,13.497,9.504,0.564,
10,30,245,0,0.000,1966.852,1493.013,,,,1.000,1,0,10,0,0,0,0,13.763,7.276,0.397,
10,30,250,0,0.000,1966.852,1493.013,,,,1.000,1,0,10,0,0,0,0,11.687,8.982,0.525,
10,30,255,0,0.000,1966.852,1493.013,,,,1.000,1,0,10,0,0,0,0,11.524,13.761,0.489,
10,30,260,0,0.000,1966.852,1493.013,,,,1.000,1,0,10,0,0,0,0,12.300,8.500,0.694,
10,30,265,0,0.000,1966.852,1493.013,,,,1.000,1,0,10,0,0,0,0,9.024,11.897,0.564,
10,30,270,0,0.000,1966.852,1493.013,,,,1.000,1,0,10,0,0,0,0,11.597,10.826,0.392,
10,30,275,0,0.000,1966.852,1493.013,,,,1.000,1,0,10,0,0,0,0,10.843,10.515,0.552,
10,30,280,0,0.000,1966.852,1493.013,,,,1.000,1,0,10,0,0,0,0,8.558,7.559,0.656,
10,30,285,0,0.000,1966.852,1493.013,,,,1.000,1,0,10,0,0,0,0,9.165,12.501,0.586,
10,35,-10,0,0.000,1966.852,1493.013,,,,0.100,1,0,1,0,0,0,9,10.673,13.195,0.388,
10,35,-5,0,0.000,1966.852,1493.013,,,,0.000,0,0,0,0,0,0,10,12.988,7.600,0.457,
10,35,0,0,0.000,1966.852,1493.013,,,,0.500,1,0,5,0,0,0,5,6.806,13.404,0.650,
10,35,5,0,0.000,1966.852,1493.013,,,,0.200,1,0,2,0,0,0,8,11.150,10.243,0.431,
10,35,10,0,0.000,1966.852,1493.013,,,,0.800,1,0,8,0,0,0,2,14.926,9.425,0.525,
10,35,15,0,0.000,1966.852,1493.013,,,,1.000,1,0,10,0,0,0,0,13.596,6.394,0.543,
10,35,20,0,0.000,1966.852,1493.013,,,,1.000,1,0,10,0,0,0,0,9.544,6.748,0.528,
10,35,25,0,0.000,1966.852,1493.013,,,,1.000,1,0,10,0,0,0,0,11.547,9.853,0.606,
10,35,30,0,0.000,1966.852,1493.013,,,,1.000,1,0,10,0,0,0,0,13.190,10.062,0.491,
10,35,35,0,0.000,1966.852,1493.013,,,,1.000,1,0,10,0,0,0,0,12.731,11.507,0.660,
10,35,40,0,0.000,1966.852,1493.013,,,,1.000,1,0,10,0,0,0,0,10.727,10.436,0.554,
10,35,45,0,0.000,1966.852,1493.013,,,,1.000,1,0,10,0,0,0,0,8.490,10.663,0.560,
10,35,50,0,0.000,1966.852,1493.013,,,,1.000,1,0,10,0,0,0,0,10.983,10.663,0.371,
10,35,55,0,0.000,1966.852,1493.013,,,,1.000,1,0,10,0,0,0,0,9.356,10.454,0.653,
10,35,60,0,0.000,1966.852,1493.013,,,,1.000,1,0,10,0,0,0,0,11.862,11.323,0.379,
10,35,65,0,0.000,1966.852,1493.013,,,,1.000,1,0,10,0,0,0,0,14.176,12.801,0.555,
10,35,70,0,0.000,1966.852,1493.013,,,,1.000,1,0,10,0,0,0,0,12.705,12.246,0.595,
10,35,75,0,0.000,1966.852,1493.013,,,,1.000,1,0,10,0,0,0,0,13.182,11.877,0.391,
10,35,80,0,0.000,1966.852,1493.013,,,,1.000,1,0,10,0,0,0,0,11.529,9.975,0.470,
10,35,85,0,0.000,1966.852,1493.013,,,,1.000,1,0,10,0,0,0,0,11.975,7.118,0.643,
10,35,90,0,0.000,1966.852,1493.013,,,,1.000,1,0,10,0,0,0,0,9.606,9.629,0.392,
10,35,95,0,0.000,1966.852,1493.013,,,,1.000,1,0,10,0,0,0,0,11.876,9.018,0.323,
10,35,100,0,0.000,1966.852,1493.013,,,,1.000,1,0,10,0,0,0,0,10.260,10.851,0.560,
10,35,105,0,0.000,1966.852,1493.013,,,,1.000,1,0,10,0,0,0,0,12.726,12.254,0.557,
10,35,110,0,0.000,1966.852,1493.013,,,,1.000,1,0,10,0,0,0,0,6.897,14.068,0.429,
10,35,115,0,0.000,1966.852,1493.013,,,,1.000,1,0,10,0,0,0,0,9.305,12.040,0.457,
10,35,120,0,0.000,1966.852,1493.013,,,,1.000,1,0,10,0,0,0,0,8.967,9.351,0.414,
10,35,125,0,0.000,1966.852,1493.013,,,,1.000,1,0,10,0,0,0,0,11.126,9.930,0.593,
10,35,130,0,0.000,1966.852,1493.013,,,,1.000,1,0,10,0,0,0,0,12.930,8.963,0.631,
10,35,135,0,0.000,1966.852,1493.013,,,,1.000,1,0,10,0,0,0,0,12.343,12.639,0.469,
10,35,140,0,0.000,1966.852,1493.013,,,,1.000,1,0,10,0,0,0,0,7.838,9.592,0.600,
10,35,145,0,0.000,1966.852,1493.013,,,,1.000,1,0,10,0,0,0,0,13.301,7.981,0.506,
10,35,150,0,0.000,1966.852,1493.013,,,,1.000,1,0,10,0,0,0,0,10.300,7.016,0.508,
10,35,155,0,0.000,1966.852,1493.013,,,,1.000,1,0,10,0,0,0,0,10.326,13.322,0.567,
10,35,160,0,0.000,1966.852,1493.013,,,,1.000,1,0,10,0,0,0,0,7.590,11.900,0.591,
10,35,165,0,0.000,1966.852,1493.013,,,,1.000,1,0,10,0,0,0,0,13.270,9.630,0.417,
10,35,170,0,0.000,1966.852,1493.013,,,,1.000,1,0,10,0,0,0,0,8.973,9.724,0.548,
10,35,175,0,0.000,1966.852,1493.013,,,,1.000,1,0,10,0,0,0,0,9.288,9.033,0.603,
10,35,180,0,0.000,1966.852,1493.013,,,,1.000,1,0,10,0,0,0,0,8.374,7.755,0.532,
10,35,185,0,0.000,1966.852,1493.013,,,,1.000,1,0,10,0,0,0,0,12.390,11.184,0.591,
10,35,190,0,0.000,1966.852,1493.013,,,,1.000,1,0,10,0,0,0,0,8.610,10.434,0.529,
10,35,195,0,0.000,1966.852,1493.013,,,,1.000,1,0,10,0,0,0,0,8.101,10.664,0.631,
10,35,200,0,0.000,1966.852,1493.013,,,,1.000,1,0,10,0,0,0,0,9.069,9.452,0.660,
10,35,205,0,0.000,1966.852,1493.013,,,,1.000,1,0,10,0,0,0,0,10.756,8.785,0.389,
10,35,210,0,0.000,1966.852,1493.013,,,,1.000,1,0,10,0,0,0,0,9.052,12.056,0.515,
10,35,215,0,0.000,1966.852,1493.013,,,,1.000,1,0,10,0,0,0,0,10.210,10.466,0.573,
10,35,220,0,0.000,1966.852,1493.013,,,,1.000,1,0,10,0,0,0,0,7.408,8.198,0.607,
10,35,225,0,0.000,1966.852,1493.013,,,,1.000,1,0,10,0,0,0,0,12.495,9.527,0.460,
10,35,230,0,0.000,1966.852,1493.013,,,,1.000,1,0,10,0,0,0,0,10.392,10.768,0.662,
10,35,235,0,0.000,1966.852,1493.013,,,,1.000,1,0,10,0,0,0,0,10.561,10.905,0.423,
10,35,240,0,0.000,1966.852,1493.013,,,,1.000,1,0,10,0,0,0,0,12.973,11.881,0.613,
10,35,245,0,0.000,1966.852,1493.013,,,,1.000,1,0,10,0,0,0,0,11.552,10.402,0.580,
10,35,250,0,0.000,1966.852,1493.013,,,,1.000,1,0,10,0,0,0,0,9.551,11.656,0.533,
10,35,255,0,0.000,1966.852,1493.013,,,,1.000,1,0,10,0,0,0,0,12.982,8.845,0.650,
10,35,260,0,0.000,1966.852,1493.013,,,,1.000,1,0,10,0,0,0,0,10.760,9.873,0.437,
10,35,265,0,0.000,1966.852,1493.013,,,,1.000,1,0,10,0,0,0,0,12.050,12.033,0.607,
10,35,270,0,0.000,1966.852,1493.013,,,,1.000,1,0,10,0,0,0,0,11.475,11.093,0.776,
10,35,275,0,0.000,1966.852,1493.013,,,,1.000,1,0,10,0,0,0,0,11.230,12.431,0.396,
10,35,280,0,0.000,1966.852,1493.013,,,,1.000,1,0,10,0,0,0,0,11.577,13.164,0.593,
10,35,285,0,0.000,1966.852,1493.013,,,,1.000,1,0,10,0,0,0,0,11.443,11.490,0.434,
10,40,-10,0,0.000,1966.852,1493.013,,,,0.000,0,0,0,0,0,0,10,10.801,11.542,0.667,
10,40,-5,0,0.000,1966.852,1493.013,,,,0.100,1,0,1,0,0,0,9,12.055,10.234,0.510,
10,40,0,0,0.000,1966.852,1493.013,,,,0.100,1,0,1,0,0,0,9,9.757,11.191,0.514,
10,40,5,0,0.000,1966.852,1493.013,,,,0.400,1,0,4,0,0,0,6,10.159,11.174,0.427,
10,40,10,0,0.000,1966.852,1493.013,,,,0.700,1,0,7,0,0,0,3,10.859,10.481,0.528,
10,40,15,0,0.000,1966.852,1493.013,,,,0.500,1,0,5,0,0,0,5,11.928,11.020,0.599,
10,40,20,0,0.000,1966.852,1493.013,,,,0.800,1,0,8,0,0,0,2,10.779,12.183,0.463,
10,40,25,0,0.000,1966.852,1493.013,,,,0.900,1,0,9,0,0,0,1,10.366,10.369,0.506,
10,40,30,0,0.000,1966.852,1493.013,,,,1.000,1,0,10,0,0,0,0,12.407,12.045,0.562,
10,40,35,0,0.000,1966.852,1493.013,,,,1.000,1,0,10,0,0,0,0,11.295,7.571,0.529,
10,40,40,0,0.000,1966.852,1493.013,,,,1.000,1,0,10,0,0,0,0,10.005,12.182,0.689,
10,40,45,0,0.000,1966.852,1493.013,,,,1.000,1,0,10,0,0,0,0,8.981,12.181,0.607,
10,40,50,0,0.000,1966.852,1493.013,,,,1.000,1,0,10,0,0,0,0,13.764,7.313,0.690,
10,40,55,0,0.000,1966.852,1493.013,,,,1.000,1,0,10,0,0,0,0,11.429,11.869,0.372,
10,40,60,0,0.000,1966.852,1493.013,,,,1.000,1,0,10,0,0,0,0,13.243,9.236,0.574,
10,40,65,0,0.000,1966.852,1493.013,,,,1.000,1,0,10,0,0,0,0,10.821,7.202,0.363,
10,40,70,0,0.000,1966.852,1493.013,,,,1.000,1,0,10,0,0,0,0,11.266,10.245,0.538,
10,40,75,0,0.000,1966.852,1493.013,,,,1.000,1,0,10,0,0,0,0,12.641,11.358,0.391,
10,40,80,0,0.000,1966.852,1493.013,,,,1.000,1,0,10,0,0,0,0,11.500,9.835,0.621,
10,40,85,0,0.000,1966.852,1493.013,,,,1.000,1,0,10,0,0,0,0,9.534,11.200,0.569,
10,40,90,0,0.000,1966.852,1493.013,,,,1.000,1,0,10,0,0,0,0,11.325,7.656,0.593,
10,40,95,0,0.000,1966.852,1493.013,,,,1.000,1,0,10,0,0,0,0,9.739,11.134,0.659,
10,40,100,0,0.000,1966.852,1493.013,,,,1.000,1,0,10,0,0,0,0,12.070,11.473,0.652,
10,40,105,0,0.000,1966.852,1493.013,,,,1.000,1,0,10,0,0,0,0,9.462,13.176,0.514,
10,40,110,0,0.000,1966.852,1493.013,,,,1.000,1,0,10,0,0,0,0,10.559,13.731,0.537,
10,40,115,0,0.000,1966.852,1493.013,,,,1.000,1,0,10,0,0,0,0,11.068,12.109,0.671,
10,40,120,0,0.000,1966.852,1493.013,,,,1.000,1,0,10,0,0,0,0,9.257,12.316,0.688,
10,40,125,0,0.000,1966.852,1493.013,,,,1.000,1,0,10,0,0,0,0,9.394,10.231,0.481,
10,40,130,0,0.000,1966.852,1493.013,,,,1.000,1,0,10,0,0,0,0,12.502,10.588,0.484,
10,40,135,0,0.000,1966.852,1493.013,,,,1.000,1,0,10,0,0,0,0,13.710,12.745,0.662,
10,40,140,0,0.000,1966.852,1493.013,,,,1.000,1,0,10,0,0,0,0,12.625,10.586,0.524,
10,40,145,0,0.000,1966.852,1493.013,,,,1.000,1,0,10,0,0,0,0,9.614,11.208,0.511,
10,40,150,0,0.000,1966.852,1493.013,,,,1.000,1,0,10,0,0,0,0,12.144,13.097,0.501,
10,40,155,0,0.000,1966.852,1493.013,,,,1.000,1,0,10,0,0,0,0,10.479,11.602,0.512,
10,40,160,0,0.000,1966.852,1493.013,,,,1.000,1,0,10,0,0,0,0,9.722,8.024,0.560,
10,40,165,0,0.000,1966.852,1493.013,,,,1.000,1,0,10,0,0,0,0,12.765,7.972,0.245,
10,40,170,0,0.000,1966.852,1493.013,,,,1.000,1,0,10,0,0,0,0,10.969,11.802,0.595,
10,40,175,0,0.000,1966.852,1493.013,,,,1.000,1,0,10,0,0,0,0,11.163,12.047,0.513,
10,40,180,0,0.000,1966.852,1493.013,,,,1.000,1,0,10,0,0,0,0,13.955,10.548,0.576,
10,40,185,0,0.000,1966.852,1493.013,,,,1.000,1,0,10,0,0,0,0,10.214,12.224,0.486,
10,40,190,0,0.000,1966.852,1493.013,,,,1.000,1,0,10,0,0,0,0,12.240,13.246,0.444,
10,40,195,0,0.000,1966.852,1493.013,,,,1.000,1,0,10,0,0,0,0,9.266,12.394,0.496,
10,40,200,0,0.000,1966.852,1493.013,,,,1.000,1,0,10,0,0,0,0,13.070,10.588,0.588,
10,40,205,0,0.000,1966.852,1493.013,,,,1.000,1,0,10,0,0,0,0,11.675,13.358,0.595,
10,40,210,0,0.000,1966.852,1493.013,,,,1.000,1,0,10,0,0,0,0,12.812,11.303,0.491,
10,40,215,0,0.000,1966.852,1493.013,,,,1.000,1,0,10,0,0,0,0,10.910,12.319,0.571,
10,40,220,0,0.000,1966.852,1493.013,,,,1.000,1,0,10,0,0,0,0,10.439,10.123,0.699,
10,40,225,0,0.000,1966.852,1493.013,,,,1.000,1,0,10,0,0,0,0,9.638,6.737,0.365,
10,40,230,0,0.000,1966.852,1493.013,,,,1.000,1,0,10,0,0,0,0,11.004,10.386,0.559,
10,40,235,0,0.000,1966.852,1493.013,,,,1.000,1,0,10,0,0,0,0,11.725,12.309,0.565,
10,40,240,0,0.000,1966.852,1493.013,,,,1.000,1,0,10,0,0,0,0,7.736,12.732,0.585,
10,40,245,0,0.000,1966.852,1493.013,,,,1.000,1,0,10,0,0,0,0,12.289,10.788,0.493,
10,40,250,0,0.000,1966.852,1493.013,,,,1.000,1,0,10,0,0,0,0,10.873,9.407,0.326,
10,40,255,0,0.000,1966.852,1493.013,,,,1.000,1,0,10,0,0,0,0,8.809,10.377,0.595,
10,40,260,0,0.000,1966.852,1493.013,,,,1.000,1,0,10,0,0,0,0,9.675,11.896,0.612,
10,40,265,0,0.000,1966.852,1493.013,,,,1.000,1,0,10,0,0,0,0,10.974,12.371,0.738,
10,40,270,0,0.000,1966.852,1493.013,,,,1.000,1,0,10,0,0,0,0,13.726,13.407,0.698,
10,40,275,0,0.000,1966.852,1493.013,,,,1.000,1,0,10,0,0,0,0,12.242,11.963,0.395,
10,40,280,0,0.000,1966.852,1493.013,,,,1.000,1,0,10,0,0,0,0,10.874,12.735,0.490,
10,40,285,0,0.000,1966.852,1493.013,,,,1.000,1,0,10,0,0,0,0,12.039,10.472,0.516,
10,45,-10,0,0.000,1966.852,1493.013,,,,0.200,1,0,2,0,0,0,8,12.163,14.808,0.476,
10,45,-5,0,0.000,1966.852,1493.013,,,,0.300,1,0,3,0,0,0,7,9.331,13.865,0.524,
10,45,0,0,0.000,1966.852,1493.013,,,,0.100,1,0,1,0,0,0,9,12.701,12.259,0.510,
10,45,5,0,0.000,1966.852,1493.013,,,,0.500,1,0,5,0,0,0,5,12.771,13.525,0.585,
10,45,10,0,0.000,1966.852,1493.013,,,,0.700,1,0,7,0,0,0,3,7.344,10.981,0.563,
10,45,15,0,0.000,1966.852,1493.013,,,,0.600,1,0,6,0,0,0,4,9.921,9.957,0.450,
10,45,20,0,0.000,1966.852,1493.013,,,,0.700,1,0,7,0,0,0,3,12.744,11.510,0.555,
10,45,25,0,0.000,1966.852,1493.013,,,,0.800,1,0,8,0,0,0,2,10.156,11.950,0.518,
10,45,30,0,0.000,1966.852,1493.013,,,,1.000,1,0,10,0,0,0,0,14.257,12.869,0.615,
10,45,35,0,0.000,1966.852,1493.013,,,,1.000,1,0,10,0,0,0,0,10.788,11.282,0.577,
10,45,40,0,0.000,1966.852,1493.013,,,,1.000,1,0,10,0,0,0,0,11.374,12.475,0.390,
10,45,45,0,0.000,1966.852,1493.013,,,,1.000,1,0,10,0,0,0,0,7.085,10.199,0.506,
10,45,50,0,0.000,1966.852,1493.013,,,,1.000,1,0,10,0,0,0,0,9.584,8.909,0.583,
10,45,55,0,0.000,1966.852,1493.013,,,,1.000,1,0,10,0,0,0,0,12.737,12.563,0.686,
10,45,60,0,0.000,1966.852,1493.013,,,,1.000,1,0,10,0,0,0,0,9.212,10.272,0.469,
10,45,65,0,0.000,1966.852,1493.013,,,,1.000,1,0,10,0,0,0,0,13.262,10.294,0.590,
10,45,70,0,0.000,1966.852,1493.013,,,,1.000,1,0,10,0,0,0,0,9.927,10.779,0.353,
10,45,75,0,0.000,1966.852,1493.013,,,,1.000,1,0,10,0,0,0,0,11.519,10.417,0.392,
10,45,80,0,0.000,1966.852,1493.013,,,,1.000,1,0,10,0,0,0,0,11.003,13.203,0.633,
10,45,85,0,0.000,1966.852,1493.013,,,,1.000,1,0,10,0,0,0,0,10.505,10.568,0.607,
10,45,90,0,0.000,1966.852,1493.013,,,,1.000,1,0,10,0,0,0,0,12.427,9.255,0.559,
10,45,95,0,0.000,1966.852,1493.013,,,,1.000,1,0,10,0,0,0,0,8.389,9.745,0.449,
10,45,100,0,0.000,1966.852,1493.013,,,,1.000,1,0,10,0,0,0,0,9.592,9.289,0.388,
10,45,105,0,0.000,1966.852,1493.013,,,,1.000,1,0,10,0,0,0,0,11.728,7.538,0.530,
10,45,110,0,0.000,1966.852,1493.013,,,,1.000,1,0,10,0,0,0,0,11.299,6.061,0.564,
10,45,115,0,0.000,1966.852,1493.013,,,,1.000,1,0,10,0,0,0,0,10.332,10.399,0.567,
10,45,120,0,0.000,1966.852,1493.013,,,,1.000,1,0,10,0,0,0,0,9.084,10.047,0.502,
10,45,125,0,0.000,1966.852,1493.013,,,,1.000,1,0,10,0,0,0,0,11.683,10.903,0.457,
10,45,130,0,0.000,1966.852,1493.013,,,,1.000,1,0,10,0,0,0,0,10.589,6.483,0.380,
10,45,135,0,0.000,1966.852,1493.013,,,,1.000,1,0,10,0,0,0,0,11.211,10.804,0.629,
10,45,140,0,0.000,1966.852,1493.013,,,,1.000,1,0,10,0,0,0,0,13.497,8.473,0.563,
10,45,145,0,0.000,1966.852,1493.013,,,,1.000,1,0,10,0,0,0,0,12.279,10.767,0.490,
10,45,150,0,0.000,1966.852,1493.013,,,,1.000,1,0,10,0,0,0,0,11.505,11.676,0.595,
10,45,155,0,0.000,1966.852,1493.013,,,,1.000,1,0,10,0,0,0,0,11.046,13.958,0.653,
10,45,160,0,0.000,1966.852,1493.013,,,,1.000,1,0,10,0,0,0,0,11.113,10.938,0.480,
10,45,165,0,0.000,1966.852,1493.013,,,,1.000,1,0,10,0,0,0,0,11.646,9.209,0.519,
10,45,170,0,0.000,1966.852,1493.013,,,,1.000,1,0,10,0,0,0,0,7.938,12.816,0.377,
10,45,175,0,0.000,1966.852,1493.013,,,,1.000,1,0,10,0,0,0,0,8.353,7.785,0.623,
10,45,180,0,0.000,1966.852,1493.013,,,,1.000,1,0,10,0,0,0,0,11.219,8.165,0.599,
10,45,185,0,0.000,1966.852,1493.013,,,,1.000,1,0,10,0,0,0,0,10.547,9.621,0.464,
10,45,190,0,0.000,1966.852,1493.013,,,,1.000,1,0,10,0,0,0,0,10.189,13.538,0.494,
10,45,195,0,0.000,1966.852,1493.013,,,,1.000,1,0,10,0,0,0,0,12.095,14.389,0.638,
10,45,200,0,0.000,1966.852,1493.013,,,,1.000,1,0,10,0,0,0,0,10.399,9.875,0.517,
10,45,205,0,0.000,1966.852,1493.013,,,,1.000,1,0,10,0,0,0,0,12.346,11.962,0.537,
10,45,210,0,0.000,1966.852,1493.013,,,,1.000,1,0,10,0,0,0,0,10.293,11.308,0.519,
10,45,215,0,0.000,1966.852,1493.013,,,,1.000,1,0,10,0,0,0,0,9.338,12.870,0.589,
10,45,220,0,0.000,1966.852,1493.013,,,,1.000,1,0,10,0,0,0,0,10.495,10.568,0.627,
10,45,225,0,0.000,1966.852,1493.013,,,,1.000,1,0,10,0,0,0,0,13.295,12.962,0.449,
10,45,230,0,0.000,1966.852,1493.013,,,,1.000,1,0,10,0,0,0,0,11.952,12.652,0.475,
10,45,235,0,0.000,1966.852,1493.013,,,,1.000,1,0,10,0,0,0,0,9.287,9.002,0.668,
10,45,240,0,0.000,1966.852,1493.013,,,,1.000,1,0,10,0,0,0,0,12.173,9.416,0.715,
10,45,245,0,0.000,1966.852,1493.013,,,,1.000,1,0,10,0,0,0,0,9.496,10.314,0.541,
10,45,250,0,0.000,1966.852,1493.013,,,,1.000,1,0,10,0,0,0,0,8.817,12.781,0.343,
10,45,255,0,0.000,1966.852,1493.013,,,,1.000,1,0,10,0,0,0,0,9.674,8.269,0.491,
10,45,260,0,0.000,1966.852,1493.013,,,,1.000,1,0,10,0,0,0,0,10.741,13.141,0.492,
10,45,265,0,0.000,1966.852,1493.013,,,,1.000,1,0,10,0,0,0,0,12.768,8.862,0.429,
10,45,270,0,0.000,1966.852,1493.013,,,,1.000,1,0,10,0,0,0,0,12.439,9.470,0.632,
10,45,275,0,0.000,1966.852,1493.013,,,,1.000,1,0,10,0,0,0,0,10.978,13.011,0.504,
10,45,280,0,0.000,1966.852,1493.013,,,,1.000,1,0,10,0,0,0,0,12.541,10.719,0.692,
10,45,285,0,0.000,1966.852,1493.013,,,,1.000,1,0,10,0,0,0,0,8.691,10.561,0.605,
10,50,-10,0,0.000,1966.852,1493.013,,,,0.000,0,0,0,0,0,0,10,13.096,12.113,0.656,
10,50,-5,0,0.000,1966.852,1493.013,,,,0.400,1,0,4,0,0,0,6,14.424,10.955,0.417,
10,50,0,0,0.000,1966.852,1493.013,,,,0.400,1,0,4,0,0,0,6,9.313,11.026,0.477,
10,50,5,0,0.000,1966.852,1493.013,,,,0.400,1,0,4,0,0,0,6,8.045,8.533,0.620,
10,50,10,0,0.000,1966.852,1493.013,,,,0.700,1,0,7,0,0,0,3,10.858,11.950,0.451,
10,50,15,0,0.000,1966.852,1493.013,,,,0.900,1,0,9,0,0,0,1,9.586,10.728,0.466,
10,50,20,0,0.000,1966.852,1493.013,,,,0.600,1,0,6,0,0,0,4,10.639,11.808,0.608,
10,50,25,0,0.000,1966.852,1493.013,,,,0.800,1,0,8,0,0,0,2,9.378,12.062,0.557,
10,50,30,0,0.000,1966.852,1493.013,,,,1.000,1,0,10,0,0,0,0,10.775,12.686,0.456,
10,50,35,0,0.000,1966.852,1493.013,,,,1.000,1,0,10,0,0,0,0,9.045,10.487,0.459,
10,50,40,0,0.000,1966.852,1493.013,,,,1.000,1,0,10,0,0,0,0,7.717,9.514,0.445,
10,50,45,0,0.000,1966.852,1493.013,,,,1.000,1,0,10,0,0,0,0,8.277,10.314,0.660,
10,50,50,0,0.000,1966.852,1493.013,,,,1.000,1,0,10,0,0,0,0,9.445,11.701,0.669,
10,50,55,0,0.000,1966.852,1493.013,,,,1.000,1,0,10,0,0,0,0,12.848,10.762,0.667,
10,50,60,0,0.000,1966.852,1493.013,,,,1.000,1,0,10,0,0,0,0,10.251,11.296,0.520,
10,50,65,0,0.000,1966.852,1493.013,,,,1.000,1,0,10,0,0,0,0,13.804,13.017,0.632,
10,50,70,0,0.000,1966.852,1493.013,,,,1.000,1,0,10,0,0,0,0,10.628,10.508,0.612,
10,50,75,0,0.000,1966.852,1493.013,,,,1.000,1,0,10,0,0,0,0,11.683,8.872,0.544,
10,50,80,0,0.000,1966.852,1493.013,,,,1.000,1,0,10,0,0,0,0,10.063,11.195,0.534,
10,50,85,0,0.000,1966.852,1493.013,,,,1.000,1,0,10,0,0,0,0,9.486,13.143,0.443,
10,50,90,0,0.000,1966.852,1493.013,,,,1.000,1,0,10,0,0,0,0,14.780,7.298,0.485,
10,50,95,0,0.000,1966.852,1493.013,,,,1.000,1,0,10,0,0,0,0,10.834,10.336,0.621,
10,50,100,0,0.000,1966.852,1493.013,,,,1.000,1,0,10,0,0,0,0,9.405,10.264,0.554,
10,50,105,0,0.000,1966.852,1493.013,,,,1.000,1,0,10,0,0,0,0,11.283,10.267,0.589,
10,50,110,0,0.000,1966.852,1493.013,,,,1.000,1,0,10,0,0,0,0,12.963,6.469,0.441,
10,50,115,0,0.000,1966.852,1493.013,,,,1.000,1,0,10,0,0,0,0,10.454,8.851,0.446,
10,50,120,0,0.000,1966.852,1493.013,,,,1.000,1,0,10,0,0,0,0,8.564,10.709,0.559,
10,50,125,0,0.000,1966.852,1493.013,,,,1.000,1,0,10,0,0,0,0,11.413,11.898,0.405,
10,50,130,0,0.000,1966.852,1493.013,,,,1.000,1,0,10,0,0,0,0,10.059,13.451,0.468,
10,50,135,0,0.000,1966.852,1493.013,,,,1.000,1,0,10,0,0,0,0,9.353,9.699,0.510,
10,50,140,0,0.000,1966.852,1493.013,,,,1.000,1,0,10,0,0,0,0,9.681,10.874,0.694,
10,50,145,0,0.000,1966.852,1493.013,,,,1.000,1,0,10,0,0,0,0,13.109,13.314,0.414,
10,50,150,0,0.000,1966.852,1493.013,,,,1.000,1,0,10,0,0,0,0,10.307,10.161,0.527,
10,50,155,0,0.000,1966.852,1493.013,,,,1.000,1,0,10,0,0,0,0,12.684,9.642,0.510,
10,50,160,0,0.000,1966.852,1493.013,,,,1.000,1,0,10,0,0,0,0,10.403,9.482,0.477,
10,50,165,0,0.000,1966.852,1493.013,,,,1.000,1,0,10,0,0,0,0,11.708,12.740,0.318,
10,50,170,0,0.000,1966.852,1493.013,,,,1.000,1,0,10,0,0,0,0,10.847,10.110,0.578,
10,50,175,0,0.000,1966.852,1493.013,,,,1.000,1,0,10,0,0,0,0,11.249,12.130,0.464,
10,50,180,0,0.000,1966.852,1493.013,,,,1.000,1,0,10,0,0,0,0,12.014,8.970,0.515,
10,50,185,0,0.000,1966.852,1493.013,,,,1.000,1,0,10,0,0,0,0,11.616,10.374,0.559,
10,50,190,0,0.000,1966.852,1493.013,,,,1.000,1,0,10,0,0,0,0,11.886,9.215,0.560,
10,50,195,0,0.000,1966.852,1493.013,,,,1.000,1,0,10,0,0,0,0,8.439,11.867,0.509,
10,50,200,0,0.000,1966.852,1493.013,,,,1.000,1,0,10,0,0,0,0,13.387,12.571,0.626,
10,50,205,0,0.000,1966.852,1493.013,,,,1.000,1,0,10,0,0,0,0,11.374,8.687,0.620,
10,50,210,0,0.000,1966.852,1493.013,,,,1.000,1,0,10,0,0,0,0,10.347,14.488,0.466,
10,50,215,0,0.000,1966.852,1493.013,,,,1.000,1,0,10,0,0,0,0,9.856,10.893,0.443,
10,50,220,0,0.000,1966.852,1493.013,,,,1.000,1,0,10,0,0,0,0,9.091,12.571,0.378,
10,50,225,0,0.000,1966.852,1493.013,,,,1.000,1,0,10,0,0,0,0,9.457,7.775,0.632,
10,50,230,0,0.000,1966.852,1493.013,,,,1.000,1,0,10,0,0,0,0,8.652,11.045,0.611,
10,50,235,0,0.000,1966.852,1493.013,,,,1.000,1,0,10,0,0,0,0,13.373,7.564,0.626,
10,50,240,0,0.000,1966.852,1493.013,,,,1.000,1,0,10,0,0,0,0,13.700,12.102,0.507,
10,50,245,0,0.000,1966.852,1493.013,,,,1.000,1,0,10,0,0,0,0,12.235,11.197,0.525,
10,50,250,0,0.000,1966.852,1493.013,,,,1.000,1,0,10,0,0,0,0,11.030,10.042,0.593,
10,50,255,0,0.000,1966.852,1493.013,,,,1.000,1,0,10,0,0,0,0,13.046,11.641,0.617,
10,50,260,0,0.000,1966.852,1493.013,,,,1.000,1,0,10,0,0,0,0,11.412,11.584,0.625,
10,50,265,0,0.000,1966.852,1493.013,,,,1.000,1,0,10,0,0,0,0,10.611,10.369,0.455,
10,50,270,0,0.000,1966.852,1493.013,,,,1.000,1,0,10,0,0,0,0,8.791,9.951,0.652,
10,50,275,0,0.000,1966.852,1493.013,,,,1.000,1,0,10,0,0,0,0,11.021,13.449,0.595,
10,50,280,0,0.000,1966.852,1493.013,,,,1.000,1,0,10,0,0,0,0,12.347,11.807,0.630,
10,50,285,0,0.000,1966.852,1493.013,,,,1.000,1,0,10,0,0,0,0,9.688,9.655,0.571,
10,55,-10,0,0.000,1966.852,1493.013,,,,0.000,0,0,0,0,0,0,10,11.287,10.378,0.349,
10,55,-5,0,0.000,1966.852,1493.013,,,,0.000,0,0,0,0,0,0,10,11.569,6.809,0.450,
10,55,0,0,0.000,1966.852,1493.013,,,,0.300,1,0,3,0,0,0,7,6.865,10.629,0.508,
10,55,5,0,0.000,1966.852,1493.013,,,,0.300,1,0,3,0,0,0,7,11.334,8.805,0.596,
10,55,10,0,0.000,1966.852,1493.013,,,,0.700,1,0,7,0,0,0,3,12.483,5.539,0.659,
10,55,15,0,0.000,1966.852,1493.013,,,,0.600,1,0,6,0,0,0,4,11.027,10.532,0.471,
10,55,20,0,0.000,1966.852,1493.013,,,,0.700,1,0,7,0,0,0,3,8.824,11.169,0.486,
10,55,25,0,0.000,1966.852,1493.013,,,,0.800,1,0,8,0,0,0,2,9.751,10.170,0.557,
10,55,30,0,0.000,1966.852,1493.013,,,,0.900,1,0,9,0,0,0,1,11.295,10.604,0.451,
10,55,35,0,0.000,1966.852,1493.013,,,,1.000,1,0,10,0,0,0,0,12.422,10.262,0.309,
10,55,40,0,0.000,1966.852,1493.013,,,,1.000,1,0,10,0,0,0,0,9.594,8.447,0.740,
10,55,45,0,0.000,1966.852,1493.013,,,,1.000,1,0,10,0,0,0,0,12.701,10.441,0.436,
10,55,50,0,0.000,1966.852,1493.013,,,,1.000,1,0,10,0,0,0,0,9.367,8.930,0.507,
10,55,55,0,0.000,1966.852,1493.013,,,,1.000,1,0,10,0,0,0,0,10.823,12.966,0.552,
10,55,60,0,0.000,1966.852,1493.013,,,,1.000,1,0,10,0,0,0,0,9.411,13.139,0.482,
10,55,65,0,0.000,1966.852,1493.013,,,,1.000,1,0,10,0,0,0,0,10.622,9.064,0.416,
10,55,70,0,0.000,1966.852,1493.013,,,,1.000,1,0,10,0,0,0,0,13.688,12.482,0.561,
10,55,75,0,0.000,1966.852,1493.013,,,,1.000,1,0,10,0,0,0,0,12.780,11.746,0.564,
10,55,80,0,0.000,1966.852,1493.013,,,,1.000,1,0,10,0,0,0,0,11.555,12.941,0.600,
10,55,85,0,0.000,1966.852,1493.013,,,,1.000,1,0,10,0,0,0,0,8.786,13.956,0.370,
10,55,90,0,0.000,1966.852,1493.013,,,,1.000,1,0,10,0,0,0,0,8.163,6.845,0.593,
10,55,95,0,0.000,1966.852,1493.013,,,,1.000,1,0,10,0,0,0,0,8.689,13.168,0.558,
10,55,100,0,0.000,1966.852,1493.013,,,,1.000,1,0,10,0,0,0,0,10.929,10.995,0.554,
10,55,105,0,0.000,1966.852,1493.013,,,,1.000,1,0,10,0,0,0,0,10.815,12.990,0.367,
10,55,110,0,0.000,1966.852,1493.013,,,,1.000,1,0,10,0,0,0,0,8.956,12.918,0.464,
10,55,115,0,0.000,1966.852,1493.013,,,,1.000,1,0,10,0,0,0,0,10.605,13.522,0.621,
10,55,120,0,0.000,1966.852,1493.013,,,,1.000,1,0,10,0,0,0,0,11.097,3.850,0.622,
10,55,125,0,0.000,1966.852,1493.013,,,,1.000,1,0,10,0,0,0,0,11.454,8.302,0.316,
10,55,130,0,0.000,1966.852,1493.013,,,,1.000,1,0,10,0,0,0,0,12.496,11.545,0.662,
10,55,135,0,0.000,1966.852,1493.013,,,,1.000,1,0,10,0,0,0,0,9.463,10.419,0.622,
10,55,140,0,0.000,1966.852,1493.013,,,,1.000,1,0,10,0,0,0,0,11.839,8.626,0.569,
10,55,145,0,0.000,1966.852,1493.013,,,,1.000,1,0,10,0,0,0,0,11.581,12.646,0.599,
10,55,150,0,0.000,1966.852,1493.013,,,,1.000,1,0,10,0,0,0,0,11.893,9.439,0.553,
10,55,155,0,0.000,1966.852,1493.013,,,,1.000,1,0,10,0,0,0,0,9.031,9.204,0.581,
10,55,160,0,0.000,1966.852,1493.013,,,,1.000,1,0,10,0,0,0,0,9.721,9.243,0.446,
10,55,165,0,0.000,1966.852,1493.013,,,,1.000,1,0,10,0,0,0,0,11.304,13.460,0.464,
10,55,170,0,0.000,1966.852,1493.013,,,,1.000,1,0,10,0,0,0,0,9.850,10.195,0.414,
10,55,175,0,0.000,1966.852,1493.013,,,,1.000,1,0,10,0,0,0,0,11.560,9.479,0.441,
10,55,180,0,0.000,1966.852,1493.013,,,,1.000,1,0,10,0,0,0,0,13.082,14.449,0.398,
10,55,185,0,0.000,1966.852,1493.013,,,,1.000,1,0,10,0,0,0,0,9.672,12.016,0.620,
10,55,190,0,0.000,1966.852,1493.013,,,,1.000,1,0,10,0,0,0,0,13.892,10.619,0.639,
10,55,195,0,0.000,1966.852,1493.013,,,,1.000,1,0,10,0,0,0,0,11.030,13.748,0.559,
10,55,200,0,0.000,1966.852,1493.013,,,,1.000,1,0,10,0,0,0,0,8.287,13.124,0.634,
10,55,205,0,0.000,1966.852,1493.013,,,,1.000,1,0,10,0,0,0,0,9.496,10.836,0.516,
10,55,210,0,0.000,1966.852,1493.013,,,,1.000,1,0,10,0,0,0,0,5.386,11.098,0.455,
10,55,215,0,0.000,1966.852,1493.013,,,,1.000,1,0,10,0,0,0,0,11.074,11.590,0.581,
10,55,220,0,0.000,1966.852,1493.013,,,,1.000,1,0,10,0,0,0,0,10.471,9.822,0.478,
10,55,225,0,0.000,1966.852,1493.013,,,,1.000,1,0,10,0,0,0,0,10.263,8.633,0.613,
10,55,230,0,0.000,1966.852,1493.013,,,,1.000,1,0,10,0,0,0,0,11.872,9.648,0.467,
10,55,235,0,0.000,1966.852,1493.013,,,,1.000,1,0,10,0,0,0,0,10.469,8.968,0.588,
10,55,240,0,0.000,1966.852,1493.013,,,,1.000,1,0,10,0,0,0,0,11.107,12.048,0.618,
10,55,245,0,0.000,1966.852,1493.013,,,,1.000,1,0,10,0,0,0,0,11.798,11.164,0.617,
10,55,250,0,0.000,1966.852,1493.013,,,,1.000,1,0,10,0,0,0,0,13.579,11.722,0.535,
10,55,255,0,0.000,1966.852,1493.013,,,,1.000,1,0,10,0,0,0,0,13.734,12.165,0.540,
10,55,260,0,0.000,1966.852,1493.013,,,,1.000,1,0,10,0,0,0,0,8.951,11.470,0.538,
10,55,265,0,0.000,1966.852,1493.013,,,,1.000,1,0,10,0,0,0,0,12.157,5.873,0.439,
10,55,270,0,0.000,1966.852,1493.013,,,,1.000,1,0,10,0,0,0,0,12.125,7.621,0.504,
10,55,275,0,0.000,1966.852,1493.013,,,,1.000,1,0,10,0,0,0,0,7.274,10.376,0.581,
10,55,280,0,0.000,1966.852,1493.013,,,,1.000,1,0,10,0,0,0,0,13.129,12.429,0.552,
10,55,285,0,0.000,1966.852,1493.013,,,,1.000,1,0,10,0,0,0,0,10.590,11.904,0.450,
10,60,-10,0,0.000,1966.852,1493.013,,,,0.000,0,0,0,0,0,0,10,13.144,8.406,0.510,
10,60,-5,0,0.000,1966.852,1493.013,,,,0.100,1,0,1,0,0,0,9,13.492,10.980,0.417,
10,60,0,0,0.000,1966.852,1493.013,,,,0.400,1,0,4,0,0,0,6,12.333,8.060,0.414,
10,60,5,0,0.000,1966.852,1493.013,,,,0.300,1,0,3,0,0,0,7,10.062,11.970,0.623,
10,60,10,0,0.000,1966.852,1493.013,,,,0.700,1,0,7,0,0,0,3,9.792,11.987,0.622,
10,60,15,0,0.000,1966.852,1493.013,,,,0.800,1,0,8,0,0,0,2,9.596,8.033,0.548,
10,60,20,0,0.000,1966.852,1493.013,,,,0.600,1,0,6,0,0,0,4,11.317,12.367,0.466,
10,60,25,0,0.000,1966.852,1493.013,,,,1.000,1,0,10,0,0,0,0,11.942,7.776,0.266,
10,60,30,0,0.000,1966.852,1493.013,,,,1.000,1,0,10,0,0,0,0,7.424,12.493,0.709,
10,60,35,0,0.000,1966.852,1493.013,,,,1.000,1,0,10,0,0,0,0,10.661,7.725,0.515,
10,60,40,0,0.000,1966.852,1493.013,,,,1.000,1,0,10,0,0,0,0,10.117,10.868,0.660,
10,60,45,0,0.000,1966.852,1493.013,,,,1.000,1,0,10,0,0,0,0,9.401,12.750,0.583,
10,60,50,0,0.000,1966.852,1493.013,,,,1.000,1,0,10,0,0,0,0,12.014,9.296,0.427,
10,60,55,0,0.000,1966.852,1493.013,,,,1.000,1,0,10,0,0,0,0,9.850,11.881,0.539,
10,60,60,0,0.000,1966.852,1493.013,,,,1.000,1,0,10,0,0,0,0,6.536,10.982,0.579,
10,60,65,0,0.000,1966.852,1493.013,,,,1.000,1,0,10,0,0,0,0,8.610,10.685,0.555,
10,60,70,0,0.000,1966.852,1493.013,,,,1.000,1,0,10,0,0,0,0,10.875,8.498,0.462,
10,60,75,0,0.000,1966.852,1493.013,,,,1.000,1,0,10,0,0,0,0,10.446,8.035,0.566,
10,60,80,0,0.000,1966.852,1493.013,,,,1.000,1,0,10,0,0,0,0,9.864,10.438,0.509,
10,60,85,0,0.000,1966.852,1493.013,,,,1.000,1,0,10,0,0,0,0,11.474,11.226,0.583,
10,60,90,0,0.000,1966.852,1493.013,,,,1.000,1,0,10,0,0,0,0,12.397,13.822,0.520,
10,60,95,0,0.000,1966.852,1493.013,,,,1.000,1,0,10,0,0,0,0,14.892,12.071,0.542,
10,60,100,0,0.000,1966.852,1493.013,,,,1.000,1,0,10,0,0,0,0,11.182,5.989,0.574,
10,60,105,0,0.000,1966.852,1493.013,,,,1.000,1,0,10,0,0,0,0,10.323,11.848,0.599,
10,60,110,0,0.000,1966.852,1493.013,,,,1.000,1,0,10,0,0,0,0,11.714,9.786,0.591,
10,60,115,0,0.000,1966.852,1493.013,,,,1.000,1,0,10,0,0,0,0,10.909,7.977,0.433,
10,60,120,0,0.000,1966.852,1493.013,,,,1.000,1,0,10,0,0,0,0,9.578,11.259,0.558,
10,60,125,0,0.000,1966.852,1493.013,,,,1.000,1,0,10,0,0,0,0,11.328,9.084,0.503,
10,60,130,0,0.000,1966.852,1493.013,,,,1.000,1,0,10,0,0,0,0,10.896,10.549,0.308,
10,60,135,0,0.000,1966.852,1493.013,,,,1.000,1,0,10,0,0,0,0,12.082,9.186,0.540,
10,60,140,0,0.000,1966.852,1493.013,,,,1.000,1,0,10,0,0,0,0,9.617,9.242,0.666,
10,60,145,0,0.000,1966.852,1493.013,,,,1.000,1,0,10,0,0,0,0,12.296,12.231,0.473,
10,60,150,0,0.000,1966.852,1493.013,,,,1.000,1,0,10,0,0,0,0,11.797,12.925,0.687,
10,60,155,0,0.000,1966.852,1493.013,,,,1.000,1,0,10,0,0,0,0,10.998,12.374,0.591,
10,60,160,0,0.000,1966.852,1493.013,,,,1.000,1,0,10,0,0,0,0,7.066,11.555,0.469,
10,60,165,0,0.000,1966.852,1493.013,,,,1.000,1,0,10,0,0,0,0,14.207,9.840,0.613,
10,60,170,0,0.000,1966.852,1493.013,,,,1.000,1,0,10,0,0,0,0,12.012,7.607,0.639,
10,60,175,0,0.000,1966.852,1493.013,,,,1.000,1,0,10,0,0,0,0,12.738,12.714,0.681,
10,60,180,0,0.000,1966.852,1493.013,,,,1.000,1,0,10,0,0,0,0,10.415,10.560,0.474,
10,60,185,0,0.000,1966.852,1493.013,,,,1.000,1,0,10,0,0,0,0,12.481,11.372,0.531,
10,60,190,0,0.000,1966.852,1493.013,,,,1.000,1,0,10,0,0,0,0,12.411,10.950,0.591,
10,60,195,0,0.000,1966.852,1493.013,,,,1.000,1,0,10,0,0,0,0,9.006,11.742,0.412,
10,60,200,0,0.000,1966.852,1493.013,,,,1.000,1,0,10,0,0,0,0,11.231,11.716,0.516,
10,60,205,0,0.000,1966.852,1493.013,,,,1.000,1,0,10,0,0,0,0,7.632,12.623,0.381,
10,60,210,0,0.000,1966.852,1493.013,,,,1.000,1,0,10,0,0,0,0,13.610,10.218,0.423,
10,60,215,0,0.000,1966.852,1493.013,,,,1.000,1,0,10,0,0,0,0,8.183,8.987,0.692,
10,60,220,0,0.000,1966.852,1493.013,,,,1.000,1,0,10,0,0,0,0,10.247,10.404,0.414,
10,60,225,0,0.000,1966.852,1493.013,,,,1.000,1,0,10,0,0,0,0,10.923,9.837,0.756,
10,60,230,0,0.000,1966.852,1493.013,,,,1.000,1,0,10,0,0,0,0,12.797,12.293,0.441,
10,60,235,0,0.000,1966.852,1493.013,,,,1.000,1,0,10,0,0,0,0,11.522,6.995,0.573,
10,60,240,0,0.000,1966.852,1493.013,,,,1.000,1,0,10,0,0,0,0,10.601,12.358,0.566,
10,60,245,0,0.000,1966.852,1493.013,,,,1.000,1,0,10,0,0,0,0,8.763,9.564,0.631,
10,60,250,0,0.000,1966.852,1493.013,,,,1.000,1,0,10,0,0,0,0,10.337,13.646,0.557,
10,60,255,0,0.000,1966.852,1493.013,,,,1.000,1,0,10,0,0,0,0,7.837,8.988,0.673,
10,60,260,0,0.000,1966.852,1493.013,,,,1.000,1,0,10,0,0,0,0,9.591,9.807,0.519,
10,60,265,0,0.000,1966.852,1493.013,,,,1.000,1,0,10,0,0,0,0,13.614,10.947,0.522,
10,60,270,0,0.000,1966.852,1493.013,,,,1.000,1,0,10,0,0,0,0,14.322,7.937,0.505,
10,60,275,0,0.000,1966.852,1493.013,,,,1.000,1,0,10,0,0,0,0,8.212,11.854,0.561,
10,60,280,0,0.000,1966.852,1493.013,,,,1.000,1,0,10,0,0,0,0,8.808,9.931,0.510,
10,60,285,0,0.000,1966.852,1493.013,,,,1.000,1,0,10,0,0,0,0,12.157,13.611,0.528,
10,65,-10,0,0.000,1966.852,1493.013,,,,0.000,0,0,0,0,0,0,10,9.457,12.809,0.531,
10,65,-5,0,0.000,1966.852,1493.013,,,,0.100,1,0,1,0,0,0,9,10.965,13.966,0.495,
10,65,0,0,0.000,1966.852,1493.013,,,,0.100,1,0,1,0,0,0,9,11.693,10.358,0.407,
10,65,5,0,0.000,1966.852,1493.013,,,,0.400,1,0,4,0,0,0,6,10.494,11.926,0.511,
10,65,10,0,0.000,1966.852,1493.013,,,,0.600,1,0,6,0,0,0,4,12.515,11.160,0.532,
10,65,15,0,0.000,1966.852,1493.013,,,,0.500,1,0,5,0,0,0,5,9.716,10.711,0.610,
10,65,20,0,0.000,1966.852,1493.013,,,,0.700,1,0,7,0,0,0,3,12.584,11.810,0.530,
10,65,25,0,0.000,1966.852,1493.013,,,,0.800,1,0,8,0,0,0,2,14.098,13.495,0.498,
10,65,30,0,0.000,1966.852,1493.013,,,,0.800,1,0,8,0,0,0,2,9.232,14.323,0.508,
10,65,35,0,0.000,1966.852,1493.013,,,,1.000,1,0,10,0,0,0,0,11.879,10.725,0.495,
10,65,40,0,0.000,1966.852,1493.013,,,,1.000,1,0,10,0,0,0,0,8.441,12.098,0.679,
10,65,45,0,0.000,1966.852,1493.013,,,,1.000,1,0,10,0,0,0,0,12.017,9.265,0.721,
10,65,50,0,0.000,1966.852,1493.013,,,,1.000,1,0,10,0,0,0,0,14.132,10.058,0.445,
10,65,55,0,0.000,1966.852,1493.013,,,,1.000,1,0,10,0,0,0,0,14.170,10.122,0.622,
10,65,60,0,0.000,1966.852,1493.013,,,,1.000,1,0,10,0,0,0,0,13.041,11.490,0.568,
10,65,65,0,0.000,1966.852,1493.013,,,,1.000,1,0,10,0,0,0,0,9.173,11.231,0.438,
10,65,70,0,0.000,1966.852,1493.013,,,,1.000,1,0,10,0,0,0,0,12.825,11.692,0.422,
10,65,75,0,0.000,1966.852,1493.013,,,,1.000,1,0,10,0,0,0,0,10.975,10.271,0.623,
10,65,80,0,0.000,1966.852,1493.013,,,,1.000,1,0,10,0,0,0,0,8.946,8.120,0.697,
10,65,85,0,0.000,1966.852,1493.013,,,,1.000,1,0,10,0,0,0,0,9.345,12.204,0.485,
10,65,90,0,0.000,1966.852,1493.013,,,,1.000,1,0,10,0,0,0,0,8.171,10.290,0.647,
10,65,95,0,0.000,1966.852,1493.013,,,,1.000,1,0,10,0,0,0,0,12.027,14.513,0.501,
10,65,100,0,0.000,1966.852,1493.013,,,,1.000,1,0,10,0,0,0,0,8.534,8.808,0.691,
10,65,105,0,0.000,1966.852,1493.013,,,,1.000,1,0,10,0,0,0,0,11.733,10.528,0.491,
10,65,110,0,0.000,1966.852,1493.013,,,,1.000,1,0,10,0,0,0,0,9.676,10.805,0.624,
10,65,115,0,0.000,1966.852,1493.013,,,,1.000,1,0,10,0,0,0,0,13.857,11.416,0.590,
10,65,120,0,0.000,1966.852,1493.013,,,,1.000,1,0,10,0,0,0,0,9.533,12.059,0.395,
10,65,125,0,0.000,1966.852,1493.013,,,,1.000,1,0,10,0,0,0,0,13.918,11.455,0.655,
10,65,130,0,0.000,1966.852,1493.013,,,,1.000,1,0,10,0,0,0,0,12.859,9.755,0.478,
10,65,135,0,0.000,1966.852,1493.013,,,,1.000,1,0,10,0,0,0,0,13.567,16.287,0.615,
10,65,140,0,0.000,1966.852,1493.013,,,,1.000,1,0,10,0,0,0,0,10.692,9.662,0.601,
10,65,145,0,0.000,1966.852,1493.013,,,,1.000,1,0,10,0,0,0,0,9.823,11.540,0.560,
10,65,150,0,0.000,1966.852,1493.013,,,,1.000,1,0,10,0,0,0,0,12.405,12.321,0.446,
10,65,155,0,0.000,1966.852,1493.013,,,,1.000,1,0,10,0,0,0,0,13.124,13.980,0.320,
10,65,160,0,0.000,1966.852,1493.013,,,,1.000,1,0,10,0,0,0,0,13.493,12.521,0.400,
10,65,165,0,0.000,1966.852,1493.013,,,,1.000,1,0,10,0,0,0,0,13.080,13.374,0.681,
10,65,170,0,0.000,1966.852,1493.013,,,,1.000,1,0,10,0,0,0,0,8.953,5.060,0.260,
10,65,175,0,0.000,1966.852,1493.013,,,,1.000,1,0,10,0,0,0,0,9.345,10.182,0.586,
10,65,180,0,0.000,1966.852,1493.013,,,,1.000,1,0,10,0,0,0,0,10.652,8.329,0.499,
10,65,185,0,0.000,1966.852,1493.013,,,,1.000,1,0,10,0,0,0,0,14.204,12.248,0.507,
10,65,190,0,0.000,1966.852,1493.013,,,,1.000,1,0,10,0,0,0,0,11.624,10.015,0.428,
10,65,195,0,0.000,1966.852,1493.013,,,,1.000,1,0,10,0,0,0,0,10.236,12.549,0.546,
10,65,200,0,0.000,1966.852,1493.013,,,,1.000,1,0,10,0,0,0,0,10.300,9.064,0.705,
10,65,205,0,0.000,1966.852,1493.013,,,,1.000,1,0,10,0,0,0,0,10.794,10.838,0.434,
10,65,210,0,0.000,1966.852,1493.013,,,,1.000,1,0,10,0,0,0,0,10.125,12.989,0.609,
10,65,215,0,0.000,1966.852,1493.013,,,,1.000,1,0,10,0,0,0,0,8.861,11.641,0.477,
10,65,220,0,0.000,1966.852,1493.013,,,,1.000,1,0,10,0,0,0,0,11.164,10.269,0.561,
10,65,225,0,0.000,1966.852,1493.013,,,,1.000,1,0,10,0,0,0,0,13.396,10.360,0.590,
10,65,230,0,0.000,1966.852,1493.013,,,,1.000,1,0,10,0,0,0,0,11.257,12.274,0.436,
10,65,235,0,0.000,1966.852,1493.013,,,,1.000,1,0,10,0,0,0,0,9.161,11.492,0.667,
10,65,240,0,0.000,1966.852,1493.013,,,,1.000,1,0,10,0,0,0,0,10.591,11.974,0.590,
10,65,245,0,0.000,1966.852,1493.013,,,,1.000,1,0,10,0,0,0,0,12.418,12.523,0.606,
10,65,250,0,0.000,1966.852,1493.013,,,,1.000,1,0,10,0,0,0,0,10.372,8.453,0.606,
10,65,255,0,0.000,1966.852,1493.013,,,,1.000,1,0,10,0,0,0,0,11.012,12.189,0.450,
10,65,260,0,0.000,1966.852,1493.013,,,,1.000,1,0,10,0,0,0,0,8.274,11.178,0.527,
10,65,265,0,0.000,1966.852,1493.013,,,,1.000,1,0,10,0,0,0,0,10.776,8.420,0.635,
10,65,270,0,0.000,1966.852,1493.013,,,,1.000,1,0,10,0,0,0,0,11.062,13.037,0.504,
10,65,275,0,0.000,1966.852,1493.013,,,,1.000,1,0,10,0,0,0,0,11.766,9.525,0.615,
10,65,280,0,0.000,1966.852,1493.013,,,,1.000,1,0,10,0,0,0,0,13.420,10.542,0.543,
10,65,285,0,0.000,1966.852,1493.013,,,,1.000,1,0,10,0,0,0,0,12.604,13.498,0.456,
10,70,-10,0,0.000,1966.852,1493.013,,,,0.000,0,0,0,0,0,0,10,10.683,12.051,0.600,
10,70,-5,0,0.000,1966.852,1493.013,,,,0.000,0,0,0,0,0,0,10,9.642,10.489,0.505,
10,70,0,0,0.000,1966.852,1493.013,,,,0.300,1,0,3,0,0,0,7,10.192,10.177,0.346,
10,70,5,0,0.000,1966.852,1493.013,,,,0.400,1,0,4,0,0,0,6,10.594,13.921,0.749,
10,70,10,0,0.000,1966.852,1493.013,,,,0.300,1,0,3,0,0,0,7,8.348,10.807,0.560,
10,70,15,0,0.000,1966.852,1493.013,,,,0.900,1,0,9,0,0,0,1,11.915,9.692,0.464,
10,70,20,0,0.000,1966.852,1493.013,,,,0.800,1,0,8,0,0,0,2,11.242,9.521,0.419,
10,70,25,0,0.000,1966.852,1493.013,,,,0.800,1,0,8,0,0,0,2,11.058,12.374,0.534,
10,70,30,0,0.000,1966.852,1493.013,,,,0.900,1,0,9,0,0,0,1,9.114,13.466,0.529,
10,70,35,0,0.000,1966.852,1493.013,,,,1.000,1,0,10,0,0,0,0,9.389,11.500,0.579,
10,70,40,0,0.000,1966.852,1493.013,,,,1.000,1,0,10,0,0,0,0,10.882,10.115,0.566,
10,70,45,0,0.000,1966.852,1493.013,,,,1.000,1,0,10,0,0,0,0,10.198,8.047,0.449,
10,70,50,0,0.000,1966.852,1493.013,,,,1.000,1,0,10,0,0,0,0,13.487,11.441,0.644,
10,70,55,0,0.000,1966.852,1493.013,,,,1.000,1,0,10,0,0,0,0,11.585,12.034,0.497,
10,70,60,0,0.000,1966.852,1493.013,,,,1.000,1,0,10,0,0,0,0,9.955,8.314,0.467,
10,70,65,0,0.000,1966.852,1493.013,,,,1.000,1,0,10,0,0,0,0,13.120,10.957,0.554,
10,70,70,0,0.000,1966.852,1493.013,,,,1.000,1,0,10,0,0,0,0,12.283,8.196,0.645,
10,70,75,0,0.000,1966.852,1493.013,,,,1.000,1,0,10,0,0,0,0,13.570,11.277,0.548,
10,70,80,0,0.000,1966.852,1493.013,,,,1.000,1,0,10,0,0,0,0,9.288,10.561,0.391,
10,70,85,0,0.000,1966.852,1493.013,,,,1.000,1,0,10,0,0,0,0,13.022,9.984,0.531,
10,70,90,0,0.000,1966.852,1493.013,,,,1.000,1,0,10,0,0,0,0,11.978,15.050,0.486,
10,70,95,0,0.000,1966.852,1493.013,,,,1.000,1,0,10,0,0,0,0,8.803,11.250,0.591,
10,70,100,0,0.000,1966.852,1493.013,,,,1.000,1,0,10,0,0,0,0,11.884,14.527,0.488,
10,70,105,0,0.000,1966.852,1493.013,,,,1.000,1,0,10,0,0,0,0,8.985,12.001,0.581,
10,70,110,0,0.000,1966.852,1493.013,,,,1.000,1,0,10,0,0,0,0,10.059,9.644,0.578,
10,70,115,0,0.000,1966.852,1493.013,,,,1.000,1,0,10,0,0,0,0,14.273,8.730,0.325,
10,70,120,0,0.000,1966.852,1493.013,,,,1.000,1,0,10,0,0,0,0,11.515,11.946,0.560,
10,70,125,0,0.000,1966.852,1493.013,,,,1.000,1,0,10,0,0,0,0,8.763,10.225,0.570,
10,70,130,0,0.000,1966.852,1493.013,,,,1.000,1,0,10,0,0,0,0,10.194,12.158,0.571,
10,70,135,0,0.000,1966.852,1493.013,,,,1.000,1,0,10,0,0,0,0,9.530,9.092,0.423,
10,70,140,0,0.000,1966.852,1493.013,,,,1.000,1,0,10,0,0,0,0,13.385,9.542,0.624,
10,70,145,0,0.000,1966.852,1493.013,,,,1.000,1,0,10,0,0,0,0,7.829,12.300,0.532,
10,70,150,0,0.000,1966.852,1493.013,,,,1.000,1,0,10,0,0,0,0,11.344,9.873,0.320,
10,70,155,0,0.000,1966.852,1493.013,,,,1.000,1,0,10,0,0,0,0,11.384,12.226,0.588,
10,70,160,0,0.000,1966.852,1493.013,,,,1.000,1,0,10,0,0,0,0,9.549,6.036,0.504,
10,70,165,0,0.000,1966.852,1493.013,,,,1.000,1,0,10,0,0,0,0,11.752,7.325,0.585,
10,70,170,0,0.000,1966.852,1493.013,,,,1.000,1,0,10,0,0,0,0,8.799,7.187,0.479,
10,70,175,0,0.000,1966.852,1493.013,,,,1.000,1,0,10,0,0,0,0,10.026,11.529,0.551,
10,70,180,0,0.000,1966.852,1493.013,,,,1.000,1,0,10,0,0,0,0,12.939,9.745,0.596,
10,70,185,0,0.000,1966.852,1493.013,,,,1.000,1,0,10,0,0,0,0,13.782,13.734,0.422,
10,70,190,0,0.000,1966.852,1493.013,,,,1.000,1,0,10,0,0,0,0,10.113,11.295,0.614,
10,70,195,0,0.000,1966.852,1493.013,,,,1.000,1,0,10,0,0,0,0,9.376,10.122,0.679,
10,70,200,0,0.000,1966.852,1493.013,,,,1.000,1,0,10,0,0,0,0,13.998,11.215,0.460,
10,70,205,0,0.000,1966.852,1493.013,,,,1.000,1,0,10,0,0,0,0,12.645,11.868,0.572,
10,70,210,0,0.000,1966.852,1493.013,,,,1.000,1,0,10,0,0,0,0,11.708,9.185,0.599,
10,70,215,0,0.000,1966.852,1493.013,,,,1.000,1,0,10,0,0,0,0,11.127,9.897,0.597,
10,70,220,0,0.000,1966.852,1493.013,,,,1.000,1,0,10,0,0,0,0,13.999,12.260,0.543,
10,70,225,0,0.000,1966.852,1493.013,,,,1.000,1,0,10,0,0,0,0,9.964,10.065,0.459,
10,70,230,0,0.000,1966.852,1493.013,,,,1.000,1,0,10,0,0,0,0,11.428,9.589,0.589,
10,70,235,0,0.000,1966.852,1493.013,,,,1.000,1,0,10,0,0,0,0,7.711,11.542,0.387,
10,70,240,0,0.000,1966.852,1493.013,,,,1.000,1,0,10,0,0,0,0,9.526,9.899,0.655,
10,70,245,0,0.000,1966.852,1493.013,,,,1.000,1,0,10,0,0,0,0,9.935,12.352,0.316,
10,70,250,0,0.000,1966.852,1493.013,,,,1.000,1,0,10,0,0,0,0,12.241,11.860,0.668,
10,70,255,0,0.000,1966.852,1493.013,,,,1.000,1,0,10,0,0,0,0,11.996,8.401,0.528,
10,70,260,0,0.000,1966.852,1493.013,,,,1.000,1,0,10,0,0,0,0,12.294,10.937,0.651,
10,70,265,0,0.000,1966.852,1493.013,,,,1.000,1,0,10,0,0,0,0,10.541,12.370,0.681,
10,70,270,0,0.000,1966.852,1493.013,,,,1.000,1,0,10,0,0,0,0,11.673,10.526,0.339,
10,70,275,0,0.000,1966.852,1493.013,,,,1.000,1,0,10,0,0,0,0,11.718,8.086,0.683,
10,70,280,0,0.000,1966.852,1493.013,,,,1.000,1,0,10,0,0,0,0,10.937,13.244,0.583,
10,70,285,0,0.000,1966.852,1493.013,,,,1.000,1,0,10,0,0,0,0,9.745,10.673,0.530,
10,75,-10,0,0.000,1966.852,1493.013,,,,0.000,0,0,0,0,0,0,10,13.463,9.192,0.484,
10,75,-5,0,0.000,1966.852,1493.013,,,,0.100,1,0,1,0,0,0,9,10.831,11.113,0.623,
10,75,0,0,0.000,1966.852,1493.013,,,,0.300,1,0,3,0,0,0,7,9.734,13.760,0.505,
10,75,5,0,0.000,1966.852,1493.013,,,,0.300,1,0,3,0,0,0,7,10.968,10.440,0.516,
10,75,10,0,0.000,1966.852,1493.013,,,,0.600,1,0,6,0,0,0,4,11.658,7.456,0.405,
10,75,15,0,0.000,1966.852,1493.013,,,,0.600,1,0,6,0,0,0,4,12.842,11.518,0.571,
10,75,20,0,0.000,1966.852,1493.013,,,,0.600,1,0,6,0,0,0,4,9.727,7.558,0.472,
10,75,25,0,0.000,1966.852,1493.013,,,,1.000,1,0,10,0,0,0,0,12.787,9.052,0.501,
10,75,30,0,0.000,1966.852,1493.013,,,,1.000,1,0,10,0,0,0,0,14.379,8.554,0.445,
10,75,35,0,0.000,1966.852,1493.013,,,,1.000,1,0,10,0,0,0,0,10.825,12.309,0.475,
10,75,40,0,0.000,1966.852,1493.013,,,,1.000,1,0,10,0,0,0,0,13.105,12.365,0.388,
10,75,45,0,0.000,1966.852,1493.013,,,,1.000,1,0,10,0,0,0,0,12.237,12.073,0.621,
10,75,50,0,0.000,1966.852,1493.013,,,,1.000,1,0,10,0,0,0,0,8.923,11.894,0.620,
10,75,55,0,0.000,1966.852,1493.013,,,,1.000,1,0,10,0,0,0,0,13.504,12.002,0.642,
10,75,60,0,0.000,1966.852,1493.013,,,,1.000,1,0,10,0,0,0,0,13.103,10.523,0.625,
10,75,65,0,0.000,1966.852,1493.013,,,,1.000,1,0,10,0,0,0,0,10.563,5.662,0.569,
10,75,70,0,0.000,1966.852,1493.013,,,,1.000,1,0,10,0,0,0,0,12.386,11.063,0.527,
10,75,75,0,0.000,1966.852,1493.013,,,,1.000,1,0,10,0,0,0,0,13.273,10.810,0.556,
10,75,80,0,0.000,1966.852,1493.013,,,,1.000,1,0,10,0,0,0,0,11.238,12.992,0.608,
10,75,85,0,0.000,1966.852,1493.013,,,,1.000,1,0,10,0,0,0,0,13.967,11.129,0.502,
10,75,90,0,0.000,1966.852,1493.013,,,,1.000,1,0,10,0,0,0,0,11.573,10.421,0.384,
10,75,95,0,0.000,1966.852,1493.013,,,,1.000,1,0,10,0,0,0,0,12.363,12.319,0.721,
10,75,100,0,0.000,1966.852,1493.013,,,,1.000,1,0,10,0,0,0,0,11.707,10.331,0.575,
10,75,105,0,0.000,1966.852,1493.013,,,,1.000,1,0,10,0,0,0,0,11.350,12.604,0.574,
10,75,110,0,0.000,1966.852,1493.013,,,,1.000,1,0,10,0,0,0,0,9.758,9.575,0.422,
10,75,115,0,0.000,1966.852,1493.013,,,,1.000,1,0,10,0,0,0,0,10.216,11.869,0.490,
10,75,120,0,0.000,1966.852,1493.013,,,,1.000,1,0,10,0,0,0,0,14.279,10.974,0.574,
10,75,125,0,0.000,1966.852,1493.013,,,,1.000,1,0,10,0,0,0,0,11.694,8.697,0.499,
10,75,130,0,0.000,1966.852,1493.013,,,,1.000,1,0,10,0,0,0,0,9.493,12.423,0.353,
10,75,135,0,0.000,1966.852,1493.013,,,,1.000,1,0,10,0,0,0,0,9.519,10.226,0.568,
10,75,140,0,0.000,1966.852,1493.013,,,,1.000,1,0,10,0,0,0,0,6.133,10.566,0.540,
10,75,145,0,0.000,1966.852,1493.013,,,,1.000,1,0,10,0,0,0,0,11.479,10.370,0.447,
10,75,150,0,0.000,1966.852,1493.013,,,,1.000,1,0,10,0,0,0,0,12.219,10.598,0.523,
10,75,155,0,0.000,1966.852,1493.013,,,,1.000,1,0,10,0,0,0,0,10.980,11.768,0.471,
10,75,160,0,0.000,1966.852,1493.013,,,,1.000,1,0,10,0,0,0,0,13.177,11.727,0.553,
10,75,165,0,0.000,1966.852,1493.013,,,,1.000,1,0,10,0,0,0,0,15.260,14.072,0.717,
10,75,170,0,0.000,1966.852,1493.013,,,,1.000,1,0,10,0,0,0,0,9.589,10.328,0.525,
10,75,175,0,0.000,1966.852,1493.013,,,,1.000,1,0,10,0,0,0,0,12.934,8.650,0.568,
10,75,180,0,0.000,1966.852,1493.013,,,,1.000,1,0,10,0,0,0,0,9.931,11.884,0.650,
10,75,185,0,0.000,1966.852,1493.013,,,,1.000,1,0,10,0,0,0,0,12.509,11.816,0.491,
10,75,190,0,0.000,1966.852,1493.013,,,,1.000,1,0,10,0,0,0,0,11.241,12.253,0.563,
10,75,195,0,0.000,1966.852,1493.013,,,,1.000,1,0,10,0,0,0,0,9.230,12.292,0.542,
10,75,200,0,0.000,1966.852,1493.013,,,,1.000,1,0,10,0,0,0,0,11.050,10.103,0.516,
10,75,205,0,0.000,1966.852,1493.013,,,,1.000,1,0,10,0,0,0,0,11.501,10.015,0.604,
10,75,210,0,0.000,1966.852,1493.013,,,,1.000,1,0,10,0,0,0,0,8.184,6.095,0.459,
10,75,215,0,0.000,1966.852,1493.013,,,,1.000,1,0,10,0,0,0,0,13.483,9.543,0.550,
10,75,220,0,0.000,1966.852,1493.013,,,,1.000,1,0,10,0,0,0,0,14.677,14.390,0.638,
10,75,225,0,0.000,1966.852,1493.013,,,,1.000,1,0,10,0,0,0,0,8.196,11.215,0.386,
10,75,230,0,0.000,1966.852,1493.013,,,,1.000,1,0,10,0,0,0,0,13.068,11.537,0.401,
10,75,235,0,0.000,1966.852,1493.013,,,,1.000,1,0,10,0,0,0,0,10.166,10.493,0.653,
10,75,240,0,0.000,1966.852,1493.013,,,,1.000,1,0,10,0,0,0,0,9.757,12.267,0.621,
10,75,245,0,0.000,1966.852,1493.013,,,,1.000,1,0,10,0,0,0,0,9.922,11.234,0.533,
10,75,250,0,0.000,1966.852,1493.013,,,,1.000,1,0,10,0,0,0,0,10.166,10.885,0.503,
10,75,255,0,0.000,1966.852,1493.013,,,,1.000,1,0,10,0,0,0,0,9.877,12.127,0.515,
10,75,260,0,0.000,1966.852,1493.013,,,,1.000,1,0,10,0,0,0,0,12.834,8.201,0.595,
10,75,265,0,0.000,1966.852,1493.013,,,,1.000,1,0,10,0,0,0,0,11.641,9.395,0.455,
10,75,270,0,0.000,1966.852,1493.013,,,,1.000,1,0,10,0,0,0,0,9.141,10.308,0.512,
10,75,275,0,0.000,1966.852,1493.013,,,,1.000,1,0,10,0,0,0,0,13.471,9.638,0.447,
10,75,280,0,0.000,1966.852,1493.013,,,,1.000,1,0,10,0,0,0,0,13.393,9.511,0.594,
10,75,285,0,0.000,1966.852,1493.013,,,,1.000,1,0,10,0,0,0,0,10.154,12.889,0.520,
10,80,-10,0,0.000,1966.852,1493.013,,,,0.000,0,0,0,0,0,0,10,8.003,7.589,0.544,
10,80,-5,0,0.000,1966.852,1493.013,,,,0.100,1,0,1,0,0,0,9,12.349,13.066,0.472,
10,80,0,0,0.000,1966.852,1493.013,,,,0.100,1,0,1,0,0,0,9,7.652,13.471,0.626,
10,80,5,0,0.000,1966.852,1493.013,,,,0.300,1,0,3,0,0,0,7,13.940,8.908,0.472,
10,80,10,0,0.000,1966.852,1493.013,,,,0.300,1,0,3,0,0,0,7,11.141,11.843,0.477,
10,80,15,0,0.000,1966.852,1493.013,,,,0.700,1,0,7,0,0,0,3,14.397,10.192,0.622,
10,80,20,0,0.000,1966.852,1493.013,,,,0.800,1,0,8,0,0,0,2,10.453,10.727,0.440,
10,80,25,0,0.000,1966.852,1493.013,,,,0.800,1,0,8,0,0,0,2,10.840,12.264,0.543,
10,80,30,0,0.000,1966.852,1493.013,,,,1.000,1,0,10,0,0,0,0,7.627,11.337,0.610,
10,80,35,0,0.000,1966.852,1493.013,,,,1.000,1,0,10,0,0,0,0,11.739,9.883,0.356,
10,80,40,0,0.000,1966.852,1493.013,,,,1.000,1,0,10,0,0,0,0,9.940,9.822,0.623,
10,80,45,0,0.000,1966.852,1493.013,,,,1.000,1,0,10,0,0,0,0,9.773,10.103,0.415,
10,80,50,0,0.000,1966.852,1493.013,,,,1.000,1,0,10,0,0,0,0,12.372,10.046,0.492,
10,80,55,0,0.000,1966.852,1493.013,,,,1.000,1,0,10,0,0,0,0,7.952,11.968,0.572,
10,80,60,0,0.000,1966.852,1493.013,,,,1.000,1,0,10,0,0,0,0,10.491,10.189,0.534,
10,80,65,0,0.000,1966.852,1493.013,,,,1.000,1,0,10,0,0,0,0,13.284,11.617,0.547,
10,80,70,0,0.000,1966.852,1493.013,,,,1.000,1,0,10,0,0,0,0,10.358,8.778,0.500,
10,80,75,0,0.000,1966.852,1493.013,,,,1.000,1,0,10,0,0,0,0,13.579,8.915,0.543,
10,80,80,0,0.000,1966.852,1493.013,,,,1.000,1,0,10,0,0,0,0,9.851,13.010,0.623,
10,80,85,0,0.000,1966.852,1493.013,,,,1.000,1,0,10,0,0,0,0,9.362,11.151,0.521,
10,80,90,0,0.000,1966.852,1493.013,,,,1.000,1,0,10,0,0,0,0,9.993,10.289,0.482,
10,80,95,0,0.000,1966.852,1493.013,,,,1.000,1,0,10,0,0,0,0,10.263,13.261,0.468,
10,80,100,0,0.000,1966.852,1493.013,,,,1.000,1,0,10,0,0,0,0,10.833,8.191,0.539,
10,80,105,0,0.000,1966.852,1493.013,,,,1.000,1,0,10,0,0,0,0,10.038,11.854,0.528,
10,80,110,0,0.000,1966.852,1493.013,,,,1.000,1,0,10,0,0,0,0,10.852,11.163,0.645,
10,80,115,0,0.000,1966.852,1493.013,,,,1.000,1,0,10,0,0,0,0,10.123,7.360,0.499,
10,80,120,0,0.000,1966.852,1493.013,,,,1.000,1,0,10,0,0,0,0,9.632,11.306,0.472,
10,80,125,0,0.000,1966.852,1493.013,,,,1.000,1,0,10,0,0,0,0,12.493,8.393,0.594,
10,80,130,0,0.000,1966.852,1493.013,,,,1.000,1,0,10,0,0,0,0,10.520,11.584,0.490,
10,80,135,0,0.000,1966.852,1493.013,,,,1.000,1,0,10,0,0,0,0,8.154,10.593,0.529,
10,80,140,0,0.000,1966.852,1493.013,,,,1.000,1,0,10,0,0,0,0,7.151,13.108,0.589,
10,80,145,0,0.000,1966.852,1493.013,,,,1.000,1,0,10,0,0,0,0,13.446,12.856,0.656,
10,80,150,0,0.000,1966.852,1493.013,,,,1.000,1,0,10,0,0,0,0,12.337,14.024,0.470,
10,80,155,0,0.000,1966.852,1493.013,,,,1.000,1,0,10,0,0,0,0,13.298,12.853,0.614,
10,80,160,0,0.000,1966.852,1493.013,,,,1.000,1,0,10,0,0,0,0,9.974,11.639,0.495,
10,80,165,0,0.000,1966.852,1493.013,,,,1.000,1,0,10,0,0,0,0,8.597,12.828,0.546,
10,80,170,0,0.000,1966.852,1493.013,,,,1.000,1,0,10,0,0,0,0,9.532,11.137,0.430,
10,80,175,0,0.000,1966.852,1493.013,,,,1.000,1,0,10,0,0,0,0,9.614,8.280,0.451,
10,80,180,0,0.000,1966.852,1493.013,,,,1.000,1,0,10,0,0,0,0,11.414,11.841,0.523,
10,80,185,0,0.000,1966.852,1493.013,,,,1.000,1,0,10,0,0,0,0,12.872,8.996,0.528,
10,80,190,0,0.000,1966.852,1493.013,,,,1.000,1,0,10,0,0,0,0,11.212,10.755,0.557,
10,80,195,0,0.000,1966.852,1493.013,,,,1.000,1,0,10,0,0,0,0,11.971,9.687,0.532,
10,80,200,0,0.000,1966.852,1493.013,,,,1.000,1,0,10,0,0,0,0,12.051,12.747,0.441,
10,80,205,0,0.000,1966.852,1493.013,,,,1.000,1,0,10,0,0,0,0,11.274,7.754,0.471,
10,80,210,0,0.000,1966.852,1493.013,,,,1.000,1,0,10,0,0,0,0,8.465,13.102,0.460,
10,80,215,0,0.000,1966.852,1493.013,,,,1.000,1,0,10,0,0,0,0,9.941,10.661,0.533,
10,80,220,0,0.000,1966.852,1493.013,,,,1.000,1,0,10,0,0,0,0,7.098,13.097,0.601,
10,80,225,0,0.000,1966.852,1493.013,,,,1.000,1,0,10,0,0,0,0,8.888,13.004,0.684,
10,80,230,0,0.000,1966.852,1493.013,,,,1.000,1,0,10,0,0,0,0,10.218,11.020,0.471,
10,80,235,0,0.000,1966.852,1493.013,,,,1.000,1,0,10,0,0,0,0,13.494,10.363,0.561,
10,80,240,0,0.000,1966.852,1493.013,,,,1.000,1,0,10,0,0,0,0,10.359,11.871,0.513,
10,80,245,0,0.000,1966.852,1493.013,,,,1.000,1,0,10,0,0,0,0,12.540,11.907,0.397,
10,80,250,0,0.000,1966.852,1493.013,,,,1.000,1,0,10,0,0,0,0,11.746,12.634,0.595,
10,80,255,0,0.000,1966.852,1493.013,,,,1.000,1,0,10,0,0,0,0,14.879,9.552,0.510,
10,80,260,0,0.000,1966.852,1493.013,,,,1.000,1,0,10,0,0,0,0,10.726,12.542,0.596,
10,80,265,0,0.000,1966.852,1493.013,,,,1.000,1,0,10,0,0,0,0,13.288,9.183,0.493,
10,80,270,0,0.000,1966.852,1493.013,,,,1.000,1,0,10,0,0,0,0,10.854,10.225,0.547,
10,80,275,0,0.000,1966.852,1493.013,,,,1.000,1,0,10,0,0,0,0,8.899,11.198,0.294,
10,80,280,0,0.000,1966.852,1493.013,,,,1.000,1,0,10,0,0,0,0,11.191,11.662,0.545,
10,80,285,0,0.000,1966.852,1493.013,,,,1.000,1,0,10,0,0,0,0,5.596,6.191,0.514,
10,85,-10,0,0.000,1966.852,1493.013,,,,0.000,0,0,0,0,0,0,10,7.144,12.986,0.666,
10,85,-5,0,0.000,1966.852,1493.013,,,,0.100,1,0,1,0,0,0,9,12.899,12.252,0.474,
10,85,0,0,0.000,1966.852,1493.013,,,,0.000,0,0,0,0,0,0,10,11.009,11.454,0.535,
10,85,5,0,0.000,1966.852,1493.013,,,,0.200,1,0,2,0,0,0,8,9.196,11.310,0.479,
10,85,10,0,0.000,1966.852,1493.013,,,,0.400,1,0,4,0,0,0,6,12.032,11.562,0.581,
10,85,15,0,0.000,1966.852,1493.013,,,,0.700,1,0,7,0,0,0,3,11.115,12.494,0.567,
10,85,20,0,0.000,1966.852,1493.013,,,,0.500,1,0,5,0,0,0,5,13.478,12.435,0.487,
10,85,25,0,0.000,1966.852,1493.013,,,,0.900,1,0,9,0,0,0,1,10.095,10.097,0.583,
10,85,30,0,0.000,1966.852,1493.013,,,,1.000,1,0,10,0,0,0,0,7.951,8.547,0.637,
10,85,35,0,0.000,1966.852,1493.013,,,,0.900,1,0,9,0,0,0,1,12.421,13.035,0.653,
10,85,40,0,0.000,1966.852,1493.013,,,,1.000,1,0,10,0,0,0,0,14.256,15.259,0.588,
10,85,45,0,0.000,1966.852,1493.013,,,,1.000,1,0,10,0,0,0,0,10.492,11.004,0.513,
10,85,50,0,0.000,1966.852,1493.013,,,,1.000,1,0,10,0,0,0,0,11.896,11.253,0.370,
10,85,55,0,0.000,1966.852,1493.013,,,,1.000,1,0,10,0,0,0,0,10.290,11.629,0.572,
10,85,60,0,0.000,1966.852,1493.013,,,,1.000,1,0,10,0,0,0,0,10.442,12.124,0.720,
10,85,65,0,0.000,1966.852,1493.013,,,,1.000,1,0,10,0,0,0,0,11.078,12.297,0.441,
10,85,70,0,0.000,1966.852,1493.013,,,,1.000,1,0,10,0,0,0,0,12.243,11.013,0.654,
10,85,75,0,0.000,1966.852,1493.013,,,,1.000,1,0,10,0,0,0,0,11.221,11.022,0.489,
10,85,80,0,0.000,1966.852,1493.013,,,,1.000,1,0,10,0,0,0,0,10.824,9.869,0.413,
10,85,85,0,0.000,1966.852,1493.013,,,,1.000,1,0,10,0,0,0,0,9.856,9.833,0.477,
10,85,90,0,0.000,1966.852,1493.013,,,,1.000,1,0,10,0,0,0,0,7.569,5.476,0.658,
10,85,95,0,0.000,1966.852,1493.013,,,,1.000,1,0,10,0,0,0,0,9.164,11.890,0.629,
10,85,100,0,0.000,1966.852,1493.013,,,,1.000,1,0,10,0,0,0,0,13.529,8.066,0.562,
10,85,105,0,0.000,1966.852,1493.013,,,,1.000,1,0,10,0,0,0,0,9.730,9.422,0.324,
10,85,110,0,0.000,1966.852,1493.013,,,,1.000,1,0,10,0,0,0,0,9.003,9.898,0.544,
10,85,115,0,0.000,1966.852,1493.013,,,,1.000,1,0,10,0,0,0,0,10.118,10.847,0.415,
10,85,120,0,0.000,1966.852,1493.013,,,,1.000,1,0,10,0,0,0,0,12.942,11.360,0.528,
10,85,125,0,0.000,1966.852,1493.013,,,,1.000,1,0,10,0,0,0,0,9.510,10.750,0.466,
10,85,130,0,0.000,1966.852,1493.013,,,,1.000,1,0,10,0,0,0,0,10.533,11.482,0.698,
10,85,135,0,0.000,1966.852,1493.013,,,,1.000,1,0,10,0,0,0,0,8.466,9.006,0.581,
10,85,140,0,0.000,1966.852,1493.013,,,,1.000,1,0,10,0,0,0,0,11.568,9.486,0.395,
10,85,145,0,0.000,1966.852,1493.013,,,,1.000,1,0,10,0,0,0,0,8.676,10.669,0.473,
10,85,150,0,0.000,1966.852,1493.013,,,,1.000,1,0,10,0,0,0,0,13.413,13.861,0.665,
10,85,155,0,0.000,1966.852,1493.013,,,,1.000,1,0,10,0,0,0,0,9.457,12.260,0.631,
10,85,160,0,0.000,1966.852,1493.013,,,,1.000,1,0,10,0,0,0,0,13.184,12.505,0.511,
10,85,165,0,0.000,1966.852,1493.013,,,,1.000,1,0,10,0,0,0,0,10.151,13.513,0.498,
10,85,170,0,0.000,1966.852,1493.013,,,,1.000,1,0,10,0,0,0,0,7.952,12.797,0.548,
10,85,175,0,0.000,1966.852,1493.013,,,,1.000,1,0,10,0,0,0,0,14.046,10.226,0.539,
10,85,180,0,0.000,1966.852,1493.013,,,,1.000,1,0,10,0,0,0,0,8.656,9.589,0.423,
10,85,185,0,0.000,1966.852,1493.013,,,,1.000,1,0,10,0,0,0,0,10.822,15.245,0.575,
10,85,190,0,0.000,1966.852,1493.013,,,,1.000,1,0,10,0,0,0,0,12.315,10.971,0.686,
10,85,195,0,0.000,1966.852,1493.013,,,,1.000,1,0,10,0,0,0,0,9.109,10.873,0.397,
10,85,200,0,0.000,1966.852,1493.013,,,,1.000,1,0,10,0,0,0,0,10.186,8.518,0.576,
10,85,205,0,0.000,1966.852,1493.013,,,,1.000,1,0,10,0,0,0,0,10.502,10.646,0.501,
10,85,210,0,0.000,1966.852,1493.013,,,,1.000,1,0,10,0,0,0,0,12.180,10.069,0.515,
10,85,215,0,0.000,1966.852,1493.013,,,,1.000,1,0,10,0,0,0,0,9.471,12.217,0.475,
10,85,220,0,0.000,1966.852,1493.013,,,,1.000,1,0,10,0,0,0,0,10.887,9.502,0.592,
10,85,225,0,0.000,1966.852,1493.013,,,,1.000,1,0,10,0,0,0,0,12.790,10.172,0.585,
10,85,230,0,0.000,1966.852,1493.013,,,,1.000,1,0,10,0,0,0,0,5.433,13.450,0.574,
10,85,235,0,0.000,1966.852,1493.013,,,,1.000,1,0,10,0,0,0,0,11.646,10.771,0.509,
10,85,240,0,0.000,1966.852,1493.013,,,,1.000,1,0,10,0,0,0,0,11.494,10.049,0.508,
10,85,245,0,0.000,1966.852,1493.013,,,,1.000,1,0,10,0,0,0,0,10.569,13.146,0.591,
10,85,250,0,0.000,1966.852,1493.013,,,,1.000,1,0,10,0,0,0,0,10.366,12.249,0.413,
10,85,255,0,0.000,1966.852,1493.013,,,,1.000,1,0,10,0,0,0,0,11.810,10.453,0.476,
10,85,260,0,0.000,1966.852,1493.013,,,,1.000,1,0,10,0,0,0,0,9.273,10.655,0.664,
10,85,265,0,0.000,1966.852,1493.013,,,,1.000,1,0,10,0,0,0,0,13.619,13.651,0.649,
10,85,270,0,0.000,1966.852,1493.013,,,,1.000,1,0,10,0,0,0,0,9.537,10.673,0.610,
10,85,275,0,0.000,1966.852,1493.013,,,,1.000,1,0,10,0,0,0,0,14.667,9.312,0.663,
10,85,280,0,0.000,1966.852,1493.013,,,,1.000,1,0,10,0,0,0,0,7.605,11.198,0.626,
10,85,285,0,0.000,1966.852,1493.013,,,,1.000,1,0,10,0,0,0,0,10.277,9.006,0.666,
10,90,-10,0,0.000,1966.852,1493.013,,,,0.000,0,0,0,0,0,0,10,12.301,11.394,0.662,
10,90,-5,0,0.000,1966.852,1493.013,,,,0.000,0,0,0,0,0,0,10,12.596,10.319,0.425,
10,90,0,0,0.000,1966.852,1493.013,,,,0.000,0,0,0,0,0,0,10,10.459,14.520,0.586,
10,90,5,0,0.000,1966.852,1493.013,,,,0.300,1,0,3,0,0,0,7,12.119,10.545,0.645,
10,90,10,0,0.000,1966.852,1493.013,,,,0.100,1,0,1,0,0,0,9,10.394,7.707,0.598,
10,90,15,0,0.000,1966.852,1493.013,,,,0.500,1,0,5,0,0,0,5,9.773,11.565,0.486,
10,90,20,0,0.000,1966.852,1493.013,,,,0.400,1,0,4,0,0,0,6,11.241,11.988,0.533,
10,90,25,0,0.000,1966.852,1493.013,,,,0.900,1,0,9,0,0,0,1,11.229,9.650,0.627,
10,90,30,0,0.000,1966.852,1493.013,,,,1.000,1,0,10,0,0,0,0,14.088,5.691,0.528,
10,90,35,0,0.000,1966.852,1493.013,,,,1.000,1,0,10,0,0,0,0,9.874,8.946,0.533,
10,90,40,0,0.000,1966.852,1493.013,,,,1.000,1,0,10,0,0,0,0,13.177,10.570,0.642,
10,90,45,0,0.000,1966.852,1493.013,,,,1.000,1,0,10,0,0,0,0,10.201,9.735,0.572,
10,90,50,0,0.000,1966.852,1493.013,,,,1.000,1,0,10,0,0,0,0,11.546,10.726,0.629,
10,90,55,0,0.000,1966.852,1493.013,,,,1.000,1,0,10,0,0,0,0,6.940,9.412,0.460,
10,90,60,0,0.000,1966.852,1493.013,,,,1.000,1,0,10,0,0,0,0,10.500,11.653,0.528,
10,90,65,0,0.000,1966.852,1493.013,,,,1.000,1,0,10,0,0,0,0,10.919,11.440,0.619,
10,90,70,0,0.000,1966.852,1493.013,,,,1.000,1,0,10,0,0,0,0,9.642,10.395,0.500,
10,90,75,0,0.000,1966.852,1493.013,,,,1.000,1,0,10,0,0,0,0,11.255,13.200,0.677,
10,90,80,0,0.000,1966.852,1493.013,,,,1.000,1,0,10,0,0,0,0,11.259,12.707,0.518,
10,90,85,0,0.000,1966.852,1493.013,,,,1.000,1,0,10,0,0,0,0,8.010,10.688,0.637,
10,90,90,0,0.000,1966.852,1493.013,,,,1.000,1,0,10,0,0,0,0,11.305,11.448,0.370,
10,90,95,0,0.000,1966.852,1493.013,,,,1.000,1,0,10,0,0,0,0,7.594,9.094,0.400,
10,90,100,0,0.000,1966.852,1493.013,,,,1.000,1,0,10,0,0,0,0,7.864,13.049,0.504,
10,90,105,0,0.000,1966.852,1493.013,,,,1.000,1,0,10,0,0,0,0,13.381,9.448,0.466,
10,90,110,0,0.000,1966.852,1493.013,,,,1.000,1,0,10,0,0,0,0,11.973,8.481,0.486,
10,90,115,0,0.000,1966.852,1493.013,,,,1.000,1,0,10,0,0,0,0,8.602,8.379,0.509,
10,90,120,0,0.000,1966.852,1493.013,,,,1.000,1,0,10,0,0,0,0,9.042,13.309,0.584,
10,90,125,0,0.000,1966.852,1493.013,,,,1.000,1,0,10,0,0,0,0,12.486,10.915,0.538,
10,90,130,0,0.000,1966.852,1493.013,,,,1.000,1,0,10,0,0,0,0,11.100,6.375,0.549,
10,90,135,0,0.000,1966.852,1493.013,,,,1.000,1,0,10,0,0,0,0,11.599,10.321,0.573,
10,90,140,0,0.000,1966.852,1493.013,,,,1.000,1,0,10,0,0,0,0,13.124,12.045,0.448,
10,90,145,0,0.000,1966.852,1493.013,,,,1.000,1,0,10,0,0,0,0,11.519,13.429,0.629,
10,90,150,0,0.000,1966.852,1493.013,,,,1.000,1,0,10,0,0,0,0,13.563,8.482,0.634,
10,90,155,0,0.000,1966.852,1493.013,,,,1.000,1,0,10,0,0,0,0,12.060,12.036,0.501,
10,90,160,0,0.000,1966.852,1493.013,,,,1.000,1,0,10,0,0,0,0,10.641,7.464,0.404,
10,90,165,0,0.000,1966.852,1493.013,,,,1.000,1,0,10,0,0,0,0,9.899,12.197,0.561,
10,90,170,0,0.000,1966.852,1493.013,,,,1.000,1,0,10,0,0,0,0,9.768,11.513,0.484,
10,90,175,0,0.000,1966.852,1493.013,,,,1.000,1,0,10,0,0,0,0,12.111,8.656,0.554,
10,90,180,0,0.000,1966.852,1493.013,,,,1.000,1,0,10,0,0,0,0,13.473,12.155,0.543,
10,90,185,0,0.000,1966.852,1493.013,,,,1.000,1,0,10,0,0,0,0,12.298,12.401,0.588,
10,90,190,0,0.000,1966.852,1493.013,,,,1.000,1,0,10,0,0,0,0,12.530,11.609,0.551,
10,90,195,0,0.000,1966.852,1493.013,,,,1.000,1,0,10,0,0,0,0,11.282,11.920,0.485,
10,90,200,0,0.000,1966.852,1493.013,,,,1.000,1,0,10,0,0,0,0,12.143,13.008,0.596,
10,90,205,0,0.000,1966.852,1493.013,,,,1.000,1,0,10,0,0,0,0,9.029,10.743,0.551,
10,90,210,0,0.000,1966.852,1493.013,,,,1.000,1,0,10,0,0,0,0,8.616,13.055,0.513,
10,90,215,0,0.000,1966.852,1493.013,,,,1.000,1,0,10,0,0,0,0,11.111,9.528,0.458,
10,90,220,0,0.000,1966.852,1493.013,,,,1.000,1,0,10,0,0,0,0,12.327,9.810,0.578,
10,90,225,0,0.000,1966.852,1493.013,,,,1.000,1,0,10,0,0,0,0,12.050,9.058,0.414,
10,90,230,0,0.000,1966.852,1493.013,,,,1.000,1,0,10,0,0,0,0,8.486,8.767,0.631,
10,90,235,0,0.000,1966.852,1493.013,,,,1.000,1,0,10,0,0,0,0,7.532,9.408,0.585,
10,90,240,0,0.000,1966.852,1493.013,,,,1.000,1,0,10,0,0,0,0,10.058,9.745,0.542,
10,90,245,0,0.000,1966.852,1493.013,,,,1.000,1,0,10,0,0,0,0,9.361,9.871,0.586,
10,90,250,0,0.000,1966.852,1493.013,,,,1.000,1,0,10,0,0,0,0,10.762,10.235,0.579,
10,90,255,0,0.000,1966.852,1493.013,,,,1.000,1,0,10,0,0,0,0,11.280,11.576,0.611,
10,90,260,0,0.000,1966.852,1493.013,,,,1.000,1,0,10,0,0,0,0,9.497,11.992,0.672,
10,90,265,0,0.000,1966.852,1493.013,,,,1.000,1,0,10,0,0,0,0,9.653,9.447,0.414,
10,90,270,0,0.000,1966.852,1493.013,,,,1.000,1,0,10,0,0,0,0,7.122,11.539,0.574,
10,90,275,0,0.000,1966.852,1493.013,,,,1.000,1,0,10,0,0,0,0,10.157,11.161,0.548,
10,90,280,0,0.000,1966.852,1493.013,,,,1.000,1,0,10,0,0,0,0,12.725,10.279,0.609,
10,90,285,0,0.000,1966.852,1493.013,,,,1.000,1,0,10,0,0,0,0,10.918,13.290,0.535,
10,95,-10,0,0.000,1966.852,1493.013,,,,0.000,0,0,0,0,0,0,10,10.684,9.790,0.479,
10,95,-5,0,0.000,1966.852,1493.013,,,,0.000,0,0,0,0,0,0,10,12.097,10.641,0.644,
10,95,0,0,0.000,1966.852,1493.013,,,,0.300,1,0,3,0,0,0,7,14.023,13.703,0.472,
10,95,5,0,0.000,1966.852,1493.013,,,,0.300,1,0,3,0,0,0,7,7.033,12.042,0.549,
10,95,10,0,0.000,1966.852,1493.013,,,,0.600,1,0,6,0,0,0,4,8.005,13.050,0.430,
10,95,15,0,0.000,1966.852,1493.013,,,,0.300,1,0,3,0,0,0,7,7.878,10.128,0.594,
10,95,20,0,0.000,1966.852,1493.013,,,,0.700,1,0,7,0,0,0,3,11.348,12.241,0.706,
10,95,25,0,0.000,1966.852,1493.013,,,,0.500,1,0,5,0,0,0,5,7.677,10.506,0.557,
10,95,30,0,0.000,1966.852,1493.013,,,,0.700,1,0,7,0,0,0,3,11.849,14.057,0.477,
10,95,35,0,0.000,1966.852,1493.013,,,,0.900,1,0,9,0,0,0,1,9.071,9.149,0.456,
10,95,40,0,0.000,1966.852,1493.013,,,,1.000,1,0,10,0,0,0,0,12.139,9.756,0.570,
10,95,45,0,0.000,1966.852,1493.013,,,,1.000,1,0,10,0,0,0,0,10.892,11.318,0.400,
10,95,50,0,0.000,1966.852,1493.013,,,,1.000,1,0,10,0,0,0,0,13.080,9.996,0.596,
10,95,55,0,0.000,1966.852,1493.013,,,,1.000,1,0,10,0,0,0,0,10.390,12.125,0.581,
10,95,60,0,0.000,1966.852,1493.013,,,,1.000,1,0,10,0,0,0,0,10.818,10.001,0.550,
10,95,65,0,0.000,1966.852,1493.013,,,,1.000,1,0,10,0,0,0,0,11.769,9.640,0.548,
10,95,70,0,0.000,1966.852,1493.013,,,,1.000,1,0,10,0,0,0,0,10.139,9.560,0.516,
10,95,75,0,0.000,1966.852,1493.013,,,,1.000,1,0,10,0,0,0,0,8.673,11.041,0.365,
10,95,80,0,0.000,1966.852,1493.013,,,,1.000,1,0,10,0,0,0,0,9.080,10.044,0.458,
10,95,85,0,0.000,1966.852,1493.013,,,,1.000,1,0,10,0,0,0,0,10.109,11.137,0.648,
10,95,90,0,0.000,1966.852,1493.013,,,,1.000,1,0,10,0,0,0,0,6.484,12.040,0.617,
10,95,95,0,0.000,1966.852,1493.013,,,,1.000,1,0,10,0,0,0,0,13.742,12.263,0.521,
10,95,100,0,0.000,1966.852,1493.013,,,,1.000,1,0,10,0,0,0,0,10.122,8.207,0.604,
10,95,105,0,0.000,1966.852,1493.013,,,,1.000,1,0,10,0,0,0,0,10.335,12.104,0.639,
10,95,110,0,0.000,1966.852,1493.013,,,,1.000,1,0,10,0,0,0,0,10.964,13.048,0.600,
10,95,115,0,0.000,1966.852,1493.013,,,,1.000,1,0,10,0,0,0,0,12.223,9.241,0.542,
10,95,120,0,0.000,1966.852,1493.013,,,,1.000,1,0,10,0,0,0,0,5.573,11.261,0.433,
10,95,125,0,0.000,1966.852,1493.013,,,,1.000,1,0,10,0,0,0,0,15.009,11.873,0.520,
10,95,130,0,0.000,1966.852,1493.013,,,,1.000,1,0,10,0,0,0,0,10.709,12.093,0.666,
10,95,135,0,0.000,1966.852,1493.013,,,,1.000,1,0,10,0,0,0,0,11.554,10.272,0.591,
10,95,140,0,0.000,1966.852,1493.013,,,,1.000,1,0,10,0,0,0,0,8.610,11.415,0.706,
10,95,145,0,0.000,1966.852,1493.013,,,,1.000,1,0,10,0,0,0,0,8.617,12.976,0.616,
10,95,150,0,0.000,1966.852,1493.013,,,,1.000,1,0,10,0,0,0,0,8.395,9.533,0.612,
10,95,155,0,0.000,1966.852,1493.013,,,,1.000,1,0,10,0,0,0,0,12.734,11.135,0.531,
10,95,160,0,0.000,1966.852,1493.013,,,,1.000,1,0,10,0,0,0,0,8.655,10.259,0.439,
10,95,165,0,0.000,1966.852,1493.013,,,,1.000,1,0,10,0,0,0,0,11.761,10.201,0.529,
10,95,170,0,0.000,1966.852,1493.013,,,,1.000,1,0,10,0,0,0,0,10.267,8.898,0.497,
10,95,175,0,0.000,1966.852,1493.013,,,,1.000,1,0,10,0,0,0,0,10.443,11.323,0.488,
10,95,180,0,0.000,1966.852,1493.013,,,,1.000,1,0,10,0,0,0,0,9.279,11.243,0.754,
10,95,185,0,0.000,1966.852,1493.013,,,,1.000,1,0,10,0,0,0,0,10.650,10.153,0.598,
10,95,190,0,0.000,1966.852,1493.013,,,,1.000,1,0,10,0,0,0,0,11.123,9.199,0.710,
10,95,195,0,0.000,1966.852,1493.013,,,,1.000,1,0,10,0,0,0,0,11.696,10.067,0.640,
10,95,200,0,0.000,1966.852,1493.013,,,,1.000,1,0,10,0,0,0,0,11.929,6.088,0.473,
10,95,205,0,0.000,1966.852,1493.013,,,,1.000,1,0,10,0,0,0,0,11.302,11.100,0.583,
10,95,210,0,0.000,1966.852,1493.013,,,,1.000,1,0,10,0,0,0,0,10.635,10.145,0.486,
10,95,215,0,0.000,1966.852,1493.013,,,,1.000,1,0,10,0,0,0,0,12.626,12.810,0.558,
10,95,220,0,0.000,1966.852,1493.013,,,,1.000,1,0,10,0,0,0,0,12.495,11.462,0.503,
10,95,225,0,0.000,1966.852,1493.013,,,,1.000,1,0,10,0,0,0,0,9.228,7.794,0.357,
10,95,230,0,0.000,1966.852,1493.013,,,,1.000,1,0,10,0,0,0,0,8.703,12.212,0.501,
10,95,235,0,0.000,1966.852,1493.013,,,,1.000,1,0,10,0,0,0,0,11.314,11.811,0.537,
10,95,240,0,0.000,1966.852,1493.013,,,,1.000,1,0,10,0,0,0,0,10.905,9.699,0.602,
10,95,245,0,0.000,1966.852,1493.013,,,,1.000,1,0,10,0,0,0,0,8.871,12.681,0.566,
10,95,250,0,0.000,1966.852,1493.013,,,,1.000,1,0,10,0,0,0,0,12.440,10.511,0.547,
10,95,255,0,0.000,1966.852,1493.013,,,,1.000,1,0,10,0,0,0,0,10.168,14.475,0.652,
10,95,260,0,0.000,1966.852,1493.013,,,,1.000,1,0,10,0,0,0,0,6.695,13.330,0.482,
10,95,265,0,0.000,1966.852,1493.013,,,,1.000,1,0,10,0,0,0,0,10.373,11.868,0.430,
10,95,270,0,0.000,1966.852,1493.013,,,,1.000,1,0,10,0,0,0,0,12.180,11.103,0.482,
10,95,275,0,0.000,1966.852,1493.013,,,,1.000,1,0,10,0,0,0,0,11.028,12.725,0.474,
10,95,280,0,0.000,1966.852,1493.013,,,,1.000,1,0,10,0,0,0,0,11.165,9.884,0.556,
10,95,285,0,0.000,1966.852,1493.013,,,,1.000,1,0,10,0,0,0,0,9.995,7.747,0.590,
10,100,-10,0,0.000,1966.852,1493.013,,,,0.000,0,0,0,0,0,0,10,9.539,6.680,0.491,
10,100,-5,0,0.000,1966.852,1493.013,,,,0.000,0,0,0,0,0,0,10,10.764,11.724,0.341,
10,100,0,0,0.000,1966.852,1493.013,,,,0.100,1,0,1,0,0,0,9,12.891,13.043,0.516,
10,100,5,0,0.000,1966.852,1493.013,,,,0.300,1,0,3,0,0,0,7,10.367,13.958,0.641,
10,100,10,0,0.000,1966.852,1493.013,,,,0.300,1,0,3,0,0,0,7,6.837,8.106,0.477,
10,100,15,0,0.000,1966.852,1493.013,,,,0.500,1,0,5,0,0,0,5,12.363,12.711,0.472,
10,100,20,0,0.000,1966.852,1493.013,,,,0.400,1,0,4,0,0,0,6,11.844,8.507,0.602,
10,100,25,0,0.000,1966.852,1493.013,,,,0.800,1,0,8,0,0,0,2,11.702,10.964,0.361,
10,100,30,0,0.000,1966.852,1493.013,,,,1.000,1,0,10,0,0,0,0,9.256,7.790,0.600,
10,100,35,0,0.000,1966.852,1493.013,,,,1.000,1,0,10,0,0,0,0,11.607,11.824,0.468,
10,100,40,0,0.000,1966.852,1493.013,,,,0.900,1,0,9,0,0,0,1,11.783,12.642,0.450,
10,100,45,0,0.000,1966.852,1493.013,,,,1.000,1,0,10,0,0,0,0,12.152,13.121,0.531,
10,100,50,0,0.000,1966.852,1493.013,,,,1.000,1,0,10,0,0,0,0,11.713,10.508,0.566,
10,100,55,0,0.000,1966.852,1493.013,,,,1.000,1,0,10,0,0,0,0,5.928,11.582,0.503,
10,100,60,0,0.000,1966.852,1493.013,,,,1.000,1,0,10,0,0,0,0,10.865,10.066,0.597,
10,100,65,0,0.000,1966.852,1493.013,,,,1.000,1,0,10,0,0,0,0,7.645,12.221,0.523,
10,100,70,0,0.000,1966.852,1493.013,,,,1.000,1,0,10,0,0,0,0,12.032,9.480,0.514,
10,100,75,0,0.000,1966.852,1493.013,,,,1.000,1,0,10,0,0,0,0,7.281,10.269,0.533,
10,100,80,0,0.000,1966.852,1493.013,,,,1.000,1,0,10,0,0,0,0,13.456,13.300,0.353,
10,100,85,0,0.000,1966.852,1493.013,,,,1.000,1,0,10,0,0,0,0,8.124,10.835,0.576,
10,100,90,0,0.000,1966.852,1493.013,,,,1.000,1,0,10,0,0,0,0,11.079,12.621,0.401,
10,100,95,0,0.000,1966.852,1493.013,,,,1.000,1,0,10,0,0,0,0,5.838,15.860,0.577,
10,100,100,0,0.000,1966.852,1493.013,,,,1.000,1,0,10,0,0,0,0,10.248,11.450,0.531,
10,100,105,0,0.000,1966.852,1493.013,,,,1.000,1,0,10,0,0,0,0,7.556,9.305,0.648,
10,100,110,0,0.000,1966.852,1493.013,,,,1.000,1,0,10,0,0,0,0,8.686,11.880,0.612,
10,100,115,0,0.000,1966.852,1493.013,,,,1.000,1,0,10,0,0,0,0,10.145,11.989,0.570,
10,100,120,0,0.000,1966.852,1493.013,,,,1.000,1,0,10,0,0,0,0,12.079,11.938,0.537,
10,100,125,0,0.000,1966.852,1493.013,,,,1.000,1,0,10,0,0,0,0,9.945,10.110,0.423,
10,100,130,0,0.000,1966.852,1493.013,,,,1.000,1,0,10,0,0,0,0,8.898,8.756,0.589,
10,100,135,0,0.000,1966.852,1493.013,,,,1.000,1,0,10,0,0,0,0,8.949,10.280,0.523,
10,100,140,0,0.000,1966.852,1493.013,,,,1.000,1,0,10,0,0,0,0,11.910,14.287,0.555,
10,100,145,0,0.000,1966.852,1493.013,,,,1.000,1,0,10,0,0,0,0,11.165,11.012,0.507,
10,100,150,0,0.000,1966.852,1493.013,,,,1.000,1,0,10,0,0,0,0,11.162,8.467,0.455,
10,100,155,0,0.000,1966.852,1493.013,,,,1.000,1,0,10,0,0,0,0,10.443,11.190,0.641,
10,100,160,0,0.000,1966.852,1493.013,,,,1.000,1,0,10,0,0,0,0,8.531,11.778,0.486,
10,100,165,0,0.000,1966.852,1493.013,,,,1.000,1,0,10,0,0,0,0,12.103,10.253,0.567,
10,100,170,0,0.000,1966.852,1493.013,,,,1.000,1,0,10,0,0,0,0,12.225,10.424,0.467,
10,100,175,0,0.000,1966.852,1493.013,,,,1.000,1,0,10,0,0,0,0,12.149,9.414,0.468,
10,100,180,0,0.000,1966.852,1493.013,,,,1.000,1,0,10,0,0,0,0,13.286,12.939,0.509,
10,100,185,0,0.000,1966.852,1493.013,,,,1.000,1,0,10,0,0,0,0,9.225,11.907,0.592,
10,100,190,0,0.000,1966.852,1493.013,,,,1.000,1,0,10,0,0,0,0,9.826,6.418,0.399,
10,100,195,0,0.000,1966.852,1493.013,,,,1.000,1,0,10,0,0,0,0,7.997,10.840,0.357,
10,100,200,0,0.000,1966.852,1493.013,,,,1.000,1,0,10,0,0,0,0,10.400,11.892,0.588,
10,100,205,0,0.000,1966.852,1493.013,,,,1.000,1,0,10,0,0,0,0,11.573,12.730,0.549,
10,100,210,0,0.000,1966.852,1493.013,,,,1.000,1,0,10,0,0,0,0,11.188,10.267,0.618,
10,100,215,0,0.000,1966.852,1493.013,,,,1.000,1,0,10,0,0,0,0,12.919,12.361,0.579,
10,100,220,0,0.000,1966.852,1493.013,,,,1.000,1,0,10,0,0,0,0,10.430,12.720,0.549,
10,100,225,0,0.000,1966.852,1493.013,,,,1.000,1,0,10,0,0,0,0,8.709,11.449,0.579,
10,100,230,0,0.000,1966.852,1493.013,,,,1.000,1,0,10,0,0,0,0,10.798,12.596,0.616,
10,100,235,0,0.000,1966.852,1493.013,,,,1.000,1,0,10,0,0,0,0,11.037,13.151,0.519,
10,100,240,0,0.000,1966.852,1493.013,,,,1.000,1,0,10,0,0,0,0,9.111,8.453,0.523,
10,100,245,0,0.000,1966.852,1493.013,,,,1.000,1,0,10,0,0,0,0,13.956,11.585,0.602,
10,100,250,0,0.000,1966.852,1493.013,,,,1.000,1,0,10,0,0,0,0,13.956,12.231,0.586,
10,100,255,0,0.000,1966.852,1493.013,,,,1.000,1,0,10,0,0,0,0,10.271,11.170,0.708,
10,100,260,0,0.000,1966.852,1493.013,,,,1.000,1,0,10,0,0,0,0,9.914,10.472,0.488,
10,100,265,0,0.000,1966.852,1493.013,,,,1.000,1,0,10,0,0,0,0,13.015,11.994,0.482,
10,100,270,0,0.000,1966.852,1493.013,,,,1.000,1,0,10,0,0,0,0,7.961,14.743,0.447,
10,100,275,0,0.000,1966.852,1493.013,,,,1.000,1,0,10,0,0,0,0,10.212,7.281,0.591,
10,100,280,0,0.000,1966.852,1493.013,,,,1.000,1,0,10,0,0,0,0,9.914,8.003,0.480,
10,100,285,0,0.000,1966.852,1493.013,,,,1.000,1,0,10,0,0,0,0,11.291,10.156,0.588,
10,105,-10,0,0.000,1966.852,1493.013,,,,0.000,0,0,0,0,0,0,10,15.160,7.567,0.294,
10,105,-5,0,0.000,1966.852,1493.013,,,,0.000,0,0,0,0,0,0,10,8.734,12.020,0.534,
10,105,0,0,0.000,1966.852,1493.013,,,,0.000,0,0,0,0,0,0,10,13.756,8.701,0.476,
10,105,5,0,0.000,1966.852,1493.013,,,,0.000,0,0,0,0,0,0,10,10.761,9.128,0.241,
10,105,10,0,0.000,1966.852,1493.013,,,,0.200,1,0,2,0,0,0,8,10.811,12.828,0.540,
10,105,15,0,0.000,1966.852,1493.013,,,,0.500,1,0,5,0,0,0,5,10.399,9.389,0.682,
10,105,20,0,0.000,1966.852,1493.013,,,,0.600,1,0,6,0,0,0,4,12.945,11.058,0.587,
10,105,25,0,0.000,1966.852,1493.013,,,,0.800,1,0,8,0,0,0,2,10.772,11.060,0.494,
10,105,30,0,0.000,1966.852,1493.013,,,,0.800,1,0,8,0,0,0,2,13.192,10.384,0.413,
10,105,35,0,0.000,1966.852,1493.013,,,,1.000,1,0,10,0,0,0,0,7.549,10.083,0.642,
10,105,40,0,0.000,1966.852,1493.013,,,,1.000,1,0,10,0,0,0,0,11.446,11.336,0.636,
10,105,45,0,0.000,1966.852,1493.013,,,,1.000,1,0,10,0,0,0,0,13.215,9.522,0.486,
10,105,50,0,0.000,1966.852,1493.013,,,,1.000,1,0,10,0,0,0,0,9.382,10.635,0.621,
10,105,55,0,0.000,1966.852,1493.013,,,,1.000,1,0,10,0,0,0,0,12.030,8.816,0.489,
10,105,60,0,0.000,1966.852,1493.013,,,,1.000,1,0,10,0,0,0,0,6.136,8.327,0.459,
10,105,65,0,0.000,1966.852,1493.013,,,,1.000,1,0,10,0,0,0,0,11.301,10.819,0.321,
10,105,70,0,0.000,1966.852,1493.013,,,,1.000,1,0,10,0,0,0,0,10.778,8.990,0.591,
10,105,75,0,0.000,1966.852,1493.013,,,,1.000,1,0,10,0,0,0,0,12.608,10.284,0.595,
10,105,80,0,0.000,1966.852,1493.013,,,,1.000,1,0,10,0,0,0,0,13.240,9.924,0.461,
10,105,85,0,0.000,1966.852,1493.013,,,,1.000,1,0,10,0,0,0,0,10.693,9.606,0.553,
10,105,90,0,0.000,1966.852,1493.013,,,,1.000,1,0,10,0,0,0,0,12.434,7.066,0.599,
10,105,95,0,0.000,1966.852,1493.013,,,,1.000,1,0,10,0,0,0,0,13.959,12.462,0.565,
10,105,100,0,0.000,1966.852,1493.013,,,,1.000,1,0,10,0,0,0,0,9.617,10.909,0.524,
10,105,105,0,0.000,1966.852,1493.013,,,,1.000,1,0,10,0,0,0,0,11.628,10.183,0.542,
10,105,110,0,0.000,1966.852,1493.013,,,,1.000,1,0,10,0,0,0,0,11.738,12.039,0.663,
10,105,115,0,0.000,1966.852,1493.013,,,,1.000,1,0,10,0,0,0,0,3.741,10.625,0.617,
10,105,120,0,0.000,1966.852,1493.013,,,,1.000,1,0,10,0,0,0,0,12.276,11.867,0.400,
10,105,125,0,0.000,1966.852,1493.013,,,,1.000,1,0,10,0,0,0,0,14.259,10.090,0.622,
10,105,130,0,0.000,1966.852,1493.013,,,,1.000,1,0,10,0,0,0,0,10.888,10.897,0.722,
10,105,135,0,0.000,1966.852,1493.013,,,,1.000,1,0,10,0,0,0,0,8.243,10.751,0.570,
10,105,140,0,0.000,1966.852,1493.013,,,,1.000,1,0,10,0,0,0,0,9.692,12.955,0.464,
10,105,145,0,0.000,1966.852,1493.013,,,,1.000,1,0,10,0,0,0,0,7.486,12.521,0.515,
10,105,150,0,0.000,1966.852,1493.013,,,,1.000,1,0,10,0,0,0,0,10.228,9.141,0.592,
10,105,155,0,0.000,1966.852,1493.013,,,,1.000,1,0,10,0,0,0,0,10.336,9.084,0.440,
10,105,160,0,0.000,1966.852,1493.013,,,,1.000,1,0,10,0,0,0,0,6.924,13.352,0.600,
10,105,165,0,0.000,1966.852,1493.013,,,,1.000,1,0,10,0,0,0,0,11.888,10.427,0.537,
10,105,170,0,0.000,1966.852,1493.013,,,,1.000,1,0,10,0,0,0,0,9.315,10.627,0.564,
10,105,175,0,0.000,1966.852,1493.013,,,,1.000,1,0,10,0,0,0,0,10.580,13.521,0.416,
10,105,180,0,0.000,1966.852,1493.013,,,,1.000,1,0,10,0,0,0,0,14.482,10.563,0.480,
10,105,185,0,0.000,1966.852,1493.013,,,,1.000,1,0,10,0,0,0,0,13.507,14.203,0.595,
10,105,190,0,0.000,1966.852,1493.013,,,,1.000,1,0,10,0,0,0,0,12.299,9.489,0.640,
10,105,195,0,0.000,1966.852,1493.013,,,,1.000,1,0,10,0,0,0,0,13.564,14.306,0.333,
10,105,200,0,0.000,1966.852,1493.013,,,,1.000,1,0,10,0,0,0,0,11.340,10.307,0.484,
10,105,205,0,0.000,1966.852,1493.013,,,,1.000,1,0,10,0,0,0,0,12.668,12.386,0.448,
10,105,210,0,0.000,1966.852,1493.013,,,,1.000,1,0,10,0,0,0,0,7.216,14.068,0.517,
10,105,215,0,0.000,1966.852,1493.013,,,,1.000,1,0,10,0,0,0,0,10.617,10.794,0.403,
10,105,220,0,0.000,1966.852,1493.013,,,,1.000,1,0,10,0,0,0,0,11.021,13.221,0.581,
10,105,225,0,0.000,1966.852,1493.013,,,,1.000,1,0,10,0,0,0,0,11.065,11.695,0.478,
10,105,230,0,0.000,1966.852,1493.013,,,,1.000,1,0,10,0,0,0,0,11.686,13.278,0.469,
10,105,235,0,0.000,1966.852,1493.013,,,,1.000,1,0,10,0,0,0,0,9.152,10.094,0.574,
10,105,240,0,0.000,1966.852,1493.013,,,,1.000,1,0,10,0,0,0,0,11.069,7.814,0.546,
10,105,245,0,0.000,1966.852,1493.013,,,,1.000,1,0,10,0,0,0,0,11.272,9.314,0.666,
10,105,250,0,0.000,1966.852,1493.013,,,,1.000,1,0,10,0,0,0,0,13.670,11.933,0.623,
10,105,255,0,0.000,1966.852,1493.013,,,,1.000,1,0,10,0,0,0,0,8.978,10.633,0.538,
10,105,260,0,0.000,1966.852,1493.013,,,,1.000,1,0,10,0,0,0,0,14.252,12.488,0.693,
10,105,265,0,0.000,1966.852,1493.013,,,,1.000,1,0,10,0,0,0,0,8.500,10.907,0.567,
10,105,270,0,0.000,1966.852,1493.013,,,,1.000,1,0,10,0,0,0,0,9.919,12.167,0.561,
10,105,275,0,0.000,1966.852,1493.013,,,,1.000,1,0,10,0,0,0,0,11.613,13.915,0.719,
10,105,280,0,0.000,1966.852,1493.013,,,,1.000,1,0,10,0,0,0,0,13.276,12.480,0.436,
10,105,285,0,0.000,1966.852,1493.013,,,,1.000,1,0,10,0,0,0,0,11.774,8.151,0.606,
10,110,-10,0,0.000,1966.852,1493.013,,,,0.000,0,0,0,0,0,0,10,11.607,11.669,0.616,
10,110,-5,0,0.000,1966.852,1493.013,,,,0.000,0,0,0,0,0,0,10,12.214,12.722,0.326,
10,110,0,0,0.000,1966.852,1493.013,,,,0.000,0,0,0,0,0,0,10,9.007,10.483,0.506,
10,110,5,0,0.000,1966.852,1493.013,,,,0.000,0,0,0,0,0,0,10,10.055,8.609,0.498,
10,110,10,0,0.000,1966.852,1493.013,,,,0.000,0,0,0,0,0,0,10,11.146,7.491,0.531,
10,110,15,0,0.000,1966.852,1493.013,,,,0.400,1,0,4,0,0,0,6,14.757,9.984,0.664,
10,110,20,0,0.000,1966.852,1493.013,,,,0.400,1,0,4,0,0,0,6,12.626,10.080,0.663,
10,110,25,0,0.000,1966.852,1493.013,,,,0.500,1,0,5,0,0,0,5,12.491,11.949,0.587,
10,110,30,0,0.000,1966.852,1493.013,,,,0.900,1,0,9,0,0,0,1,11.366,9.788,0.661,
10,110,35,0,0.000,1966.852,1493.013,,,,1.000,1,0,10,0,0,0,0,6.612,10.773,0.518,
10,110,40,0,0.000,1966.852,1493.013,,,,1.000,1,0,10,0,0,0,0,11.872,11.511,0.442,
10,110,45,0,0.000,1966.852,1493.013,,,,1.000,1,0,10,0,0,0,0,11.588,9.074,0.499,
10,110,50,0,0.000,1966.852,1493.013,,,,1.000,1,0,10,0,0,0,0,12.019,14.000,0.708,
10,110,55,0,0.000,1966.852,1493.013,,,,1.000,1,0,10,0,0,0,0,10.050,14.333,0.446,
10,110,60,0,0.000,1966.852,1493.013,,,,1.000,1,0,10,0,0,0,0,9.556,11.362,0.515,
10,110,65,0,0.000,1966.852,1493.013,,,,1.000,1,0,10,0,0,0,0,8.241,10.368,0.571,
10,110,70,0,0.000,1966.852,1493.013,,,,1.000,1,0,10,0,0,0,0,13.256,9.783,0.430,
10,110,75,0,0.000,1966.852,1493.013,,,,1.000,1,0,10,0,0,0,0,9.672,14.584,0.617,
10,110,80,0,0.000,1966.852,1493.013,,,,1.000,1,0,10,0,0,0,0,11.834,11.352,0.520,
10,110,85,0,0.000,1966.852,1493.013,,,,1.000,1,0,10,0,0,0,0,14.572,9.909,0.430,
10,110,90,0,0.000,1966.852,1493.013,,,,1.000,1,0,10,0,0,0,0,11.527,8.805,0.557,
10,110,95,0,0.000,1966.852,1493.013,,,,1.000,1,0,10,0,0,0,0,12.424,12.564,0.632,
10,110,100,0,0.000,1966.852,1493.013,,,,1.000,1,0,10,0,0,0,0,8.417,10.810,0.586,
10,110,105,0,0.000,1966.852,1493.013,,,,1.000,1,0,10,0,0,0,0,13.125,7.275,0.555,
10,110,110,0,0.000,1966.852,1493.013,,,,1.000,1,0,10,0,0,0,0,11.832,9.579,0.434,
10,110,115,0,0.000,1966.852,1493.013,,,,1.000,1,0,10,0,0,0,0,12.398,10.684,0.603,
10,110,120,0,0.000,1966.852,1493.013,,,,1.000,1,0,10,0,0,0,0,11.916,11.109,0.528,
10,110,125,0,0.000,1966.852,1493.013,,,,1.000,1,0,10,0,0,0,0,11.179,11.062,0.385,
10,110,130,0,0.000,1966.852,1493.013,,,,1.000,1,0,10,0,0,0,0,13.243,12.235,0.324,
10,110,135,0,0.000,1966.852,1493.013,,,,1.000,1,0,10,0,0,0,0,10.569,10.476,0.541,
10,110,140,0,0.000,1966.852,1493.013,,,,1.000,1,0,10,0,0,0,0,10.476,11.954,0.642,
10,110,145,0,0.000,1966.852,1493.013,,,,1.000,1,0,10,0,0,0,0,11.503,10.285,0.469,
10,110,150,0,0.000,1966.852,1493.013,,,,1.000,1,0,10,0,0,0,0,10.735,12.666,0.445,
10,110,155,0,0.000,1966.852,1493.013,,,,1.000,1,0,10,0,0,0,0,8.817,8.129,0.583,
10,110,160,0,0.000,1966.852,1493.013,,,,1.000,1,0,10,0,0,0,0,8.149,12.362,0.498,
10,110,165,0,0.000,1966.852,1493.013,,,,1.000,1,0,10,0,0,0,0,12.207,11.671,0.697,
10,110,170,0,0.000,1966.852,1493.013,,,,1.000,1,0,10,0,0,0,0,6.693,9.033,0.429,
10,110,175,0,0.000,1966.852,1493.013,,,,1.000,1,0,10,0,0,0,0,11.916,15.120,0.599,
10,110,180,0,0.000,1966.852,1493.013,,,,1.000,1,0,10,0,0,0,0,11.062,11.103,0.712,
10,110,185,0,0.000,1966.852,1493.013,,,,1.000,1,0,10,0,0,0,0,11.903,12.792,0.570,
10,110,190,0,0.000,1966.852,1493.013,,,,1.000,1,0,10,0,0,0,0,11.600,10.874,0.464,
10,110,195,0,0.000,1966.852,1493.013,,,,1.000,1,0,10,0,0,0,0,10.999,9.377,0.400,
10,110,200,0,0.000,1966.852,1493.013,,,,1.000,1,0,10,0,0,0,0,13.982,11.926,0.586,
10,110,205,0,0.000,1966.852,1493.013,,,,1.000,1,0,10,0,0,0,0,7.067,13.190,0.393,
10,110,210,0,0.000,1966.852,1493.013,,,,1.000,1,0,10,0,0,0,0,11.957,8.946,0.522,
10,110,215,0,0.000,1966.852,1493.013,,,,1.000,1,0,10,0,0,0,0,11.033,11.236,0.588,
10,110,220,0,0.000,1966.852,1493.013,,,,1.000,1,0,10,0,0,0,0,11.747,12.020,0.618,
10,110,225,0,0.000,1966.852,1493.013,,,,1.000,1,0,10,0,0,0,0,9.935,12.314,0.597,
10,110,230,0,0.000,1966.852,1493.013,,,,1.000,1,0,10,0,0,0,0,9.003,9.977,0.608,
10,110,235,0,0.000,1966.852,1493.013,,,,1.000,1,0,10,0,0,0,0,10.189,10.849,0.373,
10,110,240,0,0.000,1966.852,1493.013,,,,1.000,1,0,10,0,0,0,0,13.113,10.091,0.688,
10,110,245,0,0.000,1966.852,1493.013,,,,1.000,1,0,10,0,0,0,0,11.993,10.783,0.610,
10,110,250,0,0.000,1966.852,1493.013,,,,1.000,1,0,10,0,0,0,0,12.514,10.924,0.390,
10,110,255,0,0.000,1966.852,1493.013,,,,1.000,1,0,10,0,0,0,0,12.597,12.062,0.509,
10,110,260,0,0.000,1966.852,1493.013,,,,1.000,1,0,10,0,0,0,0,13.114,8.887,0.482,
10,110,265,0,0.000,1966.852,1493.013,,,,1.000,1,0,10,0,0,0,0,13.007,13.285,0.527,
10,110,270,0,0.000,1966.852,1493.013,,,,1.000,1,0,10,0,0,0,0,11.717,10.697,0.520,
10,110,275,0,0.000,1966.852,1493.013,,,,1.000,1,0,10,0,0,0,0,10.680,13.203,0.685,
10,110,280,0,0.000,1966.852,1493.013,,,,1.000,1,0,10,0,0,0,0,9.688,7.790,0.672,
10,110,285,0,0.000,1966.852,1493.013,,,,1.000,1,0,10,0,0,0,0,13.800,12.556,0.443,
10,115,-10,0,0.000,1966.852,1493.013,,,,0.000,0,0,0,0,0,0,10,8.887,11.469,0.539,
10,115,-5,0,0.000,1966.852,1493.013,,,,0.000,0,0,0,0,0,0,10,12.423,6.462,0.687,
10,115,0,0,0.000,1966.852,1493.013,,,,0.000,0,0,0,0,0,0,10,8.701,12.478,0.378,
10,115,5,0,0.000,1966.852,1493.013,,,,0.100,1,0,1,0,0,0,9,11.366,9.471,0.442,
10,115,10,0,0.000,1966.852,1493.013,,,,0.200,1,0,2,0,0,0,8,10.662,11.217,0.575,
10,115,15,0,0.000,1966.852,1493.013,,,,0.400,1,0,4,0,0,0,6,10.629,9.036,0.640,
10,115,20,0,0.000,1966.852,1493.013,,,,0.300,1,0,3,0,0,0,7,6.933,11.127,0.644,
10,115,25,0,0.000,1966.852,1493.013,,,,0.600,1,0,6,0,0,0,4,9.273,12.051,0.366,
10,115,30,0,0.000,1966.852,1493.013,,,,0.700,1,0,7,0,0,0,3,12.281,10.158,0.477,
10,115,35,0,0.000,1966.852,1493.013,,,,0.800,1,0,8,0,0,0,2,12.687,9.897,0.556,
10,115,40,0,0.000,1966.852,1493.013,,,,0.900,1,0,9,0,0,0,1,11.507,10.471,0.669,
10,115,45,0,0.000,1966.852,1493.013,,,,1.000,1,0,10,0,0,0,0,12.220,12.382,0.562,
10,115,50,0,0.000,1966.852,1493.013,,,,1.000,1,0,10,0,0,0,0,11.314,10.565,0.581,
10,115,55,0,0.000,1966.852,1493.013,,,,1.000,1,0,10,0,0,0,0,9.905,10.998,0.468,
10,115,60,0,0.000,1966.852,1493.013,,,,1.000,1,0,10,0,0,0,0,9.013,10.888,0.644,
10,115,65,0,0.000,1966.852,1493.013,,,,1.000,1,0,10,0,0,0,0,12.343,10.502,0.468,
10,115,70,0,0.000,1966.852,1493.013,,,,1.000,1,0,10,0,0,0,0,13.702,9.790,0.667,
10,115,75,0,0.000,1966.852,1493.013,,,,1.000,1,0,10,0,0,0,0,11.381,11.442,0.530,
10,115,80,0,0.000,1966.852,1493.013,,,,1.000,1,0,10,0,0,0,0,11.342,11.324,0.646,
10,115,85,0,0.000,1966.852,1493.013,,,,1.000,1,0,10,0,0,0,0,10.664,10.543,0.560,
10,115,90,0,0.000,1966.852,1493.013,,,,1.000,1,0,10,0,0,0,0,12.744,6.867,0.563,
10,115,95,0,0.000,1966.852,1493.013,,,,1.000,1,0,10,0,0,0,0,13.100,9.192,0.566,
10,115,100,0,0.000,1966.852,1493.013,,,,1.000,1,0,10,0,0,0,0,10.087,10.823,0.502,
10,115,105,0,0.000,1966.852,1493.013,,,,1.000,1,0,10,0,0,0,0,10.371,6.259,0.550,
10,115,110,0,0.000,1966.852,1493.013,,,,1.000,1,0,10,0,0,0,0,11.538,14.072,0.446,
10,115,115,0,0.000,1966.852,1493.013,,,,1.000,1,0,10,0,0,0,0,12.728,12.003,0.389,
10,115,120,0,0.000,1966.852,1493.013,,,,1.000,1,0,10,0,0,0,0,10.257,11.047,0.551,
10,115,125,0,0.000,1966.852,1493.013,,,,1.000,1,0,10,0,0,0,0,12.821,9.847,0.684,
10,115,130,0,0.000,1966.852,1493.013,,,,1.000,1,0,10,0,0,0,0,10.515,13.439,0.541,
10,115,135,0,0.000,1966.852,1493.013,,,,1.000,1,0,10,0,0,0,0,12.393,12.858,0.505,
10,115,140,0,0.000,1966.852,1493.013,,,,1.000,1,0,10,0,0,0,0,10.807,11.781,0.592,
10,115,145,0,0.000,1966.852,1493.013,,,,1.000,1,0,10,0,0,0,0,11.849,12.018,0.404,
10,115,150,0,0.000,1966.852,1493.013,,,,1.000,1,0,10,0,0,0,0,9.612,10.867,0.612,
10,115,155,0,0.000,1966.852,1493.013,,,,1.000,1,0,10,0,0,0,0,13.673,12.147,0.554,
10,115,160,0,0.000,1966.852,1493.013,,,,1.000,1,0,10,0,0,0,0,9.251,11.039,0.499,
10,115,165,0,0.000,1966.852,1493.013,,,,1.000,1,0,10,0,0,0,0,9.285,12.146,0.558,
10,115,170,0,0.000,1966.852,1493.013,,,,1.000,1,0,10,0,0,0,0,11.575,9.061,0.612,
10,115,175,0,0.000,1966.852,1493.013,,,,1.000,1,0,10,0,0,0,0,8.160,9.725,0.591,
10,115,180,0,0.000,1966.852,1493.013,,,,1.000,1,0,10,0,0,0,0,8.787,10.885,0.623,
10,115,185,0,0.000,1966.852,1493.013,,,,1.000,1,0,10,0,0,0,0,13.448,11.202,0.585,
10,115,190,0,0.000,1966.852,1493.013,,,,1.000,1,0,10,0,0,0,0,8.764,8.361,0.571,
10,115,195,0,0.000,1966.852,1493.013,,,,1.000,1,0,10,0,0,0,0,11.414,10.059,0.342,
10,115,200,0,0.000,1966.852,1493.013,,,,1.000,1,0,10,0,0,0,0,11.488,11.453,0.481,
10,115,205,0,0.000,1966.852,1493.013,,,,1.000,1,0,10,0,0,0,0,10.435,8.388,0.536,
10,115,210,0,0.000,1966.852,1493.013,,,,1.000,1,0,10,0,0,0,0,10.714,12.996,0.498,
10,115,215,0,0.000,1966.852,1493.013,,,,1.000,1,0,10,0,0,0,0,10.294,9.798,0.497,
10,115,220,0,0.000,1966.852,1493.013,,,,1.000,1,0,10,0,0,0,0,10.571,11.931,0.698,
10,115,225,0,0.000,1966.852,1493.013,,,,1.000,1,0,10,0,0,0,0,11.375,8.941,0.524,
10,115,230,0,0.000,1966.852,1493.013,,,,1.000,1,0,10,0,0,0,0,12.966,12.277,0.480,
10,115,235,0,0.000,1966.852,1493.013,,,,1.000,1,0,10,0,0,0,0,11.976,13.313,0.675,
10,115,240,0,0.000,1966.852,1493.013,,,,1.000,1,0,10,0,0,0,0,11.015,13.713,0.590,
10,115,245,0,0.000,1966.852,1493.013,,,,1.000,1,0,10,0,0,0,0,11.578,8.982,0.627,
10,115,250,0,0.000,1966.852,1493.013,,,,1.000,1,0,10,0,0,0,0,6.438,10.888,0.623,
10,115,255,0,0.000,1966.852,1493.013,,,,1.000,1,0,10,0,0,0,0,10.814,15.180,0.327,
10,115,260,0,0.000,1966.852,1493.013,,,,1.000,1,0,10,0,0,0,0,12.048,8.767,0.620,
10,115,265,0,0.000,1966.852,1493.013,,,,1.000,1,0,10,0,0,0,0,10.615,10.885,0.577,
10,115,270,0,0.000,1966.852,1493.013,,,,1.000,1,0,10,0,0,0,0,8.778,11.442,0.584,
10,115,275,0,0.000,1966.852,1493.013,,,,1.000,1,0,10,0,0,0,0,6.824,12.068,0.602,
10,115,280,0,0.000,1966.852,1493.013,,,,1.000,1,0,10,0,0,0,0,12.077,8.303,0.443,
10,115,285,0,0.000,1966.852,1493.013,,,,1.000,1,0,10,0,0,0,0,13.901,8.542,0.650,
10,120,-10,0,0.000,1966.852,1493.013,,,,0.000,0,0,0,0,0,0,10,6.677,13.288,0.472,
10,120,-5,0,0.000,1966.852,1493.013,,,,0.000,0,0,0,0,0,0,10,13.302,11.177,0.596,
10,120,0,0,0.000,1966.852,1493.013,,,,0.000,0,0,0,0,0,0,10,10.805,11.887,0.474,
10,120,5,0,0.000,1966.852,1493.013,,,,0.000,0,0,0,0,0,0,10,9.287,9.150,0.717,
10,120,10,0,0.000,1966.852,1493.013,,,,0.100,1,0,1,0,0,0,9,9.741,9.715,0.431,
10,120,15,0,0.000,1966.852,1493.013,,,,0.300,1,0,3,0,0,0,7,13.589,7.815,0.455,
10,120,20,0,0.000,1966.852,1493.013,,,,0.500,1,0,5,0,0,0,5,11.790,12.436,0.588,
10,120,25,0,0.000,1966.852,1493.013,,,,0.400,1,0,4,0,0,0,6,12.363,12.477,0.484,
10,120,30,0,0.000,1966.852,1493.013,,,,0.700,1,0,7,0,0,0,3,11.165,15.445,0.432,
10,120,35,0,0.000,1966.852,1493.013,,,,0.900,1,0,9,0,0,0,1,11.428,8.050,0.617,
10,120,40,0,0.000,1966.852,1493.013,,,,0.900,1,0,9,0,0,0,1,13.853,13.391,0.584,
10,120,45,0,0.000,1966.852,1493.013,,,,1.000,1,0,10,0,0,0,0,12.257,11.139,0.668,
10,120,50,0,0.000,1966.852,1493.013,,,,1.000,1,0,10,0,0,0,0,10.952,8.819,0.481,
10,120,55,0,0.000,1966.852,1493.013,,,,1.000,1,0,10,0,0,0,0,9.558,13.512,0.599,
10,120,60,0,0.000,1966.852,1493.013,,,,1.000,1,0,10,0,0,0,0,7.146,12.280,0.543,
10,120,65,0,0.000,1966.852,1493.013,,,,1.000,1,0,10,0,0,0,0,10.353,8.016,0.334,
10,120,70,0,0.000,1966.852,1493.013,,,,1.000,1,0,10,0,0,0,0,10.862,8.060,0.645,
10,120,75,0,0.000,1966.852,1493.013,,,,1.000,1,0,10,0,0,0,0,12.859,10.560,0.661,
10,120,80,0,0.000,1966.852,1493.013,,,,1.000,1,0,10,0,0,0,0,11.843,10.231,0.401,
10,120,85,0,0.000,1966.852,1493.013,,,,1.000,1,0,10,0,0,0,0,10.367,11.272,0.629,
10,120,90,0,0.000,1966.852,1493.013,,,,1.000,1,0,10,0,0,0,0,8.967,10.107,0.635,
10,120,95,0,0.000,1966.852,1493.013,,,,1.000,1,0,10,0,0,0,0,9.620,11.058,0.598,
10,120,100,0,0.000,1966.852,1493.013,,,,1.000,1,0,10,0,0,0,0,8.441,13.619,0.723,
10,120,105,0,0.000,1966.852,1493.013,,,,1.000,1,0,10,0,0,0,0,11.064,11.701,0.459,
10,120,110,0,0.000,1966.852,1493.013,,,,1.000,1,0,10,0,0,0,0,9.375,12.152,0.682,
10,120,115,0,0.000,1966.852,1493.013,,,,1.000,1,0,10,0,0,0,0,10.450,9.288,0.647,
10,120,120,0,0.000,1966.852,1493.013,,,,1.000,1,0,10,0,0,0,0,13.437,10.201,0.599,
10,120,125,0,0.000,1966.852,1493.013,,,,1.000,1,0,10,0,0,0,0,7.919,7.588,0.535,
10,120,130,0,0.000,1966.852,1493.013,,,,1.000,1,0,10,0,0,0,0,11.373,11.949,0.635,
10,120,135,0,0.000,1966.852,1493.013,,,,1.000,1,0,10,0,0,0,0,11.810,10.574,0.518,
10,120,140,0,0.000,1966.852,1493.013,,,,1.000,1,0,10,0,0,0,0,10.605,11.719,0.551,
10,120,145,0,0.000,1966.852,1493.013,,,,1.000,1,0,10,0,0,0,0,10.745,9.344,0.671,
10,120,150,0,0.000,1966.852,1493.013,,,,1.000,1,0,10,0,0,0,0,10.589,9.622,0.585,
10,120,155,0,0.000,1966.852,1493.013,,,,1.000,1,0,10,0,0,0,0,10.532,12.010,0.383,
10,120,160,0,0.000,1966.852,1493.013,,,,1.000,1,0,10,0,0,0,0,12.417,12.925,0.397,
10,120,165,0,0.000,1966.852,1493.013,,,,1.000,1,0,10,0,0,0,0,12.429,10.257,0.607,
10,120,170,0,0.000,1966.852,1493.013,,,,1.000,1,0,10,0,0,0,0,9.255,12.153,0.461,
10,120,175,0,0.000,1966.852,1493.013,,,,1.000,1,0,10,0,0,0,0,13.529,6.932,0.501,
10,120,180,0,0.000,1966.852,1493.013,,,,1.000,1,0,10,0,0,0,0,10.070,10.369,0.554,
10,120,185,0,0.000,1966.852,1493.013,,,,1.000,1,0,10,0,0,0,0,12.223,11.759,0.489,
10,120,190,0,0.000,1966.852,1493.013,,,,1.000,1,0,10,0,0,0,0,11.281,12.383,0.616,
10,120,195,0,0.000,1966.852,1493.013,,,,1.000,1,0,10,0,0,0,0,12.596,9.340,0.567,
10,120,200,0,0.000,1966.852,1493.013,,,,1.000,1,0,10,0,0,0,0,10.226,10.364,0.605,
10,120,205,0,0.000,1966.852,1493.013,,,,1.000,1,0,10,0,0,0,0,11.987,11.777,0.460,
10,120,210,0,0.000,1966.852,1493.013,,,,1.000,1,0,10,0,0,0,0,8.847,10.655,0.377,
10,120,215,0,0.000,1966.852,1493.013,,,,1.000,1,0,10,0,0,0,0,11.191,10.376,0.650,
10,120,220,0,0.000,1966.852,1493.013,,,,1.000,1,0,10,0,0,0,0,12.005,11.566,0.655,
10,120,225,0,0.000,1966.852,1493.013,,,,1.000,1,0,10,0,0,0,0,7.601,12.411,0.731,
10,120,230,0,0.000,1966.852,1493.013,,,,1.000,1,0,10,0,0,0,0,10.954,12.375,0.687,
10,120,235,0,0.000,1966.852,1493.013,,,,1.000,1,0,10,0,0,0,0,9.055,10.290,0.466,
10,120,240,0,0.000,1966.852,1493.013,,,,1.000,1,0,10,0,0,0,0,10.527,9.986,0.577,
10,120,245,0,0.000,1966.852,1493.013,,,,1.000,1,0,10,0,0,0,0,11.359,7.425,0.624,
10,120,250,0,0.000,1966.852,1493.013,,,,1.000,1,0,10,0,0,0,0,12.720,10.954,0.496,
10,120,255,0,0.000,1966.852,1493.013,,,,1.000,1,0,10,0,0,0,0,11.846,10.123,0.561,
10,120,260,0,0.000,1966.852,1493.013,,,,1.000,1,0,10,0,0,0,0,10.212,12.721,0.447,
10,120,265,0,0.000,1966.852,1493.013,,,,1.000,1,0,10,0,0,0,0,12.763,11.523,0.594,
10,120,270,0,0.000,1966.852,1493.013,,,,1.000,1,0,10,0,0,0,0,11.184,10.956,0.618,
10,120,275,0,0.000,1966.852,1493.013,,,,1.000,1,0,10,0,0,0,0,8.815,13.340,0.384,
10,120,280,0,0.000,1966.852,1493.013,,,,1.000,1,0,10,0,0,0,0,11.773,12.084,0.489,
10,120,285,0,0.000,1966.852,1493.013,,,,1.000,1,0,10,0,0,0,0,12.062,9.053,0.543,
10,125,-10,0,0.000,1966.852,1493.013,,,,0.000,0,0,0,0,0,0,10,13.139,14.455,0.500,
10,125,-5,0,0.000,1966.852,1493.013,,,,0.000,0,0,0,0,0,0,10,12.638,8.764,0.620,
10,125,0,0,0.000,1966.852,1493.013,,,,0.000,0,0,0,0,0,0,10,10.845,12.148,0.566,
10,125,5,0,0.000,1966.852,1493.013,,,,0.000,0,0,0,0,0,0,10,6.015,8.452,0.578,
10,125,10,0,0.000,1966.852,1493.013,,,,0.000,0,0,0,0,0,0,10,11.531,10.254,0.630,
10,125,15,0,0.000,1966.852,1493.013,,,,0.200,1,0,2,0,0,0,8,8.899,9.765,0.527,
10,125,20,0,0.000,1966.852,1493.013,,,,0.500,1,0,5,0,0,0,5,10.328,9.906,0.616,
10,125,25,0,0.000,1966.852,1493.013,,,,0.600,1,0,6,0,0,0,4,10.228,11.841,0.351,
10,125,30,0,0.000,1966.852,1493.013,,,,0.900,1,0,9,0,0,0,1,10.012,8.790,0.542,
10,125,35,0,0.000,1966.852,1493.013,,,,0.900,1,0,9,0,0,0,1,9.363,11.331,0.528,
10,125,40,0,0.000,1966.852,1493.013,,,,0.800,1,0,8,0,0,0,2,11.803,13.368,0.455,
10,125,45,0,0.000,1966.852,1493.013,,,,1.000,1,0,10,0,0,0,0,10.691,11.350,0.603,
10,125,50,0,0.000,1966.852,1493.013,,,,1.000,1,0,10,0,0,0,0,13.867,8.686,0.458,
10,125,55,0,0.000,1966.852,1493.013,,,,1.000,1,0,10,0,0,0,0,10.478,11.308,0.738,
10,125,60,0,0.000,1966.852,1493.013,,,,1.000,1,0,10,0,0,0,0,10.165,11.767,0.458,
10,125,65,0,0.000,1966.852,1493.013,,,,1.000,1,0,10,0,0,0,0,11.028,11.088,0.493,
10,125,70,0,0.000,1966.852,1493.013,,,,1.000,1,0,10,0,0,0,0,8.270,8.327,0.494,
10,125,75,0,0.000,1966.852,1493.013,,,,1.000,1,0,10,0,0,0,0,10.654,12.852,0.405,
10,125,80,0,0.000,1966.852,1493.013,,,,1.000,1,0,10,0,0,0,0,11.772,9.484,0.546,
10,125,85,0,0.000,1966.852,1493.013,,,,1.000,1,0,10,0,0,0,0,12.608,11.059,0.314,
10,125,90,0,0.000,1966.852,1493.013,,,,1.000,1,0,10,0,0,0,0,10.005,9.207,0.464,
10,125,95,0,0.000,1966.852,1493.013,,,,1.000,1,0,10,0,0,0,0,10.630,8.917,0.532,
10,125,100,0,0.000,1966.852,1493.013,,,,1.000,1,0,10,0,0,0,0,11.296,10.259,0.465,
10,125,105,0,0.000,1966.852,1493.013,,,,1.000,1,0,10,0,0,0,0,11.848,10.468,0.486,
10,125,110,0,0.000,1966.852,1493.013,,,,1.000,1,0,10,0,0,0,0,10.405,10.950,0.506,
10,125,115,0,0.000,1966.852,1493.013,,,,1.000,1,0,10,0,0,0,0,9.856,13.920,0.460,
10,125,120,0,0.000,1966.852,1493.013,,,,1.000,1,0,10,0,0,0,0,9.873,11.155,0.580,
10,125,125,0,0.000,1966.852,1493.013,,,,1.000,1,0,10,0,0,0,0,11.683,12.770,0.416,
10,125,130,0,0.000,1966.852,1493.013,,,,1.000,1,0,10,0,0,0,0,8.253,11.223,0.393,
10,125,135,0,0.000,1966.852,1493.013,,,,1.000,1,0,10,0,0,0,0,12.634,11.157,0.443,
10,125,140,0,0.000,1966.852,1493.013,,,,1.000,1,0,10,0,0,0,0,10.868,11.455,0.573,
10,125,145,0,0.000,1966.852,1493.013,,,,1.000,1,0,10,0,0,0,0,10.473,10.593,0.378,
10,125,150,0,0.000,1966.852,1493.013,,,,1.000,1,0,10,0,0,0,0,12.213,10.919,0.438,
10,125,155,0,0.000,1966.852,1493.013,,,,1.000,1,0,10,0,0,0,0,12.057,8.062,0.595,
10,125,160,0,0.000,1966.852,1493.013,,,,1.000,1,0,10,0,0,0,0,11.305,10.691,0.524,
10,125,165,0,0.000,1966.852,1493.013,,,,1.000,1,0,10,0,0,0,0,11.048,11.975,0.703,
10,125,170,0,0.000,1966.852,1493.013,,,,1.000,1,0,10,0,0,0,0,10.427,9.717,0.560,
10,125,175,0,0.000,1966.852,1493.013,,,,1.000,1,0,10,0,0,0,0,9.505,11.188,0.618,
10,125,180,0,0.000,1966.852,1493.013,,,,1.000,1,0,10,0,0,0,0,10.722,10.925,0.508,
10,125,185,0,0.000,1966.852,1493.013,,,,1.000,1,0,10,0,0,0,0,8.544,11.024,0.567,
10,125,190,0,0.000,1966.852,1493.013,,,,1.000,1,0,10,0,0,0,0,11.664,10.289,0.483,
10,125,195,0,0.000,1966.852,1493.013,,,,1.000,1,0,10,0,0,0,0,8.866,8.662,0.556,
10,125,200,0,0.000,1966.852,1493.013,,,,1.000,1,0,10,0,0,0,0,10.436,8.870,0.472,
10,125,205,0,0.000,1966.852,1493.013,,,,1.000,1,0,10,0,0,0,0,6.248,9.838,0.508,
10,125,210,0,0.000,1966.852,1493.013,,,,1.000,1,0,10,0,0,0,0,12.191,8.951,0.329,
10,125,215,0,0.000,1966.852,1493.013,,,,1.000,1,0,10,0,0,0,0,11.776,12.619,0.485,
10,125,220,0,0.000,1966.852,1493.013,,,,1.000,1,0,10,0,0,0,0,11.174,11.221,0.690,
10,125,225,0,0.000,1966.852,1493.013,,,,1.000,1,0,10,0,0,0,0,8.155,8.494,0.431,
10,125,230,0,0.000,1966.852,1493.013,,,,1.000,1,0,10,0,0,0,0,10.416,14.565,0.650,
10,125,235,0,0.000,1966.852,1493.013,,,,1.000,1,0,10,0,0,0,0,9.491,10.020,0.396,
10,125,240,0,0.000,1966.852,1493.013,,,,1.000,1,0,10,0,0,0,0,9.914,12.967,0.461,
10,125,245,0,0.000,1966.852,1493.013,,,,1.000,1,0,10,0,0,0,0,13.046,7.501,0.633,
10,125,250,0,0.000,1966.852,1493.013,,,,1.000,1,0,10,0,0,0,0,11.537,10.524,0.430,
10,125,255,0,0.000,1966.852,1493.013,,,,1.000,1,0,10,0,0,0,0,10.306,11.425,0.668,
10,125,260,0,0.000,1966.852,1493.013,,,,1.000,1,0,10,0,0,0,0,12.054,7.490,0.473,
10,125,265,0,0.000,1966.852,1493.013,,,,1.000,1,0,10,0,0,0,0,9.390,11.090,0.483,
10,125,270,0,0.000,1966.852,1493.013,,,,1.000,1,0,10,0,0,0,0,11.326,11.299,0.414,
10,125,275,0,0.000,1966.852,1493.013,,,,1.000,1,0,10,0,0,0,0,10.361,11.489,0.674,
10,125,280,0,0.000,1966.852,1493.013,,,,1.000,1,0,10,0,0,0,0,11.786,11.564,0.473,
10,125,285,0,0.000,1966.852,1493.013,,,,1.000,1,0,10,0,0,0,0,9.465,12.581,0.468,
10,130,-10,0,0.000,1966.852,1493.013,,,,0.000,0,0,0,0,0,0,10,11.462,10.335,0.486,
10,130,-5,0,0.000,1966.852,1493.013,,,,0.000,0,0,0,0,0,0,10,7.502,9.952,0.675,
10,130,0,0,0.000,1966.852,1493.013,,,,0.000,0,0,0,0,0,0,10,10.005,12.561,0.550,
10,130,5,0,0.000,1966.852,1493.013,,,,0.000,0,0,0,0,0,0,10,9.856,10.626,0.713,
10,130,10,0,0.000,1966.852,1493.013,,,,0.100,1,0,1,0,0,0,9,12.468,11.916,0.514,
10,130,15,0,0.000,1966.852,1493.013,,,,0.200,1,0,2,0,0,0,8,13.597,11.148,0.568,
10,130,20,0,0.000,1966.852,1493.013,,,,0.700,1,0,7,0,0,0,3,12.321,10.161,0.499,
10,130,25,0,0.000,1966.852,1493.013,,,,0.500,1,0,5,0,0,0,5,9.658,9.754,0.497,
10,130,30,0,0.000,1966.852,1493.013,,,,0.800,1,0,8,0,0,0,2,8.341,12.170,0.586,
10,130,35,0,0.000,1966.852,1493.013,,,,1.000,1,0,10,0,0,0,0,10.192,8.017,0.545,
10,130,40,0,0.000,1966.852,1493.013,,,,0.900,1,0,9,0,0,0,1,10.894,12.663,0.489,
10,130,45,0,0.000,1966.852,1493.013,,,,1.000,1,0,10,0,0,0,0,10.645,16.026,0.391,
10,130,50,0,0.000,1966.852,1493.013,,,,1.000,1,0,10,0,0,0,0,14.382,9.789,0.558,
10,130,55,0,0.000,1966.852,1493.013,,,,1.000,1,0,10,0,0,0,0,7.792,11.738,0.636,
10,130,60,0,0.000,1966.852,1493.013,,,,1.000,1,0,10,0,0,0,0,15.819,8.928,0.301,
10,130,65,0,0.000,1966.852,1493.013,,,,1.000,1,0,10,0,0,0,0,11.243,9.712,0.559,
10,130,70,0,0.000,1966.852,1493.013,,,,1.000,1,0,10,0,0,0,0,12.968,12.230,0.576,
10,130,75,0,0.000,1966.852,1493.013,,,,1.000,1,0,10,0,0,0,0,11.971,7.547,0.582,
10,130,80,0,0.000,1966.852,1493.013,,,,1.000,1,0,10,0,0,0,0,6.071,10.169,0.662,
10,130,85,0,0.000,1966.852,1493.013,,,,1.000,1,0,10,0,0,0,0,10.628,12.113,0.440,
10,130,90,0,0.000,1966.852,1493.013,,,,1.000,1,0,10,0,0,0,0,10.490,11.105,0.456,
10,130,95,0,0.000,1966.852,1493.013,,,,1.000,1,0,10,0,0,0,0,12.995,7.762,0.633,
10,130,100,0,0.000,1966.852,1493.013,,,,1.000,1,0,10,0,0,0,0,8.196,10.635,0.416,
10,130,105,0,0.000,1966.852,1493.013,,,,1.000,1,0,10,0,0,0,0,11.505,12.590,0.468,
10,130,110,0,0.000,1966.852,1493.013,,,,1.000,1,0,10,0,0,0,0,14.028,11.497,0.638,
10,130,115,0,0.000,1966.852,1493.013,,,,1.000,1,0,10,0,0,0,0,13.564,10.199,0.575,
10,130,120,0,0.000,1966.852,1493.013,,,,1.000,1,0,10,0,0,0,0,13.510,13.187,0.618,
10,130,125,0,0.000,1966.852,1493.013,,,,1.000,1,0,10,0,0,0,0,11.052,12.186,0.467,
10,130,130,0,0.000,1966.852,1493.013,,,,1.000,1,0,10,0,0,0,0,7.644,11.791,0.513,
10,130,135,0,0.000,1966.852,1493.013,,,,1.000,1,0,10,0,0,0,0,8.905,10.865,0.576,
10,130,140,0,0.000,1966.852,1493.013,,,,1.000,1,0,10,0,0,0,0,10.971,13.095,0.652,
10,130,145,0,0.000,1966.852,1493.013,,,,1.000,1,0,10,0,0,0,0,13.858,10.793,0.499,
10,130,150,0,0.000,1966.852,1493.013,,,,1.000,1,0,10,0,0,0,0,12.520,8.078,0.622,
10,130,155,0,0.000,1966.852,1493.013,,,,1.000,1,0,10,0,0,0,0,10.447,11.000,0.560,
10,130,160,0,0.000,1966.852,1493.013,,,,1.000,1,0,10,0,0,0,0,8.321,9.838,0.514,
10,130,165,0,0.000,1966.852,1493.013,,,,1.000,1,0,10,0,0,0,0,9.333,9.060,0.514,
10,130,170,0,0.000,1966.852,1493.013,,,,1.000,1,0,10,0,0,0,0,12.647,8.154,0.605,
10,130,175,0,0.000,1966.852,1493.013,,,,1.000,1,0,10,0,0,0,0,6.994,10.778,0.579,
10,130,180,0,0.000,1966.852,1493.013,,,,1.000,1,0,10,0,0,0,0,9.477,13.148,0.664,
10,130,185,0,0.000,1966.852,1493.013,,,,1.000,1,0,10,0,0,0,0,11.584,14.023,0.661,
10,130,190,0,0.000,1966.852,1493.013,,,,1.000,1,0,10,0,0,0,0,11.661,8.970,0.714,
10,130,195,0,0.000,1966.852,1493.013,,,,1.000,1,0,10,0,0,0,0,9.167,11.099,0.349,
10,130,200,0,0.000,1966.852,1493.013,,,,1.000,1,0,10,0,0,0,0,8.267,7.861,0.464,
10,130,205,0,0.000,1966.852,1493.013,,,,1.000,1,0,10,0,0,0,0,10.374,11.999,0.621,
10,130,210,0,0.000,1966.852,1493.013,,,,1.000,1,0,10,0,0,0,0,13.070,11.378,0.408,
10,130,215,0,0.000,1966.852,1493.013,,,,1.000,1,0,10,0,0,0,0,5.715,10.424,0.636,
10,130,220,0,0.000,1966.852,1493.013,,,,1.000,1,0,10,0,0,0,0,11.050,7.054,0.581,
10,130,225,0,0.000,1966.852,1493.013,,,,1.000,1,0,10,0,0,0,0,10.720,12.714,0.528,
10,130,230,0,0.000,1966.852,1493.013,,,,1.000,1,0,10,0,0,0,0,12.554,11.389,0.586,
10,130,235,0,0.000,1966.852,1493.013,,,,1.000,1,0,10,0,0,0,0,10.162,11.177,0.574,
10,130,240,0,0.000,1966.852,1493.013,,,,1.000,1,0,10,0,0,0,0,11.368,9.175,0.522,
10,130,245,0,0.000,1966.852,1493.013,,,,1.000,1,0,10,0,0,0,0,11.727,13.413,0.471,
10,130,250,0,0.000,1966.852,1493.013,,,,1.000,1,0,10,0,0,0,0,13.332,8.714,0.662,
10,130,255,0,0.000,1966.852,1493.013,,,,1.000,1,0,10,0,0,0,0,9.367,7.323,0.455,
10,130,260,0,0.000,1966.852,1493.013,,,,1.000,1,0,10,0,0,0,0,13.136,11.808,0.478,
10,130,265,0,0.000,1966.852,1493.013,,,,1.000,1,0,10,0,0,0,0,11.502,12.701,0.475,
10,130,270,0,0.000,1966.852,1493.013,,,,1.000,1,0,10,0,0,0,0,10.615,12.144,0.434,
10,130,275,0,0.000,1966.852,1493.013,,,,1.000,1,0,10,0,0,0,0,8.484,7.691,0.706,
10,130,280,0,0.000,1966.852,1493.013,,,,1.000,1,0,10,0,0,0,0,11.040,9.403,0.605,
10,130,285,0,0.000,1966.852,1493.013,,,,1.000,1,0,10,0,0,0,0,12.671,10.357,0.512,
10,135,-10,0,0.000,1966.852,1493.013,,,,0.000,0,0,0,0,0,0,10,7.789,14.169,0.571,
10,135,-5,0,0.000,1966.852,1493.013,,,,0.000,0,0,0,0,0,0,10,9.459,9.832,0.561,
10,135,0,0,0.000,1966.852,1493.013,,,,0.000,0,0,0,0,0,0,10,7.548,10.038,0.636,
10,135,5,0,0.000,1966.852,1493.013,,,,0.000,0,0,0,0,0,0,10,13.894,11.589,0.537,
10,135,10,0,0.000,1966.852,1493.013,,,,0.300,1,0,3,0,0,0,7,12.014,11.733,0.660,
10,135,15,0,0.000,1966.852,1493.013,,,,0.200,1,0,2,0,0,0,8,8.914,10.949,0.746,
10,135,20,0,0.000,1966.852,1493.013,,,,0.400,1,0,4,0,0,0,6,10.207,13.100,0.647,
10,135,25,0,0.000,1966.852,1493.013,,,,0.500,1,0,5,0,0,0,5,7.033,10.522,0.632,
10,135,30,0,0.000,1966.852,1493.013,,,,0.400,1,0,4,0,0,0,6,11.947,14.615,0.590,
10,135,35,0,0.000,1966.852,1493.013,,,,0.900,1,0,9,0,0,0,1,12.437,10.594,0.636,
10,135,40,0,0.000,1966.852,1493.013,,,,0.900,1,0,9,0,0,0,1,10.930,11.779,0.500,
10,135,45,0,0.000,1966.852,1493.013,,,,1.000,1,0,10,0,0,0,0,11.251,12.457,0.560,
10,135,50,0,0.000,1966.852,1493.013,,,,1.000,1,0,10,0,0,0,0,13.834,7.835,0.573,
10,135,55,0,0.000,1966.852,1493.013,,,,1.000,1,0,10,0,0,0,0,10.209,8.176,0.525,
10,135,60,0,0.000,1966.852,1493.013,,,,1.000,1,0,10,0,0,0,0,10.223,7.837,0.580,
10,135,65,0,0.000,1966.852,1493.013,,,,1.000,1,0,10,0,0,0,0,8.040,12.298,0.399,
10,135,70,0,0.000,1966.852,1493.013,,,,1.000,1,0,10,0,0,0,0,8.156,9.872,0.489,
10,135,75,0,0.000,1966.852,1493.013,,,,1.000,1,0,10,0,0,0,0,13.463,12.777,0.557,
10,135,80,0,0.000,1966.852,1493.013,,,,1.000,1,0,10,0,0,0,0,9.518,10.817,0.485,
10,135,85,0,0.000,1966.852,1493.013,,,,1.000,1,0,10,0,0,0,0,13.264,11.466,0.623,
10,135,90,0,0.000,1966.852,1493.013,,,,1.000,1,0,10,0,0,0,0,10.420,8.903,0.584,
10,135,95,0,0.000,1966.852,1493.013,,,,1.000,1,0,10,0,0,0,0,10.840,9.938,0.261,
10,135,100,0,0.000,1966.852,1493.013,,,,1.000,1,0,10,0,0,0,0,11.514,6.951,0.408,
10,135,105,0,0.000,1966.852,1493.013,,,,1.000,1,0,10,0,0,0,0,9.341,9.593,0.569,
10,135,110,0,0.000,1966.852,1493.013,,,,1.000,1,0,10,0,0,0,0,9.735,12.077,0.709,
10,135,115,0,0.000,1966.852,1493.013,,,,1.000,1,0,10,0,0,0,0,12.845,15.323,0.650,
10,135,120,0,0.000,1966.852,1493.013,,,,1.000,1,0,10,0,0,0,0,8.214,10.861,0.380,
10,135,125,0,0.000,1966.852,1493.013,,,,1.000,1,0,10,0,0,0,0,11.479,13.612,0.423,
10,135,130,0,0.000,1966.852,1493.013,,,,1.000,1,0,10,0,0,0,0,11.288,11.635,0.410,
10,135,135,0,0.000,1966.852,1493.013,,,,1.000,1,0,10,0,0,0,0,11.059,11.033,0.359,
10,135,140,0,0.000,1966.852,1493.013,,,,1.000,1,0,10,0,0,0,0,9.198,8.655,0.360,
10,135,145,0,0.000,1966.852,1493.013,,,,1.000,1,0,10,0,0,0,0,12.467,8.996,0.477,
10,135,150,0,0.000,1966.852,1493.013,,,,1.000,1,0,10,0,0,0,0,10.826,10.336,0.641,
10,135,155,0,0.000,1966.852,1493.013,,,,1.000,1,0,10,0,0,0,0,10.637,10.964,0.485,
10,135,160,0,0.000,1966.852,1493.013,,,,1.000,1,0,10,0,0,0,0,12.719,12.698,0.556,
10,135,165,0,0.000,1966.852,1493.013,,,,1.000,1,0,10,0,0,0,0,11.577,6.612,0.576,
10,135,170,0,0.000,1966.852,1493.013,,,,1.000,1,0,10,0,0,0,0,13.123,13.227,0.526,
10,135,175,0,0.000,1966.852,1493.013,,,,1.000,1,0,10,0,0,0,0,11.712,9.656,0.681,
10,135,180,0,0.000,1966.852,1493.013,,,,1.000,1,0,10,0,0,0,0,11.036,10.735,0.449,
10,135,185,0,0.000,1966.852,1493.013,,,,1.000,1,0,10,0,0,0,0,10.333,12.793,0.571,
10,135,190,0,0.000,1966.852,1493.013,,,,1.000,1,0,10,0,0,0,0,11.291,10.327,0.478,
10,135,195,0,0.000,1966.852,1493.013,,,,1.000,1,0,10,0,0,0,0,7.869,10.806,0.524,
10,135,200,0,0.000,1966.852,1493.013,,,,1.000,1,0,10,0,0,0,0,10.240,9.085,0.539,
10,135,205,0,0.000,1966.852,1493.013,,,,1.000,1,0,10,0,0,0,0,9.137,12.980,0.401,
10,135,210,0,0.000,1966.852,1493.013,,,,1.000,1,0,10,0,0,0,0,11.028,13.648,0.525,
10,135,215,0,0.000,1966.852,1493.013,,,,1.000,1,0,10,0,0,0,0,12.256,9.035,0.677,
10,135,220,0,0.000,1966.852,1493.013,,,,1.000,1,0,10,0,0,0,0,11.277,12.011,0.625,
10,135,225,0,0.000,1966.852,1493.013,,,,1.000,1,0,10,0,0,0,0,11.180,6.768,0.536,
10,135,230,0,0.000,1966.852,1493.013,,,,1.000,1,0,10,0,0,0,0,5.179,11.244,0.488,
10,135,235,0,0.000,1966.852,1493.013,,,,1.000,1,0,10,0,0,0,0,9.765,11.486,0.559,
10,135,240,0,0.000,1966.852,1493.013,,,,1.000,1,0,10,0,0,0,0,12.452,13.508,0.552,
10,135,245,0,0.000,1966.852,1493.013,,,,1.000,1,0,10,0,0,0,0,8.164,10.487,0.433,
10,135,250,0,0.000,1966.852,1493.013,,,,1.000,1,0,10,0,0,0,0,13.122,7.732,0.544,
10,135,255,0,0.000,1966.852,1493.013,,,,1.000,1,0,10,0,0,0,0,8.481,8.584,0.567,
10,135,260,0,0.000,1966.852,1493.013,,,,1.000,1,0,10,0,0,0,0,14.280,10.122,0.572,
10,135,265,0,0.000,1966.852,1493.013,,,,1.000,1,0,10,0,0,0,0,9.842,9.930,0.597,
10,135,270,0,0.000,1966.852,1493.013,,,,1.000,1,0,10,0,0,0,0,10.687,13.595,0.518,
10,135,275,0,0.000,1966.852,1493.013,,,,1.000,1,0,10,0,0,0,0,9.189,8.286,0.571,
10,135,280,0,0.000,1966.852,1493.013,,,,1.000,1,0,10,0,0,0,0,10.488,10.811,0.509,
10,135,285,0,0.000,1966.852,1493.013,,,,1.000,1,0,10,0,0,0,0,11.254,13.245,0.494,
10,140,-10,0,0.000,1966.852,1493.013,,,,0.000,0,0,0,0,0,0,10,9.066,13.439,0.677,
10,140,-5,0,0.000,1966.852,1493.013,,,,0.000,0,0,0,0,0,0,10,9.521,9.627,0.539,
10,140,0,0,0.000,1966.852,1493.013,,,,0.000,0,0,0,0,0,0,10,7.388,11.252,0.642,
10,140,5,0,0.000,1966.852,1493.013,,,,0.000,0,0,0,0,0,0,10,9.793,11.505,0.410,
10,140,10,0,0.000,1966.852,1493.013,,,,0.100,1,0,1,0,0,0,9,12.771,11.317,0.434,
10,140,15,0,0.000,1966.852,1493.013,,,,0.500,1,0,5,0,0,0,5,11.813,10.992,0.503,
10,140,20,0,0.000,1966.852,1493.013,,,,0.200,1,0,2,0,0,0,8,11.765,9.472,0.595,
10,140,25,0,0.000,1966.852,1493.013,,,,0.700,1,0,7,0,0,0,3,10.060,9.049,0.607,
10,140,30,0,0.000,1966.852,1493.013,,,,0.800,1,0,8,0,0,0,2,7.779,8.390,0.502,
10,140,35,0,0.000,1966.852,1493.013,,,,0.600,1,0,6,0,0,0,4,11.067,13.789,0.503,
10,140,40,0,0.000,1966.852,1493.013,,,,1.000,1,0,10,0,0,0,0,11.201,8.484,0.586,
10,140,45,0,0.000,1966.852,1493.013,,,,1.000,1,0,10,0,0,0,0,11.352,11.139,0.393,
10,140,50,0,0.000,1966.852,1493.013,,,,1.000,1,0,10,0,0,0,0,10.189,14.195,0.583,
10,140,55,0,0.000,1966.852,1493.013,,,,1.000,1,0,10,0,0,0,0,10.899,10.692,0.556,
10,140,60,0,0.000,1966.852,1493.013,,,,1.000,1,0,10,0,0,0,0,10.417,11.418,0.434,
10,140,65,0,0.000,1966.852,1493.013,,,,1.000,1,0,10,0,0,0,0,14.314,7.604,0.595,
10,140,70,0,0.000,1966.852,1493.013,,,,1.000,1,0,10,0,0,0,0,11.039,13.066,0.526,
10,140,75,0,0.000,1966.852,1493.013,,,,1.000,1,0,10,0,0,0,0,12.495,9.782,0.329,
10,140,80,0,0.000,1966.852,1493.013,,,,1.000,1,0,10,0,0,0,0,12.818,13.166,0.474,
10,140,85,0,0.000,1966.852,1493.013,,,,1.000,1,0,10,0,0,0,0,10.686,11.362,0.549,
10,140,90,0,0.000,1966.852,1493.013,,,,1.000,1,0,10,0,0,0,0,11.301,10.324,0.495,
10,140,95,0,0.000,1966.852,1493.013,,,,1.000,1,0,10,0,0,0,0,8.313,8.203,0.433,
10,140,100,0,0.000,1966.852,1493.013,,,,1.000,1,0,10,0,0,0,0,8.852,9.950,0.453,
10,140,105,0,0.000,1966.852,1493.013,,,,1.000,1,0,10,0,0,0,0,10.726,10.743,0.590,
10,140,110,0,0.000,1966.852,1493.013,,,,1.000,1,0,10,0,0,0,0,11.750,11.814,0.447,
10,140,115,0,0.000,1966.852,1493.013,,,,1.000,1,0,10,0,0,0,0,9.486,11.398,0.662,
10,140,120,0,0.000,1966.852,1493.013,,,,1.000,1,0,10,0,0,0,0,12.793,7.873,0.603,
10,140,125,0,0.000,1966.852,1493.013,,,,1.000,1,0,10,0,0,0,0,11.973,9.028,0.650,
10,140,130,0,0.000,1966.852,1493.013,,,,1.000,1,0,10,0,0,0,0,12.424,13.992,0.514,
10,140,135,0,0.000,1966.852,1493.013,,,,1.000,1,0,10,0,0,0,0,9.737,9.048,0.573,
10,140,140,0,0.000,1966.852,1493.013,,,,1.000,1,0,10,0,0,0,0,10.059,14.178,0.643,
10,140,145,0,0.000,1966.852,1493.013,,,,1.000,1,0,10,0,0,0,0,12.077,8.319,0.625,
10,140,150,0,0.000,1966.852,1493.013,,,,1.000,1,0,10,0,0,0,0,10.032,9.727,0.499,
10,140,155,0,0.000,1966.852,1493.013,,,,1.000,1,0,10,0,0,0,0,11.847,12.129,0.568,
10,140,160,0,0.000,1966.852,1493.013,,,,1.000,1,0,10,0,0,0,0,12.104,10.723,0.621,
10,140,165,0,0.000,1966.852,1493.013,,,,1.000,1,0,10,0,0,0,0,11.570,8.466,0.468,
10,140,170,0,0.000,1966.852,1493.013,,,,1.000,1,0,10,0,0,0,0,14.140,13.271,0.475,
10,140,175,0,0.000,1966.852,1493.013,,,,1.000,1,0,10,0,0,0,0,11.008,8.570,0.613,
10,140,180,0,0.000,1966.852,1493.013,,,,1.000,1,0,10,0,0,0,0,11.828,12.095,0.548,
10,140,185,0,0.000,1966.852,1493.013,,,,1.000,1,0,10,0,0,0,0,12.478,8.205,0.560,
10,140,190,0,0.000,1966.852,1493.013,,,,1.000,1,0,10,0,0,0,0,12.033,13.246,0.431,
10,140,195,0,0.000,1966.852,1493.013,,,,1.000,1,0,10,0,0,0,0,6.053,8.652,0.530,
10,140,200,0,0.000,1966.852,1493.013,,,,1.000,1,0,10,0,0,0,0,10.946,10.581,0.538,
10,140,205,0,0.000,1966.852,1493.013,,,,1.000,1,0,10,0,0,0,0,10.532,8.149,0.573,
10,140,210,0,0.000,1966.852,1493.013,,,,1.000,1,0,10,0,0,0,0,9.781,12.995,0.523,
10,140,215,0,0.000,1966.852,1493.013,,,,1.000,1,0,10,0,0,0,0,9.801,10.468,0.569,
10,140,220,0,0.000,1966.852,1493.013,,,,1.000,1,0,10,0,0,0,0,10.892,13.635,0.564,
10,140,225,0,0.000,1966.852,1493.013,,,,1.000,1,0,10,0,0,0,0,9.835,12.931,0.619,
10,140,230,0,0.000,1966.852,1493.013,,,,1.000,1,0,10,0,0,0,0,10.045,5.606,0.538,
10,140,235,0,0.000,1966.852,1493.013,,,,1.000,1,0,10,0,0,0,0,10.103,11.531,0.577,
10,140,240,0,0.000,1966.852,1493.013,,,,1.000,1,0,10,0,0,0,0,11.149,10.219,0.531,
10,140,245,0,0.000,1966.852,1493.013,,,,1.000,1,0,10,0,0,0,0,7.599,7.746,0.641,
10,140,250,0,0.000,1966.852,1493.013,,,,1.000,1,0,10,0,0,0,0,12.905,9.643,0.495,
10,140,255,0,0.000,1966.852,1493.013,,,,1.000,1,0,10,0,0,0,0,11.041,8.715,0.388,
10,140,260,0,0.000,1966.852,1493.013,,,,1.000,1,0,10,0,0,0,0,9.907,9.712,0.643,
10,140,265,0,0.000,1966.852,1493.013,,,,1.000,1,0,10,0,0,0,0,12.452,9.965,0.471,
10,140,270,0,0.000,1966.852,1493.013,,,,1.000,1,0,10,0,0,0,0,9.453,10.309,0.553,
10,140,275,0,0.000,1966.852,1493.013,,,,1.000,1,0,10,0,0,0,0,8.589,12.130,0.527,
10,140,280,0,0.000,1966.852,1493.013,,,,1.000,1,0,10,0,0,0,0,9.567,11.238,0.302,
10,140,285,0,0.000,1966.852,1493.013,,,,1.000,1,0,10,0,0,0,0,9.987,7.168,0.578,
10,145,-10,0,0.000,1966.852,1493.013,,,,0.000,0,0,0,0,0,0,10,10.744,10.934,0.598,
10,145,-5,0,0.000,1966.852,1493.013,,,,0.000,0,0,0,0,0,0,10,11.180,9.498,0.472,
10,145,0,0,0.000,1966.852,1493.013,,,,0.000,0,0,0,0,0,0,10,10.105,10.226,0.684,
10,145,5,0,0.000,1966.852,1493.013,,,,0.100,1,0,1,0,0,0,9,12.213,10.051,0.556,
10,145,10,0,0.000,1966.852,1493.013,,,,0.000,0,0,0,0,0,0,10,13.092,10.394,0.589,
10,145,15,0,0.000,1966.852,1493.013,,,,0.100,1,0,1,0,0,0,9,14.026,10.786,0.525,
10,145,20,0,0.000,1966.852,1493.013,,,,0.300,1,0,3,0,0,0,7,12.215,10.620,0.625,
10,145,25,0,0.000,1966.852,1493.013,,,,0.800,1,0,8,0,0,0,2,12.197,12.950,0.526,
10,145,30,0,0.000,1966.852,1493.013,,,,0.900,1,0,9,0,0,0,1,15.603,10.266,0.586,
10,145,35,0,0.000,1966.852,1493.013,,,,1.000,1,0,10,0,0,0,0,12.288,4.668,0.568,
10,145,40,0,0.000,1966.852,1493.013,,,,0.900,1,0,9,0,0,0,1,11.885,11.745,0.502,
10,145,45,0,0.000,1966.852,1493.013,,,,1.000,1,0,10,0,0,0,0,11.185,9.624,0.599,
10,145,50,0,0.000,1966.852,1493.013,,,,1.000,1,0,10,0,0,0,0,10.934,8.861,0.691,
10,145,55,0,0.000,1966.852,1493.013,,,,1.000,1,0,10,0,0,0,0,11.126,9.414,0.564,
10,145,60,0,0.000,1966.852,1493.013,,,,1.000,1,0,10,0,0,0,0,5.162,9.291,0.488,
10,145,65,0,0.000,1966.852,1493.013,,,,1.000,1,0,10,0,0,0,0,10.142,9.085,0.343,
10,145,70,0,0.000,1966.852,1493.013,,,,1.000,1,0,10,0,0,0,0,12.845,8.705,0.461,
10,145,75,0,0.000,1966.852,1493.013,,,,1.000,1,0,10,0,0,0,0,11.019,13.684,0.674,
10,145,80,0,0.000,1966.852,1493.013,,,,1.000,1,0,10,0,0,0,0,10.835,11.547,0.503,
10,145,85,0,0.000,1966.852,1493.013,,,,1.000,1,0,10,0,0,0,0,11.405,11.150,0.711,
10,145,90,0,0.000,1966.852,1493.013,,,,1.000,1,0,10,0,0,0,0,10.241,12.770,0.707,
10,145,95,0,0.000,1966.852,1493.013,,,,1.000,1,0,10,0,0,0,0,11.435,13.075,0.491,
10,145,100,0,0.000,1966.852,1493.013,,,,1.000,1,0,10,0,0,0,0,8.414,12.535,0.475,
10,145,105,0,0.000,1966.852,1493.013,,,,1.000,1,0,10,0,0,0,0,12.178,9.561,0.421,
10,145,110,0,0.000,1966.852,1493.013,,,,1.000,1,0,10,0,0,0,0,13.545,11.515,0.415,
10,145,115,0,0.000,1966.852,1493.013,,,,1.000,1,0,10,0,0,0,0,11.049,11.517,0.529,
10,145,120,0,0.000,1966.852,1493.013,,,,1.000,1,0,10,0,0,0,0,12.383,12.927,0.582,
10,145,125,0,0.000,1966.852,1493.013,,,,1.000,1,0,10,0,0,0,0,8.057,12.064,0.593,
10,145,130,0,0.000,1966.852,1493.013,,,,1.000,1,0,10,0,0,0,0,10.951,10.524,0.611,
10,145,135,0,0.000,1966.852,1493.013,,,,1.000,1,0,10,0,0,0,0,10.711,11.620,0.634,
10,145,140,0,0.000,1966.852,1493.013,,,,1.000,1,0,10,0,0,0,0,8.414,12.772,0.654,
10,145,145,0,0.000,1966.852,1493.013,,,,1.000,1,0,10,0,0,0,0,11.373,8.818,0.553,
10,145,150,0,0.000,1966.852,1493.013,,,,1.000,1,0,10,0,0,0,0,9.999,12.085,0.508,
10,145,155,0,0.000,1966.852,1493.013,,,,1.000,1,0,10,0,0,0,0,13.355,11.047,0.501,
10,145,160,0,0.000,1966.852,1493.013,,,,1.000,1,0,10,0,0,0,0,10.366,10.744,0.616,
10,145,165,0,0.000,1966.852,1493.013,,,,1.000,1,0,10,0,0,0,0,12.170,10.180,0.574,
10,145,170,0,0.000,1966.852,1493.013,,,,1.000,1,0,10,0,0,0,0,11.328,9.493,0.690,
10,145,175,0,0.000,1966.852,1493.013,,,,1.000,1,0,10,0,0,0,0,12.543,10.015,0.687,
10,145,180,0,0.000,1966.852,1493.013,,,,1.000,1,0,10,0,0,0,0,10.974,9.707,0.563,
10,145,185,0,0.000,1966.852,1493.013,,,,1.000,1,0,10,0,0,0,0,11.056,12.885,0.557,
10,145,190,0,0.000,1966.852,1493.013,,,,1.000,1,0,10,0,0,0,0,12.300,12.702,0.501,
10,145,195,0,0.000,1966.852,1493.013,,,,1.000,1,0,10,0,0,0,0,10.540,11.549,0.552,
10,145,200,0,0.000,1966.852,1493.013,,,,1.000,1,0,10,0,0,0,0,7.436,9.301,0.547,
10,145,205,0,0.000,1966.852,1493.013,,,,1.000,1,0,10,0,0,0,0,9.931,8.511,0.592,
10,145,210,0,0.000,1966.852,1493.013,,,,1.000,1,0,10,0,0,0,0,8.863,4.927,0.497,
10,145,215,0,0.000,1966.852,1493.013,,,,1.000,1,0,10,0,0,0,0,10.005,10.924,0.649,
10,145,220,0,0.000,1966.852,1493.013,,,,1.000,1,0,10,0,0,0,0,10.025,10.786,0.496,
10,145,225,0,0.000,1966.852,1493.013,,,,1.000,1,0,10,0,0,0,0,11.339,9.861,0.621,
10,145,230,0,0.000,1966.852,1493.013,,,,1.000,1,0,10,0,0,0,0,12.181,13.227,0.681,
10,145,235,0,0.000,1966.852,1493.013,,,,1.000,1,0,10,0,0,0,0,11.888,13.684,0.430,
10,145,240,0,0.000,1966.852,1493.013,,,,1.000,1,0,10,0,0,0,0,14.037,10.390,0.481,
10,145,245,0,0.000,1966.852,1493.013,,,,1.000,1,0,10,0,0,0,0,10.196,12.456,0.595,
10,145,250,0,0.000,1966.852,1493.013,,,,1.000,1,0,10,0,0,0,0,10.481,13.743,0.380,
10,145,255,0,0.000,1966.852,1493.013,,,,1.000,1,0,10,0,0,0,0,12.122,11.364,0.717,
10,145,260,0,0.000,1966.852,1493.013,,,,1.000,1,0,10,0,0,0,0,9.687,10.133,0.539,
10,145,265,0,0.000,1966.852,1493.013,,,,1.000,1,0,10,0,0,0,0,9.909,8.825,0.508,
10,145,270,0,0.000,1966.852,1493.013,,,,1.000,1,0,10,0,0,0,0,13.299,6.109,0.549,
10,145,275,0,0.000,1966.852,1493.013,,,,1.000,1,0,10,0,0,0,0,10.614,11.694,0.654,
10,145,280,0,0.000,1966.852,1493.013,,,,1.000,1,0,10,0,0,0,0,13.770,11.025,0.604,
10,145,285,0,0.000,1966.852,1493.013,,,,1.000,1,0,10,0,0,0,0,10.057,11.098,0.579,
10,150,-10,0,0.000,1966.852,1493.013,,,,0.000,0,0,0,0,0,0,10,14.748,11.534,0.539,
10,150,-5,0,0.000,1966.852,1493.013,,,,0.000,0,0,0,0,0,0,10,9.187,9.070,0.474,
10,150,0,0,0.000,1966.852,1493.013,,,,0.000,0,0,0,0,0,0,10,6.091,9.655,0.556,
10,150,5,0,0.000,1966.852,1493.013,,,,0.000,0,0,0,0,0,0,10,9.704,6.944,0.577,
10,150,10,0,0.000,1966.852,1493.013,,,,0.000,0,0,0,0,0,0,10,10.609,11.239,0.543,
10,150,15,0,0.000,1966.852,1493.013,,,,0.200,1,0,2,0,0,0,8,9.566,11.180,0.559,
10,150,20,0,0.000,1966.852,1493.013,,,,0.200,1,0,2,0,0,0,8,9.650,8.862,0.613,
10,150,25,0,0.000,1966.852,1493.013,,,,0.400,1,0,4,0,0,0,6,8.468,12.300,0.585,
10,150,30,0,0.000,1966.852,1493.013,,,,0.500,1,0,5,0,0,0,5,11.196,12.831,0.537,
10,150,35,0,0.000,1966.852,1493.013,,,,0.700,1,0,7,0,0,0,3,10.396,8.606,0.460,
10,150,40,0,0.000,1966.852,1493.013,,,,0.700,1,0,7,0,0,0,3,8.994,9.291,0.546,
10,150,45,0,0.000,1966.852,1493.013,,,,1.000,1,0,10,0,0,0,0,8.585,13.489,0.427,
10,150,50,0,0.000,1966.852,1493.013,,,,1.000,1,0,10,0,0,0,0,11.320,10.150,0.443,
10,150,55,0,0.000,1966.852,1493.013,,,,1.000,1,0,10,0,0,0,0,11.611,8.888,0.434,
10,150,60,0,0.000,1966.852,1493.013,,,,1.000,1,0,10,0,0,0,0,8.933,10.104,0.536,
10,150,65,0,0.000,1966.852,1493.013,,,,1.000,1,0,10,0,0,0,0,11.211,11.093,0.493,
10,150,70,0,0.000,1966.852,1493.013,,,,1.000,1,0,10,0,0,0,0,13.248,7.877,0.492,
10,150,75,0,0.000,1966.852,1493.013,,,,1.000,1,0,10,0,0,0,0,9.396,10.020,0.394,
10,150,80,0,0.000,1966.852,1493.013,,,,1.000,1,0,10,0,0,0,0,11.358,11.071,0.592,
10,150,85,0,0.000,1966.852,1493.013,,,,1.000,1,0,10,0,0,0,0,9.345,11.744,0.703,
10,150,90,0,0.000,1966.852,1493.013,,,,1.000,1,0,10,0,0,0,0,12.777,10.945,0.350,
10,150,95,0,0.000,1966.852,1493.013,,,,1.000,1,0,10,0,0,0,0,12.952,8.618,0.690,
10,150,100,0,0.000,1966.852,1493.013,,,,1.000,1,0,10,0,0,0,0,8.421,8.723,0.539,
10,150,105,0,0.000,1966.852,1493.013,,,,1.000,1,0,10,0,0,0,0,10.189,9.197,0.537,
10,150,110,0,0.000,1966.852,1493.013,,,,1.000,1,0,10,0,0,0,0,10.960,9.695,0.376,
10,150,115,0,0.000,1966.852,1493.013,,,,1.000,1,0,10,0,0,0,0,13.391,12.165,0.561,
10,150,120,0,0.000,1966.852,1493.013,,,,1.000,1,0,10,0,0,0,0,9.877,8.534,0.486,
10,150,125,0,0.000,1966.852,1493.013,,,,1.000,1,0,10,0,0,0,0,12.467,12.098,0.470,
10,150,130,0,0.000,1966.852,1493.013,,,,1.000,1,0,10,0,0,0,0,12.717,11.411,0.603,
10,150,135,0,0.000,1966.852,1493.013,,,,1.000,1,0,10,0,0,0,0,11.924,6.473,0.612,
10,150,140,0,0.000,1966.852,1493.013,,,,1.000,1,0,10,0,0,0,0,10.761,10.526,0.585,
10,150,145,0,0.000,1966.852,1493.013,,,,1.000,1,0,10,0,0,0,0,9.764,10.031,0.676,
10,150,150,0,0.000,1966.852,1493.013,,,,1.000,1,0,10,0,0,0,0,11.026,11.427,0.703,
10,150,155,0,0.000,1966.852,1493.013,,,,1.000,1,0,10,0,0,0,0,12.764,11.895,0.423,
10,150,160,0,0.000,1966.852,1493.013,,,,1.000,1,0,10,0,0,0,0,11.072,9.983,0.331,
10,150,165,0,0.000,1966.852,1493.013,,,,1.000,1,0,10,0,0,0,0,11.250,12.010,0.546,
10,150,170,0,0.000,1966.852,1493.013,,,,1.000,1,0,10,0,0,0,0,12.617,9.634,0.565,
10,150,175,0,0.000,1966.852,1493.013,,,,1.000,1,0,10,0,0,0,0,9.745,11.495,0.404,
10,150,180,0,0.000,1966.852,1493.013,,,,1.000,1,0,10,0,0,0,0,8.865,9.170,0.342,
10,150,185,0,0.000,1966.852,1493.013,,,,1.000,1,0,10,0,0,0,0,11.848,9.290,0.441,
10,150,190,0,0.000,1966.852,1493.013,,,,1.000,1,0,10,0,0,0,0,12.116,9.513,0.463,
10,150,195,0,0.000,1966.852,1493.013,,,,1.000,1,0,10,0,0,0,0,14.640,9.561,0.568,
10,150,200,0,0.000,1966.852,1493.013,,,,1.000,1,0,10,0,0,0,0,6.692,8.251,0.686,
10,150,205,0,0.000,1966.852,1493.013,,,,1.000,1,0,10,0,0,0,0,11.436,10.433,0.591,
10,150,210,0,0.000,1966.852,1493.013,,,,1.000,1,0,10,0,0,0,0,10.847,10.412,0.546,
10,150,215,0,0.000,1966.852,1493.013,,,,1.000,1,0,10,0,0,0,0,10.232,6.557,0.435,
10,150,220,0,0.000,1966.852,1493.013,,,,1.000,1,0,10,0,0,0,0,9.049,11.579,0.560,
10,150,225,0,0.000,1966.852,1493.013,,,,1.000,1,0,10,0,0,0,0,10.656,6.932,0.636,
10,150,230,0,0.000,1966.852,1493.013,,,,1.000,1,0,10,0,0,0,0,13.609,11.996,0.510,
10,150,235,0,0.000,1966.852,1493.013,,,,1.000,1,0,10,0,0,0,0,11.575,12.173,0.499,
10,150,240,0,0.000,1966.852,1493.013,,,,1.000,1,0,10,0,0,0,0,10.109,11.969,0.511,
10,150,245,0,0.000,1966.852,1493.013,,,,1.000,1,0,10,0,0,0,0,9.917,9.199,0.446,
10,150,250,0,0.000,1966.852,1493.013,,,,1.000,1,0,10,0,0,0,0,9.993,8.774,0.558,
10,150,255,0,0.000,1966.852,1493.013,,,,1.000,1,0,10,0,0,0,0,9.486,10.375,0.514,
10,150,260,0,0.000,1966.852,1493.013,,,,1.000,1,0,10,0,0,0,0,10.665,13.342,0.546,
10,150,265,0,0.000,1966.852,1493.013,,,,1.000,1,0,10,0,0,0,0,9.307,11.193,0.542,
10,150,270,0,0.000,1966.852,1493.013,,,,1.000,1,0,10,0,0,0,0,9.183,11.376,0.664,
10,150,275,0,0.000,1966.852,1493.013,,,,1.000,1,0,10,0,0,0,0,15.756,9.961,0.568,
10,150,280,0,0.000,1966.852,1493.013,,,,1.000,1,0,10,0,0,0,0,14.048,10.849,0.570,
10,150,285,0,0.000,1966.852,1493.013,,,,1.000,1,0,10,0,0,0,0,12.385,7.125,0.676,
10,155,-10,0,0.000,1966.852,1493.013,,,,0.000,0,0,0,0,0,0,10,12.592,14.026,0.526,
10,155,-5,0,0.000,1966.852,1493.013,,,,0.000,0,0,0,0,0,0,10,11.177,7.815,0.526,
10,155,0,0,0.000,1966.852,1493.013,,,,0.000,0,0,0,0,0,0,10,10.947,9.927,0.589,
10,155,5,0,0.000,1966.852,1493.013,,,,0.000,0,0,0,0,0,0,10,9.942,12.297,0.591,
10,155,10,0,0.000,1966.852,1493.013,,,,0.000,0,0,0,0,0,0,10,11.182,11.633,0.552,
10,155,15,0,0.000,1966.852,1493.013,,,,0.300,1,0,3,0,0,0,7,9.913,9.766,0.586,
10,155,20,0,0.000,1966.852,1493.013,,,,0.300,1,0,3,0,0,0,7,14.693,10.734,0.637,
10,155,25,0,0.000,1966.852,1493.013,,,,0.600,1,0,6,0,0,0,4,8.671,7.704,0.574,
10,155,30,0,0.000,1966.852,1493.013,,,,0.800,1,0,8,0,0,0,2,11.025,8.328,0.614,
10,155,35,0,0.000,1966.852,1493.013,,,,0.800,1,0,8,0,0,0,2,11.056,12.224,0.577,
10,155,40,0,0.000,1966.852,1493.013,,,,0.700,1,0,7,0,0,0,3,12.621,9.978,0.520,
10,155,45,0,0.000,1966.852,1493.013,,,,1.000,1,0,10,0,0,0,0,9.448,12.177,0.584,
10,155,50,0,0.000,1966.852,1493.013,,,,1.000,1,0,10,0,0,0,0,12.795,12.882,0.679,
10,155,55,0,0.000,1966.852,1493.013,,,,1.000,1,0,10,0,0,0,0,7.826,13.167,0.385,
10,155,60,0,0.000,1966.852,1493.013,,,,1.000,1,0,10,0,0,0,0,11.634,11.006,0.585,
10,155,65,0,0.000,1966.852,1493.013,,,,1.000,1,0,10,0,0,0,0,9.078,11.091,0.600,
10,155,70,0,0.000,1966.852,1493.013,,,,1.000,1,0,10,0,0,0,0,11.678,8.812,0.383,
10,155,75,0,0.000,1966.852,1493.013,,,,1.000,1,0,10,0,0,0,0,14.601,10.725,0.545,
10,155,80,0,0.000,1966.852,1493.013,,,,1.000,1,0,10,0,0,0,0,10.259,11.071,0.694,
10,155,85,0,0.000,1966.852,1493.013,,,,1.000,1,0,10,0,0,0,0,10.338,11.653,0.632,
10,155,90,0,0.000,1966.852,1493.013,,,,1.000,1,0,10,0,0,0,0,11.326,12.560,0.544,
10,155,95,0,0.000,1966.852,1493.013,,,,1.000,1,0,10,0,0,0,0,10.923,10.507,0.555,
10,155,100,0,0.000,1966.852,1493.013,,,,1.000,1,0,10,0,0,0,0,10.530,10.792,0.623,
10,155,105,0,0.000,1966.852,1493.013,,,,1.000,1,0,10,0,0,0,0,13.287,13.223,0.540,
10,155,110,0,0.000,1966.852,1493.013,,,,1.000,1,0,10,0,0,0,0,12.234,10.103,0.593,
10,155,115,0,0.000,1966.852,1493.013,,,,1.000,1,0,10,0,0,0,0,10.259,11.576,0.603,
10,155,120,0,0.000,1966.852,1493.013,,,,1.000,1,0,10,0,0,0,0,10.305,11.192,0.523,
10,155,125,0,0.000,1966.852,1493.013,,,,1.000,1,0,10,0,0,0,0,9.021,11.252,0.537,
10,155,130,0,0.000,1966.852,1493.013,,,,1.000,1,0,10,0,0,0,0,10.586,11.998,0.614,
10,155,135,0,0.000,1966.852,1493.013,,,,1.000,1,0,10,0,0,0,0,10.636,10.855,0.510,
10,155,140,0,0.000,1966.852,1493.013,,,,1.000,1,0,10,0,0,0,0,7.622,9.019,0.687,
10,155,145,0,0.000,1966.852,1493.013,,,,1.000,1,0,10,0,0,0,0,8.101,14.113,0.546,
10,155,150,0,0.000,1966.852,1493.013,,,,1.000,1,0,10,0,0,0,0,9.600,13.055,0.561,
10,155,155,0,0.000,1966.852,1493.013,,,,1.000,1,0,10,0,0,0,0,8.995,11.451,0.485,
10,155,160,0,0.000,1966.852,1493.013,,,,1.000,1,0,10,0,0,0,0,9.994,12.747,0.527,
10,155,165,0,0.000,1966.852,1493.013,,,,1.000,1,0,10,0,0,0,0,8.876,13.257,0.547,
10,155,170,0,0.000,1966.852,1493.013,,,,1.000,1,0,10,0,0,0,0,12.945,11.940,0.580,
10,155,175,0,0.000,1966.852,1493.013,,,,1.000,1,0,10,0,0,0,0,8.879,12.345,0.554,
10,155,180,0,0.000,1966.852,1493.013,,,,1.000,1,0,10,0,0,0,0,11.079,13.663,0.603,
10,155,185,0,0.000,1966.852,1493.013,,,,1.000,1,0,10,0,0,0,0,10.188,10.572,0.475,
10,155,190,0,0.000,1966.852,1493.013,,,,1.000,1,0,10,0,0,0,0,12.202,10.473,0.442,
10,155,195,0,0.000,1966.852,1493.013,,,,1.000,1,0,10,0,0,0,0,7.099,12.464,0.383,
10,155,200,0,0.000,1966.852,1493.013,,,,1.000,1,0,10,0,0,0,0,13.874,14.005,0.498,
10,155,205,0,0.000,1966.852,1493.013,,,,1.000,1,0,10,0,0,0,0,10.445,9.152,0.574,
10,155,210,0,0.000,1966.852,1493.013,,,,1.000,1,0,10,0,0,0,0,10.047,14.237,0.601,
10,155,215,0,0.000,1966.852,1493.013,,,,1.000,1,0,10,0,0,0,0,14.010,10.123,0.524,
10,155,220,0,0.000,1966.852,1493.013,,,,1.000,1,0,10,0,0,0,0,13.467,7.740,0.572,
10,155,225,0,0.000,1966.852,1493.013,,,,1.000,1,0,10,0,0,0,0,9.807,9.058,0.584,
10,155,230,0,0.000,1966.852,1493.013,,,,1.000,1,0,10,0,0,0,0,12.144,11.544,0.459,
10,155,235,0,0.000,1966.852,1493.013,,,,1.000,1,0,10,0,0,0,0,13.665,12.168,0.487,
10,155,240,0,0.000,1966.852,1493.013,,,,1.000,1,0,10,0,0,0,0,7.148,12.799,0.474,
10,155,245,0,0.000,1966.852,1493.013,,,,1.000,1,0,10,0,0,0,0,11.359,11.427,0.490,
10,155,250,0,0.000,1966.852,1493.013,,,,1.000,1,0,10,0,0,0,0,12.005,9.565,0.495,
10,155,255,0,0.000,1966.852,1493.013,,,,1.000,1,0,10,0,0,0,0,7.766,13.906,0.674,
10,155,260,0,0.000,1966.852,1493.013,,,,1.000,1,0,10,0,0,0,0,10.232,9.185,0.355,
10,155,265,0,0.000,1966.852,1493.013,,,,1.000,1,0,10,0,0,0,0,10.821,10.367,0.706,
10,155,270,0,0.000,1966.852,1493.013,,,,1.000,1,0,10,0,0,0,0,11.777,12.766,0.365,
10,155,275,0,0.000,1966.852,1493.013,,,,1.000,1,0,10,0,0,0,0,11.256,7.101,0.371,
10,155,280,0,0.000,1966.852,1493.013,,,,1.000,1,0,10,0,0,0,0,12.767,11.252,0.492,
10,155,285,0,0.000,1966.852,1493.013,,,,1.000,1,0,10,0,0,0,0,13.464,11.512,0.517,
10,160,-10,0,0.000,1966.852,1493.013,,,,0.000,0,0,0,0,0,0,10,10.976,9.904,0.579,
10,160,-5,0,0.000,1966.852,1493.013,,,,0.000,0,0,0,0,0,0,10,13.258,12.248,0.602,
10,160,0,0,0.000,1966.852,1493.013,,,,0.000,0,0,0,0,0,0,10,12.960,10.727,0.467,
10,160,5,0,0.000,1966.852,1493.013,,,,0.000,0,0,0,0,0,0,10,10.857,11.010,0.612,
10,160,10,0,0.000,1966.852,1493.013,,,,0.000,0,0,0,0,0,0,10,11.473,11.453,0.569,
10,160,15,0,0.000,1966.852,1493.013,,,,0.200,1,0,2,0,0,0,8,12.519,11.637,0.428,
10,160,20,0,0.000,1966.852,1493.013,,,,0.200,1,0,2,0,0,0,8,12.027,11.812,0.545,
10,160,25,0,0.000,1966.852,1493.013,,,,0.500,1,0,5,0,0,0,5,13.196,9.711,0.391,
10,160,30,0,0.000,1966.852,1493.013,,,,0.600,1,0,6,0,0,0,4,10.518,7.077,0.728,
10,160,35,0,0.000,1966.852,1493.013,,,,0.900,1,0,9,0,0,0,1,13.183,9.295,0.388,
10,160,40,0,0.000,1966.852,1493.013,,,,1.000,1,0,10,0,0,0,0,11.545,9.497,0.596,
10,160,45,0,0.000,1966.852,1493.013,,,,1.000,1,0,10,0,0,0,0,10.035,5.727,0.486,
10,160,50,0,0.000,1966.852,1493.013,,,,1.000,1,0,10,0,0,0,0,10.669,8.532,0.568,
10,160,55,0,0.000,1966.852,1493.013,,,,1.000,1,0,10,0,0,0,0,14.128,8.636,0.413,
10,160,60,0,0.000,1966.852,1493.013,,,,1.000,1,0,10,0,0,0,0,11.039,7.568,0.562,
10,160,65,0,0.000,1966.852,1493.013,,,,1.000,1,0,10,0,0,0,0,11.678,9.059,0.479,
10,160,70,0,0.000,1966.852,1493.013,,,,1.000,1,0,10,0,0,0,0,10.353,12.935,0.494,
10,160,75,0,0.000,1966.852,1493.013,,,,1.000,1,0,10,0,0,0,0,12.269,13.311,0.642,
10,160,80,0,0.000,1966.852,1493.013,,,,1.000,1,0,10,0,0,0,0,11.648,11.324,0.694,
10,160,85,0,0.000,1966.852,1493.013,,,,1.000,1,0,10,0,0,0,0,12.971,12.675,0.578,
10,160,90,0,0.000,1966.852,1493.013,,,,1.000,1,0,10,0,0,0,0,7.842,10.298,0.529,
10,160,95,0,0.000,1966.852,1493.013,,,,1.000,1,0,10,0,0,0,0,6.114,13.693,0.548,
10,160,100,0,0.000,1966.852,1493.013,,,,1.000,1,0,10,0,0,0,0,11.790,10.211,0.506,
10,160,105,0,0.000,1966.852,1493.013,,,,1.000,1,0,10,0,0,0,0,7.317,11.999,0.407,
10,160,110,0,0.000,1966.852,1493.013,,,,1.000,1,0,10,0,0,0,0,11.787,9.328,0.569,
10,160,115,0,0.000,1966.852,1493.013,,,,1.000,1,0,10,0,0,0,0,11.925,9.990,0.355,
10,160,120,0,0.000,1966.852,1493.013,,,,1.000,1,0,10,0,0,0,0,8.574,9.802,0.317,
10,160,125,0,0.000,1966.852,1493.013,,,,1.000,1,0,10,0,0,0,0,10.955,9.988,0.571,
10,160,130,0,0.000,1966.852,1493.013,,,,1.000,1,0,10,0,0,0,0,7.245,11.610,0.454,
10,160,135,0,0.000,1966.852,1493.013,,,,1.000,1,0,10,0,0,0,0,9.782,11.853,0.535,
10,160,140,0,0.000,1966.852,1493.013,,,,1.000,1,0,10,0,0,0,0,7.045,9.220,0.547,
10,160,145,0,0.000,1966.852,1493.013,,,,1.000,1,0,10,0,0,0,0,9.354,11.348,0.474,
10,160,150,0,0.000,1966.852,1493.013,,,,1.000,1,0,10,0,0,0,0,11.099,11.565,0.497,
10,160,155,0,0.000,1966.852,1493.013,,,,1.000,1,0,10,0,0,0,0,11.863,11.041,0.616,
10,160,160,0,0.000,1966.852,1493.013,,,,1.000,1,0,10,0,0,0,0,10.567,7.494,0.578,
10,160,165,0,0.000,1966.852,1493.013,,,,1.000,1,0,10,0,0,0,0,13.129,12.355,0.405,
10,160,170,0,0.000,1966.852,1493.013,,,,1.000,1,0,10,0,0,0,0,9.256,8.800,0.455,
10,160,175,0,0.000,1966.852,1493.013,,,,1.000,1,0,10,0,0,0,0,13.698,8.791,0.578,
10,160,180,0,0.000,1966.852,1493.013,,,,1.000,1,0,10,0,0,0,0,11.945,10.667,0.606,
10,160,185,0,0.000,1966.852,1493.013,,,,1.000,1,0,10,0,0,0,0,13.018,12.091,0.600,
10,160,190,0,0.000,1966.852,1493.013,,,,1.000,1,0,10,0,0,0,0,9.646,6.470,0.307,
10,160,195,0,0.000,1966.852,1493.013,,,,1.000,1,0,10,0,0,0,0,11.582,8.597,0.531,
10,160,200,0,0.000,1966.852,1493.013,,,,1.000,1,0,10,0,0,0,0,10.283,9.151,0.623,
10,160,205,0,0.000,1966.852,1493.013,,,,1.000,1,0,10,0,0,0,0,12.465,11.356,0.581,
10,160,210,0,0.000,1966.852,1493.013,,,,1.000,1,0,10,0,0,0,0,10.263,10.783,0.523,
10,160,215,0,0.000,1966.852,1493.013,,,,1.000,1,0,10,0,0,0,0,10.074,8.186,0.601,
10,160,220,0,0.000,1966.852,1493.013,,,,1.000,1,0,10,0,0,0,0,9.884,9.557,0.620,
10,160,225,0,0.000,1966.852,1493.013,,,,1.000,1,0,10,0,0,0,0,8.318,12.235,0.577,
10,160,230,0,0.000,1966.852,1493.013,,,,1.000,1,0,10,0,0,0,0,11.205,12.287,0.410,
10,160,235,0,0.000,1966.852,1493.013,,,,1.000,1,0,10,0,0,0,0,10.386,12.283,0.639,
10,160,240,0,0.000,1966.852,1493.013,,,,1.000,1,0,10,0,0,0,0,9.550,10.623,0.711,
10,160,245,0,0.000,1966.852,1493.013,,,,1.000,1,0,10,0,0,0,0,13.396,7.975,0.409,
10,160,250,0,0.000,1966.852,1493.013,,,,1.000,1,0,10,0,0,0,0,11.247,12.477,0.643,
10,160,255,0,0.000,1966.852,1493.013,,,,1.000,1,0,10,0,0,0,0,13.330,10.205,0.591,
10,160,260,0,0.000,1966.852,1493.013,,,,1.000,1,0,10,0,0,0,0,11.629,10.456,0.297,
10,160,265,0,0.000,1966.852,1493.013,,,,1.000,1,0,10,0,0,0,0,8.839,8.292,0.579,
10,160,270,0,0.000,1966.852,1493.013,,,,1.000,1,0,10,0,0,0,0,11.399,10.124,0.449,
10,160,275,0,0.000,1966.852,1493.013,,,,1.000,1,0,10,0,0,0,0,11.326,11.896,0.455,
10,160,280,0,0.000,1966.852,1493.013,,,,1.000,1,0,10,0,0,0,0,12.069,11.437,0.450,
10,160,285,0,0.000,1966.852,1493.013,,,,1.000,1,0,10,0,0,0,0,8.473,12.168,0.569,
10,165,-10,0,0.000,1966.852,1493.013,,,,0.000,0,0,0,0,0,0,10,8.922,10.413,0.556,
10,165,-5,0,0.000,1966.852,1493.013,,,,0.000,0,0,0,0,0,0,10,13.719,16.155,0.743,
10,165,0,0,0.000,1966.852,1493.013,,,,0.000,0,0,0,0,0,0,10,10.695,7.556,0.537,
10,165,5,0,0.000,1966.852,1493.013,,,,0.000,0,0,0,0,0,0,10,11.027,10.428,0.673,
10,165,10,0,0.000,1966.852,1493.013,,,,0.000,0,0,0,0,0,0,10,13.881,8.608,0.538,
10,165,15,0,0.000,1966.852,1493.013,,,,0.000,0,0,0,0,0,0,10,10.451,9.497,0.619,
10,165,20,0,0.000,1966.852,1493.013,,,,0.300,1,0,3,0,0,0,7,12.008,12.857,0.626,
10,165,25,0,0.000,1966.852,1493.013,,,,0.700,1,0,7,0,0,0,3,7.662,12.233,0.355,
10,165,30,0,0.000,1966.852,1493.013,,,,0.600,1,0,6,0,0,0,4,13.362,13.826,0.479,
10,165,35,0,0.000,1966.852,1493.013,,,,0.700,1,0,7,0,0,0,3,8.529,13.769,0.594,
10,165,40,0,0.000,1966.852,1493.013,,,,0.800,1,0,8,0,0,0,2,11.534,12.311,0.651,
10,165,45,0,0.000,1966.852,1493.013,,,,0.800,1,0,8,0,0,0,2,9.863,14.679,0.529,
10,165,50,0,0.000,1966.852,1493.013,,,,0.900,1,0,9,0,0,0,1,13.856,12.620,0.463,
10,165,55,0,0.000,1966.852,1493.013,,,,1.000,1,0,10,0,0,0,0,11.252,11.094,0.437,
10,165,60,0,0.000,1966.852,1493.013,,,,1.000,1,0,10,0,0,0,0,7.028,12.531,0.635,
10,165,65,0,0.000,1966.852,1493.013,,,,1.000,1,0,10,0,0,0,0,8.821,7.271,0.633,
10,165,70,0,0.000,1966.852,1493.013,,,,1.000,1,0,10,0,0,0,0,10.431,11.046,0.643,
10,165,75,0,0.000,1966.852,1493.013,,,,1.000,1,0,10,0,0,0,0,10.788,9.611,0.626,
10,165,80,0,0.000,1966.852,1493.013,,,,1.000,1,0,10,0,0,0,0,11.324,11.460,0.287,
10,165,85,0,0.000,1966.852,1493.013,,,,1.000,1,0,10,0,0,0,0,12.881,9.951,0.562,
10,165,90,0,0.000,1966.852,1493.013,,,,1.000,1,0,10,0,0,0,0,13.751,12.416,0.684,
10,165,95,0,0.000,1966.852,1493.013,,,,1.000,1,0,10,0,0,0,0,11.351,8.510,0.300,
10,165,100,0,0.000,1966.852,1493.013,,,,1.000,1,0,10,0,0,0,0,11.717,9.987,0.322,
10,165,105,0,0.000,1966.852,1493.013,,,,1.000,1,0,10,0,0,0,0,10.857,7.862,0.594,
10,165,110,0,0.000,1966.852,1493.013,,,,1.000,1,0,10,0,0,0,0,14.276,9.934,0.586,
10,165,115,0,0.000,1966.852,1493.013,,,,1.000,1,0,10,0,0,0,0,7.838,13.517,0.539,
10,165,120,0,0.000,1966.852,1493.013,,,,1.000,1,0,10,0,0,0,0,11.723,12.592,0.635,
10,165,125,0,0.000,1966.852,1493.013,,,,1.000,1,0,10,0,0,0,0,13.103,11.320,0.553,
10,165,130,0,0.000,1966.852,1493.013,,,,1.000,1,0,10,0,0,0,0,11.350,9.326,0.489,
10,165,135,0,0.000,1966.852,1493.013,,,,1.000,1,0,10,0,0,0,0,7.215,9.376,0.526,
10,165,140,0,0.000,1966.852,1493.013,,,,1.000,1,0,10,0,0,0,0,8.984,10.990,0.486,
10,165,145,0,0.000,1966.852,1493.013,,,,1.000,1,0,10,0,0,0,0,12.836,13.095,0.700,
10,165,150,0,0.000,1966.852,1493.013,,,,1.000,1,0,10,0,0,0,0,8.408,9.629,0.476,
10,165,155,0,0.000,1966.852,1493.013,,,,1.000,1,0,10,0,0,0,0,11.278,9.671,0.649,
10,165,160,0,0.000,1966.852,1493.013,,,,1.000,1,0,10,0,0,0,0,10.149,13.876,0.498,
10,165,165,0,0.000,1966.852,1493.013,,,,1.000,1,0,10,0,0,0,0,11.030,11.637,0.446,
10,165,170,0,0.000,1966.852,1493.013,,,,1.000,1,0,10,0,0,0,0,10.075,13.596,0.479,
10,165,175,0,0.000,1966.852,1493.013,,,,1.000,1,0,10,0,0,0,0,11.139,12.088,0.603,
10,165,180,0,0.000,1966.852,1493.013,,,,1.000,1,0,10,0,0,0,0,11.477,8.679,0.337,
10,165,185,0,0.000,1966.852,1493.013,,,,1.000,1,0,10,0,0,0,0,10.543,11.966,0.556,
10,165,190,0,0.000,1966.852,1493.013,,,,1.000,1,0,10,0,0,0,0,11.510,12.953,0.646,
10,165,195,0,0.000,1966.852,1493.013,,,,1.000,1,0,10,0,0,0,0,11.030,10.630,0.464,
10,165,200,0,0.000,1966.852,1493.013,,,,1.000,1,0,10,0,0,0,0,9.368,12.124,0.639,
10,165,205,0,0.000,1966.852,1493.013,,,,1.000,1,0,10,0,0,0,0,12.915,10.549,0.400,
10,165,210,0,0.000,1966.852,1493.013,,,,1.000,1,0,10,0,0,0,0,13.197,13.816,0.645,
10,165,215,0,0.000,1966.852,1493.013,,,,1.000,1,0,10,0,0,0,0,9.876,8.554,0.230,
10,165,220,0,0.000,1966.852,1493.013,,,,1.000,1,0,10,0,0,0,0,12.863,7.568,0.550,
10,165,225,0,0.000,1966.852,1493.013,,,,1.000,1,0,10,0,0,0,0,11.607,5.171,0.526,
10,165,230,0,0.000,1966.852,1493.013,,,,1.000,1,0,10,0,0,0,0,10.714,11.450,0.463,
10,165,235,0,0.000,1966.852,1493.013,,,,1.000,1,0,10,0,0,0,0,9.645,10.133,0.479,
10,165,240,0,0.000,1966.852,1493.013,,,,1.000,1,0,10,0,0,0,0,9.894,10.944,0.649,
10,165,245,0,0.000,1966.852,1493.013,,,,1.000,1,0,10,0,0,0,0,10.631,12.115,0.645,
10,165,250,0,0.000,1966.852,1493.013,,,,1.000,1,0,10,0,0,0,0,9.570,8.495,0.607,
10,165,255,0,0.000,1966.852,1493.013,,,,1.000,1,0,10,0,0,0,0,12.266,11.376,0.492,
10,165,260,0,0.000,1966.852,1493.013,,,,1.000,1,0,10,0,0,0,0,8.865,10.714,0.713,
10,165,265,0,0.000,1966.852,1493.013,,,,1.000,1,0,10,0,0,0,0,11.296,10.813,0.620,
10,165,270,0,0.000,1966.852,1493.013,,,,1.000,1,0,10,0,0,0,0,13.148,13.291,0.629,
10,165,275,0,0.000,1966.852,1493.013,,,,1.000,1,0,10,0,0,0,0,8.194,11.739,0.668,
10,165,280,0,0.000,1966.852,1493.013,,,,1.000,1,0,10,0,0,0,0,11.915,9.497,0.476,
10,165,285,0,0.000,1966.852,1493.013,,,,1.000,1,0,10,0,0,0,0,13.322,9.904,0.591,
10,170,-10,0,0.000,1966.852,1493.013,,,,0.000,0,0,0,0,0,0,10,10.201,10.597,0.291,
10,170,-5,0,0.000,1966.852,1493.013,,,,0.000,0,0,0,0,0,0,10,6.728,9.840,0.595,
10,170,0,0,0.000,1966.852,1493.013,,,,0.000,0,0,0,0,0,0,10,10.005,12.169,0.528,
10,170,5,0,0.000,1966.852,1493.013,,,,0.000,0,0,0,0,0,0,10,12.935,11.063,0.502,
10,170,10,0,0.000,1966.852,1493.013,,,,0.100,1,0,1,0,0,0,9,12.604,11.244,0.508,
10,170,15,0,0.000,1966.852,1493.013,,,,0.200,1,0,2,0,0,0,8,12.961,10.915,0.596,
10,170,20,0,0.000,1966.852,1493.013,,,,0.200,1,0,2,0,0,0,8,10.352,12.468,0.561,
10,170,25,0,0.000,1966.852,1493.013,,,,0.600,1,0,6,0,0,0,4,9.373,12.256,0.576,
10,170,30,0,0.000,1966.852,1493.013,,,,0.600,1,0,6,0,0,0,4,12.753,10.666,0.535,
10,170,35,0,0.000,1966.852,1493.013,,,,0.600,1,0,6,0,0,0,4,11.843,11.912,0.505,
10,170,40,0,0.000,1966.852,1493.013,,,,0.600,1,0,6,0,0,0,4,9.448,11.835,0.546,
10,170,45,0,0.000,1966.852,1493.013,,,,0.900,1,0,9,0,0,0,1,13.658,7.149,0.711,
10,170,50,0,0.000,1966.852,1493.013,,,,0.900,1,0,9,0,0,0,1,9.626,12.150,0.528,
10,170,55,0,0.000,1966.852,1493.013,,,,1.000,1,0,10,0,0,0,0,10.821,10.617,0.371,
10,170,60,0,0.000,1966.852,1493.013,,,,1.000,1,0,10,0,0,0,0,9.888,12.136,0.405,
10,170,65,0,0.000,1966.852,1493.013,,,,1.000,1,0,10,0,0,0,0,10.977,11.159,0.578,
10,170,70,0,0.000,1966.852,1493.013,,,,1.000,1,0,10,0,0,0,0,8.347,13.696,0.628,
10,170,75,0,0.000,1966.852,1493.013,,,,1.000,1,0,10,0,0,0,0,12.780,10.461,0.431,
10,170,80,0,0.000,1966.852,1493.013,,,,1.000,1,0,10,0,0,0,0,12.195,10.583,0.566,
10,170,85,0,0.000,1966.852,1493.013,,,,1.000,1,0,10,0,0,0,0,12.476,11.250,0.565,
10,170,90,0,0.000,1966.852,1493.013,,,,1.000,1,0,10,0,0,0,0,13.757,11.916,0.681,
10,170,95,0,0.000,1966.852,1493.013,,,,1.000,1,0,10,0,0,0,0,13.765,10.940,0.500,
10,170,100,0,0.000,1966.852,1493.013,,,,1.000,1,0,10,0,0,0,0,10.149,13.114,0.582,
10,170,105,0,0.000,1966.852,1493.013,,,,1.000,1,0,10,0,0,0,0,7.360,8.077,0.388,
10,170,110,0,0.000,1966.852,1493.013,,,,1.000,1,0,10,0,0,0,0,10.357,15.267,0.577,
10,170,115,0,0.000,1966.852,1493.013,,,,1.000,1,0,10,0,0,0,0,10.079,8.627,0.452,
10,170,120,0,0.000,1966.852,1493.013,,,,1.000,1,0,10,0,0,0,0,11.279,12.409,0.504,
10,170,125,0,0.000,1966.852,1493.013,,,,1.000,1,0,10,0,0,0,0,11.047,9.896,0.554,
10,170,130,0,0.000,1966.852,1493.013,,,,1.000,1,0,10,0,0,0,0,12.742,10.285,0.523,
10,170,135,0,0.000,1966.852,1493.013,,,,1.000,1,0,10,0,0,0,0,11.984,9.635,0.529,
10,170,140,0,0.000,1966.852,1493.013,,,,1.000,1,0,10,0,0,0,0,8.774,11.621,0.386,
10,170,145,0,0.000,1966.852,1493.013,,,,1.000,1,0,10,0,0,0,0,9.854,12.962,0.541,
10,170,150,0,0.000,1966.852,1493.013,,,,1.000,1,0,10,0,0,0,0,11.122,11.783,0.374,
10,170,155,0,0.000,1966.852,1493.013,,,,1.000,1,0,10,0,0,0,0,9.283,9.164,0.523,
10,170,160,0,0.000,1966.852,1493.013,,,,1.000,1,0,10,0,0,0,0,11.920,14.482,0.506,
10,170,165,0,0.000,1966.852,1493.013,,,,1.000,1,0,10,0,0,0,0,7.187,10.008,0.619,
10,170,170,0,0.000,1966.852,1493.013,,,,1.000,1,0,10,0,0,0,0,11.193,12.680,0.350,
10,170,175,0,0.000,1966.852,1493.013,,,,1.000,1,0,10,0,0,0,0,11.458,9.783,0.478,
10,170,180,0,0.000,1966.852,1493.013,,,,1.000,1,0,10,0,0,0,0,11.649,10.615,0.537,
10,170,185,0,0.000,1966.852,1493.013,,,,1.000,1,0,10,0,0,0,0,11.727,15.432,0.665,
10,170,190,0,0.000,1966.852,1493.013,,,,1.000,1,0,10,0,0,0,0,8.895,12.998,0.537,
10,170,195,0,0.000,1966.852,1493.013,,,,1.000,1,0,10,0,0,0,0,11.540,10.934,0.554,
10,170,200,0,0.000,1966.852,1493.013,,,,1.000,1,0,10,0,0,0,0,11.707,13.288,0.566,
10,170,205,0,0.000,1966.852,1493.013,,,,1.000,1,0,10,0,0,0,0,12.032,9.927,0.487,
10,170,210,0,0.000,1966.852,1493.013,,,,1.000,1,0,10,0,0,0,0,8.893,13.419,0.542,
10,170,215,0,0.000,1966.852,1493.013,,,,1.000,1,0,10,0,0,0,0,12.649,7.096,0.595,
10,170,220,0,0.000,1966.852,1493.013,,,,1.000,1,0,10,0,0,0,0,12.549,10.925,0.368,
10,170,225,0,0.000,1966.852,1493.013,,,,1.000,1,0,10,0,0,0,0,10.765,11.792,0.585,
10,170,230,0,0.000,1966.852,1493.013,,,,1.000,1,0,10,0,0,0,0,5.870,11.094,0.497,
10,170,235,0,0.000,1966.852,1493.013,,,,1.000,1,0,10,0,0,0,0,9.797,11.137,0.695,
10,170,240,0,0.000,1966.852,1493.013,,,,1.000,1,0,10,0,0,0,0,11.185,11.006,0.477,
10,170,245,0,0.000,1966.852,1493.013,,,,1.000,1,0,10,0,0,0,0,12.055,10.686,0.697,
10,170,250,0,0.000,1966.852,1493.013,,,,1.000,1,0,10,0,0,0,0,13.073,13.021,0.662,
10,170,255,0,0.000,1966.852,1493.013,,,,1.000,1,0,10,0,0,0,0,11.469,13.189,0.602,
10,170,260,0,0.000,1966.852,1493.013,,,,1.000,1,0,10,0,0,0,0,14.137,13.273,0.573,
10,170,265,0,0.000,1966.852,1493.013,,,,1.000,1,0,10,0,0,0,0,7.871,12.863,0.402,
10,170,270,0,0.000,1966.852,1493.013,,,,1.000,1,0,10,0,0,0,0,10.090,11.525,0.524,
10,170,275,0,0.000,1966.852,1493.013,,,,1.000,1,0,10,0,0,0,0,12.166,12.715,0.504,
10,170,280,0,0.000,1966.852,1493.013,,,,1.000,1,0,10,0,0,0,0,12.139,12.705,0.513,
10,170,285,0,0.000,1966.852,1493.013,,,,1.000,1,0,10,0,0,0,0,12.736,10.354,0.437,
10,175,-10,0,0.000,1966.852,1493.013,,,,0.000,0,0,0,0,0,0,10,12.541,11.953,0.521,
10,175,-5,0,0.000,1966.852,1493.013,,,,0.000,0,0,0,0,0,0,10,9.801,9.258,0.607,
10,175,0,0,0.000,1966.852,1493.013,,,,0.000,0,0,0,0,0,0,10,8.641,9.908,0.538,
10,175,5,0,0.000,1966.852,1493.013,,,,0.000,0,0,0,0,0,0,10,12.461,11.265,0.705,
10,175,10,0,0.000,1966.852,1493.013,,,,0.000,0,0,0,0,0,0,10,7.082,7.874,0.656,
10,175,15,0,0.000,1966.852,1493.013,,,,0.100,1,0,1,0,0,0,9,11.546,7.351,0.782,
10,175,20,0,0.000,1966.852,1493.013,,,,0.400,1,0,4,0,0,0,6,10.727,9.978,0.529,
10,175,25,0,0.000,1966.852,1493.013,,,,0.200,1,0,2,0,0,0,8,13.091,10.085,0.414,
10,175,30,0,0.000,1966.852,1493.013,,,,0.300,1,0,3,0,0,0,7,9.620,10.896,0.614,
10,175,35,0,0.000,1966.852,1493.013,,,,0.500,1,0,5,0,0,0,5,11.226,13.163,0.475,
10,175,40,0,0.000,1966.852,1493.013,,,,0.700,1,0,7,0,0,0,3,9.793,9.810,0.471,
10,175,45,0,0.000,1966.852,1493.013,,,,0.600,1,0,6,0,0,0,4,7.841,12.537,0.608,
10,175,50,0,0.000,1966.852,1493.013,,,,0.900,1,0,9,0,0,0,1,10.454,12.173,0.610,
10,175,55,0,0.000,1966.852,1493.013,,,,1.000,1,0,10,0,0,0,0,11.042,12.041,0.537,
10,175,60,0,0.000,1966.852,1493.013,,,,1.000,1,0,10,0,0,0,0,10.700,10.004,0.632,
10,175,65,0,0.000,1966.852,1493.013,,,,1.000,1,0,10,0,0,0,0,13.065,11.365,0.515,
10,175,70,0,0.000,1966.852,1493.013,,,,1.000,1,0,10,0,0,0,0,9.998,9.147,0.566,
10,175,75,0,0.000,1966.852,1493.013,,,,1.000,1,0,10,0,0,0,0,14.190,10.194,0.486,
10,175,80,0,0.000,1966.852,1493.013,,,,1.000,1,0,10,0,0,0,0,14.245,12.792,0.474,
10,175,85,0,0.000,1966.852,1493.013,,,,1.000,1,0,10,0,0,0,0,10.280,6.767,0.575,
10,175,90,0,0.000,1966.852,1493.013,,,,1.000,1,0,10,0,0,0,0,10.697,13.155,0.560,
10,175,95,0,0.000,1966.852,1493.013,,,,1.000,1,0,10,0,0,0,0,10.830,10.976,0.557,
10,175,100,0,0.000,1966.852,1493.013,,,,1.000,1,0,10,0,0,0,0,8.381,11.382,0.537,
10,175,105,0,0.000,1966.852,1493.013,,,,1.000,1,0,10,0,0,0,0,8.854,10.362,0.586,
10,175,110,0,0.000,1966.852,1493.013,,,,1.000,1,0,10,0,0,0,0,11.429,8.035,0.533,
10,175,115,0,0.000,1966.852,1493.013,,,,1.000,1,0,10,0,0,0,0,9.623,13.698,0.415,
10,175,120,0,0.000,1966.852,1493.013,,,,1.000,1,0,10,0,0,0,0,14.939,9.901,0.420,
10,175,125,0,0.000,1966.852,1493.013,,,,1.000,1,0,10,0,0,0,0,13.133,10.530,0.408,
10,175,130,0,0.000,1966.852,1493.013,,,,1.000,1,0,10,0,0,0,0,11.377,9.035,0.639,
10,175,135,0,0.000,1966.852,1493.013,,,,1.000,1,0,10,0,0,0,0,12.127,10.336,0.523,
10,175,140,0,0.000,1966.852,1493.013,,,,1.000,1,0,10,0,0,0,0,7.989,12.536,0.459,
10,175,145,0,0.000,1966.852,1493.013,,,,1.000,1,0,10,0,0,0,0,11.519,10.691,0.591,
10,175,150,0,0.000,1966.852,1493.013,,,,1.000,1,0,10,0,0,0,0,10.741,8.351,0.398,
10,175,155,0,0.000,1966.852,1493.013,,,,1.000,1,0,10,0,0,0,0,9.818,9.191,0.343,
10,175,160,0,0.000,1966.852,1493.013,,,,1.000,1,0,10,0,0,0,0,11.106,11.794,0.607,
10,175,165,0,0.000,1966.852,1493.013,,,,1.000,1,0,10,0,0,0,0,9.598,10.484,0.612,
10,175,170,0,0.000,1966.852,1493.013,,,,1.000,1,0,10,0,0,0,0,13.599,12.335,0.491,
10,175,175,0,0.000,1966.852,1493.013,,,,1.000,1,0,10,0,0,0,0,7.346,7.143,0.589,
10,175,180,0,0.000,1966.852,1493.013,,,,1.000,1,0,10,0,0,0,0,11.866,13.258,0.487,
10,175,185,0,0.000,1966.852,1493.013,,,,1.000,1,0,10,0,0,0,0,11.180,11.647,0.619,
10,175,190,0,0.000,1966.852,1493.013,,,,1.000,1,0,10,0,0,0,0,11.488,9.357,0.678,
10,175,195,0,0.000,1966.852,1493.013,,,,1.000,1,0,10,0,0,0,0,13.558,7.830,0.563,
10,175,200,0,0.000,1966.852,1493.013,,,,1.000,1,0,10,0,0,0,0,7.934,10.782,0.608,
10,175,205,0,0.000,1966.852,1493.013,,,,1.000,1,0,10,0,0,0,0,9.411,11.746,0.623,
10,175,210,0,0.000,1966.852,1493.013,,,,1.000,1,0,10,0,0,0,0,11.542,12.737,0.651,
10,175,215,0,0.000,1966.852,1493.013,,,,1.000,1,0,10,0,0,0,0,12.948,9.544,0.605,
10,175,220,0,0.000,1966.852,1493.013,,,,1.000,1,0,10,0,0,0,0,12.922,15.434,0.543,
10,175,225,0,0.000,1966.852,1493.013,,,,1.000,1,0,10,0,0,0,0,13.257,9.788,0.465,
10,175,230,0,0.000,1966.852,1493.013,,,,1.000,1,0,10,0,0,0,0,11.193,10.619,0.462,
10,175,235,0,0.000,1966.852,1493.013,,,,1.000,1,0,10,0,0,0,0,10.941,10.168,0.352,
10,175,240,0,0.000,1966.852,1493.013,,,,1.000,1,0,10,0,0,0,0,10.034,11.838,0.614,
10,175,245,0,0.000,1966.852,1493.013,,,,1.000,1,0,10,0,0,0,0,11.609,13.643,0.544,
10,175,250,0,0.000,1966.852,1493.013,,,,1.000,1,0,10,0,0,0,0,14.180,10.935,0.420,
10,175,255,0,0.000,1966.852,1493.013,,,,1.000,1,0,10,0,0,0,0,11.465,10.356,0.468,
10,175,260,0,0.000,1966.852,1493.013,,,,1.000,1,0,10,0,0,0,0,13.989,12.067,0.504,
10,175,265,0,0.000,1966.852,1493.013,,,,1.000,1,0,10,0,0,0,0,9.813,9.249,0.597,
10,175,270,0,0.000,1966.852,1493.013,,,,1.000,1,0,10,0,0,0,0,12.754,8.660,0.687,
10,175,275,0,0.000,1966.852,1493.013,,,,1.000,1,0,10,0,0,0,0,11.751,15.175,0.552,
10,175,280,0,0.000,1966.852,1493.013,,,,1.000,1,0,10,0,0,0,0,12.706,11.664,0.583,
10,175,285,0,0.000,1966.852,1493.013,,,,1.000,1,0,10,0,0,0,0,13.155,7.659,0.556,
10,180,-10,0,0.000,1966.852,1493.013,,,,0.000,0,0,0,0,0,0,10,10.456,11.666,0.507,
10,180,-5,0,0.000,1966.852,1493.013,,,,0.000,0,0,0,0,0,0,10,9.783,8.288,0.581,
10,180,0,0,0.000,1966.852,1493.013,,,,0.000,0,0,0,0,0,0,10,13.918,8.054,0.600,
10,180,5,0,0.000,1966.852,1493.013,,,,0.000,0,0,0,0,0,0,10,13.342,9.545,0.582,
10,180,10,0,0.000,1966.852,1493.013,,,,0.000,0,0,0,0,0,0,10,12.922,8.570,0.577,
10,180,15,0,0.000,1966.852,1493.013,,,,0.000,0,0,0,0,0,0,10,13.013,6.910,0.639,
10,180,20,0,0.000,1966.852,1493.013,,,,0.200,1,0,2,0,0,0,8,8.043,11.895,0.491,
10,180,25,0,0.000,1966.852,1493.013,,,,0.400,1,0,4,0,0,0,6,12.171,10.318,0.490,
10,180,30,0,0.000,1966.852,1493.013,,,,0.300,1,0,3,0,0,0,7,12.854,8.059,0.574,
10,180,35,0,0.000,1966.852,1493.013,,,,0.600,1,0,6,0,0,0,4,10.993,13.612,0.525,
10,180,40,0,0.000,1966.852,1493.013,,,,1.000,1,0,10,0,0,0,0,7.808,7.102,0.567,
10,180,45,0,0.000,1966.852,1493.013,,,,0.800,1,0,8,0,0,0,2,11.758,10.747,0.616,
10,180,50,0,0.000,1966.852,1493.013,,,,1.000,1,0,10,0,0,0,0,10.085,8.183,0.653,
10,180,55,0,0.000,1966.852,1493.013,,,,1.000,1,0,10,0,0,0,0,12.357,9.939,0.420,
10,180,60,0,0.000,1966.852,1493.013,,,,1.000,1,0,10,0,0,0,0,10.082,12.823,0.451,
10,180,65,0,0.000,1966.852,1493.013,,,,1.000,1,0,10,0,0,0,0,14.645,8.598,0.612,
10,180,70,0,0.000,1966.852,1493.013,,,,1.000,1,0,10,0,0,0,0,11.142,12.536,0.322,
10,180,75,0,0.000,1966.852,1493.013,,,,1.000,1,0,10,0,0,0,0,8.034,13.008,0.463,
10,180,80,0,0.000,1966.852,1493.013,,,,1.000,1,0,10,0,0,0,0,8.667,12.127,0.508,
10,180,85,0,0.000,1966.852,1493.013,,,,1.000,1,0,10,0,0,0,0,13.237,8.687,0.505,
10,180,90,0,0.000,1966.852,1493.013,,,,1.000,1,0,10,0,0,0,0,9.149,10.503,0.501,
10,180,95,0,0.000,1966.852,1493.013,,,,1.000,1,0,10,0,0,0,0,9.760,12.018,0.649,
10,180,100,0,0.000,1966.852,1493.013,,,,1.000,1,0,10,0,0,0,0,12.849,8.624,0.586,
10,180,105,0,0.000,1966.852,1493.013,,,,1.000,1,0,10,0,0,0,0,13.532,11.142,0.660,
10,180,110,0,0.000,1966.852,1493.013,,,,1.000,1,0,10,0,0,0,0,12.246,10.988,0.633,
10,180,115,0,0.000,1966.852,1493.013,,,,1.000,1,0,10,0,0,0,0,11.605,12.194,0.557,
10,180,120,0,0.000,1966.852,1493.013,,,,1.000,1,0,10,0,0,0,0,12.640,10.160,0.462,
10,180,125,0,0.000,1966.852,1493.013,,,,1.000,1,0,10,0,0,0,0,10.294,12.338,0.705,
10,180,130,0,0.000,1966.852,1493.013,,,,1.000,1,0,10,0,0,0,0,10.670,10.775,0.774,
10,180,135,0,0.000,1966.852,1493.013,,,,1.000,1,0,10,0,0,0,0,11.969,10.209,0.413,
10,180,140,0,0.000,1966.852,1493.013,,,,1.000,1,0,10,0,0,0,0,10.887,11.266,0.491,
10,180,145,0,0.000,1966.852,1493.013,,,,1.000,1,0,10,0,0,0,0,12.845,11.991,0.586,
10,180,150,0,0.000,1966.852,1493.013,,,,1.000,1,0,10,0,0,0,0,8.371,10.851,0.518,
10,180,155,0,0.000,1966.852,1493.013,,,,1.000,1,0,10,0,0,0,0,12.940,11.190,0.582,
10,180,160,0,0.000,1966.852,1493.013,,,,1.000,1,0,10,0,0,0,0,11.035,9.528,0.494,
10,180,165,0,0.000,1966.852,1493.013,,,,1.000,1,0,10,0,0,0,0,10.404,11.135,0.653,
10,180,170,0,0.000,1966.852,1493.013,,,,1.000,1,0,10,0,0,0,0,11.418,8.536,0.503,
10,180,175,0,0.000,1966.852,1493.013,,,,1.000,1,0,10,0,0,0,0,10.441,10.103,0.614,
10,180,180,0,0.000,1966.852,1493.013,,,,1.000,1,0,10,0,0,0,0,8.106,13.165,0.382,
10,180,185,0,0.000,1966.852,1493.013,,,,1.000,1,0,10,0,0,0,0,7.788,12.640,0.362,
10,180,190,0,0.000,1966.852,1493.013,,,,1.000,1,0,10,0,0,0,0,11.199,14.938,0.590,
10,180,195,0,0.000,1966.852,1493.013,,,,1.000,1,0,10,0,0,0,0,10.313,14.658,0.562,
10,180,200,0,0.000,1966.852,1493.013,,,,1.000,1,0,10,0,0,0,0,7.992,9.659,0.664,
10,180,205,0,0.000,1966.852,1493.013,,,,1.000,1,0,10,0,0,0,0,11.312,9.846,0.619,
10,180,210,0,0.000,1966.852,1493.013,,,,1.000,1,0,10,0,0,0,0,13.025,10.632,0.542,
10,180,215,0,0.000,1966.852,1493.013,,,,1.000,1,0,10,0,0,0,0,8.616,10.191,0.577,
10,180,220,0,0.000,1966.852,1493.013,,,,1.000,1,0,10,0,0,0,0,9.715,12.680,0.469,
10,180,225,0,0.000,1966.852,1493.013,,,,1.000,1,0,10,0,0,0,0,7.618,8.942,0.303,
10,180,230,0,0.000,1966.852,1493.013,,,,1.000,1,0,10,0,0,0,0,9.377,9.992,0.655,
10,180,235,0,0.000,1966.852,1493.013,,,,1.000,1,0,10,0,0,0,0,13.434,11.707,0.546,
10,180,240,0,0.000,1966.852,1493.013,,,,1.000,1,0,10,0,0,0,0,11.094,11.338,0.515,
10,180,245,0,0.000,1966.852,1493.013,,,,1.000,1,0,10,0,0,0,0,8.948,8.704,0.634,
10,180,250,0,0.000,1966.852,1493.013,,,,1.000,1,0,10,0,0,0,0,9.809,10.470,0.429,
10,180,255,0,0.000,1966.852,1493.013,,,,1.000,1,0,10,0,0,0,0,9.023,10.180,0.501,
10,180,260,0,0.000,1966.852,1493.013,,,,1.000,1,0,10,0,0,0,0,11.523,11.301,0.529,
10,180,265,0,0.000,1966.852,1493.013,,,,1.000,1,0,10,0,0,0,0,13.392,9.879,0.546,
10,180,270,0,0.000,1966.852,1493.013,,,,1.000,1,0,10,0,0,0,0,11.282,10.077,0.676,
10,180,275,0,0.000,1966.852,1493.013,,,,1.000,1,0,10,0,0,0,0,12.618,11.102,0.570,
10,180,280,0,0.000,1966.852,1493.013,,,,1.000,1,0,10,0,0,0,0,10.522,8.071,0.472,
10,180,285,0,0.000,1966.852,1493.013,,,,1.000,1,0,10,0,0,0,0,11.301,10.422,0.536,
10,185,-10,0,0.000,1966.852,1493.013,,,,0.000,0,0,0,0,0,0,10,11.317,11.639,0.617,
10,185,-5,0,0.000,1966.852,1493.013,,,,0.000,0,0,0,0,0,0,10,12.321,11.128,0.504,
10,185,0,0,0.000,1966.852,1493.013,,,,0.000,0,0,0,0,0,0,10,8.979,11.768,0.609,
10,185,5,0,0.000,1966.852,1493.013,,,,0.000,0,0,0,0,0,0,10,12.408,10.763,0.384,
10,185,10,0,0.000,1966.852,1493.013,,,,0.000,0,0,0,0,0,0,10,10.659,9.464,0.533,
10,185,15,0,0.000,1966.852,1493.013,,,,0.000,0,0,0,0,0,0,10,13.116,9.483,0.434,
10,185,20,0,0.000,1966.852,1493.013,,,,0.200,1,0,2,0,0,0,8,12.198,12.030,0.530,
10,185,25,0,0.000,1966.852,1493.013,,,,0.500,1,0,5,0,0,0,5,7.942,12.297,0.545,
10,185,30,0,0.000,1966.852,1493.013,,,,0.400,1,0,4,0,0,0,6,10.261,9.887,0.491,
10,185,35,0,0.000,1966.852,1493.013,,,,0.300,1,0,3,0,0,0,7,13.527,8.434,0.464,
10,185,40,0,0.000,1966.852,1493.013,,,,0.700,1,0,7,0,0,0,3,12.027,7.978,0.299,
10,185,45,0,0.000,1966.852,1493.013,,,,0.800,1,0,8,0,0,0,2,8.369,11.145,0.582,
10,185,50,0,0.000,1966.852,1493.013,,,,0.800,1,0,8,0,0,0,2,10.596,13.719,0.590,
10,185,55,0,0.000,1966.852,1493.013,,,,1.000,1,0,10,0,0,0,0,8.618,10.752,0.468,
10,185,60,0,0.000,1966.852,1493.013,,,,1.000,1,0,10,0,0,0,0,13.193,10.967,0.445,
10,185,65,0,0.000,1966.852,1493.013,,,,1.000,1,0,10,0,0,0,0,10.795,12.824,0.460,
10,185,70,0,0.000,1966.852,1493.013,,,,1.000,1,0,10,0,0,0,0,9.491,13.424,0.494,
10,185,75,0,0.000,1966.852,1493.013,,,,1.000,1,0,10,0,0,0,0,11.447,8.986,0.481,
10,185,80,0,0.000,1966.852,1493.013,,,,1.000,1,0,10,0,0,0,0,9.711,15.294,0.601,
10,185,85,0,0.000,1966.852,1493.013,,,,1.000,1,0,10,0,0,0,0,11.311,9.372,0.560,
10,185,90,0,0.000,1966.852,1493.013,,,,1.000,1,0,10,0,0,0,0,7.381,10.344,0.543,
10,185,95,0,0.000,1966.852,1493.013,,,,1.000,1,0,10,0,0,0,0,9.640,12.168,0.499,
10,185,100,0,0.000,1966.852,1493.013,,,,1.000,1,0,10,0,0,0,0,9.469,8.936,0.650,
10,185,105,0,0.000,1966.852,1493.013,,,,1.000,1,0,10,0,0,0,0,11.849,10.222,0.563,
10,185,110,0,0.000,1966.852,1493.013,,,,1.000,1,0,10,0,0,0,0,12.700,8.195,0.655,
10,185,115,0,0.000,1966.852,1493.013,,,,1.000,1,0,10,0,0,0,0,10.204,11.249,0.524,
10,185,120,0,0.000,1966.852,1493.013,,,,1.000,1,0,10,0,0,0,0,12.024,12.797,0.578,
10,185,125,0,0.000,1966.852,1493.013,,,,1.000,1,0,10,0,0,0,0,9.750,12.198,0.422,
10,185,130,0,0.000,1966.852,1493.013,,,,1.000,1,0,10,0,0,0,0,14.070,13.162,0.495,
10,185,135,0,0.000,1966.852,1493.013,,,,1.000,1,0,10,0,0,0,0,10.262,12.345,0.472,
10,185,140,0,0.000,1966.852,1493.013,,,,1.000,1,0,10,0,0,0,0,12.448,10.824,0.521,
10,185,145,0,0.000,1966.852,1493.013,,,,1.000,1,0,10,0,0,0,0,11.274,10.053,0.754,
10,185,150,0,0.000,1966.852,1493.013,,,,1.000,1,0,10,0,0,0,0,11.157,7.064,0.560,
10,185,155,0,0.000,1966.852,1493.013,,,,1.000,1,0,10,0,0,0,0,12.678,14.133,0.560,
10,185,160,0,0.000,1966.852,1493.013,,,,1.000,1,0,10,0,0,0,0,11.991,10.016,0.543,
10,185,165,0,0.000,1966.852,1493.013,,,,1.000,1,0,10,0,0,0,0,10.212,11.888,0.646,
10,185,170,0,0.000,1966.852,1493.013,,,,1.000,1,0,10,0,0,0,0,14.198,12.138,0.397,
10,185,175,0,0.000,1966.852,1493.013,,,,1.000,1,0,10,0,0,0,0,8.183,7.883,0.497,
10,185,180,0,0.000,1966.852,1493.013,,,,1.000,1,0,10,0,0,0,0,9.742,11.476,0.703,
10,185,185,0,0.000,1966.852,1493.013,,,,1.000,1,0,10,0,0,0,0,11.344,11.902,0.460,
10,185,190,0,0.000,1966.852,1493.013,,,,1.000,1,0,10,0,0,0,0,11.088,8.973,0.479,
10,185,195,0,0.000,1966.852,1493.013,,,,1.000,1,0,10,0,0,0,0,10.866,10.312,0.518,
10,185,200,0,0.000,1966.852,1493.013,,,,1.000,1,0,10,0,0,0,0,8.941,10.924,0.534,
10,185,205,0,0.000,1966.852,1493.013,,,,1.000,1,0,10,0,0,0,0,11.722,11.704,0.539,
10,185,210,0,0.000,1966.852,1493.013,,,,1.000,1,0,10,0,0,0,0,10.057,11.455,0.495,
10,185,215,0,0.000,1966.852,1493.013,,,,1.000,1,0,10,0,0,0,0,11.680,11.587,0.439,
10,185,220,0,0.000,1966.852,1493.013,,,,1.000,1,0,10,0,0,0,0,9.594,10.513,0.694,
10,185,225,0,0.000,1966.852,1493.013,,,,1.000,1,0,10,0,0,0,0,12.679,9.638,0.511,
10,185,230,0,0.000,1966.852,1493.013,,,,1.000,1,0,10,0,0,0,0,13.123,9.326,0.482,
10,185,235,0,0.000,1966.852,1493.013,,,,1.000,1,0,10,0,0,0,0,11.026,11.416,0.494,
10,185,240,0,0.000,1966.852,1493.013,,,,1.000,1,0,10,0,0,0,0,13.071,10.184,0.695,
10,185,245,0,0.000,1966.852,1493.013,,,,1.000,1,0,10,0,0,0,0,10.487,11.778,0.389,
10,185,250,0,0.000,1966.852,1493.013,,,,1.000,1,0,10,0,0,0,0,11.423,11.008,0.529,
10,185,255,0,0.000,1966.852,1493.013,,,,1.000,1,0,10,0,0,0,0,10.838,12.219,0.589,
10,185,260,0,0.000,1966.852,1493.013,,,,1.000,1,0,10,0,0,0,0,10.005,12.305,0.621,
10,185,265,0,0.000,1966.852,1493.013,,,,1.000,1,0,10,0,0,0,0,13.163,12.370,0.375,
10,185,270,0,0.000,1966.852,1493.013,,,,1.000,1,0,10,0,0,0,0,15.180,11.080,0.581,
10,185,275,0,0.000,1966.852,1493.013,,,,1.000,1,0,10,0,0,0,0,8.138,12.659,0.574,
10,185,280,0,0.000,1966.852,1493.013,,,,1.000,1,0,10,0,0,0,0,15.495,12.380,0.559,
10,185,285,0,0.000,1966.852,1493.013,,,,1.000,1,0,10,0,0,0,0,8.457,13.378,0.609,
10,190,-10,0,0.000,1966.852,1493.013,,,,0.000,0,0,0,0,0,0,10,10.531,10.702,0.555,
10,190,-5,0,0.000,1966.852,1493.013,,,,0.000,0,0,0,0,0,0,10,12.996,10.398,0.360,
10,190,0,0,0.000,1966.852,1493.013,,,,0.000,0,0,0,0,0,0,10,10.287,8.223,0.501,
10,190,5,0,0.000,1966.852,1493.013,,,,0.000,0,0,0,0,0,0,10,12.356,12.093,0.691,
10,190,10,0,0.000,1966.852,1493.013,,,,0.000,0,0,0,0,0,0,10,10.641,10.062,0.556,
10,190,15,0,0.000,1966.852,1493.013,,,,0.000,0,0,0,0,0,0,10,11.383,10.425,0.529,
10,190,20,0,0.000,1966.852,1493.013,,,,0.100,1,0,1,0,0,0,9,13.009,11.543,0.535,
10,190,25,0,0.000,1966.852,1493.013,,,,0.300,1,0,3,0,0,0,7,11.509,11.519,0.420,
10,190,30,0,0.000,1966.852,1493.013,,,,0.600,1,0,6,0,0,0,4,6.881,7.947,0.451,
10,190,35,0,0.000,1966.852,1493.013,,,,0.600,1,0,6,0,0,0,4,12.022,15.243,0.628,
10,190,40,0,0.000,1966.852,1493.013,,,,0.500,1,0,5,0,0,0,5,11.180,11.351,0.614,
10,190,45,0,0.000,1966.852,1493.013,,,,0.900,1,0,9,0,0,0,1,13.938,10.652,0.549,
10,190,50,0,0.000,1966.852,1493.013,,,,0.900,1,0,9,0,0,0,1,11.894,9.926,0.552,
10,190,55,0,0.000,1966.852,1493.013,,,,1.000,1,0,10,0,0,0,0,11.268,12.393,0.683,
10,190,60,0,0.000,1966.852,1493.013,,,,1.000,1,0,10,0,0,0,0,11.947,10.544,0.623,
10,190,65,0,0.000,1966.852,1493.013,,,,1.000,1,0,10,0,0,0,0,14.138,7.302,0.484,
10,190,70,0,0.000,1966.852,1493.013,,,,1.000,1,0,10,0,0,0,0,7.818,10.135,0.381,
10,190,75,0,0.000,1966.852,1493.013,,,,1.000,1,0,10,0,0,0,0,11.513,10.889,0.522,
10,190,80,0,0.000,1966.852,1493.013,,,,1.000,1,0,10,0,0,0,0,4.292,6.837,0.546,
10,190,85,0,0.000,1966.852,1493.013,,,,1.000,1,0,10,0,0,0,0,12.537,8.695,0.623,
10,190,90,0,0.000,1966.852,1493.013,,,,1.000,1,0,10,0,0,0,0,9.512,8.480,0.562,
10,190,95,0,0.000,1966.852,1493.013,,,,1.000,1,0,10,0,0,0,0,8.475,11.432,0.579,
10,190,100,0,0.000,1966.852,1493.013,,,,1.000,1,0,10,0,0,0,0,12.346,12.575,0.365,
10,190,105,0,0.000,1966.852,1493.013,,,,1.000,1,0,10,0,0,0,0,13.263,9.436,0.293,
10,190,110,0,0.000,1966.852,1493.013,,,,1.000,1,0,10,0,0,0,0,9.679,9.636,0.787,
10,190,115,0,0.000,1966.852,1493.013,,,,1.000,1,0,10,0,0,0,0,11.156,10.728,0.647,
10,190,120,0,0.000,1966.852,1493.013,,,,1.000,1,0,10,0,0,0,0,9.824,13.499,0.529,
10,190,125,0,0.000,1966.852,1493.013,,,,1.000,1,0,10,0,0,0,0,10.356,9.228,0.526,
10,190,130,0,0.000,1966.852,1493.013,,,,1.000,1,0,10,0,0,0,0,10.851,13.710,0.683,
10,190,135,0,0.000,1966.852,1493.013,,,,1.000,1,0,10,0,0,0,0,9.620,8.712,0.529,
10,190,140,0,0.000,1966.852,1493.013,,,,1.000,1,0,10,0,0,0,0,10.759,8.431,0.586,
10,190,145,0,0.000,1966.852,1493.013,,,,1.000,1,0,10,0,0,0,0,12.855,10.448,0.618,
10,190,150,0,0.000,1966.852,1493.013,,,,1.000,1,0,10,0,0,0,0,12.415,11.237,0.498,
10,190,155,0,0.000,1966.852,1493.013,,,,1.000,1,0,10,0,0,0,0,12.638,10.551,0.570,
10,190,160,0,0.000,1966.852,1493.013,,,,1.000,1,0,10,0,0,0,0,9.069,8.544,0.469,
10,190,165,0,0.000,1966.852,1493.013,,,,1.000,1,0,10,0,0,0,0,10.193,11.824,0.487,
10,190,170,0,0.000,1966.852,1493.013,,,,1.000,1,0,10,0,0,0,0,12.735,12.116,0.376,
10,190,175,0,0.000,1966.852,1493.013,,,,1.000,1,0,10,0,0,0,0,9.578,8.413,0.473,
10,190,180,0,0.000,1966.852,1493.013,,,,1.000,1,0,10,0,0,0,0,13.365,12.039,0.510,
10,190,185,0,0.000,1966.852,1493.013,,,,1.000,1,0,10,0,0,0,0,11.736,10.003,0.653,
10,190,190,0,0.000,1966.852,1493.013,,,,1.000,1,0,10,0,0,0,0,10.589,11.697,0.574,
10,190,195,0,0.000,1966.852,1493.013,,,,1.000,1,0,10,0,0,0,0,12.601,12.043,0.557,
10,190,200,0,0.000,1966.852,1493.013,,,,1.000,1,0,10,0,0,0,0,8.884,9.354,0.413,
10,190,205,0,0.000,1966.852,1493.013,,,,1.000,1,0,10,0,0,0,0,11.836,10.032,0.648,
10,190,210,0,0.000,1966.852,1493.013,,,,1.000,1,0,10,0,0,0,0,12.142,11.211,0.654,
10,190,215,0,0.000,1966.852,1493.013,,,,1.000,1,0,10,0,0,0,0,9.021,10.006,0.674,
10,190,220,0,0.000,1966.852,1493.013,,,,1.000,1,0,10,0,0,0,0,11.729,10.520,0.461,
10,190,225,0,0.000,1966.852,1493.013,,,,1.000,1,0,10,0,0,0,0,11.563,8.764,0.565,
10,190,230,0,0.000,1966.852,1493.013,,,,1.000,1,0,10,0,0,0,0,13.579,12.388,0.414,
10,190,235,0,0.000,1966.852,1493.013,,,,1.000,1,0,10,0,0,0,0,11.756,11.656,0.578,
10,190,240,0,0.000,1966.852,1493.013,,,,1.000,1,0,10,0,0,0,0,12.213,12.000,0.536,
10,190,245,0,0.000,1966.852,1493.013,,,,1.000,1,0,10,0,0,0,0,10.504,9.737,0.578,
10,190,250,0,0.000,1966.852,1493.013,,,,1.000,1,0,10,0,0,0,0,12.608,10.550,0.493,
10,190,255,0,0.000,1966.852,1493.013,,,,1.000,1,0,10,0,0,0,0,13.141,9.511,0.610,
10,190,260,0,0.000,1966.852,1493.013,,,,1.000,1,0,10,0,0,0,0,8.527,13.397,0.426,
10,190,265,0,0.000,1966.852,1493.013,,,,1.000,1,0,10,0,0,0,0,12.028,12.976,0.628,
10,190,270,0,0.000,1966.852,1493.013,,,,1.000,1,0,10,0,0,0,0,11.956,7.254,0.610,
10,190,275,0,0.000,1966.852,1493.013,,,,1.000,1,0,10,0,0,0,0,10.733,7.881,0.601,
10,190,280,0,0.000,1966.852,1493.013,,,,1.000,1,0,10,0,0,0,0,8.099,10.015,0.627,
10,190,285,0,0.000,1966.852,1493.013,,,,1.000,1,0,10,0,0,0,0,9.793,13.202,0.587,
10,195,-10,0,0.000,1966.852,1493.013,,,,0.000,0,0,0,0,0,0,10,10.503,10.660,0.455,
10,195,-5,0,0.000,1966.852,1493.013,,,,0.000,0,0,0,0,0,0,10,10.872,8.647,0.570,
10,195,0,0,0.000,1966.852,1493.013,,,,0.000,0,0,0,0,0,0,10,11.755,6.569,0.496,
10,195,5,0,0.000,1966.852,1493.013,,,,0.000,0,0,0,0,0,0,10,9.253,11.090,0.377,
10,195,10,0,0.000,1966.852,1493.013,,,,0.000,0,0,0,0,0,0,10,7.968,12.585,0.599,
10,195,15,0,0.000,1966.852,1493.013,,,,0.000,0,0,0,0,0,0,10,9.590,7.012,0.458,
10,195,20,0,0.000,1966.852,1493.013,,,,0.100,1,0,1,0,0,0,9,10.242,13.173,0.507,
10,195,25,0,0.000,1966.852,1493.013,,,,0.200,1,0,2,0,0,0,8,8.370,11.529,0.536,
10,195,30,0,0.000,1966.852,1493.013,,,,0.600,1,0,6,0,0,0,4,8.751,9.606,0.505,
10,195,35,0,0.000,1966.852,1493.013,,,,0.600,1,0,6,0,0,0,4,7.694,11.565,0.480,
10,195,40,0,0.000,1966.852,1493.013,,,,0.500,1,0,5,0,0,0,5,14.703,13.631,0.554,
10,195,45,0,0.000,1966.852,1493.013,,,,0.700,1,0,7,0,0,0,3,9.966,12.175,0.567,
10,195,50,0,0.000,1966.852,1493.013,,,,0.900,1,0,9,0,0,0,1,13.106,8.617,0.507,
10,195,55,0,0.000,1966.852,1493.013,,,,1.000,1,0,10,0,0,0,0,12.995,9.494,0.666,
10,195,60,0,0.000,1966.852,1493.013,,,,1.000,1,0,10,0,0,0,0,11.831,13.845,0.692,
10,195,65,0,0.000,1966.852,1493.013,,,,1.000,1,0,10,0,0,0,0,10.586,10.113,0.331,
10,195,70,0,0.000,1966.852,1493.013,,,,1.000,1,0,10,0,0,0,0,6.926,11.937,0.606,
10,195,75,0,0.000,1966.852,1493.013,,,,1.000,1,0,10,0,0,0,0,11.283,12.185,0.581,
10,195,80,0,0.000,1966.852,1493.013,,,,1.000,1,0,10,0,0,0,0,10.242,8.463,0.614,
10,195,85,0,0.000,1966.852,1493.013,,,,1.000,1,0,10,0,0,0,0,11.581,9.402,0.612,
10,195,90,0,0.000,1966.852,1493.013,,,,1.000,1,0,10,0,0,0,0,9.688,8.670,0.705,
10,195,95,0,0.000,1966.852,1493.013,,,,1.000,1,0,10,0,0,0,0,13.698,11.481,0.641,
10,195,100,0,0.000,1966.852,1493.013,,,,1.000,1,0,10,0,0,0,0,8.595,10.444,0.555,
10,195,105,0,0.000,1966.852,1493.013,,,,1.000,1,0,10,0,0,0,0,11.767,11.530,0.472,
10,195,110,0,0.000,1966.852,1493.013,,,,1.000,1,0,10,0,0,0,0,10.051,9.863,0.634,
10,195,115,0,0.000,1966.852,1493.013,,,,1.000,1,0,10,0,0,0,0,12.056,11.406,0.430,
10,195,120,0,0.000,1966.852,1493.013,,,,1.000,1,0,10,0,0,0,0,10.062,10.588,0.572,
10,195,125,0,0.000,1966.852,1493.013,,,,1.000,1,0,10,0,0,0,0,12.026,11.841,0.317,
10,195,130,0,0.000,1966.852,1493.013,,,,1.000,1,0,10,0,0,0,0,12.103,6.329,0.430,
10,195,135,0,0.000,1966.852,1493.013,,,,1.000,1,0,10,0,0,0,0,10.032,10.051,0.412,
10,195,140,0,0.000,1966.852,1493.013,,,,1.000,1,0,10,0,0,0,0,10.423,12.001,0.682,
10,195,145,0,0.000,1966.852,1493.013,,,,1.000,1,0,10,0,0,0,0,12.002,11.397,0.535,
10,195,150,0,0.000,1966.852,1493.013,,,,1.000,1,0,10,0,0,0,0,12.174,11.063,0.563,
10,195,155,0,0.000,1966.852,1493.013,,,,1.000,1,0,10,0,0,0,0,11.185,10.276,0.507,
10,195,160,0,0.000,1966.852,1493.013,,,,1.000,1,0,10,0,0,0,0,12.594,12.265,0.331,
10,195,165,0,0.000,1966.852,1493.013,,,,1.000,1,0,10,0,0,0,0,11.579,11.649,0.664,
10,195,170,0,0.000,1966.852,1493.013,,,,1.000,1,0,10,0,0,0,0,9.963,10.828,0.634,
10,195,175,0,0.000,1966.852,1493.013,,,,1.000,1,0,10,0,0,0,0,12.392,10.073,0.579,
10,195,180,0,0.000,1966.852,1493.013,,,,1.000,1,0,10,0,0,0,0,14.084,11.141,0.411,
10,195,185,0,0.000,1966.852,1493.013,,,,1.000,1,0,10,0,0,0,0,12.043,11.183,0.488,
10,195,190,0,0.000,1966.852,1493.013,,,,1.000,1,0,10,0,0,0,0,13.263,11.743,0.626,
10,195,195,0,0.000,1966.852,1493.013,,,,1.000,1,0,10,0,0,0,0,11.988,13.451,0.613,
10,195,200,0,0.000,1966.852,1493.013,,,,1.000,1,0,10,0,0,0,0,10.758,9.781,0.635,
10,195,205,0,0.000,1966.852,1493.013,,,,1.000,1,0,10,0,0,0,0,12.402,11.858,0.487,
10,195,210,0,0.000,1966.852,1493.013,,,,1.000,1,0,10,0,0,0,0,13.784,10.346,0.612,
10,195,215,0,0.000,1966.852,1493.013,,,,1.000,1,0,10,0,0,0,0,13.430,13.081,0.598,
10,195,220,0,0.000,1966.852,1493.013,,,,1.000,1,0,10,0,0,0,0,8.217,9.155,0.653,
10,195,225,0,0.000,1966.852,1493.013,,,,1.000,1,0,10,0,0,0,0,11.880,8.829,0.532,
10,195,230,0,0.000,1966.852,1493.013,,,,1.000,1,0,10,0,0,0,0,8.901,8.806,0.542,
10,195,235,0,0.000,1966.852,1493.013,,,,1.000,1,0,10,0,0,0,0,13.322,9.664,0.643,
10,195,240,0,0.000,1966.852,1493.013,,,,1.000,1,0,10,0,0,0,0,12.834,12.606,0.573,
10,195,245,0,0.000,1966.852,1493.013,,,,1.000,1,0,10,0,0,0,0,10.262,8.763,0.477,
10,195,250,0,0.000,1966.852,1493.013,,,,1.000,1,0,10,0,0,0,0,11.961,9.934,0.678,
10,195,255,0,0.000,1966.852,1493.013,,,,1.000,1,0,10,0,0,0,0,11.852,12.175,0.626,
10,195,260,0,0.000,1966.852,1493.013,,,,1.000,1,0,10,0,0,0,0,7.338,9.490,0.555,
10,195,265,0,0.000,1966.852,1493.013,,,,1.000,1,0,10,0,0,0,0,12.513,12.632,0.509,
10,195,270,0,0.000,1966.852,1493.013,,,,1.000,1,0,10,0,0,0,0,11.621,8.646,0.439,
10,195,275,0,0.000,1966.852,1493.013,,,,1.000,1,0,10,0,0,0,0,10.563,12.185,0.557,
10,195,280,0,0.000,1966.852,1493.013,,,,1.000,1,0,10,0,0,0,0,10.655,9.368,0.576,
10,195,285,0,0.000,1966.852,1493.013,,,,1.000,1,0,10,0,0,0,0,11.205,12.298,0.479,
20,-100,-10,0,0.000,1879.319,1506.472,,,,0.000,0,1,0,0,0,0,9,12.195,10.616,0.517,
20,-100,-5,0,0.000,1879.319,1506.472,,,,0.000,0,1,0,0,0,0,9,12.788,10.072,0.581,
20,-100,0,0,0.000,1879.319,1506.472,,,,0.000,0,0,0,0,0,0,10,10.220,13.477,0.383,
20,-100,5,0,0.000,1879.319,1506.472,,,,0.000,0,1,0,0,0,0,9,10.168,9.986,0.445,
20,-100,10,0,0.000,1879.319,1506.472,,,,0.000,0,0,0,0,0,0,10,10.035,7.411,0.371,
20,-100,15,0,0.000,1879.319,1506.472,,,,0.000,0,0,0,0,0,0,10,10.878,8.998,0.433,
20,-100,20,0,0.000,1879.319,1506.472,,,,0.000,0,0,0,0,0,0,10,10.290,13.089,0.518,
20,-100,25,0,0.000,1879.319,1506.472,,,,0.000,0,0,0,0,0,0,10,11.881,11.124,0.620,
20,-100,30,0,0.000,1879.319,1506.472,,,,0.000,0,0,0,0,0,0,10,10.893,11.220,0.535,
20,-100,35,0,0.000,1879.319,1506.472,,,,0.000,0,0,0,0,0,0,10,9.062,13.258,0.306,
20,-100,40,0,0.000,1879.319,1506.472,,,,0.000,0,0,0,0,0,0,10,11.806,12.879,0.484,
20,-100,45,0,0.000,1879.319,1506.472,,,,0.000,0,0,0,0,0,0,10,9.376,10.231,0.445,
20,-100,50,0,0.000,1879.319,1506.472,,,,0.000,0,0,0,0,0,0,10,9.920,11.849,0.568,
20,-100,55,0,0.000,1879.319,1506.472,,,,0.000,0,0,0,0,0,0,10,11.408,11.996,0.440,
20,-100,60,0,0.000,1879.319,1506.472,,,,0.000,0,0,0,0,0,0,10,6.641,7.668,0.533,
20,-100,65,0,0.000,1879.319,1506.472,,,,0.000,0,0,0,0,0,0,10,10.843,11.387,0.652,
20,-100,70,0,0.000,1879.319,1506.472,,,,0.000,0,0,0,0,0,0,10,9.125,11.206,0.329,
20,-100,75,0,0.000,1879.319,1506.472,,,,0.000,0,0,0,0,0,0,10,11.751,9.561,0.448,
20,-100,80,0,0.000,1879.319,1506.472,,,,0.000,0,0,0,0,0,0,10,9.297,14.140,0.504,
20,-100,85,0,0.000,1879.319,1506.472,,,,0.000,0,0,0,0,0,0,10,9.137,10.875,0.640,
20,-100,90,0,0.000,1879.319,1506.472,,,,0.000,0,0,0,0,0,0,10,11.200,8.158,0.544,
20,-100,95,0,0.000,1879.319,1506.472,,,,0.000,0,0,0,0,0,0,10,10.140,12.203,0.510,
20,-100,100,0,0.000,1879.319,1506.472,,,,0.000,0,0,0,0,0,0,10,8.645,11.357,0.710,
20,-100,105,0,0.000,1879.319,1506.472,,,,0.000,0,0,0,0,0,0,10,9.509,10.875,0.589,
20,-100,110,0,0.000,1879.319,1506.472,,,,0.000,0,0,0,0,0,0,10,9.325,11.402,0.362,
20,-100,115,0,0.000,1879.319,1506.472,,,,0.000,0,0,0,0,0,0,10,10.530,10.900,0.496,
20,-100,120,0,0.000,1879.319,1506.472,,,,0.000,0,0,0,0,0,0,10,9.965,11.382,0.598,
20,-100,125,0,0.000,1879.319,1506.472,,,,0.000,0,0,0,0,0,0,10,10.654,6.620,0.504,
20,-100,130,0,0.000,1879.319,1506.472,,,,0.000,0,0,0,0,0,0,10,10.000,12.544,0.406,
20,-100,135,0,0.000,1879.319,1506.472,,,,0.000,0,0,0,0,0,0,10,12.525,10.451,0.488,
20,-100,140,0,0.000,1879.319,1506.472,,,,0.000,0,0,0,0,0,0,10,12.624,10.580,0.518,
20,-100,145,0,0.000,1879.319,1506.472,,,,0.000,0,0,0,0,0,0,10,13.509,9.452,0.550,
20,-100,150,0,0.000,1879.319,1506.472,,,,0.000,0,0,0,0,0,0,10,10.504,12.478,0.499,
20,-100,155,0,0.000,1879.319,1506.472,,,,0.000,0,0,0,0,0,0,10,8.716,10.474,0.524,
20,-100,160,0,0.000,1879.319,1506.472,,,,0.000,0,0,0,0,0,0,10,11.628,11.393,0.578,
20,-100,165,0,0.000,1879.319,1506.472,,,,0.000,0,0,0,0,0,0,10,9.591,13.111,0.518,
20,-100,170,0,0.000,1879.319,1506.472,,,,0.000,0,0,0,0,0,0,10,10.044,10.406,0.510,
20,-100,175,0,0.000,1879.319,1506.472,,,,0.000,0,0,0,0,0,0,10,10.418,7.263,0.473,
20,-100,180,0,0.000,1879.319,1506.472,,,,0.000,0,0,0,0,0,0,10,10.001,8.144,0.549,
20,-100,185,0,0.000,1879.319,1506.472,,,,0.000,0,0,0,0,0,0,10,10.582,9.401,0.672,
20,-100,190,0,0.000,1879.319,1506.472,,,,0.000,0,0,0,0,0,0,10,11.994,9.610,0.473,
20,-100,195,0,0.000,1879.319,1506.472,,,,0.000,0,0,0,0,0,0,10,9.784,10.699,0.487,
20,-100,200,0,0.000,1879.319,1506.472,,,,0.000,0,0,0,0,0,0,10,5.517,13.413,0.548,
20,-100,205,0,0.000,1879.319,1506.472,,,,0.000,0,0,0,0,0,0,10,8.781,11.783,0.507,
20,-100,210,0,0.000,1879.319,1506.472,,,,0.000,0,0,0,0,0,0,10,11.336,12.394,0.545,
20,-100,215,0,0.000,1879.319,1506.472,,,,0.000,0,0,0,0,0,0,10,9.263,9.928,0.580,
20,-100,220,0,0.000,1879.319,1506.472,,,,0.000,0,0,0,0,0,0,10,6.973,6.970,0.603,
20,-100,225,0,0.000,1879.319,1506.472,,,,0.000,0,0,0,0,0,0,10,14.217,10.269,0.487,
20,-100,230,0,0.000,1879.319,1506.472,,,,0.000,0,0,0,0,0,0,10,11.552,10.663,0.610,
20,-100,235,0,20.000,1879.319,1506.472,1878.950,1506.751,0.462,0.000,0,0,0,0,0,0,8,12.367,11.223,0.250,0.000
20,-100,240,0,20.000,1879.319,1506.472,1878.937,1506.705,0.447,0.000,0,0,0,0,0,0,8,14.000,12.327,0.499,0.000
20,-100,245,0,0.000,1879.319,1506.472,,,,0.000,0,0,0,0,0,0,10,9.040,9.614,0.529,
20,-100,250,0,30.000,1879.319,1506.472,1878.944,1506.710,0.444,0.000,0,0,0,0,0,0,7,7.310,8.721,0.518,0.000
20,-100,255,0,10.000,1879.319,1506.472,1878.902,1506.668,0.461,0.000,0,0,0,0,0,0,9,9.317,11.197,0.469,0.000
20,-100,260,0,20.000,1879.319,1506.472,1878.926,1506.718,0.464,0.000,0,0,0,0,0,0,8,11.828,9.376,0.506,0.000
20,-100,265,0,20.000,1879.319,1506.472,1878.955,1506.752,0.459,0.000,0,0,0,0,0,0,8,10.390,9.997,0.539,0.000
20,-100,270,0,30.000,1879.319,1506.472,1878.934,1506.721,0.458,0.000,0,0,0,0,0,0,7,10.476,11.159,0.534,0.000
20,-100,275,0,40.000,1879.319,1506.472,1878.938,1506.746,0.469,0.000,0,0,0,0,0,0,6,12.520,13.114,0.558,0.000
20,-100,280,0,50.000,1879.319,1506.472,1878.953,1506.740,0.454,0.000,0,0,0,0,0,0,5,7.196,14.994,0.554,0.000
20,-100,285,0,50.000,1879.319,1506.472,1878.949,1506.754,0.465,0.000,0,0,0,0,0,0,5,11.845,10.235,0.556,0.000
20,-95,-10,0,0.000,1879.319,1506.472,,,,0.000,0,0,0,0,0,0,10,13.989,14.182,0.681,
20,-95,-5,0,0.000,1879.319,1506.472,,,,0.000,0,0,0,0,0,0,10,11.816,10.263,0.442,
20,-95,0,0,0.000,1879.319,1506.472,,,,0.000,0,0,0,0,0,0,10,10.619,10.850,0.513,
20,-95,5,0,0.000,1879.319,1506.472,,,,0.000,0,0,0,0,0,0,10,11.863,8.952,0.521,
20,-95,10,0,0.000,1879.319,1506.472,,,,0.000,0,0,0,0,0,0,10,13.923,10.255,0.584,
20,-95,15,0,0.000,1879.319,1506.472,,,,0.000,0,0,0,0,0,0,10,11.536,9.575,0.673,
20,-95,20,0,0.000,1879.319,1506.472,,,,0.000,0,0,0,0,0,0,10,9.395,12.095,0.547,
20,-95,25,0,0.000,1879.319,1506.472,,,,0.000,0,0,0,0,0,0,10,9.195,9.042,0.673,
20,-95,30,0,0.000,1879.319,1506.472,,,,0.000,0,0,0,0,0,0,10,9.084,9.815,0.489,
20,-95,35,0,0.000,1879.319,1506.472,,,,0.000,0,0,0,0,0,0,10,10.054,14.520,0.570,
20,-95,40,0,0.000,1879.319,1506.472,,,,0.000,0,0,0,0,0,0,10,11.242,11.059,0.603,
20,-95,45,0,0.000,1879.319,1506.472,,,,0.000,0,0,0,0,0,0,10,14.172,9.240,0.524,
20,-95,50,0,0.000,1879.319,1506.472,,,,0.000,0,0,0,0,0,0,10,8.842,11.394,0.650,
20,-95,55,0,0.000,1879.319,1506.472,,,,0.000,0,0,0,0,0,0,10,9.573,13.746,0.602,
20,-95,60,0,0.000,1879.319,1506.472,,,,0.000,0,0,0,0,0,0,10,8.302,10.176,0.572,
20,-95,65,0,0.000,1879.319,1506.472,,,,0.000,0,0,0,0,0,0,10,9.889,14.238,0.367,
20,-95,70,0,0.000,1879.319,1506.472,,,,0.000,0,0,0,0,0,0,10,10.921,12.493,0.544,
20,-95,75,0,0.000,1879.319,1506.472,,,,0.000,0,0,0,0,0,0,10,10.257,12.288,0.660,
20,-95,80,0,0.000,1879.319,1506.472,,,,0.000,0,0,0,0,0,0,10,12.670,7.230,0.358,
20,-95,85,0,0.000,1879.319,1506.472,,,,0.000,0,0,0,0,0,0,10,6.604,11.817,0.357,
20,-95,90,0,0.000,1879.319,1506.472,,,,0.000,0,0,0,0,0,0,10,9.097,9.271,0.341,
20,-95,95,0,0.000,1879.319,1506.472,,,,0.000,0,0,0,0,0,0,10,12.543,10.613,0.294,
20,-95,100,0,0.000,1879.319,1506.472,,,,0.000,0,0,0,0,0,0,10,13.358,13.096,0.530,
20,-95,105,0,0.000,1879.319,1506.472,,,,0.000,0,0,0,0,0,0,10,12.030,13.928,0.429,
20,-95,110,0,0.000,1879.319,1506.472,,,,0.000,0,0,0,0,0,0,10,10.137,10.452,0.561,
20,-95,115,0,0.000,1879.319,1506.472,,,,0.000,0,0,0,0,0,0,10,12.303,11.154,0.566,
20,-95,120,0,0.000,1879.319,1506.472,,,,0.000,0,0,0,0,0,0,10,12.616,12.438,0.393,
20,-95,125,0,0.000,1879.319,1506.472,,,,0.000,0,0,0,0,0,0,10,7.843,9.949,0.622,
20,-95,130,0,0.000,1879.319,1506.472,,,,0.000,0,0,0,0,0,0,10,11.373,9.841,0.346,
20,-95,135,0,0.000,1879.319,1506.472,,,,0.000,0,0,0,0,0,0,10,9.727,12.913,0.631,
20,-95,140,0,0.000,1879.319,1506.472,,,,0.000,0,0,0,0,0,0,10,12.453,11.106,0.604,
20,-95,145,0,0.000,1879.319,1506.472,,,,0.000,0,0,0,0,0,0,10,10.664,8.931,0.395,
20,-95,150,0,0.000,1879.319,1506.472,,,,0.000,0,0,0,0,0,0,10,11.280,10.198,0.481,
20,-95,155,0,0.000,1879.319,1506.472,,,,0.000,0,0,0,0,0,0,10,11.967,9.947,0.720,
20,-95,160,0,0.000,1879.319,1506.472,,,,0.000,0,0,0,0,0,0,10,10.276,8.132,0.543,
20,-95,165,0,0.000,1879.319,1506.472,,,,0.000,0,0,0,0,0,0,10,11.742,6.980,0.620,
20,-95,170,0,0.000,1879.319,1506.472,,,,0.000,0,0,0,0,0,0,10,10.676,12.005,0.522,
20,-95,175,0,0.000,1879.319,1506.472,,,,0.000,0,0,0,0,0,0,10,11.938,12.165,0.557,
20,-95,180,0,0.000,1879.319,1506.472,,,,0.000,0,0,0,0,0,0,10,8.814,12.055,0.524,
20,-95,185,0,0.000,1879.319,1506.472,,,,0.000,0,0,0,0,0,0,10,13.684,8.740,0.364,
20,-95,190,0,0.000,1879.319,1506.472,,,,0.000,0,0,0,0,0,0,10,9.849,9.337,0.442,
20,-95,195,0,0.000,1879.319,1506.472,,,,0.000,0,0,0,0,0,0,10,11.097,10.538,0.600,
20,-95,200,0,0.000,1879.319,1506.472,,,,0.000,0,0,0,0,0,0,10,7.116,11.273,0.588,
20,-95,205,0,0.000,1879.319,1506.472,,,,0.000,0,0,0,0,0,0,10,11.827,9.950,0.575,
20,-95,210,0,0.000,1879.319,1506.472,,,,0.000,0,0,0,0,0,0,10,13.124,8.651,0.552,
20,-95,215,0,0.000,1879.319,1506.472,,,,0.000,0,0,0,0,0,0,10,9.478,15.335,0.511,
20,-95,220,0,0.000,1879.319,1506.472,,,,0.000,0,0,0,0,0,0,10,8.985,12.512,0.423,
20,-95,225,0,0.000,1879.319,1506.472,,,,0.000,0,0,0,0,0,0,10,9.816,9.382,0.627,
20,-95,230,0,10.000,1879.319,1506.472,1878.900,1506.701,0.477,0.000,0,0,0,0,0,0,9,11.469,9.490,0.518,0.000
20,-95,235,0,30.000,1879.319,1506.472,1878.921,1506.717,0.467,0.000,0,0,0,0,0,0,7,13.978,11.560,0.348,0.000
20,-95,240,0,30.000,1879.319,1506.472,1878.948,1506.723,0.448,0.000,0,0,0,0,0,0,7,11.447,12.838,0.602,0.000
20,-95,245,0,10.000,1879.319,1506.472,1878.885,1506.678,0.480,0.000,0,0,0,0,0,0,9,9.275,7.729,0.629,0.000
20,-95,250,0,30.000,1879.319,1506.472,1878.918,1506.717,0.469,0.000,0,0,0,0,0,0,7,9.068,9.938,0.542,0.000
20,-95,255,0,70.000,1879.319,1506.472,1878.928,1506.729,0.468,0.000,0,0,0,0,0,0,3,12.656,9.671,0.570,0.000
20,-95,260,0,20.000,1879.319,1506.472,1878.939,1506.714,0.450,0.000,0,0,0,0,0,0,8,10.140,13.112,0.605,0.000
20,-95,265,0,40.000,1879.319,1506.472,1878.921,1506.710,0.464,0.000,0,0,0,0,0,0,6,10.597,10.433,0.516,0.000
20,-95,270,0,70.000,1879.319,1506.472,1878.946,1506.731,0.454,0.000,0,0,0,0,0,0,3,12.028,10.416,0.345,0.000
20,-95,275,0,80.000,1879.319,1506.472,1878.936,1506.710,0.451,0.000,0,0,0,0,0,0,2,7.841,10.377,0.448,0.000
20,-95,280,0,60.000,1879.319,1506.472,1878.944,1506.743,0.462,0.000,0,0,0,0,0,0,4,11.166,8.300,0.601,0.000
20,-95,285,0,60.000,1879.319,1506.472,1878.941,1506.733,0.460,0.000,0,0,0,0,0,0,4,12.641,12.556,0.492,0.000
20,-90,-10,0,0.000,1879.319,1506.472,,,,0.000,0,0,0,0,0,0,10,14.073,12.877,0.532,
20,-90,-5,0,0.000,1879.319,1506.472,,,,0.000,0,0,0,0,0,0,10,13.967,11.034,0.568,
20,-90,0,0,0.000,1879.319,1506.472,,,,0.000,0,0,0,0,0,0,10,10.906,12.099,0.755,
20,-90,5,0,0.000,1879.319,1506.472,,,,0.000,0,0,0,0,0,0,10,11.968,11.541,0.438,
20,-90,10,0,0.000,1879.319,1506.472,,,,0.000,0,0,0,0,0,0,10,8.715,12.244,0.526,
20,-90,15,0,0.000,1879.319,1506.472,,,,0.000,0,0,0,0,0,0,10,8.894,10.401,0.464,
20,-90,20,0,0.000,1879.319,1506.472,,,,0.000,0,0,0,0,0,0,10,10.073,13.088,0.537,
20,-90,25,0,0.000,1879.319,1506.472,,,,0.000,0,0,0,0,0,0,10,10.842,7.173,0.742,
20,-90,30,0,0.000,1879.319,1506.472,,,,0.000,0,0,0,0,0,0,10,10.579,8.525,0.594,
20,-90,35,0,0.000,1879.319,1506.472,,,,0.000,0,0,0,0,0,0,10,13.211,11.035,0.466,
20,-90,40,0,0.000,1879.319,1506.472,,,,0.000,0,0,0,0,0,0,10,10.287,9.745,0.467,
20,-90,45,0,0.000,1879.319,1506.472,,,,0.000,0,0,0,0,0,0,10,12.137,11.656,0.506,
20,-90,50,0,0.000,1879.319,1506.472,,,,0.000,0,0,0,0,0,0,10,9.542,10.474,0.421,
20,-90,55,0,0.000,1879.319,1506.472,,,,0.000,0,0,0,0,0,0,10,13.892,11.418,0.473,
20,-90,60,0,0.000,1879.319,1506.472,,,,0.000,0,0,0,0,0,0,10,9.100,10.856,0.593,
20,-90,65,0,0.000,1879.319,1506.472,,,,0.000,0,0,0,0,0,0,10,10.966,12.754,0.504,
20,-90,70,0,0.000,1879.319,1506.472,,,,0.000,0,0,0,0,0,0,10,13.018,9.190,0.467,
20,-90,75,0,0.000,1879.319,1506.472,,,,0.000,0,0,0,0,0,0,10,12.466,9.994,0.504,
20,-90,80,0,0.000,1879.319,1506.472,,,,0.000,0,0,0,0,0,0,10,6.383,10.343,0.621,
20,-90,85,0,0.000,1879.319,1506.472,,,,0.000,0,0,0,0,0,0,10,13.027,9.937,0.561,
20,-90,90,0,0.000,1879.319,1506.472,,,,0.000,0,0,0,0,0,0,10,12.562,14.491,0.493,
20,-90,95,0,0.000,1879.319,1506.472,,,,0.000,0,0,0,0,0,0,10,9.168,12.681,0.468,
20,-90,100,0,0.000,1879.319,1506.472,,,,0.000,0,0,0,0,0,0,10,14.075,6.205,0.642,
20,-90,105,0,0.000,1879.319,1506.472,,,,0.000,0,0,0,0,0,0,10,12.843,10.611,0.593,
20,-90,110,0,0.000,1879.319,1506.472,,,,0.000,0,0,0,0,0,0,10,11.836,13.366,0.671,
20,-90,115,0,0.000,1879.319,1506.472,,,,0.000,0,0,0,0,0,0,10,10.956,13.453,0.623,
20,-90,120,0,0.000,1879.319,1506.472,,,,0.000,0,0,0,0,0,0,10,9.442,9.916,0.560,
20,-90,125,0,0.000,1879.319,1506.472,,,,0.000,0,0,0,0,0,0,10,8.795,9.351,0.635,
20,-90,130,0,0.000,1879.319,1506.472,,,,0.000,0,0,0,0,0,0,10,4.989,9.942,0.482,
20,-90,135,0,0.000,1879.319,1506.472,,,,0.000,0,0,0,0,0,0,10,13.129,13.588,0.483,
20,-90,140,0,0.000,1879.319,1506.472,,,,0.000,0,0,0,0,0,0,10,11.617,9.660,0.456,
20,-90,145,0,0.000,1879.319,1506.472,,,,0.000,0,0,0,0,0,0,10,12.988,10.430,0.523,
20,-90,150,0,0.000,1879.319,1506.472,,,,0.000,0,0,0,0,0,0,10,10.191,12.754,0.630,
20,-90,155,0,0.000,1879.319,1506.472,,,,0.000,0,0,0,0,0,0,10,9.562,12.062,0.524,
20,-90,160,0,0.000,1879.319,1506.472,,,,0.000,0,0,0,0,0,0,10,13.099,8.181,0.513,
20,-90,165,0,0.000,1879.319,1506.472,,,,0.000,0,0,0,0,0,0,10,8.603,11.317,0.496,
20,-90,170,0,0.000,1879.319,1506.472,,,,0.000,0,0,0,0,0,0,10,11.283,13.661,0.518,
20,-90,175,0,0.000,1879.319,1506.472,,,,0.000,0,0,0,0,0,0,10,12.669,11.365,0.595,
20,-90,180,0,0.000,1879.319,1506.472,,,,0.000,0,0,0,0,0,0,10,10.853,13.021,0.607,
20,-90,185,0,0.000,1879.319,1506.472,,,,0.000,0,0,0,0,0,0,10,8.813,9.442,0.417,
20,-90,190,0,0.000,1879.319,1506.472,,,,0.000,0,0,0,0,0,0,10,9.699,9.968,0.699,
20,-90,195,0,0.000,1879.319,1506.472,,,,0.000,0,0,0,0,0,0,10,10.757,6.881,0.589,
20,-90,200,0,10.000,1879.319,1506.472,1878.942,1506.756,0.472,0.000,0,0,0,0,0,0,9,10.301,11.396,0.715,0.000
20,-90,205,0,10.000,1879.319,1506.472,1878.912,1506.768,0.503,0.000,0,0,0,0,0,0,9,11.522,9.819,0.577,0.000
20,-90,210,0,0.000,1879.319,1506.472,,,,0.000,0,0,0,0,0,0,10,11.015,11.751,0.561,
20,-90,215,0,10.000,1879.319,1506.472,1878.975,1506.745,0.439,0.000,0,0,0,0,0,0,9,10.671,12.167,0.730,0.000
20,-90,220,0,0.000,1879.319,1506.472,,,,0.000,0,0,0,0,0,0,10,6.267,11.315,0.569,
20,-90,225,0,20.000,1879.319,1506.472,1878.942,1506.701,0.441,0.000,0,0,0,0,0,0,8,9.558,9.271,0.482,0.000
20,-90,230,0,20.000,1879.319,1506.472,1878.930,1506.762,0.485,0.000,0,0,0,0,0,0,8,10.313,9.476,0.564,0.000
20,-90,235,0,50.000,1879.319,1506.472,1878.946,1506.745,0.462,0.000,0,0,0,0,0,0,5,13.978,12.054,0.583,0.000
20,-90,240,0,40.000,1879.319,1506.472,1878.948,1506.725,0.449,0.000,0,0,0,0,0,0,6,6.707,8.422,0.540,0.000
20,-90,245,0,20.000,1879.319,1506.472,1878.942,1506.757,0.473,0.000,0,0,0,0,0,0,8,9.742,9.267,0.227,0.000
20,-90,250,0,50.000,1879.319,1506.472,1878.948,1506.729,0.451,0.000,0,0,0,0,0,0,5,11.709,9.263,0.482,0.000
20,-90,255,0,50.000,1879.319,1506.472,1878.938,1506.750,0.472,0.000,0,0,0,0,0,0,5,9.240,12.728,0.564,0.000
20,-90,260,0,60.000,1879.319,1506.472,1878.952,1506.747,0.458,0.000,0,0,0,0,0,0,4,8.831,10.203,0.571,0.000
20,-90,265,0,80.000,1879.319,1506.472,1878.935,1506.741,0.469,0.000,0,0,0,0,0,0,2,8.749,7.563,0.540,0.000
20,-90,270,0,60.000,1879.319,1506.472,1878.928,1506.727,0.467,0.000,0,0,0,0,0,0,4,10.783,14.791,0.639,0.000
20,-90,275,0,70.000,1879.319,1506.472,1878.928,1506.735,0.470,0.000,0,0,0,0,0,0,3,10.263,12.814,0.483,0.000
20,-90,280,0,100.000,1879.319,1506.472,1878.940,1506.714,0.449,0.000,0,0,0,0,0,0,0,8.071,9.979,0.618,0.000
20,-90,285,0,80.000,1879.319,1506.472,1878.953,1506.742,0.455,0.000,0,0,0,0,0,0,2,10.144,12.649,0.414,0.000
20,-85,-10,0,0.000,1879.319,1506.472,,,,0.000,0,0,0,0,0,0,10,10.144,13.757,0.493,
20,-85,-5,0,0.000,1879.319,1506.472,,,,0.000,0,0,0,0,0,0,10,10.344,12.118,0.584,
20,-85,0,0,0.000,1879.319,1506.472,,,,0.000,0,0,0,0,0,0,10,4.859,14.797,0.602,
20,-85,5,0,0.000,1879.319,1506.472,,,,0.000,0,0,0,0,0,0,10,10.029,13.519,0.607,
20,-85,10,0,0.000,1879.319,1506.472,,,,0.000,0,0,0,0,0,0,10,7.929,11.717,0.553,
20,-85,15,0,0.000,1879.319,1506.472,,,,0.000,0,0,0,0,0,0,10,10.787,11.351,0.689,
20,-85,20,0,0.000,1879.319,1506.472,,,,0.000,0,0,0,0,0,0,10,9.357,7.473,0.607,
20,-85,25,0,0.000,1879.319,1506.472,,,,0.000,0,0,0,0,0,0,10,10.659,14.940,0.374,
20,-85,30,0,0.000,1879.319,1506.472,,,,0.000,0,0,0,0,0,0,10,10.450,10.767,0.633,
20,-85,35,0,0.000,1879.319,1506.472,,,,0.000,0,0,0,0,0,0,10,11.989,9.852,0.654,
20,-85,40,0,0.000,1879.319,1506.472,,,,0.000,0,0,0,0,0,0,10,11.304,11.605,0.299,
20,-85,45,0,0.000,1879.319,1506.472,,,,0.000,0,0,0,0,0,0,10,8.897,12.569,0.610,
20,-85,50,0,0.000,1879.319,1506.472,,,,0.000,0,0,0,0,0,0,10,10.843,10.279,0.721,
20,-85,55,0,0.000,1879.319,1506.472,,,,0.000,0,0,0,0,0,0,10,8.735,9.986,0.453,
20,-85,60,0,0.000,1879.319,1506.472,,,,0.000,0,0,0,0,0,0,10,13.032,10.410,0.482,
20,-85,65,0,0.000,1879.319,1506.472,,,,0.000,0,0,0,0,0,0,10,11.797,10.668,0.371,
20,-85,70,0,0.000,1879.319,1506.472,,,,0.000,0,0,0,0,0,0,10,7.606,8.756,0.619,
20,-85,75,0,0.000,1879.319,1506.472,,,,0.000,0,0,0,0,0,0,10,7.377,12.573,0.406,
20,-85,80,0,0.000,1879.319,1506.472,,,,0.000,0,0,0,0,0,0,10,10.114,12.973,0.725,
20,-85,85,0,0.000,1879.319,1506.472,,,,0.000,0,0,0,0,0,0,10,7.726,13.446,0.516,
20,-85,90,0,0.000,1879.319,1506.472,,,,0.000,0,0,0,0,0,0,10,11.341,10.949,0.535,
20,-85,95,0,0.000,1879.319,1506.472,,,,0.000,0,0,0,0,0,0,10,13.410,9.916,0.528,
20,-85,100,0,0.000,1879.319,1506.472,,,,0.000,0,0,0,0,0,0,10,6.393,11.993,0.485,
20,-85,105,0,0.000,1879.319,1506.472,,,,0.000,0,0,0,0,0,0,10,9.896,8.793,0.497,
20,-85,110,0,0.000,1879.319,1506.472,,,,0.000,0,0,0,0,0,0,10,10.307,12.689,0.552,
20,-85,115,0,0.000,1879.319,1506.472,,,,0.000,0,0,0,0,0,0,10,10.423,9.970,0.668,
20,-85,120,0,0.000,1879.319,1506.472,,,,0.000,0,0,0,0,0,0,10,11.174,11.964,0.458,
20,-85,125,0,0.000,1879.319,1506.472,,,,0.000,0,0,0,0,0,0,10,12.028,11.706,0.492,
20,-85,130,0,0.000,1879.319,1506.472,,,,0.000,0,0,0,0,0,0,10,6.875,11.058,0.524,
20,-85,135,0,0.000,1879.319,1506.472,,,,0.000,0,0,0,0,0,0,10,11.166,7.974,0.580,
20,-85,140,0,0.000,1879.319,1506.472,,,,0.000,0,0,0,0,0,0,10,12.753,10.651,0.598,
20,-85,145,0,0.000,1879.319,1506.472,,,,0.000,0,0,0,0,0,0,10,10.161,10.677,0.458,
20,-85,150,0,0.000,1879.319,1506.472,,,,0.000,0,0,0,0,0,0,10,10.030,10.688,0.701,
20,-85,155,0,0.000,1879.319,1506.472,,,,0.000,0,0,0,0,0,0,10,10.973,8.487,0.616,
20,-85,160,0,0.000,1879.319,1506.472,,,,0.000,0,0,0,0,0,0,10,13.315,8.054,0.622,
20,-85,165,0,0.000,1879.319,1506.472,,,,0.000,0,0,0,0,0,0,10,12.546,12.009,0.598,
20,-85,170,0,0.000,1879.319,1506.472,,,,0.000,0,0,0,0,0,0,10,11.163,10.987,0.465,
20,-85,175,0,0.000,1879.319,1506.472,,,,0.000,0,0,0,0,0,0,10,10.728,11.795,0.550,
20,-85,180,0,0.000,1879.319,1506.472,,,,0.000,0,0,0,0,0,0,10,13.606,10.944,0.523,
20,-85,185,0,0.000,1879.319,1506.472,,,,0.000,0,0,0,0,0,0,10,9.875,9.595,0.530,
20,-85,190,0,10.000,1879.319,1506.472,1878.970,1506.747,0.444,0.000,0,0,0,0,0,0,9,12.207,10.366,0.509,0.000
20,-85,195,0,20.000,1879.319,1506.472,1878.910,1506.728,0.482,0.000,0,0,0,0,0,0,8,8.987,11.045,0.649,0.000
20,-85,200,0,20.000,1879.319,1506.472,1878.957,1506.752,0.457,0.000,0,0,0,0,0,0,8,14.058,11.030,0.450,0.000
20,-85,205,0,20.000,1879.319,1506.472,1878.952,1506.733,0.450,0.000,0,0,0,0,0,0,8,10.453,13.085,0.500,0.000
20,-85,210,0,20.000,1879.319,1506.472,1878.943,1506.706,0.442,0.000,0,0,0,0,0,0,8,12.051,11.021,0.597,0.000
20,-85,215,0,20.000,1879.319,1506.472,1878.939,1506.719,0.453,0.000,0,0,0,0,0,0,8,12.374,8.828,0.538,0.000
20,-85,220,0,40.000,1879.319,1506.472,1878.937,1506.720,0.455,0.000,0,0,0,0,0,0,6,11.846,8.097,0.587,0.000
20,-85,225,0,40.000,1879.319,1506.472,1878.950,1506.747,0.459,0.000,0,0,0,0,0,0,6,11.510,8.918,0.558,0.000
20,-85,230,0,30.000,1879.319,1506.472,1878.931,1506.730,0.466,0.000,0,0,0,0,0,0,7,9.855,12.042,0.443,0.000
20,-85,235,0,40.000,1879.319,1506.472,1878.936,1506.735,0.464,0.000,0,0,0,0,0,0,6,11.934,12.671,0.530,0.000
20,-85,240,0,50.000,1879.319,1506.472,1878.923,1506.748,0.482,0.000,0,0,0,0,0,0,5,11.599,8.916,0.599,0.000
20,-85,245,0,70.000,1879.319,1506.472,1878.940,1506.739,0.463,0.000,0,0,0,0,0,0,3,10.176,13.125,0.503,0.000
20,-85,250,0,40.000,1879.319,1506.472,1878.934,1506.728,0.462,0.000,0,0,0,0,0,0,6,12.841,10.876,0.617,0.000
20,-85,255,0,80.000,1879.319,1506.472,1878.943,1506.740,0.462,0.000,0,0,0,0,0,0,2,9.137,12.918,0.529,0.000
20,-85,260,0,70.000,1879.319,1506.472,1878.959,1506.741,0.450,0.000,0,0,0,0,0,0,3,10.681,11.493,0.378,0.000
20,-85,265,0,80.000,1879.319,1506.472,1878.922,1506.736,0.477,0.000,0,0,0,0,0,0,2,10.719,11.568,0.569,0.000
20,-85,270,0,70.000,1879.319,1506.472,1878.946,1506.744,0.462,0.000,0,0,0,0,0,0,3,14.128,11.675,0.492,0.000
20,-85,275,0,90.000,1879.319,1506.472,1878.944,1506.729,0.455,0.000,0,0,0,0,0,0,1,6.306,12.626,0.588,0.000
20,-85,280,0,90.000,1879.319,1506.472,1878.939,1506.737,0.463,0.000,0,0,0,0,0,0,1,10.264,8.992,0.645,0.000
20,-85,285,0,100.000,1879.319,1506.472,1878.930,1506.717,0.460,0.000,0,0,0,0,0,0,0,10.242,9.157,0.531,0.000
20,-80,-10,0,0.000,1879.319,1506.472,,,,0.000,0,0,0,0,0,0,10,7.177,11.953,0.619,
20,-80,-5,0,0.000,1879.319,1506.472,,,,0.000,0,0,0,0,0,0,10,8.335,10.814,0.713,
20,-80,0,0,0.000,1879.319,1506.472,,,,0.000,0,0,0,0,0,0,10,10.122,8.328,0.620,
20,-80,5,0,0.000,1879.319,1506.472,,,,0.000,0,0,0,0,0,0,10,10.180,11.659,0.470,
20,-80,10,0,0.000,1879.319,1506.472,,,,0.000,0,0,0,0,0,0,10,13.577,11.918,0.599,
20,-80,15,0,0.000,1879.319,1506.472,,,,0.000,0,0,0,0,0,0,10,12.994,13.636,0.613,
20,-80,20,0,0.000,1879.319,1506.472,,,,0.000,0,0,0,0,0,0,10,12.702,12.180,0.543,
20,-80,25,0,0.000,1879.319,1506.472,,,,0.000,0,0,0,0,0,0,10,12.263,8.704,0.395,
20,-80,30,0,0.000,1879.319,1506.472,,,,0.000,0,0,0,0,0,0,10,12.634,9.816,0.571,
20,-80,35,0,0.000,1879.319,1506.472,,,,0.000,0,0,0,0,0,0,10,11.538,11.272,0.440,
20,-80,40,0,0.000,1879.319,1506.472,,,,0.000,0,0,0,0,0,0,10,10.176,9.577,0.582,
20,-80,45,0,0.000,1879.319,1506.472,,,,0.000,0,0,0,0,0,0,10,10.526,10.485,0.575,
20,-80,50,0,0.000,1879.319,1506.472,,,,0.000,0,0,0,0,0,0,10,10.687,8.970,0.395,
20,-80,55,0,0.000,1879.319,1506.472,,,,0.000,0,0,0,0,0,0,10,14.322,10.801,0.619,
20,-80,60,0,0.000,1879.319,1506.472,,,,0.000,0,0,0,0,0,0,10,9.398,9.806,0.680,
20,-80,65,0,0.000,1879.319,1506.472,,,,0.000,0,0,0,0,0,0,10,9.949,9.843,0.482,
20,-80,70,0,0.000,1879.319,1506.472,,,,0.000,0,0,0,0,0,0,10,12.416,9.178,0.458,
20,-80,75,0,0.000,1879.319,1506.472,,,,0.000,0,0,0,0,0,0,10,12.338,15.877,0.633,
20,-80,80,0,0.000,1879.319,1506.472,,,,0.000,0,0,0,0,0,0,10,14.153,10.217,0.736,
20,-80,85,0,0.000,1879.319,1506.472,,,,0.000,0,0,0,0,0,0,10,11.816,9.627,0.676,
20,-80,90,0,0.000,1879.319,1506.472,,,,0.000,0,0,0,0,0,0,10,13.159,11.555,0.512,
20,-80,95,0,0.000,1879.319,1506.472,,,,0.000,0,0,0,0,0,0,10,8.745,13.366,0.472,
20,-80,100,0,0.000,1879.319,1506.472,,,,0.000,0,0,0,0,0,0,10,8.908,10.703,0.740,
20,-80,105,0,0.000,1879.319,1506.472,,,,0.000,0,0,0,0,0,0,10,9.575,13.389,0.521,
20,-80,110,0,0.000,1879.319,1506.472,,,,0.000,0,0,0,0,0,0,10,9.032,9.889,0.444,
20,-80,115,0,0.000,1879.319,1506.472,,,,0.000,0,0,0,0,0,0,10,10.037,13.324,0.413,
20,-80,120,0,0.000,1879.319,1506.472,,,,0.000,0,0,0,0,0,0,10,9.064,10.367,0.515,
20,-80,125,0,0.000,1879.319,1506.472,,,,0.000,0,0,0,0,0,0,10,10.678,7.441,0.724,
20,-80,130,0,0.000,1879.319,1506.472,,,,0.000,0,0,0,0,0,0,10,11.189,8.204,0.529,
20,-80,135,0,0.000,1879.319,1506.472,,,,0.000,0,0,0,0,0,0,10,8.772,12.653,0.606,
20,-80,140,0,0.000,1879.319,1506.472,,,,0.000,0,0,0,0,0,0,10,9.918,11.818,0.662,
20,-80,145,0,0.000,1879.319,1506.472,,,,0.000,0,0,0,0,0,0,10,11.539,9.620,0.446,
20,-80,150,0,0.000,1879.319,1506.472,,,,0.000,0,0,0,0,0,0,10,12.326,7.396,0.690,
20,-80,155,0,0.000,1879.319,1506.472,,,,0.000,0,0,0,0,0,0,10,7.765,11.032,0.525,
20,-80,160,0,0.000,1879.319,1506.472,,,,0.000,0,0,0,0,0,0,10,11.700,11.803,0.549,
20,-80,165,0,0.000,1879.319,1506.472,,,,0.000,0,0,0,0,0,0,10,12.603,6.746,0.524,
20,-80,170,0,0.000,1879.319,1506.472,,,,0.000,0,0,0,0,0,0,10,10.887,12.551,0.477,
20,-80,175,0,0.000,1879.319,1506.472,,,,0.000,0,0,0,0,0,0,10,10.946,6.800,0.467,
20,-80,180,0,20.000,1879.319,1506.472,1878.948,1506.754,0.466,0.000,0,0,0,0,0,0,8,11.980,12.725,0.584,0.000
20,-80,185,0,10.000,1879.319,1506.472,1878.957,1506.707,0.432,0.000,0,0,0,0,0,0,9,10.404,12.737,0.552,0.000
20,-80,190,0,10.000,1879.319,1506.472,1878.960,1506.751,0.455,0.000,0,0,0,0,0,0,9,10.595,10.603,0.498,0.000
20,-80,195,0,10.000,1879.319,1506.472,1878.956,1506.750,0.457,0.000,0,0,0,0,0,0,9,12.227,11.213,0.719,0.000
20,-80,200,0,20.000,1879.319,1506.472,1878.955,1506.721,0.441,0.000,0,0,0,0,0,0,8,11.381,11.318,0.540,0.000
20,-80,205,0,40.000,1879.319,1506.472,1878.937,1506.715,0.453,0.000,0,0,0,0,0,0,6,9.274,13.109,0.553,0.000
20,-80,210,0,40.000,1879.319,1506.472,1878.951,1506.736,0.453,0.000,0,0,0,0,0,0,6,12.459,12.043,0.534,0.000
20,-80,215,0,30.000,1879.319,1506.472,1878.949,1506.754,0.465,0.000,0,0,0,0,0,0,7,11.627,11.618,0.592,0.000
20,-80,220,0,40.000,1879.319,1506.472,1878.945,1506.740,0.461,0.000,0,0,0,0,0,0,6,12.982,10.290,0.578,0.000
20,-80,225,0,50.000,1879.319,1506.472,1878.932,1506.722,0.461,0.000,0,0,0,0,0,0,5,12.242,9.591,0.453,0.000
20,-80,230,0,50.000,1879.319,1506.472,1878.919,1506.736,0.479,0.000,0,0,0,0,0,0,5,11.619,12.549,0.651,0.000
20,-80,235,0,30.000,1879.319,1506.472,1878.938,1506.722,0.456,0.000,0,0,0,0,0,0,7,10.906,12.244,0.525,0.000
20,-80,240,0,60.000,1879.319,1506.472,1878.939,1506.751,0.471,0.000,0,0,0,0,0,0,4,14.312,10.764,0.516,0.000
20,-80,245,0,60.000,1879.319,1506.472,1878.940,1506.729,0.458,0.000,0,0,0,0,0,0,4,9.758,10.626,0.591,0.000
20,-80,250,0,70.000,1879.319,1506.472,1878.952,1506.727,0.447,0.000,0,0,0,0,0,0,3,13.231,11.769,0.546,0.000
20,-80,255,0,70.000,1879.319,1506.472,1878.937,1506.710,0.450,0.000,0,0,0,0,0,0,3,11.198,13.674,0.643,0.000
20,-80,260,0,60.000,1879.319,1506.472,1878.946,1506.731,0.454,0.000,0,0,0,0,0,0,4,11.851,11.805,0.577,0.000
20,-80,265,0,80.000,1879.319,1506.472,1878.930,1506.731,0.467,0.000,0,0,0,0,0,0,2,12.888,11.256,0.539,0.000
20,-80,270,0,100.000,1879.319,1506.472,1878.941,1506.738,0.463,0.000,0,0,0,0,0,0,0,7.617,11.618,0.319,0.000
20,-80,275,0,90.000,1879.319,1506.472,1878.944,1506.739,0.461,0.000,0,0,0,0,0,0,1,8.581,8.776,0.361,0.000
20,-80,280,0,100.000,1879.319,1506.472,1878.940,1506.743,0.466,0.000,0,0,0,0,0,0,0,10.564,13.678,0.623,0.000
20,-80,285,0,100.000,1879.319,1506.472,1878.930,1506.730,0.467,0.000,0,0,0,0,0,0,0,8.294,6.022,0.595,0.000
20,-75,-10,0,0.000,1879.319,1506.472,,,,0.000,0,0,0,0,0,0,10,9.427,10.372,0.510,
20,-75,-5,0,0.000,1879.319,1506.472,,,,0.000,0,0,0,0,0,0,10,9.520,12.030,0.461,
20,-75,0,0,0.000,1879.319,1506.472,,,,0.000,0,0,0,0,0,0,10,7.633,14.182,0.549,
20,-75,5,0,0.000,1879.319,1506.472,,,,0.000,0,0,0,0,0,0,10,8.864,10.492,0.401,
20,-75,10,0,0.000,1879.319,1506.472,,,,0.000,0,0,0,0,0,0,10,12.402,10.359,0.496,
20,-75,15,0,0.000,1879.319,1506.472,,,,0.000,0,0,0,0,0,0,10,12.616,11.907,0.632,
20,-75,20,0,0.000,1879.319,1506.472,,,,0.000,0,0,0,0,0,0,10,7.729,9.839,0.490,
20,-75,25,0,0.000,1879.319,1506.472,,,,0.000,0,0,0,0,0,0,10,6.507,9.007,0.632,
20,-75,30,0,0.000,1879.319,1506.472,,,,0.000,0,0,0,0,0,0,10,6.264,9.437,0.475,
20,-75,35,0,0.000,1879.319,1506.472,,,,0.000,0,0,0,0,0,0,10,10.139,11.736,0.566,
20,-75,40,0,0.000,1879.319,1506.472,,,,0.000,0,0,0,0,0,0,10,11.167,9.765,0.521,
20,-75,45,0,0.000,1879.319,1506.472,,,,0.000,0,0,0,0,0,0,10,12.688,10.699,0.482,
20,-75,50,0,0.000,1879.319,1506.472,,,,0.000,0,0,0,0,0,0,10,11.705,10.820,0.535,
20,-75,55,0,0.000,1879.319,1506.472,,,,0.000,0,0,0,0,0,0,10,10.679,12.722,0.558,
20,-75,60,0,0.000,1879.319,1506.472,,,,0.000,0,0,0,0,0,0,10,10.581,11.527,0.519,
20,-75,65,0,0.000,1879.319,1506.472,,,,0.000,0,0,0,0,0,0,10,8.585,13.592,0.620,
20,-75,70,0,0.000,1879.319,1506.472,,,,0.000,0,0,0,0,0,0,10,13.350,6.813,0.416,
20,-75,75,0,0.000,1879.319,1506.472,,,,0.000,0,0,0,0,0,0,10,6.006,9.174,0.714,
20,-75,80,0,0.000,1879.319,1506.472,,,,0.000,0,0,0,0,0,0,10,7.076,10.363,0.472,
20,-75,85,0,0.000,1879.319,1506.472,,,,0.000,0,0,0,0,0,0,10,12.611,10.420,0.492,
20,-75,90,0,0.000,1879.319,1506.472,,,,0.000,0,0,0,0,0,0,10,14.331,15.473,0.535,
20,-75,95,0,0.000,1879.319,1506.472,,,,0.000,0,0,0,0,0,0,10,12.382,9.892,0.545,
20,-75,100,0,0.000,1879.319,1506.472,,,,0.000,0,0,0,0,0,0,10,10.691,12.570,0.699,
20,-75,105,0,0.000,1879.319,1506.472,,,,0.000,0,0,0,0,0,0,10,9.567,11.915,0.530,
20,-75,110,0,0.000,1879.319,1506.472,,,,0.000,0,0,0,0,0,0,10,7.544,9.711,0.462,
20,-75,115,0,0.000,1879.319,1506.472,,,,0.000,0,0,0,0,0,0,10,7.555,8.671,0.498,
20,-75,120,0,0.000,1879.319,1506.472,,,,0.000,0,0,0,0,0,0,10,13.018,13.570,0.508,
20,-75,125,0,0.000,1879.319,1506.472,,,,0.000,0,0,0,0,0,0,10,10.702,11.339,0.395,
20,-75,130,0,0.000,1879.319,1506.472,,,,0.000,0,0,0,0,0,0,10,10.035,10.877,0.616,
20,-75,135,0,0.000,1879.319,1506.472,,,,0.000,0,0,0,0,0,0,10,11.188,8.971,0.627,
20,-75,140,0,0.000,1879.319,1506.472,,,,0.000,0,0,0,0,0,0,10,11.577,8.583,0.643,
20,-75,145,0,0.000,1879.319,1506.472,,,,0.000,0,0,0,0,0,0,10,8.460,10.707,0.485,
20,-75,150,0,0.000,1879.319,1506.472,,,,0.000,0,0,0,0,0,0,10,8.736,12.142,0.633,
20,-75,155,0,0.000,1879.319,1506.472,,,,0.000,0,0,0,0,0,0,10,14.434,11.051,0.645,
20,-75,160,0,0.000,1879.319,1506.472,,,,0.000,0,0,0,0,0,0,10,10.981,9.083,0.692,
20,-75,165,0,0.000,1879.319,1506.472,,,,0.000,0,0,0,0,0,0,10,10.447,10.503,0.405,
20,-75,170,0,20.000,1879.319,1506.472,1878.930,1506.721,0.462,0.000,0,0,0,0,0,0,8,12.603,9.552,0.582,0.000
20,-75,175,0,0.000,1879.319,1506.472,,,,0.000,0,0,0,0,0,0,10,8.394,13.894,0.610,
20,-75,180,0,40.000,1879.319,1506.472,1878.930,1506.724,0.464,0.000,0,0,0,0,0,0,6,10.723,9.712,0.619,0.000
20,-75,185,0,10.000,1879.319,1506.472,1878.910,1506.698,0.467,0.000,0,0,0,0,0,0,9,10.759,11.478,0.499,0.000
20,-75,190,0,40.000,1879.319,1506.472,1878.954,1506.744,0.455,0.000,0,0,0,0,0,0,6,8.973,11.073,0.265,0.000
20,-75,195,0,60.000,1879.319,1506.472,1878.946,1506.734,0.456,0.000,0,0,0,0,0,0,4,14.239,10.064,0.604,0.000
20,-75,200,0,10.000,1879.319,1506.472,1878.945,1506.755,0.469,0.000,0,0,0,0,0,0,9,9.779,10.212,0.409,0.000
20,-75,205,0,20.000,1879.319,1506.472,1878.958,1506.742,0.451,0.000,0,0,0,0,0,0,8,7.811,11.154,0.493,0.000
20,-75,210,0,40.000,1879.319,1506.472,1878.931,1506.730,0.465,0.000,0,0,0,0,0,0,6,12.243,10.994,0.490,0.000
20,-75,215,0,60.000,1879.319,1506.472,1878.944,1506.744,0.463,0.000,0,0,0,0,0,0,4,7.901,10.240,0.431,0.000
20,-75,220,0,50.000,1879.319,1506.472,1878.932,1506.729,0.464,0.000,0,0,0,0,0,0,5,11.793,11.295,0.535,0.000
20,-75,225,0,80.000,1879.319,1506.472,1878.940,1506.720,0.453,0.000,0,0,0,0,0,0,2,10.700,12.839,0.514,0.000
20,-75,230,0,60.000,1879.319,1506.472,1878.924,1506.714,0.463,0.000,0,0,0,0,0,0,4,13.285,13.714,0.618,0.000
20,-75,235,0,70.000,1879.319,1506.472,1878.944,1506.738,0.460,0.000,0,0,0,0,0,0,3,9.007,11.429,0.632,0.000
20,-75,240,0,100.000,1879.319,1506.472,1878.935,1506.735,0.465,0.000,0,0,0,0,0,0,0,6.663,7.065,0.591,0.000
20,-75,245,0,70.000,1879.319,1506.472,1878.949,1506.744,0.459,0.000,0,0,0,0,0,0,3,10.485,11.236,0.567,0.000
20,-75,250,0,80.000,1879.319,1506.472,1878.943,1506.752,0.468,0.000,0,0,0,0,0,0,2,13.540,11.198,0.679,0.000
20,-75,255,0,90.000,1879.319,1506.472,1878.935,1506.745,0.471,0.000,0,0,0,0,0,0,1,12.243,11.389,0.472,0.000
20,-75,260,0,100.000,1879.319,1506.472,1878.943,1506.736,0.460,0.000,0,0,0,0,0,0,0,9.615,11.519,0.511,0.000
20,-75,265,0,90.000,1879.319,1506.472,1878.948,1506.734,0.455,0.000,0,0,0,0,0,0,1,12.094,12.344,0.588,0.000
20,-75,270,0,100.000,1879.319,1506.472,1878.922,1506.714,0.465,0.000,0,0,0,0,0,0,0,10.836,10.204,0.521,0.000
20,-75,275,0,100.000,1879.319,1506.472,1878.942,1506.722,0.452,0.000,0,0,0,0,0,0,0,9.630,8.414,0.345,0.000
20,-75,280,0,90.000,1879.319,1506.472,1878.928,1506.719,0.462,0.000,0,0,0,0,0,0,1,11.503,11.629,0.467,0.000
20,-75,285,0,90.000,1879.319,1506.472,1878.930,1506.734,0.469,0.000,0,0,0,0,0,0,1,8.217,10.590,0.600,0.000
20,-70,-10,0,0.000,1879.319,1506.472,,,,0.000,0,0,0,0,0,0,10,10.961,13.106,0.454,
20,-70,-5,0,0.000,1879.319,1506.472,,,,0.000,0,0,0,0,0,0,10,10.429,7.825,0.449,
20,-70,0,0,0.000,1879.319,1506.472,,,,0.000,0,0,0,0,0,0,10,11.204,9.797,0.522,
20,-70,5,0,0.000,1879.319,1506.472,,,,0.000,0,0,0,0,0,0,10,11.112,10.180,0.576,
20,-70,10,0,0.000,1879.319,1506.472,,,,0.000,0,0,0,0,0,0,10,11.332,11.319,0.548,
20,-70,15,0,0.000,1879.319,1506.472,,,,0.000,0,0,0,0,0,0,10,11.826,11.416,0.508,
20,-70,20,0,0.000,1879.319,1506.472,,,,0.000,0,0,0,0,0,0,10,14.487,11.158,0.602,
20,-70,25,0,0.000,1879.319,1506.472,,,,0.000,0,0,0,0,0,0,10,11.384,13.269,0.546,
20,-70,30,0,0.000,1879.319,1506.472,,,,0.000,0,0,0,0,0,0,10,10.331,11.952,0.460,
20,-70,35,0,0.000,1879.319,1506.472,,,,0.000,0,0,0,0,0,0,10,10.672,12.113,0.548,
20,-70,40,0,0.000,1879.319,1506.472,,,,0.000,0,0,0,0,0,0,10,9.578,12.033,0.616,
20,-70,45,0,0.000,1879.319,1506.472,,,,0.000,0,0,0,0,0,0,10,9.981,10.119,0.494,
20,-70,50,0,0.000,1879.319,1506.472,,,,0.000,0,0,0,0,0,0,10,7.904,10.391,0.883,
20,-70,55,0,0.000,1879.319,1506.472,,,,0.000,0,0,0,0,0,0,10,9.063,10.990,0.651,
20,-70,60,0,0.000,1879.319,1506.472,,,,0.000,0,0,0,0,0,0,10,11.166,11.431,0.430,
20,-70,65,0,0.000,1879.319,1506.472,,,,0.000,0,0,0,0,0,0,10,10.880,12.237,0.677,
20,-70,70,0,0.000,1879.319,1506.472,,,,0.000,0,0,0,0,0,0,10,12.770,13.470,0.570,
20,-70,75,0,0.000,1879.319,1506.472,,,,0.000,0,0,0,0,0,0,10,8.219,11.922,0.614,
20,-70,80,0,0.000,1879.319,1506.472,,,,0.000,0,0,0,0,0,0,10,11.718,11.620,0.522,
20,-70,85,0,0.000,1879.319,1506.472,,,,0.000,0,0,0,0,0,0,10,11.527,8.841,0.432,
20,-70,90,0,0.000,1879.319,1506.472,,,,0.000,0,0,0,0,0,0,10,10.102,9.167,0.460,
20,-70,95,0,0.000,1879.319,1506.472,,,,0.000,0,0,0,0,0,0,10,10.530,13.139,0.385,
20,-70,100,0,0.000,1879.319,1506.472,,,,0.000,0,0,0,0,0,0,10,9.319,12.576,0.479,
20,-70,105,0,0.000,1879.319,1506.472,,,,0.000,0,0,0,0,0,0,10,12.311,8.875,0.371,
20,-70,110,0,0.000,1879.319,1506.472,,,,0.000,0,0,0,0,0,0,10,7.306,10.835,0.509,
20,-70,115,0,0.000,1879.319,1506.472,,,,0.000,0,0,0,0,0,0,10,9.905,10.627,0.489,
20,-70,120,0,0.000,1879.319,1506.472,,,,0.000,0,0,0,0,0,0,10,12.407,10.111,0.495,
20,-70,125,0,0.000,1879.319,1506.472,,,,0.000,0,0,0,0,0,0,10,7.818,7.911,0.376,
20,-70,130,0,0.000,1879.319,1506.472,,,,0.000,0,0,0,0,0,0,10,10.480,12.303,0.711,
20,-70,135,0,10.000,1879.319,1506.472,1878.923,1506.712,0.463,0.000,0,0,0,0,0,0,9,12.265,10.534,0.561,0.000
20,-70,140,0,0.000,1879.319,1506.472,,,,0.000,0,0,0,0,0,0,10,12.502,8.516,0.523,
20,-70,145,0,0.000,1879.319,1506.472,,,,0.000,0,0,0,0,0,0,10,9.672,9.102,0.531,
20,-70,150,0,0.000,1879.319,1506.472,,,,0.000,0,0,0,0,0,0,10,10.725,9.999,0.469,
20,-70,155,0,0.000,1879.319,1506.472,,,,0.000,0,0,0,0,0,0,10,12.248,12.247,0.441,
20,-70,160,0,50.000,1879.319,1506.472,1878.931,1506.728,0.465,0.000,0,0,0,0,0,0,5,6.271,9.787,0.557,0.000
20,-70,165,0,10.000,1879.319,1506.472,1878.958,1506.750,0.455,0.000,0,0,0,0,0,0,9,11.680,12.603,0.742,0.000
20,-70,170,0,40.000,1879.319,1506.472,1878.914,1506.698,0.464,0.000,0,0,0,0,0,0,6,9.770,10.376,0.575,0.000
20,-70,175,0,60.000,1879.319,1506.472,1878.926,1506.724,0.467,0.000,0,0,0,0,0,0,4,10.156,9.067,0.625,0.000
20,-70,180,0,10.000,1879.319,1506.472,1878.920,1506.687,0.453,0.000,0,0,0,0,0,0,9,8.068,12.475,0.599,0.000
20,-70,185,0,30.000,1879.319,1506.472,1878.943,1506.757,0.472,0.000,0,0,0,0,0,0,7,10.142,11.208,0.647,0.000
20,-70,190,0,40.000,1879.319,1506.472,1878.929,1506.738,0.472,0.000,0,0,0,0,0,0,6,13.976,9.811,0.589,0.000
20,-70,195,0,60.000,1879.319,1506.472,1878.939,1506.731,0.460,0.000,0,0,0,0,0,0,4,9.647,11.367,0.571,0.000
20,-70,200,0,60.000,1879.319,1506.472,1878.936,1506.722,0.457,0.000,0,0,0,0,0,0,4,11.396,13.174,0.511,0.000
20,-70,205,0,50.000,1879.319,1506.472,1878.930,1506.731,0.467,0.000,0,0,0,0,0,0,5,12.396,10.606,0.532,0.000
20,-70,210,0,80.000,1879.319,1506.472,1878.929,1506.732,0.469,0.000,0,0,0,0,0,0,2,11.175,12.118,0.503,0.000
20,-70,215,0,80.000,1879.319,1506.472,1878.932,1506.728,0.464,0.000,0,0,0,0,0,0,2,9.012,14.093,0.698,0.000
20,-70,220,0,50.000,1879.319,1506.472,1878.917,1506.717,0.471,0.000,0,0,0,0,0,0,5,12.338,11.813,0.633,0.000
20,-70,225,0,80.000,1879.319,1506.472,1878.933,1506.739,0.469,0.000,0,0,0,0,0,0,2,10.292,10.650,0.611,0.000
20,-70,230,0,80.000,1879.319,1506.472,1878.939,1506.722,0.455,0.000,0,0,0,0,0,0,2,11.111,9.398,0.613,0.000
20,-70,235,0,90.000,1879.319,1506.472,1878.926,1506.727,0.468,0.000,0,0,0,0,0,0,1,11.170,12.704,0.478,0.000
20,-70,240,0,80.000,1879.319,1506.472,1878.940,1506.740,0.464,0.000,0,0,0,0,0,0,2,12.468,7.498,0.605,0.000
20,-70,245,0,100.000,1879.319,1506.472,1878.924,1506.724,0.468,0.000,0,0,0,0,0,0,0,8.802,11.742,0.488,0.000
20,-70,250,0,100.000,1879.319,1506.472,1878.945,1506.741,0.461,0.000,0,0,0,0,0,0,0,12.468,11.648,0.480,0.000
20,-70,255,0,90.000,1879.319,1506.472,1878.931,1506.715,0.458,0.000,0,0,0,0,0,0,1,8.734,11.965,0.506,0.000
20,-70,260,0,100.000,1879.319,1506.472,1878.919,1506.716,0.468,0.000,0,0,0,0,0,0,0,10.915,13.173,0.597,0.000
20,-70,265,0,100.000,1879.319,1506.472,1878.916,1506.723,0.475,0.000,0,0,0,0,0,0,0,11.928,8.878,0.513,0.000
20,-70,270,0,100.000,1879.319,1506.472,1878.936,1506.719,0.456,0.000,0,0,0,0,0,0,0,9.324,7.791,0.682,0.000
20,-70,275,0,100.000,1879.319,1506.472,1878.943,1506.728,0.455,0.000,0,0,0,0,0,0,0,6.429,9.447,0.526,0.000
20,-70,280,0,100.000,1879.319,1506.472,1878.936,1506.733,0.464,0.000,0,0,0,0,0,0,0,14.944,9.089,0.643,0.000
20,-70,285,0,100.000,1879.319,1506.472,1878.936,1506.735,0.465,0.000,0,0,0,0,0,0,0,11.570,12.599,0.447,0.000
20,-65,-10,0,0.000,1879.319,1506.472,,,,0.000,0,0,0,0,0,0,10,12.455,10.797,0.530,
20,-65,-5,0,0.000,1879.319,1506.472,,,,0.000,0,0,0,0,0,0,10,10.345,12.850,0.559,
20,-65,0,0,0.000,1879.319,1506.472,,,,0.000,0,0,0,0,0,0,10,13.298,11.218,0.391,
20,-65,5,0,0.000,1879.319,1506.472,,,,0.000,0,0,0,0,0,0,10,8.332,11.449,0.576,
20,-65,10,0,0.000,1879.319,1506.472,,,,0.000,0,0,0,0,0,0,10,9.315,12.292,0.546,
20,-65,15,0,0.000,1879.319,1506.472,,,,0.000,0,0,0,0,0,0,10,11.062,13.277,0.573,
20,-65,20,0,0.000,1879.319,1506.472,,,,0.000,0,0,0,0,0,0,10,10.733,9.314,0.412,
20,-65,25,0,0.000,1879.319,1506.472,,,,0.000,0,0,0,0,0,0,10,11.737,12.198,0.613,
20,-65,30,0,0.000,1879.319,1506.472,,,,0.000,0,0,0,0,0,0,10,9.802,8.900,0.583,
20,-65,35,0,0.000,1879.319,1506.472,,,,0.000,0,0,0,0,0,0,10,11.410,10.670,0.494,
20,-65,40,0,0.000,1879.319,1506.472,,,,0.000,0,0,0,0,0,0,10,10.674,7.236,0.576,
20,-65,45,0,0.000,1879.319,1506.472,,,,0.000,0,0,0,0,0,0,10,10.917,11.084,0.437,
20,-65,50,0,0.000,1879.319,1506.472,,,,0.000,0,0,0,0,0,0,10,7.952,12.061,0.606,
20,-65,55,0,0.000,1879.319,1506.472,,,,0.000,0,0,0,0,0,0,10,9.801,12.467,0.568,
20,-65,60,0,0.000,1879.319,1506.472,,,,0.000,0,0,0,0,0,0,10,10.870,12.925,0.667,
20,-65,65,0,0.000,1879.319,1506.472,,,,0.000,0,0,0,0,0,0,10,9.742,11.969,0.499,
20,-65,70,0,0.000,1879.319,1506.472,,,,0.000,0,0,0,0,0,0,10,9.348,8.808,0.579,
20,-65,75,0,0.000,1879.319,1506.472,,,,0.000,0,0,0,0,0,0,10,9.806,11.431,0.603,
20,-65,80,0,0.000,1879.319,1506.472,,,,0.000,0,0,0,0,0,0,10,11.480,11.981,0.664,
20,-65,85,0,0.000,1879.319,1506.472,,,,0.000,0,0,0,0,0,0,10,11.146,11.548,0.573,
20,-65,90,0,0.000,1879.319,1506.472,,,,0.000,0,0,0,0,0,0,10,15.898,13.654,0.535,
20,-65,95,0,0.000,1879.319,1506.472,,,,0.000,0,0,0,0,0,0,10,12.162,10.821,0.377,
20,-65,100,0,0.000,1879.319,1506.472,,,,0.000,0,0,0,0,0,0,10,10.754,10.121,0.511,
20,-65,105,0,0.000,1879.319,1506.472,,,,0.000,0,0,0,0,0,0,10,13.645,10.567,0.599,
20,-65,110,0,0.000,1879.319,1506.472,,,,0.000,0,0,0,0,0,0,10,6.325,9.783,0.503,
20,-65,115,0,0.000,1879.319,1506.472,,,,0.000,0,0,0,0,0,0,10,8.042,12.997,0.532,
20,-65,120,0,0.000,1879.319,1506.472,,,,0.000,0,0,0,0,0,0,10,11.634,12.492,0.631,
20,-65,125,0,0.000,1879.319,1506.472,,,,0.000,0,0,0,0,0,0,10,11.815,10.765,0.737,
20,-65,130,0,0.000,1879.319,1506.472,,,,0.000,0,0,0,0,0,0,10,9.630,11.398,0.427,
20,-65,135,0,0.000,1879.319,1506.472,,,,0.000,0,0,0,0,0,0,10,7.503,10.271,0.586,
20,-65,140,0,10.000,1879.319,1506.472,1878.935,1506.759,0.479,0.000,0,0,0,0,0,0,9,12.737,10.865,0.251,0.000
20,-65,145,0,0.000,1879.319,1506.472,,,,0.000,0,0,0,0,0,0,10,9.237,12.300,0.588,
20,-65,150,0,40.000,1879.319,1506.472,1878.946,1506.747,0.464,0.000,0,0,0,0,0,0,6,10.791,11.042,0.493,0.000
20,-65,155,0,20.000,1879.319,1506.472,1878.902,1506.695,0.473,0.000,0,0,0,0,0,0,8,10.949,11.262,0.584,0.000
20,-65,160,0,40.000,1879.319,1506.472,1878.912,1506.705,0.469,0.000,0,0,0,0,0,0,6,9.865,8.526,0.591,0.000
20,-65,165,0,40.000,1879.319,1506.472,1878.921,1506.723,0.470,0.000,0,0,0,0,0,0,6,11.770,9.973,0.551,0.000
20,-65,170,0,40.000,1879.319,1506.472,1878.925,1506.723,0.467,0.000,0,0,0,0,0,0,6,14.152,11.809,0.507,0.000
20,-65,175,0,40.000,1879.319,1506.472,1878.943,1506.756,0.471,0.000,0,0,0,0,0,0,6,13.040,11.810,0.645,0.000
20,-65,180,0,30.000,1879.319,1506.472,1878.936,1506.759,0.478,0.000,0,0,0,0,0,0,7,8.914,10.149,0.584,0.000
20,-65,185,0,40.000,1879.319,1506.472,1878.928,1506.741,0.474,0.000,0,0,0,0,0,0,6,13.063,10.190,0.571,0.000
20,-65,190,0,30.000,1879.319,1506.472,1878.923,1506.723,0.469,0.000,0,0,0,0,0,0,7,10.865,13.176,0.626,0.000
20,-65,195,0,30.000,1879.319,1506.472,1878.960,1506.727,0.440,0.000,0,0,0,0,0,0,7,9.266,14.850,0.481,0.000
20,-65,200,0,70.000,1879.319,1506.472,1878.938,1506.734,0.462,0.000,0,0,0,0,0,0,3,10.492,7.745,0.322,0.000
20,-65,205,0,60.000,1879.319,1506.472,1878.941,1506.722,0.453,0.000,0,0,0,0,0,0,4,12.672,13.085,0.526,0.000
20,-65,210,0,50.000,1879.319,1506.472,1878.923,1506.717,0.466,0.000,0,0,0,0,0,0,5,14.019,7.058,0.507,0.000
20,-65,215,0,60.000,1879.319,1506.472,1878.940,1506.721,0.453,0.000,0,0,0,0,0,0,4,12.800,9.587,0.587,0.000
20,-65,220,0,90.000,1879.319,1506.472,1878.935,1506.740,0.468,0.000,0,0,0,0,0,0,1,9.540,13.875,0.670,0.000
20,-65,225,0,80.000,1879.319,1506.472,1878.940,1506.716,0.450,0.000,0,0,0,0,0,0,2,7.110,10.828,0.605,0.000
20,-65,230,0,100.000,1879.319,1506.472,1878.933,1506.723,0.460,0.000,0,0,0,0,0,0,0,10.695,12.639,0.421,0.000
20,-65,235,0,90.000,1879.319,1506.472,1878.936,1506.736,0.466,0.000,0,0,0,0,0,0,1,10.562,10.014,0.621,0.000
20,-65,240,0,100.000,1879.319,1506.472,1878.935,1506.723,0.458,0.000,0,0,0,0,0,0,0,12.313,13.645,0.368,0.000
20,-65,245,0,100.000,1879.319,1506.472,1878.934,1506.751,0.475,0.000,0,0,0,0,0,0,0,9.317,10.301,0.616,0.000
20,-65,250,0,90.000,1879.319,1506.472,1878.940,1506.739,0.463,0.000,0,0,0,0,0,0,1,11.184,9.268,0.649,0.000
20,-65,255,0,100.000,1879.319,1506.472,1878.927,1506.724,0.466,0.000,0,0,0,0,0,0,0,12.922,12.632,0.552,0.000
20,-65,260,0,90.000,1879.319,1506.472,1878.934,1506.705,0.450,0.000,0,0,0,0,0,0,1,13.311,9.284,0.541,0.000
20,-65,265,0,100.000,1879.319,1506.472,1878.922,1506.723,0.469,0.000,0,0,0,0,0,0,0,12.555,12.067,0.604,0.000
20,-65,270,0,100.000,1879.319,1506.472,1878.938,1506.741,0.466,0.000,0,0,0,0,0,0,0,7.650,7.425,0.597,0.000
20,-65,275,0,100.000,1879.319,1506.472,1878.926,1506.713,0.461,0.000,0,0,0,0,0,0,0,9.390,11.581,0.580,0.000
20,-65,280,0,100.000,1879.319,1506.472,1878.944,1506.734,0.457,0.000,0,0,0,0,0,0,0,13.925,11.732,0.626,0.000
20,-65,285,0,100.000,1879.319,1506.472,1878.933,1506.729,0.463,0.000,0,0,0,0,0,0,0,12.071,11.300,0.674,0.000
20,-60,-10,0,0.000,1879.319,1506.472,,,,0.000,0,0,0,0,0,0,10,10.565,15.511,0.516,
20,-60,-5,0,0.000,1879.319,1506.472,,,,0.000,0,0,0,0,0,0,10,9.818,10.886,0.534,
20,-60,0,0,0.000,1879.319,1506.472,,,,0.000,0,0,0,0,0,0,10,9.097,13.045,0.674,
20,-60,5,0,0.000,1879.319,1506.472,,,,0.000,0,0,0,0,0,0,10,10.087,9.741,0.505,
20,-60,10,0,0.000,1879.319,1506.472,,,,0.000,0,0,0,0,0,0,10,9.232,15.662,0.360,
20,-60,15,0,0.000,1879.319,1506.472,,,,0.000,0,0,0,0,0,0,10,10.177,11.116,0.532,
20,-60,20,0,0.000,1879.319,1506.472,,,,0.000,0,0,0,0,0,0,10,13.030,11.382,0.449,
20,-60,25,0,0.000,1879.319,1506.472,,,,0.000,0,0,0,0,0,0,10,8.395,11.886,0.627,
20,-60,30,0,0.000,1879.319,1506.472,,,,0.000,0,0,0,0,0,0,10,14.155,9.397,0.516,
20,-60,35,0,0.000,1879.319,1506.472,,,,0.000,0,0,0,0,0,0,10,12.289,12.514,0.468,
20,-60,40,0,0.000,1879.319,1506.472,,,,0.000,0,0,0,0,0,0,10,12.626,14.476,0.507,
20,-60,45,0,0.000,1879.319,1506.472,,,,0.000,0,0,0,0,0,0,10,7.969,10.216,0.690,
20,-60,50,0,0.000,1879.319,1506.472,,,,0.000,0,0,0,0,0,0,10,12.730,13.134,0.461,
20,-60,55,0,0.000,1879.319,1506.472,,,,0.000,0,0,0,0,0,0,10,14.071,8.590,0.398,
20,-60,60,0,0.000,1879.319,1506.472,,,,0.000,0,0,0,0,0,0,10,9.334,7.708,0.473,
20,-60,65,0,0.000,1879.319,1506.472,,,,0.000,0,0,0,0,0,0,10,6.137,10.004,0.472,
20,-60,70,0,0.000,1879.319,1506.472,,,,0.000,0,0,0,0,0,0,10,13.079,12.802,0.688,
20,-60,75,0,0.000,1879.319,1506.472,,,,0.000,0,0,0,0,0,0,10,7.936,12.397,0.562,
20,-60,80,0,0.000,1879.319,1506.472,,,,0.000,0,0,0,0,0,0,10,9.773,8.259,0.614,
20,-60,85,0,0.000,1879.319,1506.472,,,,0.000,0,0,0,0,0,0,10,10.904,11.723,0.546,
20,-60,90,0,0.000,1879.319,1506.472,,,,0.000,0,0,0,0,0,0,10,11.355,7.839,0.589,
20,-60,95,0,0.000,1879.319,1506.472,,,,0.000,0,0,0,0,0,0,10,11.315,10.851,0.621,
20,-60,100,0,0.000,1879.319,1506.472,,,,0.000,0,0,0,0,0,0,10,9.657,10.663,0.387,
20,-60,105,0,0.000,1879.319,1506.472,,,,0.000,0,0,0,0,0,0,10,13.015,13.650,0.524,
20,-60,110,0,0.000,1879.319,1506.472,,,,0.000,0,0,0,0,0,0,10,11.557,9.248,0.579,
20,-60,115,0,0.000,1879.319,1506.472,,,,0.000,0,0,0,0,0,0,10,10.956,6.633,0.677,
20,-60,120,0,0.000,1879.319,1506.472,,,,0.000,0,0,0,0,0,0,10,8.227,14.655,0.473,
20,-60,125,0,10.000,1879.319,1506.472,1878.920,1506.709,0.464,0.000,0,0,0,0,0,0,9,12.334,10.804,0.507,0.000
20,-60,130,0,30.000,1879.319,1506.472,1878.918,1506.708,0.465,0.000,0,0,0,0,0,0,7,10.781,11.330,0.819,0.000
20,-60,135,0,10.000,1879.319,1506.472,1878.964,1506.749,0.450,0.000,0,0,0,0,0,0,9,7.336,9.900,0.550,0.000
20,-60,140,0,40.000,1879.319,1506.472,1878.934,1506.745,0.472,0.000,0,0,0,0,0,0,6,9.506,9.344,0.538,0.000
20,-60,145,0,10.000,1879.319,1506.472,1878.957,1506.752,0.458,0.000,0,0,0,0,0,0,9,9.414,11.476,0.323,0.000
20,-60,150,0,10.000,1879.319,1506.472,1878.919,1506.718,0.470,0.000,0,0,0,0,0,0,9,9.750,13.149,0.509,0.000
20,-60,155,0,10.000,1879.319,1506.472,1878.920,1506.718,0.469,0.000,0,0,0,0,0,0,9,9.968,12.037,0.467,0.000
20,-60,160,0,30.000,1879.319,1506.472,1878.953,1506.730,0.448,0.000,0,0,0,0,0,0,7,12.926,10.046,0.456,0.000
20,-60,165,0,20.000,1879.319,1506.472,1878.913,1506.730,0.481,0.000,0,0,0,0,0,0,8,8.104,11.162,0.449,0.000
20,-60,170,0,50.000,1879.319,1506.472,1878.934,1506.741,0.470,0.000,0,0,0,0,0,0,5,11.679,13.587,0.682,0.000
20,-60,175,0,20.000,1879.319,1506.472,1878.908,1506.706,0.473,0.000,0,0,0,0,0,0,8,11.417,10.684,0.554,0.000
20,-60,180,0,30.000,1879.319,1506.472,1878.921,1506.746,0.483,0.000,0,0,0,0,0,0,7,10.264,10.087,0.572,0.000
20,-60,185,0,60.000,1879.319,1506.472,1878.937,1506.736,0.464,0.000,0,0,0,0,0,0,4,11.469,10.937,0.520,0.000
20,-60,190,0,60.000,1879.319,1506.472,1878.928,1506.741,0.475,0.000,0,0,0,0,0,0,4,11.448,11.228,0.550,0.000
20,-60,195,0,60.000,1879.319,1506.472,1878.936,1506.743,0.469,0.000,0,0,0,0,0,0,4,11.002,11.136,0.456,0.000
20,-60,200,0,90.000,1879.319,1506.472,1878.931,1506.720,0.460,0.000,0,0,0,0,0,0,1,6.229,11.436,0.606,0.000
20,-60,205,0,80.000,1879.319,1506.472,1878.929,1506.756,0.482,0.000,0,0,0,0,0,0,2,12.003,12.469,0.445,0.000
20,-60,210,0,100.000,1879.319,1506.472,1878.932,1506.731,0.466,0.000,0,0,0,0,0,0,0,7.296,9.214,0.570,0.000
20,-60,215,0,100.000,1879.319,1506.472,1878.937,1506.731,0.461,0.000,0,0,0,0,0,0,0,10.436,8.097,0.495,0.000
20,-60,220,0,80.000,1879.319,1506.472,1878.937,1506.742,0.468,0.000,0,0,0,0,0,0,2,11.995,5.814,0.464,0.000
20,-60,225,0,80.000,1879.319,1506.472,1878.938,1506.745,0.468,0.000,0,0,0,0,0,0,2,14.336,11.303,0.602,0.000
20,-60,230,0,90.000,1879.319,1506.472,1878.943,1506.743,0.464,0.000,0,0,0,0,0,0,1,12.123,11.522,0.600,0.000
20,-60,235,0,100.000,1879.319,1506.472,1878.938,1506.735,0.463,0.000,0,0,0,0,0,0,0,11.092,13.207,0.531,0.000
20,-60,240,0,100.000,1879.319,1506.472,1878.921,1506.714,0.466,0.000,0,0,0,0,0,0,0,12.334,9.037,0.566,0.000
20,-60,245,0,100.000,1879.319,1506.472,1878.935,1506.743,0.470,0.000,0,0,0,0,0,0,0,13.703,9.604,0.506,0.000
20,-60,250,0,100.000,1879.319,1506.472,1878.933,1506.719,0.458,0.000,0,0,0,0,0,0,0,13.320,14.425,0.390,0.000
20,-60,255,0,100.000,1879.319,1506.472,1878.926,1506.739,0.475,0.000,0,0,0,0,0,0,0,13.855,12.057,0.634,0.000
20,-60,260,0,100.000,1879.319,1506.472,1878.935,1506.731,0.463,0.000,0,0,0,0,0,0,0,10.747,12.802,0.546,0.000
20,-60,265,0,100.000,1879.319,1506.472,1878.920,1506.739,0.480,0.000,0,0,0,0,0,0,0,10.777,9.901,0.543,0.000
20,-60,270,0,100.000,1879.319,1506.472,1878.920,1506.733,0.477,0.000,0,0,0,0,0,0,0,9.567,11.758,0.548,0.000
20,-60,275,0,100.000,1879.319,1506.472,1878.929,1506.728,0.466,0.000,0,0,0,0,0,0,0,11.367,12.643,0.442,0.000
20,-60,280,0,100.000,1879.319,1506.472,1878.942,1506.748,0.467,0.000,0,0,0,0,0,0,0,11.369,11.375,0.596,0.000
20,-60,285,0,100.000,1879.319,1506.472,1878.936,1506.724,0.458,0.000,0,0,0,0,0,0,0,10.827,9.963,0.680,0.000
20,-55,-10,0,0.000,1879.319,1506.472,,,,0.000,0,0,0,0,0,0,10,11.293,7.569,0.516,
20,-55,-5,0,0.000,1879.319,1506.472,,,,0.000,0,0,0,0,0,0,10,8.705,9.394,0.621,
20,-55,0,0,0.000,1879.319,1506.472,,,,0.000,0,0,0,0,0,0,10,10.259,10.773,0.588,
20,-55,5,0,0.000,1879.319,1506.472,,,,0.000,0,0,0,0,0,0,10,12.700,10.989,0.515,
20,-55,10,0,0.000,1879.319,1506.472,,,,0.000,0,0,0,0,0,0,10,13.848,14.149,0.668,
20,-55,15,0,0.000,1879.319,1506.472,,,,0.000,0,0,0,0,0,0,10,12.079,10.388,0.497,
20,-55,20,0,0.000,1879.319,1506.472,,,,0.000,0,0,0,0,0,0,10,11.823,11.096,0.602,
20,-55,25,0,0.000,1879.319,1506.472,,,,0.000,0,0,0,0,0,0,10,10.010,10.602,0.612,
20,-55,30,0,0.000,1879.319,1506.472,,,,0.000,0,0,0,0,0,0,10,7.699,11.088,0.444,
20,-55,35,0,0.000,1879.319,1506.472,,,,0.000,0,0,0,0,0,0,10,12.074,11.681,0.628,
20,-55,40,0,0.000,1879.319,1506.472,,,,0.000,0,0,0,0,0,0,10,7.911,11.174,0.596,
20,-55,45,0,0.000,1879.319,1506.472,,,,0.000,0,0,0,0,0,0,10,10.693,12.186,0.479,
20,-55,50,0,0.000,1879.319,1506.472,,,,0.000,0,0,0,0,0,0,10,10.120,10.382,0.628,
20,-55,55,0,0.000,1879.319,1506.472,,,,0.000,0,0,0,0,0,0,10,7.619,13.109,0.475,
20,-55,60,0,0.000,1879.319,1506.472,,,,0.000,0,0,0,0,0,0,10,11.389,12.112,0.592,
20,-55,65,0,0.000,1879.319,1506.472,,,,0.000,0,0,0,0,0,0,10,8.526,10.481,0.623,
20,-55,70,0,0.000,1879.319,1506.472,,,,0.000,0,0,0,0,0,0,10,12.604,11.701,0.403,
20,-55,75,0,0.000,1879.319,1506.472,,,,0.000,0,0,0,0,0,0,10,14.810,10.386,0.557,
20,-55,80,0,0.000,1879.319,1506.472,,,,0.000,0,0,0,0,0,0,10,12.246,9.038,0.601,
20,-55,85,0,0.000,1879.319,1506.472,,,,0.000,0,0,0,0,0,0,10,13.992,13.484,0.539,
20,-55,90,0,0.000,1879.319,1506.472,,,,0.000,0,0,0,0,0,0,10,12.278,10.315,0.627,
20,-55,95,0,0.000,1879.319,1506.472,,,,0.000,0,0,0,0,0,0,10,11.530,10.687,0.470,
20,-55,100,0,0.000,1879.319,1506.472,,,,0.000,0,0,0,0,0,0,10,10.051,8.142,0.551,
20,-55,105,0,10.000,1879.319,1506.472,1878.969,1506.712,0.425,0.000,0,0,0,0,0,0,9,11.601,10.965,0.543,0.000
20,-55,110,0,0.000,1879.319,1506.472,,,,0.000,0,0,0,0,0,0,10,9.654,12.963,0.449,
20,-55,115,0,30.000,1879.319,1506.472,1878.916,1506.726,0.476,0.000,0,0,0,0,0,0,7,12.286,10.175,0.567,0.000
20,-55,120,0,10.000,1879.319,1506.472,1878.913,1506.769,0.503,0.000,0,0,0,0,0,0,9,9.299,8.923,0.635,0.000
20,-55,125,0,20.000,1879.319,1506.472,1878.950,1506.754,0.464,0.000,0,0,0,0,0,0,8,9.417,8.936,0.551,0.000
20,-55,130,0,20.000,1879.319,1506.472,1878.919,1506.753,0.489,0.000,0,0,0,0,0,0,8,8.556,11.024,0.454,0.000
20,-55,135,0,40.000,1879.319,1506.472,1878.927,1506.736,0.473,0.000,0,0,0,0,0,0,6,12.551,11.087,0.494,0.000
20,-55,140,0,20.000,1879.319,1506.472,1878.926,1506.740,0.475,0.000,0,0,0,0,0,0,8,11.657,12.009,0.584,0.000
20,-55,145,0,50.000,1879.319,1506.472,1878.922,1506.729,0.473,0.000,0,0,0,0,0,0,5,12.104,10.745,0.440,0.000
20,-55,150,0,50.000,1879.319,1506.472,1878.933,1506.732,0.465,0.000,0,0,0,0,0,0,5,11.175,12.935,0.642,0.000
20,-55,155,0,30.000,1879.319,1506.472,1878.932,1506.721,0.460,0.000,0,0,0,0,0,0,7,9.952,11.075,0.641,0.000
20,-55,160,0,60.000,1879.319,1506.472,1878.932,1506.737,0.469,0.000,0,0,0,0,0,0,4,10.123,11.356,0.537,0.000
20,-55,165,0,70.000,1879.319,1506.472,1878.922,1506.703,0.460,0.000,0,0,0,0,0,0,3,11.637,10.584,0.424,0.000
20,-55,170,0,60.000,1879.319,1506.472,1878.926,1506.759,0.487,0.000,0,0,0,0,0,0,4,11.551,14.304,0.443,0.000
20,-55,175,0,30.000,1879.319,1506.472,1878.928,1506.762,0.487,0.000,0,0,0,0,0,0,7,10.723,11.508,0.613,0.000
20,-55,180,0,70.000,1879.319,1506.472,1878.929,1506.729,0.467,0.000,0,0,0,0,0,0,3,9.063,9.737,0.261,0.000
20,-55,185,0,80.000,1879.319,1506.472,1878.922,1506.720,0.468,0.000,0,0,0,0,0,0,2,11.600,9.954,0.351,0.000
20,-55,190,0,50.000,1879.319,1506.472,1878.939,1506.714,0.451,0.000,0,0,0,0,0,0,5,11.329,9.653,0.506,0.000
20,-55,195,0,100.000,1879.319,1506.472,1878.938,1506.731,0.460,0.000,0,0,0,0,0,0,0,10.214,13.737,0.629,0.000
20,-55,200,0,60.000,1879.319,1506.472,1878.922,1506.729,0.473,0.000,0,0,0,0,0,0,4,13.600,7.994,0.528,0.000
20,-55,205,0,90.000,1879.319,1506.472,1878.936,1506.748,0.472,0.000,0,0,0,0,0,0,1,11.163,13.100,0.566,0.000
20,-55,210,0,100.000,1879.319,1506.472,1878.919,1506.719,0.470,0.000,0,0,0,0,0,0,0,11.551,11.477,0.431,0.000
20,-55,215,0,100.000,1879.319,1506.472,1878.935,1506.739,0.468,0.000,0,0,0,0,0,0,0,6.216,5.644,0.635,0.000
20,-55,220,0,100.000,1879.319,1506.472,1878.926,1506.731,0.471,0.000,0,0,0,0,0,0,0,8.686,10.864,0.608,0.000
20,-55,225,0,90.000,1879.319,1506.472,1878.931,1506.745,0.475,0.000,0,0,0,0,0,0,1,11.973,10.584,0.461,0.000
20,-55,230,0,100.000,1879.319,1506.472,1878.924,1506.723,0.468,0.000,0,0,0,0,0,0,0,10.843,12.478,0.579,0.000
20,-55,235,0,100.000,1879.319,1506.472,1878.930,1506.739,0.472,0.000,0,0,0,0,0,0,0,11.483,14.303,0.535,0.000
20,-55,240,0,100.000,1879.319,1506.472,1878.917,1506.709,0.467,0.000,0,0,0,0,0,0,0,11.373,12.802,0.410,0.000
20,-55,245,0,100.000,1879.319,1506.472,1878.933,1506.731,0.465,0.000,0,0,0,0,0,0,0,9.734,11.143,0.569,0.000
20,-55,250,0,100.000,1879.319,1506.472,1878.936,1506.711,0.451,0.000,0,0,0,0,0,0,0,11.232,9.169,0.610,0.000
20,-55,255,0,100.000,1879.319,1506.472,1878.926,1506.718,0.463,0.000,0,0,0,0,0,0,0,9.086,7.724,0.524,0.000
20,-55,260,0,100.000,1879.319,1506.472,1878.942,1506.714,0.448,0.000,0,0,0,0,0,0,0,10.362,10.440,0.599,0.000
20,-55,265,0,100.000,1879.319,1506.472,1878.942,1506.746,0.466,0.000,0,0,0,0,0,0,0,10.702,9.775,0.562,0.000
20,-55,270,0,100.000,1879.319,1506.472,1878.923,1506.735,0.476,0.000,0,0,0,0,0,0,0,10.547,10.913,0.383,0.000
20,-55,275,0,100.000,1879.319,1506.472,1878.932,1506.730,0.465,0.000,0,0,0,0,0,0,0,11.344,11.968,0.484,0.000
20,-55,280,0,100.000,1879.319,1506.472,1878.941,1506.727,0.456,0.000,0,0,0,0,0,0,0,12.466,10.522,0.567,0.000
20,-55,285,0,100.000,1879.319,1506.472,1878.924,1506.726,0.469,0.000,0,0,0,0,0,0,0,11.154,9.583,0.340,0.000
20,-50,-10,0,0.000,1879.319,1506.472,,,,0.000,0,0,0,0,0,0,10,11.679,8.453,0.679,
20,-50,-5,0,0.000,1879.319,1506.472,,,,0.000,0,0,0,0,0,0,10,10.145,10.399,0.537,
20,-50,0,0,0.000,1879.319,1506.472,,,,0.000,0,0,0,0,0,0,10,8.808,9.298,0.396,
20,-50,5,0,0.000,1879.319,1506.472,,,,0.000,0,0,0,0,0,0,10,7.336,9.770,0.697,
20,-50,10,0,0.000,1879.319,1506.472,,,,0.000,0,0,0,0,0,0,10,10.675,11.394,0.516,
20,-50,15,0,0.000,1879.319,1506.472,,,,0.000,0,0,0,0,0,0,10,10.119,11.000,0.572,
20,-50,20,0,0.000,1879.319,1506.472,,,,0.000,0,0,0,0,0,0,10,11.715,8.411,0.537,
20,-50,25,0,0.000,1879.319,1506.472,,,,0.000,0,0,0,0,0,0,10,9.920,12.173,0.494,
20,-50,30,0,0.000,1879.319,1506.472,,,,0.000,0,0,0,0,0,0,10,9.680,13.944,0.441,
20,-50,35,0,0.000,1879.319,1506.472,,,,0.000,0,0,0,0,0,0,10,6.217,8.726,0.352,
20,-50,40,0,0.000,1879.319,1506.472,,,,0.000,0,0,0,0,0,0,10,7.508,10.820,0.494,
20,-50,45,0,0.000,1879.319,1506.472,,,,0.000,0,0,0,0,0,0,10,12.589,11.134,0.599,
20,-50,50,0,0.000,1879.319,1506.472,,,,0.000,0,0,0,0,0,0,10,7.962,11.113,0.424,
20,-50,55,0,0.000,1879.319,1506.472,,,,0.000,0,0,0,0,0,0,10,10.390,13.351,0.533,
20,-50,60,0,0.000,1879.319,1506.472,,,,0.000,0,0,0,0,0,0,10,13.108,7.589,0.462,
20,-50,65,0,0.000,1879.319,1506.472,,,,0.000,0,0,0,0,0,0,10,12.783,11.693,0.497,
20,-50,70,0,0.000,1879.319,1506.472,,,,0.000,0,0,0,0,0,0,10,13.773,5.769,0.437,
20,-50,75,0,0.000,1879.319,1506.472,,,,0.000,0,0,0,0,0,0,10,8.504,13.532,0.566,
20,-50,80,0,0.000,1879.319,1506.472,,,,0.000,0,0,0,0,0,0,10,12.449,8.663,0.643,
20,-50,85,0,0.000,1879.319,1506.472,,,,0.000,0,0,0,0,0,0,10,14.289,11.657,0.577,
20,-50,90,0,20.000,1879.319,1506.472,1878.946,1506.740,0.459,0.000,0,0,0,0,0,0,8,12.765,11.534,0.560,0.000
20,-50,95,0,0.000,1879.319,1506.472,,,,0.000,0,0,0,0,0,0,10,11.094,11.357,0.601,
20,-50,100,0,10.000,1879.319,1506.472,1878.884,1506.695,0.488,0.000,0,0,0,0,0,0,9,10.155,10.205,0.525,0.000
20,-50,105,0,30.000,1879.319,1506.472,1878.921,1506.750,0.485,0.000,0,0,0,0,0,0,7,14.681,9.363,0.580,0.000
20,-50,110,0,10.000,1879.319,1506.472,1878.893,1506.690,0.478,0.000,0,0,0,0,0,0,9,10.904,10.725,0.645,0.000
20,-50,115,0,40.000,1879.319,1506.472,1878.918,1506.730,0.477,0.000,0,0,0,0,0,0,6,12.557,11.394,0.523,0.000
20,-50,120,0,40.000,1879.319,1506.472,1878.923,1506.753,0.485,0.000,0,0,0,0,0,0,6,7.452,9.736,0.581,0.000
20,-50,125,0,10.000,1879.319,1506.472,1878.934,1506.759,0.480,0.000,0,0,0,0,0,0,9,9.191,12.081,0.606,0.000
20,-50,130,0,60.000,1879.319,1506.472,1878.936,1506.730,0.461,0.000,0,0,0,0,0,0,4,12.298,10.981,0.506,0.000
20,-50,135,0,50.000,1879.319,1506.472,1878.902,1506.724,0.487,0.000,0,0,0,0,0,0,5,10.861,12.577,0.610,0.000
20,-50,140,0,20.000,1879.319,1506.472,1878.916,1506.723,0.475,0.000,0,0,0,0,0,0,8,9.000,11.373,0.579,0.000
20,-50,145,0,40.000,1879.319,1506.472,1878.938,1506.727,0.458,0.000,0,0,0,0,0,0,6,10.431,11.353,0.561,0.000
20,-50,150,0,50.000,1879.319,1506.472,1878.918,1506.733,0.478,0.000,0,0,0,0,0,0,5,11.334,8.974,0.702,0.000
20,-50,155,0,50.000,1879.319,1506.472,1878.941,1506.737,0.461,0.000,0,0,0,0,0,0,5,10.971,8.973,0.554,0.000
20,-50,160,0,40.000,1879.319,1506.472,1878.927,1506.729,0.468,0.000,0,0,0,0,0,0,6,11.019,10.591,0.665,0.000
20,-50,165,0,70.000,1879.319,1506.472,1878.923,1506.714,0.464,0.000,0,0,0,0,0,0,3,14.613,8.064,0.506,0.000
20,-50,170,0,90.000,1879.319,1506.472,1878.929,1506.720,0.462,0.000,0,0,0,0,0,0,1,12.746,13.444,0.626,0.000
20,-50,175,0,90.000,1879.319,1506.472,1878.925,1506.728,0.470,0.000,0,0,0,0,0,0,1,12.979,11.559,0.434,0.000
20,-50,180,0,80.000,1879.319,1506.472,1878.923,1506.715,0.464,0.000,0,0,0,0,0,0,2,12.286,7.139,0.539,0.000
20,-50,185,0,90.000,1879.319,1506.472,1878.924,1506.724,0.468,0.000,0,0,0,0,0,0,1,7.819,6.113,0.535,0.000
20,-50,190,0,100.000,1879.319,1506.472,1878.933,1506.727,0.462,0.000,0,0,0,0,0,0,0,11.632,10.505,0.410,0.000
20,-50,195,0,90.000,1879.319,1506.472,1878.915,1506.722,0.475,0.000,0,0,0,0,0,0,1,12.862,12.721,0.468,0.000
20,-50,200,0,100.000,1879.319,1506.472,1878.931,1506.730,0.466,0.000,0,0,0,0,0,0,0,9.921,12.356,0.549,0.000
20,-50,205,0,100.000,1879.319,1506.472,1878.923,1506.726,0.471,0.000,0,0,0,0,0,0,0,10.748,11.413,0.457,0.000
20,-50,210,0,90.000,1879.319,1506.472,1878.927,1506.745,0.478,0.000,0,0,0,0,0,0,1,12.953,9.054,0.550,0.000
20,-50,215,0,100.000,1879.319,1506.472,1878.933,1506.728,0.462,0.000,0,0,0,0,0,0,0,8.665,8.603,0.465,0.000
20,-50,220,0,100.000,1879.319,1506.472,1878.919,1506.708,0.464,0.000,0,0,0,0,0,0,0,6.093,11.076,0.466,0.000
20,-50,225,0,100.000,1879.319,1506.472,1878.929,1506.743,0.475,0.000,0,0,0,0,0,0,0,11.250,5.022,0.539,0.000
20,-50,230,0,100.000,1879.319,1506.472,1878.936,1506.747,0.471,0.000,0,0,0,0,0,0,0,9.765,11.199,0.654,0.000
20,-50,235,0,100.000,1879.319,1506.472,1878.926,1506.731,0.471,0.000,0,0,0,0,0,0,0,10.509,13.120,0.496,0.000
20,-50,240,0,100.000,1879.319,1506.472,1878.926,1506.746,0.479,0.000,0,0,0,0,0,0,0,11.636,11.586,0.352,0.000
20,-50,245,0,100.000,1879.319,1506.472,1878.927,1506.722,0.465,0.000,0,0,0,0,0,0,0,8.557,11.920,0.546,0.000
20,-50,250,0,100.000,1879.319,1506.472,1878.947,1506.743,0.460,0.000,0,0,0,0,0,0,0,11.923,9.272,0.678,0.000
20,-50,255,0,100.000,1879.319,1506.472,1878.925,1506.735,0.473,0.000,0,0,0,0,0,0,0,12.242,8.405,0.473,0.000
20,-50,260,0,100.000,1879.319,1506.472,1878.924,1506.727,0.470,0.000,0,0,0,0,0,0,0,11.428,11.090,0.436,0.000
20,-50,265,0,100.000,1879.319,1506.472,1878.929,1506.722,0.463,0.000,0,0,0,0,0,0,0,10.112,10.722,0.377,0.000
20,-50,270,0,100.000,1879.319,1506.472,1878.942,1506.738,0.462,0.000,0,0,0,0,0,0,0,10.533,11.492,0.580,0.000
20,-50,275,0,100.000,1879.319,1506.472,1878.934,1506.731,0.464,0.000,0,0,0,0,0,0,0,8.922,8.547,0.682,0.000
20,-50,280,0,100.000,1879.319,1506.472,1878.932,1506.708,0.453,0.000,0,0,0,0,0,0,0,11.216,9.626,0.540,0.000
20,-50,285,0,100.000,1879.319,1506.472,1878.920,1506.736,0.478,0.000,0,0,0,0,0,0,0,8.941,13.356,0.705,0.000
20,-45,-10,0,0.000,1879.319,1506.472,,,,0.000,0,0,0,0,0,0,10,10.429,8.666,0.620,
20,-45,-5,0,0.000,1879.319,1506.472,,,,0.000,0,0,0,0,0,0,10,9.980,12.258,0.591,
20,-45,0,0,0.000,1879.319,1506.472,,,,0.000,0,0,0,0,0,0,10,9.365,12.344,0.326,
20,-45,5,0,0.000,1879.319,1506.472,,,,0.000,0,0,0,0,0,0,10,10.588,11.410,0.482,
20,-45,10,0,0.000,1879.319,1506.472,,,,0.000,0,0,0,0,0,0,10,10.367,12.081,0.677,
20,-45,15,0,0.000,1879.319,1506.472,,,,0.000,0,0,0,0,0,0,10,11.139,11.716,0.456,
20,-45,20,0,0.000,1879.319,1506.472,,,,0.000,0,0,0,0,0,0,10,10.276,10.232,0.587,
20,-45,25,0,0.000,1879.319,1506.472,,,,0.000,0,0,0,0,0,0,10,8.193,9.677,0.462,
20,-45,30,0,0.000,1879.319,1506.472,,,,0.000,0,0,0,0,0,0,10,12.588,9.418,0.699,
20,-45,35,0,0.000,1879.319,1506.472,,,,0.000,0,0,0,0,0,0,10,13.868,11.263,0.572,
20,-45,40,0,0.000,1879.319,1506.472,,,,0.000,0,0,0,0,0,0,10,9.892,13.331,0.692,
20,-45,45,0,0.000,1879.319,1506.472,,,,0.000,0,0,0,0,0,0,10,8.902,11.650,0.589,
20,-45,50,0,0.000,1879.319,1506.472,,,,0.000,0,0,0,0,0,0,10,10.801,10.653,0.563,
20,-45,55,0,0.000,1879.319,1506.472,,,,0.000,0,0,0,0,0,0,10,9.115,11.780,0.604,
20,-45,60,0,0.000,1879.319,1506.472,,,,0.000,0,0,0,0,0,0,10,12.009,9.973,0.468,
20,-45,65,0,10.000,1879.319,1506.472,1878.915,1506.707,0.467,0.000,0,0,0,0,0,0,9,9.215,10.308,0.619,0.000
20,-45,70,0,0.000,1879.319,1506.472,,,,0.000,0,0,0,0,0,0,10,9.810,12.510,0.558,
20,-45,75,0,0.000,1879.319,1506.472,,,,0.000,0,0,0,0,0,0,10,10.401,13.362,0.392,
20,-45,80,0,10.000,1879.319,1506.472,1878.910,1506.710,0.473,0.000,0,0,0,0,0,0,9,13.406,13.446,0.567,0.000
20,-45,85,0,0.000,1879.319,1506.472,,,,0.000,0,0,0,0,0,0,10,10.169,13.063,0.361,
20,-45,90,0,0.000,1879.319,1506.472,,,,0.000,0,0,0,0,0,0,10,10.095,9.902,0.490,
20,-45,95,0,20.000,1879.319,1506.472,1878.892,1506.717,0.493,0.000,0,0,0,0,0,0,8,12.130,13.155,0.636,0.000
20,-45,100,0,30.000,1879.319,1506.472,1878.925,1506.737,0.474,0.000,0,0,0,0,0,0,7,9.498,7.353,0.359,0.000
20,-45,105,0,40.000,1879.319,1506.472,1878.931,1506.740,0.471,0.000,0,0,0,0,0,0,6,11.029,11.897,0.595,0.000
20,-45,110,0,20.000,1879.319,1506.472,1878.924,1506.724,0.468,0.000,0,0,0,0,0,0,8,10.166,7.937,0.601,0.000
20,-45,115,0,20.000,1879.319,1506.472,1878.924,1506.745,0.480,0.000,0,0,0,0,0,0,8,9.359,13.133,0.502,0.000
20,-45,120,0,40.000,1879.319,1506.472,1878.925,1506.731,0.471,0.000,0,0,0,0,0,0,6,11.925,9.726,0.442,0.000
20,-45,125,0,60.000,1879.319,1506.472,1878.936,1506.729,0.461,0.000,0,0,0,0,0,0,4,11.583,8.031,0.556,0.000
20,-45,130,0,40.000,1879.319,1506.472,1878.931,1506.729,0.465,0.000,0,0,0,0,0,0,6,11.743,10.392,0.478,0.000
20,-45,135,0,50.000,1879.319,1506.472,1878.946,1506.744,0.461,0.000,0,0,0,0,0,0,5,10.284,10.982,0.582,0.000
20,-45,140,0,60.000,1879.319,1506.472,1878.942,1506.732,0.457,0.000,0,0,0,0,0,0,4,12.324,10.828,0.541,0.000
20,-45,145,0,70.000,1879.319,1506.472,1878.924,1506.732,0.472,0.000,0,0,0,0,0,0,3,13.294,9.226,0.432,0.000
20,-45,150,0,70.000,1879.319,1506.472,1878.914,1506.747,0.489,0.000,0,0,0,0,0,0,3,10.349,11.075,0.540,0.000
20,-45,155,0,40.000,1879.319,1506.472,1878.926,1506.725,0.468,0.000,0,0,0,0,0,0,6,10.504,11.629,0.637,0.000
20,-45,160,0,50.000,1879.319,1506.472,1878.927,1506.730,0.469,0.000,0,0,0,0,0,0,5,10.223,8.651,0.591,0.000
20,-45,165,0,80.000,1879.319,1506.472,1878.914,1506.747,0.489,0.000,0,0,0,0,0,0,2,11.904,7.098,0.525,0.000
20,-45,170,0,80.000,1879.319,1506.472,1878.931,1506.718,0.459,0.000,0,0,0,0,0,0,2,9.691,14.012,0.488,0.000
20,-45,175,0,80.000,1879.319,1506.472,1878.930,1506.741,0.473,0.000,0,0,0,0,0,0,2,12.370,13.594,0.633,0.000
20,-45,180,0,80.000,1879.319,1506.472,1878.916,1506.723,0.474,0.000,0,0,0,0,0,0,2,12.525,12.867,0.613,0.000
20,-45,185,0,90.000,1879.319,1506.472,1878.925,1506.725,0.468,0.000,0,0,0,0,0,0,1,10.511,8.620,0.636,0.000
20,-45,190,0,100.000,1879.319,1506.472,1878.922,1506.734,0.475,0.000,0,0,0,0,0,0,0,12.911,11.141,0.574,0.000
20,-45,195,0,90.000,1879.319,1506.472,1878.925,1506.742,0.477,0.000,0,0,0,0,0,0,1,12.339,11.677,0.581,0.000
20,-45,200,0,100.000,1879.319,1506.472,1878.934,1506.752,0.476,0.000,0,0,0,0,0,0,0,10.726,8.927,0.520,0.000
20,-45,205,0,100.000,1879.319,1506.472,1878.925,1506.725,0.468,0.000,0,0,0,0,0,0,0,13.120,12.035,0.566,0.000
20,-45,210,0,100.000,1879.319,1506.472,1878.933,1506.737,0.468,0.000,0,0,0,0,0,0,0,10.773,11.388,0.586,0.000
20,-45,215,0,100.000,1879.319,1506.472,1878.930,1506.741,0.473,0.000,0,0,0,0,0,0,0,7.571,9.266,0.716,0.000
20,-45,220,0,100.000,1879.319,1506.472,1878.926,1506.733,0.472,0.000,0,0,0,0,0,0,0,11.719,7.785,0.586,0.000
20,-45,225,0,100.000,1879.319,1506.472,1878.919,1506.720,0.470,0.000,0,0,0,0,0,0,0,7.770,9.681,0.454,0.000
20,-45,230,0,100.000,1879.319,1506.472,1878.935,1506.736,0.466,0.000,0,0,0,0,0,0,0,9.230,9.585,0.401,0.000
20,-45,235,0,100.000,1879.319,1506.472,1878.925,1506.718,0.465,0.000,0,0,0,0,0,0,0,10.683,10.465,0.507,0.000
20,-45,240,0,100.000,1879.319,1506.472,1878.926,1506.732,0.471,0.000,0,0,0,0,0,0,0,12.574,8.737,0.608,0.000
20,-45,245,0,100.000,1879.319,1506.472,1878.938,1506.739,0.465,0.000,0,0,0,0,0,0,0,10.404,11.968,0.571,0.000
20,-45,250,0,100.000,1879.319,1506.472,1878.927,1506.720,0.463,0.000,0,0,0,0,0,0,0,8.375,6.721,0.577,0.000
20,-45,255,0,100.000,1879.319,1506.472,1878.931,1506.719,0.460,0.000,0,0,0,0,0,0,0,10.718,11.455,0.456,0.000
20,-45,260,0,100.000,1879.319,1506.472,1878.940,1506.744,0.466,0.000,0,0,0,0,0,0,0,10.271,9.002,0.548,0.000
20,-45,265,0,100.000,1879.319,1506.472,1878.927,1506.731,0.470,0.000,0,0,0,0,0,0,0,14.351,10.339,0.576,0.000
20,-45,270,0,100.000,1879.319,1506.472,1878.927,1506.740,0.475,0.000,0,0,0,0,0,0,0,12.415,13.035,0.403,0.000
20,-45,275,0,100.000,1879.319,1506.472,1878.922,1506.741,0.480,0.000,0,0,0,0,0,0,0,13.869,11.045,0.509,0.000
20,-45,280,0,100.000,1879.319,1506.472,1878.927,1506.743,0.477,0.000,0,0,0,0,0,0,0,11.461,12.154,0.630,0.000
20,-45,285,0,100.000,1879.319,1506.472,1878.936,1506.724,0.458,0.000,0,0,0,0,0,0,0,11.467,8.713,0.615,0.000
20,-40,-10,0,0.000,1879.319,1506.472,,,,0.000,0,0,0,0,0,0,10,9.531,11.809,0.485,
20,-40,-5,0,0.000,1879.319,1506.472,,,,0.000,0,0,0,0,0,0,10,12.913,16.412,0.550,
20,-40,0,0,0.000,1879.319,1506.472,,,,0.000,0,0,0,0,0,0,10,11.810,9.609,0.558,
20,-40,5,0,0.000,1879.319,1506.472,,,,0.000,0,0,0,0,0,0,10,10.825,10.907,0.485,
20,-40,10,0,0.000,1879.319,1506.472,,,,0.000,0,0,0,0,0,0,10,11.496,7.252,0.475,
20,-40,15,0,0.000,1879.319,1506.472,,,,0.000,0,0,0,0,0,0,10,11.686,10.253,0.531,
20,-40,20,0,0.000,1879.319,1506.472,,,,0.000,0,0,0,0,0,0,10,11.811,12.769,0.571,
20,-40,25,0,0.000,1879.319,1506.472,,,,0.000,0,0,0,0,0,0,10,13.059,8.698,0.497,
20,-40,30,0,0.000,1879.319,1506.472,,,,0.000,0,0,0,0,0,0,10,6.845,8.169,0.512,
20,-40,35,0,0.000,1879.319,1506.472,,,,0.000,0,0,0,0,0,0,10,11.030,9.234,0.527,
20,-40,40,0,0.000,1879.319,1506.472,,,,0.000,0,0,0,0,0,0,10,10.468,9.720,0.583,
20,-40,45,0,0.000,1879.319,1506.472,,,,0.000,0,0,0,0,0,0,10,13.648,10.031,0.371,
20,-40,50,0,0.000,1879.319,1506.472,,,,0.000,0,0,0,0,0,0,10,8.843,11.405,0.436,
20,-40,55,0,0.000,1879.319,1506.472,,,,0.000,0,0,0,0,0,0,10,8.203,10.805,0.412,
20,-40,60,0,0.000,1879.319,1506.472,,,,0.000,0,0,0,0,0,0,10,10.066,11.715,0.411,
20,-40,65,0,0.000,1879.319,1506.472,,,,0.000,0,0,0,0,0,0,10,11.774,9.448,0.567,
20,-40,70,0,30.000,1879.319,1506.472,1878.907,1506.771,0.509,0.000,0,0,0,0,0,0,7,15.032,9.908,0.481,0.000
20,-40,75,0,20.000,1879.319,1506.472,1878.895,1506.730,0.496,0.000,0,0,0,0,0,0,8,8.549,10.965,0.533,0.000
20,-40,80,0,10.000,1879.319,1506.472,1878.932,1506.761,0.483,0.000,0,0,0,0,0,0,9,12.207,10.019,0.715,0.000
20,-40,85,0,20.000,1879.319,1506.472,1878.924,1506.694,0.453,0.000,0,0,0,0,0,0,8,10.167,9.801,0.659,0.000
20,-40,90,0,10.000,1879.319,1506.472,1878.950,1506.745,0.459,0.000,0,0,0,0,0,0,9,9.219,10.342,0.498,0.000
20,-40,95,0,30.000,1879.319,1506.472,1878.924,1506.747,0.481,0.000,0,0,0,0,0,0,7,10.415,10.027,0.524,0.000
20,-40,100,0,10.000,1879.319,1506.472,1878.894,1506.717,0.491,0.000,0,0,0,0,0,0,9,7.673,12.142,0.630,0.000
20,-40,105,0,20.000,1879.319,1506.472,1878.923,1506.764,0.492,0.000,0,0,0,0,0,0,8,10.633,10.005,0.655,0.000
20,-40,110,0,40.000,1879.319,1506.472,1878.907,1506.710,0.476,0.000,0,0,0,0,0,0,6,13.247,8.807,0.529,0.000
20,-40,115,0,10.000,1879.319,1506.472,1878.915,1506.767,0.501,0.000,0,0,0,0,0,0,9,10.120,10.330,0.518,0.000
20,-40,120,0,30.000,1879.319,1506.472,1878.926,1506.745,0.479,0.000,0,0,0,0,0,0,7,11.618,6.695,0.483,0.000
20,-40,125,0,60.000,1879.319,1506.472,1878.937,1506.733,0.463,0.000,0,0,0,0,0,0,4,11.674,7.818,0.488,0.000
20,-40,130,0,90.000,1879.319,1506.472,1878.934,1506.745,0.472,0.000,0,0,0,0,0,0,1,11.309,14.157,0.366,0.000
20,-40,135,0,50.000,1879.319,1506.472,1878.927,1506.757,0.485,0.000,0,0,0,0,0,0,5,11.838,10.062,0.525,0.000
20,-40,140,0,80.000,1879.319,1506.472,1878.932,1506.743,0.472,0.000,0,0,0,0,0,0,2,9.211,13.873,0.458,0.000
20,-40,145,0,50.000,1879.319,1506.472,1878.916,1506.725,0.475,0.000,0,0,0,0,0,0,5,11.688,8.409,0.437,0.000
20,-40,150,0,80.000,1879.319,1506.472,1878.912,1506.729,0.481,0.000,0,0,0,0,0,0,2,10.727,7.391,0.600,0.000
20,-40,155,0,70.000,1879.319,1506.472,1878.940,1506.750,0.470,0.000,0,0,0,0,0,0,3,12.116,13.593,0.614,0.000
20,-40,160,0,70.000,1879.319,1506.472,1878.940,1506.757,0.474,0.000,0,0,0,0,0,0,3,12.724,13.067,0.701,0.000
20,-40,165,0,90.000,1879.319,1506.472,1878.931,1506.740,0.472,0.000,0,0,0,0,0,0,1,11.309,12.602,0.537,0.000
20,-40,170,0,90.000,1879.319,1506.472,1878.917,1506.733,0.479,0.000,0,0,0,0,0,0,1,10.085,7.978,0.694,0.000
20,-40,175,0,100.000,1879.319,1506.472,1878.932,1506.740,0.471,0.000,0,0,0,0,0,0,0,8.235,10.255,0.414,0.000
20,-40,180,0,90.000,1879.319,1506.472,1878.921,1506.740,0.479,0.000,0,0,0,0,0,0,1,10.414,8.139,0.410,0.000
20,-40,185,0,100.000,1879.319,1506.472,1878.928,1506.722,0.464,0.000,0,0,0,0,0,0,0,9.413,11.459,0.629,0.000
20,-40,190,0,100.000,1879.319,1506.472,1878.932,1506.726,0.463,0.000,0,0,0,0,0,0,0,7.119,14.031,0.606,0.000
20,-40,195,0,100.000,1879.319,1506.472,1878.933,1506.736,0.468,0.000,0,0,0,0,0,0,0,9.416,10.404,0.476,0.000
20,-40,200,0,100.000,1879.319,1506.472,1878.927,1506.741,0.475,0.000,0,0,0,0,0,0,0,10.165,10.568,0.426,0.000
20,-40,205,0,100.000,1879.319,1506.472,1878.922,1506.741,0.479,0.000,0,0,0,0,0,0,0,13.286,11.967,0.470,0.000
20,-40,210,0,100.000,1879.319,1506.472,1878.961,1506.712,0.431,0.000,0,0,0,0,0,0,0,13.056,13.173,0.417,0.000
20,-40,215,0,100.000,1879.319,1506.472,1878.926,1506.726,0.467,0.000,0,0,0,0,0,0,0,11.432,11.359,0.470,0.000
20,-40,220,0,100.000,1879.319,1506.472,1878.937,1506.734,0.463,0.000,0,0,0,0,0,0,0,14.075,12.458,0.262,0.000
20,-40,225,0,100.000,1879.319,1506.472,1878.995,1506.708,0.401,0.000,0,0,0,0,0,0,0,14.612,11.493,0.577,0.000
20,-40,230,0,100.000,1879.319,1506.472,1878.934,1506.743,0.470,0.000,0,0,0,0,0,0,0,12.981,13.789,0.553,0.000
20,-40,235,0,100.000,1879.319,1506.472,1878.926,1506.730,0.471,0.000,0,0,0,0,0,0,0,5.950,12.683,0.454,0.000
20,-40,240,0,100.000,1879.319,1506.472,1878.922,1506.729,0.473,0.000,0,0,0,0,0,0,0,13.429,13.575,0.561,0.000
20,-40,245,0,100.000,1879.319,1506.472,1878.929,1506.734,0.469,0.000,0,0,0,0,0,0,0,13.221,10.830,0.527,0.000
20,-40,250,0,100.000,1879.319,1506.472,1878.934,1506.736,0.467,0.000,0,0,0,0,0,0,0,13.061,11.784,0.352,0.000
20,-40,255,0,100.000,1879.319,1506.472,1878.932,1506.734,0.467,0.000,0,0,0,0,0,0,0,11.511,10.371,0.526,0.000
20,-40,260,0,100.000,1879.319,1506.472,1878.920,1506.722,0.471,0.000,0,0,0,0,0,0,0,13.090,10.274,0.556,0.000
20,-40,265,0,100.000,1879.319,1506.472,1878.930,1506.728,0.466,0.000,0,0,0,0,0,0,0,11.399,11.929,0.526,0.000
20,-40,270,0,100.000,1879.319,1506.472,1878.921,1506.747,0.484,0.000,0,0,0,0,0,0,0,6.250,13.908,0.344,0.000
20,-40,275,0,100.000,1879.319,1506.472,1878.923,1506.725,0.470,0.000,0,0,0,0,0,0,0,11.776,11.768,0.463,0.000
20,-40,280,0,100.000,1879.319,1506.472,1878.925,1506.731,0.471,0.000,0,0,0,0,0,0,0,13.008,10.965,0.502,0.000
20,-40,285,0,100.000,1879.319,1506.472,1878.919,1506.733,0.478,0.000,0,0,0,0,0,0,0,11.325,8.461,0.430,0.000
20,-35,-10,0,0.000,1879.319,1506.472,,,,0.000,0,0,0,0,0,0,10,11.221,8.556,0.447,
20,-35,-5,0,0.000,1879.319,1506.472,,,,0.000,0,0,0,0,0,0,10,9.916,12.617,0.491,
20,-35,0,0,0.000,1879.319,1506.472,,,,0.000,0,0,0,0,0,0,10,11.333,9.131,0.600,
20,-35,5,0,0.000,1879.319,1506.472,,,,0.000,0,0,0,0,0,0,10,8.867,13.555,0.650,
20,-35,10,0,0.000,1879.319,1506.472,,,,0.000,0,0,0,0,0,0,10,14.171,12.011,0.356,
20,-35,15,0,0.000,1879.319,1506.472,,,,0.000,0,0,0,0,0,0,10,10.265,12.830,0.572,
20,-35,20,0,0.000,1879.319,1506.472,,,,0.000,0,0,0,0,0,0,10,10.872,6.027,0.679,
20,-35,25,0,0.000,1879.319,1506.472,,,,0.000,0,0,0,0,0,0,10,12.280,9.842,0.692,
20,-35,30,0,0.000,1879.319,1506.472,,,,0.000,0,0,0,0,0,0,10,7.861,10.901,0.614,
20,-35,35,0,0.000,1879.319,1506.472,,,,0.000,0,0,0,0,0,0,10,8.780,9.413,0.605,
20,-35,40,0,0.000,1879.319,1506.472,,,,0.000,0,0,0,0,0,0,10,11.199,9.778,0.709,
20,-35,45,0,0.000,1879.319,1506.472,,,,0.000,0,0,0,0,0,0,10,11.386,11.421,0.476,
20,-35,50,0,0.000,1879.319,1506.472,,,,0.000,0,0,0,0,0,0,10,11.488,9.542,0.608,
20,-35,55,0,10.000,1879.319,1506.472,1878.901,1506.758,0.507,0.000,0,0,0,0,0,0,9,9.396,12.294,0.514,0.000
20,-35,60,0,10.000,1879.319,1506.472,1878.963,1506.737,0.443,0.000,0,0,0,0,0,0,9,11.859,11.664,0.406,0.000
20,-35,65,0,10.000,1879.319,1506.472,1878.929,1506.761,0.485,0.000,0,0,0,0,0,0,9,10.417,14.176,0.651,0.000
20,-35,70,0,20.000,1879.319,1506.472,1878.924,1506.683,0.448,0.000,0,0,0,0,0,0,8,11.992,13.007,0.603,0.000
20,-35,75,0,40.000,1879.319,1506.472,1878.904,1506.721,0.484,0.000,0,0,0,0,0,0,6,12.454,10.383,0.544,0.000
20,-35,80,0,40.000,1879.319,1506.472,1878.909,1506.718,0.478,0.000,0,0,0,0,0,0,6,11.603,9.850,0.596,0.000
20,-35,85,0,50.000,1879.319,1506.472,1878.913,1506.706,0.468,0.000,0,0,0,0,0,0,5,13.202,10.031,0.574,0.000
20,-35,90,0,40.000,1879.319,1506.472,1878.922,1506.705,0.460,0.000,0,0,0,0,0,0,6,10.364,9.299,0.399,0.000
20,-35,95,0,50.000,1879.319,1506.472,1878.927,1506.716,0.462,0.000,0,0,0,0,0,0,5,12.989,12.663,0.361,0.000
20,-35,100,0,30.000,1879.319,1506.472,1878.925,1506.758,0.487,0.000,0,0,0,0,0,0,7,12.223,9.516,0.520,0.000
20,-35,105,0,50.000,1879.319,1506.472,1878.924,1506.733,0.473,0.000,0,0,0,0,0,0,5,14.253,11.545,0.595,0.000
20,-35,110,0,50.000,1879.319,1506.472,1878.911,1506.719,0.477,0.000,0,0,0,0,0,0,5,11.651,10.970,0.564,0.000
20,-35,115,0,60.000,1879.319,1506.472,1878.910,1506.720,0.478,0.000,0,0,0,0,0,0,4,8.869,10.155,0.471,0.000
20,-35,120,0,40.000,1879.319,1506.472,1878.932,1506.733,0.467,0.000,0,0,0,0,0,0,6,11.237,8.716,0.438,0.000
20,-35,125,0,80.000,1879.319,1506.472,1878.933,1506.751,0.477,0.000,0,0,0,0,0,0,2,10.835,12.260,0.528,0.000
20,-35,130,0,50.000,1879.319,1506.472,1878.928,1506.740,0.474,0.000,0,0,0,0,0,0,5,12.448,7.113,0.564,0.000
20,-35,135,0,80.000,1879.319,1506.472,1878.913,1506.718,0.474,0.000,0,0,0,0,0,0,2,11.687,11.682,0.653,0.000
20,-35,140,0,80.000,1879.319,1506.472,1878.942,1506.732,0.457,0.000,0,0,0,0,0,0,2,8.532,7.777,0.539,0.000
20,-35,145,0,80.000,1879.319,1506.472,1878.933,1506.737,0.468,0.000,0,0,0,0,0,0,2,9.037,9.884,0.711,0.000
20,-35,150,0,90.000,1879.319,1506.472,1878.924,1506.756,0.486,0.000,0,0,0,0,0,0,1,10.018,10.309,0.415,0.000
20,-35,155,0,80.000,1879.319,1506.472,1878.908,1506.708,0.474,0.000,0,0,0,0,0,0,2,11.865,8.107,0.614,0.000
20,-35,160,0,90.000,1879.319,1506.472,1878.922,1506.737,0.477,0.000,0,0,0,0,0,0,1,12.642,10.962,0.514,0.000
20,-35,165,0,90.000,1879.319,1506.472,1878.931,1506.731,0.466,0.000,0,0,0,0,0,0,1,13.096,8.195,0.636,0.000
20,-35,170,0,100.000,1879.319,1506.472,1878.939,1506.739,0.464,0.000,0,0,0,0,0,0,0,10.560,10.333,0.583,0.000
20,-35,175,0,100.000,1879.319,1506.472,1878.917,1506.718,0.471,0.000,0,0,0,0,0,0,0,14.033,11.561,0.587,0.000
20,-35,180,0,100.000,1879.319,1506.472,1878.919,1506.740,0.481,0.000,0,0,0,0,0,0,0,8.748,11.505,0.532,0.000
20,-35,185,0,100.000,1879.319,1506.472,1878.930,1506.733,0.468,0.000,0,0,0,0,0,0,0,12.515,9.474,0.601,0.000
20,-35,190,0,100.000,1879.319,1506.472,1878.933,1506.711,0.454,0.000,0,0,0,0,0,0,0,10.672,12.473,0.533,0.000
20,-35,195,0,100.000,1879.319,1506.472,1878.920,1506.739,0.480,0.000,0,0,0,0,0,0,0,12.165,10.048,0.626,0.000
20,-35,200,0,100.000,1879.319,1506.472,1878.927,1506.731,0.470,0.000,0,0,0,0,0,0,0,8.806,7.428,0.635,0.000
20,-35,205,0,100.000,1879.319,1506.472,1878.920,1506.710,0.465,0.000,0,0,0,0,0,0,0,12.966,11.661,0.561,0.000
20,-35,210,0,100.000,1879.319,1506.472,1878.928,1506.716,0.461,0.000,0,0,0,0,0,0,0,12.838,11.102,0.506,0.000
20,-35,215,0,100.000,1879.319,1506.472,1878.926,1506.720,0.465,0.000,0,0,0,0,0,0,0,12.034,11.026,0.444,0.000
20,-35,220,0,100.000,1879.319,1506.472,1878.931,1506.736,0.469,0.000,0,0,0,0,0,0,0,12.098,10.280,0.605,0.000
20,-35,225,0,100.000,1879.319,1506.472,1878.933,1506.727,0.462,0.000,0,0,0,0,0,0,0,8.924,12.587,0.552,0.000
20,-35,230,0,100.000,1879.319,1506.472,1878.921,1506.757,0.490,0.000,0,0,0,0,0,0,0,11.989,9.077,0.552,0.000
20,-35,235,0,100.000,1879.319,1506.472,1878.932,1506.732,0.466,0.000,0,0,0,0,0,0,0,10.890,12.226,0.585,0.000
20,-35,240,0,100.000,1879.319,1506.472,1878.923,1506.740,0.478,0.000,0,0,0,0,0,0,0,11.068,12.021,0.518,0.000
20,-35,245,0,100.000,1879.319,1506.472,1879.110,1506.644,0.271,0.000,0,0,0,0,0,0,0,11.515,11.504,0.594,0.000
20,-35,250,0,100.000,1879.319,1506.472,1878.936,1506.750,0.473,0.000,0,0,0,0,0,0,0,12.837,9.764,0.582,0.000
20,-35,255,0,100.000,1879.319,1506.472,1878.938,1506.735,0.462,0.000,0,0,0,0,0,0,0,11.732,8.746,0.449,0.000
20,-35,260,0,100.000,1879.319,1506.472,1878.930,1506.733,0.468,0.000,0,0,0,0,0,0,0,11.553,10.042,0.425,0.000
20,-35,265,0,100.000,1879.319,1506.472,1878.916,1506.739,0.483,0.000,0,0,0,0,0,0,0,12.648,12.848,0.582,0.000
20,-35,270,0,100.000,1879.319,1506.472,1878.935,1506.740,0.468,0.000,0,0,0,0,0,0,0,8.536,11.132,0.411,0.000
20,-35,275,0,100.000,1879.319,1506.472,1878.918,1506.731,0.477,0.000,0,0,0,0,0,0,0,10.109,10.548,0.496,0.000
20,-35,280,0,100.000,1879.319,1506.472,1879.150,1506.626,0.228,0.000,0,0,0,0,0,0,0,10.569,8.661,0.578,0.000
20,-35,285,0,100.000,1879.319,1506.472,1878.931,1506.743,0.473,0.000,0,0,0,0,0,0,0,11.860,11.190,0.644,0.000
20,-30,-10,0,0.000,1879.319,1506.472,,,,0.000,0,0,0,0,0,0,10,12.202,12.002,0.346,
20,-30,-5,0,0.000,1879.319,1506.472,,,,0.000,0,0,0,0,0,0,10,13.471,9.387,0.652,
20,-30,0,0,0.000,1879.319,1506.472,,,,0.000,0,0,0,0,0,0,10,12.532,12.144,0.454,
20,-30,5,0,0.000,1879.319,1506.472,,,,0.000,0,0,0,0,0,0,10,12.001,10.423,0.432,
20,-30,10,0,0.000,1879.319,1506.472,,,,0.000,0,0,0,0,0,0,10,8.262,12.686,0.619,
20,-30,15,0,0.000,1879.319,1506.472,,,,0.000,0,0,0,0,0,0,10,11.076,13.555,0.491,
20,-30,20,0,0.000,1879.319,1506.472,,,,0.000,0,0,0,0,0,0,10,14.946,11.132,0.640,
20,-30,25,0,0.000,1879.319,1506.472,,,,0.000,0,0,0,0,0,0,10,12.230,10.069,0.484,
20,-30,30,0,0.000,1879.319,1506.472,,,,0.000,0,0,0,0,0,0,10,10.738,11.794,0.467,
20,-30,35,0,0.000,1879.319,1506.472,,,,0.000,0,0,0,0,0,0,10,8.018,9.813,0.598,
20,-30,40,0,0.000,1879.319,1506.472,,,,0.000,0,0,0,0,0,0,10,8.385,13.787,0.644,
20,-30,45,0,0.000,1879.319,1506.472,,,,0.000,0,0,0,0,0,0,10,8.065,10.532,0.728,
20,-30,50,0,10.000,1879.319,1506.472,1878.891,1506.737,0.503,0.000,0,0,0,0,0,0,9,11.563,8.473,0.553,0.000
20,-30,55,0,40.000,1879.319,1506.472,1878.934,1506.756,0.478,0.000,0,0,0,0,0,0,6,10.980,9.227,0.477,0.000
20,-30,60,0,0.000,1879.319,1506.472,,,,0.000,0,0,0,0,0,0,10,7.615,6.291,0.530,
20,-30,65,0,50.000,1879.319,1506.472,1878.935,1506.735,0.465,0.000,0,0,0,0,0,0,5,11.928,11.142,0.675,0.000
20,-30,70,0,10.000,1879.319,1506.472,1878.945,1506.708,0.442,0.000,0,0,0,0,0,0,9,11.863,10.870,0.422,0.000
20,-30,75,0,20.000,1879.319,1506.472,1878.910,1506.757,0.498,0.000,0,0,0,0,0,0,8,9.233,10.644,0.628,0.000
20,-30,80,0,70.000,1879.319,1506.472,1878.908,1506.706,0.473,0.000,0,0,0,0,0,0,3,11.640,11.251,0.438,0.000
20,-30,85,0,40.000,1879.319,1506.472,1878.918,1506.750,0.488,0.000,0,0,0,0,0,0,6,9.343,10.151,0.621,0.000
20,-30,90,0,70.000,1879.319,1506.472,1878.926,1506.742,0.477,0.000,0,0,0,0,0,0,3,11.422,13.709,0.572,0.000
20,-30,95,0,60.000,1879.319,1506.472,1878.922,1506.723,0.470,0.000,0,0,0,0,0,0,4,12.526,8.993,0.445,0.000
20,-30,100,0,40.000,1879.319,1506.472,1878.912,1506.719,0.476,0.000,0,0,0,0,0,0,6,11.464,10.498,0.696,0.000
20,-30,105,0,70.000,1879.319,1506.472,1878.910,1506.721,0.478,0.000,0,0,0,0,0,0,3,14.070,11.677,0.597,0.000
20,-30,110,0,90.000,1879.319,1506.472,1878.917,1506.738,0.482,0.000,0,0,0,0,0,0,1,10.282,9.217,0.418,0.000
20,-30,115,0,100.000,1879.319,1506.472,1878.933,1506.744,0.472,0.000,0,0,0,0,0,0,0,8.301,11.834,0.418,0.000
20,-30,120,0,80.000,1879.319,1506.472,1878.937,1506.741,0.467,0.000,0,0,0,0,0,0,2,12.193,8.126,0.622,0.000
20,-30,125,0,80.000,1879.319,1506.472,1878.922,1506.743,0.481,0.000,0,0,0,0,0,0,2,11.081,10.747,0.626,0.000
20,-30,130,0,90.000,1879.319,1506.472,1878.917,1506.728,0.477,0.000,0,0,0,0,0,0,1,8.566,10.669,0.423,0.000
20,-30,135,0,90.000,1879.319,1506.472,1878.922,1506.736,0.476,0.000,0,0,0,0,0,0,1,9.928,9.794,0.609,0.000
20,-30,140,0,80.000,1879.319,1506.472,1878.924,1506.725,0.469,0.000,0,0,0,0,0,0,2,11.745,7.568,0.538,0.000
20,-30,145,0,100.000,1879.319,1506.472,1878.927,1506.724,0.466,0.000,0,0,0,0,0,0,0,8.740,12.039,0.582,0.000
20,-30,150,0,90.000,1879.319,1506.472,1878.918,1506.738,0.482,0.000,0,0,0,0,0,0,1,13.076,10.654,0.481,0.000
20,-30,155,0,100.000,1879.319,1506.472,1878.912,1506.725,0.479,0.000,0,0,0,0,0,0,0,8.825,10.754,0.505,0.000
20,-30,160,0,100.000,1879.319,1506.472,1878.936,1506.753,0.475,0.000,0,0,0,0,0,0,0,9.627,11.752,0.651,0.000
20,-30,165,0,100.000,1879.319,1506.472,1878.931,1506.752,0.478,0.000,0,0,0,0,0,0,0,10.428,9.780,0.367,0.000
20,-30,170,0,100.000,1879.319,1506.472,1878.932,1506.712,0.456,0.000,0,0,0,0,0,0,0,10.405,10.190,0.548,0.000
20,-30,175,0,100.000,1879.319,1506.472,1878.928,1506.735,0.471,0.000,0,0,0,0,0,0,0,11.409,11.422,0.372,0.000
20,-30,180,0,100.000,1879.319,1506.472,1878.913,1506.737,0.485,0.000,0,0,0,0,0,0,0,8.661,11.194,0.392,0.000
20,-30,185,0,100.000,1879.319,1506.472,1878.928,1506.734,0.471,0.000,0,0,0,0,0,0,0,8.071,8.869,0.467,0.000
20,-30,190,0,100.000,1879.319,1506.472,1878.971,1506.708,0.420,0.000,0,0,0,0,0,0,0,14.115,9.041,0.394,0.000
20,-30,195,0,100.000,1879.319,1506.472,1878.948,1506.696,0.434,0.000,0,0,0,0,0,0,0,9.475,11.744,0.433,0.000
20,-30,200,0,100.000,1879.319,1506.472,1879.097,1506.651,0.285,0.000,0,0,0,0,0,0,0,10.849,13.955,0.516,0.000
20,-30,205,0,100.000,1879.319,1506.472,1878.919,1506.743,0.483,0.000,0,0,0,0,0,0,0,12.984,10.800,0.475,0.000
20,-30,210,0,100.000,1879.319,1506.472,1878.939,1506.740,0.465,0.000,0,0,0,0,0,0,0,7.551,8.691,0.562,0.000
20,-30,215,0,100.000,1879.319,1506.472,1879.302,1506.563,0.093,0.000,0,0,0,0,0,0,0,11.699,11.822,0.536,0.000
20,-30,220,0,100.000,1879.319,1506.472,1878.908,1506.720,0.480,0.000,0,0,0,0,0,0,0,11.462,8.312,0.624,0.000
20,-30,225,0,100.000,1879.319,1506.472,1878.921,1506.746,0.483,0.000,0,0,0,0,0,0,0,14.115,7.432,0.542,0.000
20,-30,230,0,100.000,1879.319,1506.472,1878.927,1506.728,0.468,0.000,0,0,0,0,0,0,0,11.967,12.116,0.619,0.000
20,-30,235,0,100.000,1879.319,1506.472,1879.194,1506.620,0.193,0.000,0,0,0,0,0,0,0,10.549,15.088,0.473,0.000
20,-30,240,0,100.000,1879.319,1506.472,1878.930,1506.734,0.469,0.000,0,0,0,0,0,0,0,10.025,11.161,0.613,0.000
20,-30,245,0,100.000,1879.319,1506.472,1878.980,1506.708,0.413,0.000,0,0,0,0,0,0,0,10.586,10.652,0.612,0.000
20,-30,250,0,100.000,1879.319,1506.472,1878.934,1506.718,0.457,0.000,0,0,0,0,0,0,0,12.855,12.302,0.529,0.000
20,-30,255,0,100.000,1879.319,1506.472,1878.926,1506.730,0.470,0.000,0,0,0,0,0,0,0,11.239,10.739,0.616,0.000
20,-30,260,0,100.000,1879.319,1506.472,1878.916,1506.729,0.478,0.000,0,0,0,0,0,0,0,12.586,10.381,0.563,0.000
20,-30,265,0,100.000,1879.319,1506.472,1879.013,1506.707,0.386,0.000,0,0,0,0,0,0,0,10.523,11.760,0.656,0.000
20,-30,270,0,100.000,1879.319,1506.472,1878.932,1506.740,0.471,0.000,0,0,0,0,0,0,0,9.809,9.342,0.479,0.000
20,-30,275,0,100.000,1879.319,1506.472,1878.955,1506.747,0.457,0.000,0,0,0,0,0,0,0,11.100,14.656,0.600,0.000
20,-30,280,0,100.000,1879.319,1506.472,1878.920,1506.724,0.472,0.000,0,0,0,0,0,0,0,10.452,8.331,0.557,0.000
20,-30,285,0,100.000,1879.319,1506.472,1878.945,1506.733,0.456,0.000,0,0,0,0,0,0,0,9.383,13.044,0.563,0.000
20,-25,-10,0,0.000,1879.319,1506.472,,,,0.000,0,0,0,0,0,0,10,8.305,12.397,0.443,
20,-25,-5,0,0.000,1879.319,1506.472,,,,0.000,0,0,0,0,0,0,10,11.745,9.250,0.648,
20,-25,0,0,0.000,1879.319,1506.472,,,,0.000,0,0,0,0,0,0,10,11.027,14.564,0.593,
20,-25,5,0,0.000,1879.319,1506.472,,,,0.000,0,0,0,0,0,0,10,9.966,9.424,0.527,
20,-25,10,0,0.000,1879.319,1506.472,,,,0.000,0,0,0,0,0,0,10,9.608,11.551,0.578,
20,-25,15,0,0.000,1879.319,1506.472,,,,0.000,0,0,0,0,0,0,10,9.565,9.888,0.560,
20,-25,20,0,0.000,1879.319,1506.472,,,,0.000,0,0,0,0,0,0,10,11.958,13.761,0.523,
20,-25,25,0,0.000,1879.319,1506.472,,,,0.000,0,0,0,0,0,0,10,9.455,13.155,0.481,
20,-25,30,0,10.000,1879.319,1506.472,1878.878,1506.704,0.498,0.000,0,0,0,0,0,0,9,10.823,10.787,0.630,0.000
20,-25,35,0,0.000,1879.319,1506.472,,,,0.000,0,0,0,0,0,0,10,9.134,9.615,0.616,
20,-25,40,0,10.000,1879.319,1506.472,1878.902,1506.706,0.478,0.000,0,0,0,0,0,0,9,11.234,11.646,0.611,0.000
20,-25,45,0,20.000,1879.319,1506.472,1878.914,1506.765,0.500,0.000,0,0,0,0,0,0,8,11.197,10.955,0.646,0.000
20,-25,50,0,10.000,1879.319,1506.472,1878.919,1506.765,0.495,0.000,0,0,0,0,0,0,9,11.561,9.548,0.571,0.000
20,-25,55,0,30.000,1879.319,1506.472,1878.895,1506.693,0.478,0.000,0,0,0,0,0,0,7,12.442,12.050,0.674,0.000
20,-25,60,0,30.000,1879.319,1506.472,1878.891,1506.719,0.494,0.000,0,0,0,0,0,0,7,11.137,12.206,0.712,0.000
20,-25,65,0,40.000,1879.319,1506.472,1878.926,1506.748,0.480,0.000,0,0,0,0,0,0,6,13.334,10.836,0.387,0.000
20,-25,70,0,50.000,1879.319,1506.472,1878.908,1506.737,0.489,0.000,0,0,0,0,0,0,5,11.001,12.939,0.510,0.000
20,-25,75,0,40.000,1879.319,1506.472,1878.899,1506.704,0.480,0.000,0,0,0,0,0,0,6,7.794,10.342,0.403,0.000
20,-25,80,0,60.000,1879.319,1506.472,1878.928,1506.722,0.463,0.000,0,0,0,0,0,0,4,6.796,9.364,0.532,0.000
20,-25,85,0,50.000,1879.319,1506.472,1878.950,1506.744,0.458,0.000,0,0,0,0,0,0,5,13.647,11.989,0.487,0.000
20,-25,90,0,70.000,1879.319,1506.472,1878.908,1506.700,0.470,0.000,0,0,0,0,0,0,3,10.175,9.778,0.489,0.000
20,-25,95,0,80.000,1879.319,1506.472,1878.910,1506.750,0.495,0.000,0,0,0,0,0,0,2,11.676,12.507,0.375,0.000
20,-25,100,0,30.000,1879.319,1506.472,1878.905,1506.740,0.493,0.000,0,0,0,0,0,0,7,11.467,7.372,0.610,0.000
20,-25,105,0,80.000,1879.319,1506.472,1878.916,1506.715,0.470,0.000,0,0,0,0,0,0,2,11.032,12.365,0.600,0.000
20,-25,110,0,40.000,1879.319,1506.472,1878.894,1506.705,0.485,0.000,0,0,0,0,0,0,6,10.374,12.666,0.580,0.000
20,-25,115,0,80.000,1879.319,1506.472,1878.935,1506.741,0.469,0.000,0,0,0,0,0,0,2,13.908,13.072,0.664,0.000
20,-25,120,0,70.000,1879.319,1506.472,1878.940,1506.734,0.461,0.000,0,0,0,0,0,0,3,13.666,10.306,0.625,0.000
20,-25,125,0,90.000,1879.319,1506.472,1878.911,1506.722,0.478,0.000,0,0,0,0,0,0,1,11.629,11.777,0.637,0.000
20,-25,130,0,100.000,1879.319,1506.472,1878.952,1506.716,0.441,0.000,0,0,0,0,0,0,0,10.684,11.248,0.492,0.000
20,-25,135,0,100.000,1879.319,1506.472,1878.927,1506.726,0.467,0.000,0,0,0,0,0,0,0,9.203,8.252,0.452,0.000
20,-25,140,0,100.000,1879.319,1506.472,1879.000,1506.713,0.400,0.000,0,0,0,0,0,0,0,11.405,9.718,0.297,0.000
20,-25,145,0,100.000,1879.319,1506.472,1878.933,1506.746,0.473,0.000,0,0,0,0,0,0,0,9.229,12.976,0.558,0.000
20,-25,150,0,100.000,1879.319,1506.472,1878.929,1506.713,0.459,0.000,0,0,0,0,0,0,0,13.574,10.192,0.600,0.000
20,-25,155,0,100.000,1879.319,1506.472,1878.930,1506.730,0.467,0.000,0,0,0,0,0,0,0,12.353,12.232,0.486,0.000
20,-25,160,0,100.000,1879.319,1506.472,1879.166,1506.629,0.220,0.000,0,0,0,0,0,0,0,8.901,6.457,0.548,0.000
20,-25,165,0,100.000,1879.319,1506.472,1878.972,1506.719,0.426,0.000,0,0,0,0,0,0,0,11.489,9.323,0.413,0.000
20,-25,170,0,100.000,1879.319,1506.472,1879.142,1506.609,0.224,0.000,0,0,0,0,0,0,0,10.416,11.225,0.525,0.000
20,-25,175,0,100.000,1879.319,1506.472,1878.929,1506.724,0.464,0.000,0,0,0,0,0,0,0,10.124,8.665,0.432,0.000
20,-25,180,0,100.000,1879.319,1506.472,1878.934,1506.740,0.469,0.000,0,0,0,0,0,0,0,7.496,11.643,0.607,0.000
20,-25,185,0,100.000,1879.319,1506.472,1879.065,1506.662,0.317,0.000,0,0,0,0,0,0,0,11.696,9.545,0.528,0.000
20,-25,190,0,100.000,1879.319,1506.472,1878.979,1506.726,0.425,0.000,0,0,0,0,0,0,0,9.692,15.199,0.433,0.000
20,-25,195,0,100.000,1879.319,1506.472,1878.909,1506.723,0.481,0.000,0,0,0,0,0,0,0,11.082,11.486,0.414,0.000
20,-25,200,0,100.000,1879.319,1506.472,1878.988,1506.715,0.411,0.000,0,0,0,0,0,0,0,9.845,10.234,0.498,0.000
20,-25,205,0,100.000,1879.319,1506.472,1879.223,1506.598,0.159,0.000,0,0,0,0,0,0,0,13.053,11.952,0.561,0.000
20,-25,210,0,100.000,1879.319,1506.472,1878.933,1506.739,0.470,0.000,0,0,0,0,0,0,0,12.773,13.146,0.385,0.000
20,-25,215,0,100.000,1879.319,1506.472,1878.923,1506.728,0.472,0.000,0,0,0,0,0,0,0,6.264,11.003,0.434,0.000
20,-25,220,0,100.000,1879.319,1506.472,1878.927,1506.733,0.471,0.000,0,0,0,0,0,0,0,11.137,10.197,0.530,0.000
20,-25,225,0,100.000,1879.319,1506.472,1879.059,1506.679,0.332,0.000,0,0,0,0,0,0,0,12.685,13.189,0.611,0.000
20,-25,230,0,100.000,1879.319,1506.472,1879.181,1506.591,0.183,0.000,0,0,0,0,0,0,0,6.475,10.009,0.639,0.000
20,-25,235,0,100.000,1879.319,1506.472,1879.124,1506.633,0.253,0.000,0,0,0,0,0,0,0,14.073,8.655,0.372,0.000
20,-25,240,0,100.000,1879.319,1506.472,1879.001,1506.691,0.386,0.000,0,0,0,0,0,0,0,6.623,12.048,0.394,0.000
20,-25,245,0,100.000,1879.319,1506.472,1878.922,1506.740,0.479,0.000,0,0,0,0,0,0,0,11.636,9.849,0.570,0.000
20,-25,250,0,100.000,1879.319,1506.472,1879.583,1506.401,0.274,0.000,0,0,0,0,0,0,0,11.073,12.078,0.634,0.000
20,-25,255,0,100.000,1879.319,1506.472,1878.986,1506.686,0.396,0.000,0,0,0,0,0,0,0,10.039,9.102,0.453,0.000
20,-25,260,0,100.000,1879.319,1506.472,1879.177,1506.621,0.206,0.000,0,0,0,0,0,0,0,11.004,11.420,0.270,0.000
20,-25,265,0,100.000,1879.319,1506.472,1878.970,1506.722,0.429,0.000,0,0,0,0,0,0,0,6.001,12.240,0.497,0.000
20,-25,270,0,100.000,1879.319,1506.472,1878.933,1506.740,0.470,0.000,0,0,0,0,0,0,0,12.252,10.358,0.470,0.000
20,-25,275,0,100.000,1879.319,1506.472,1878.931,1506.738,0.470,0.000,0,0,0,0,0,0,0,12.493,9.655,0.638,0.000
20,-25,280,0,100.000,1879.319,1506.472,1878.917,1506.736,0.481,0.000,0,0,0,0,0,0,0,12.091,8.753,0.683,0.000
20,-25,285,0,100.000,1879.319,1506.472,1879.306,1506.538,0.067,0.000,0,0,0,0,0,0,0,8.497,10.920,0.336,0.000
20,-20,-10,0,0.000,1879.319,1506.472,,,,0.000,0,0,0,0,0,0,10,10.678,9.675,0.699,
20,-20,-5,0,0.000,1879.319,1506.472,,,,0.000,0,0,0,0,0,0,10,12.742,7.770,0.570,
20,-20,0,0,10.000,1879.319,1506.472,1878.917,1506.766,0.498,0.000,0,0,0,0,0,0,9,13.672,10.361,0.355,0.000
20,-20,5,0,0.000,1879.319,1506.472,,,,0.000,0,0,0,0,0,0,10,11.248,11.770,0.456,
20,-20,10,0,20.000,1879.319,1506.472,1878.918,1506.723,0.473,0.000,0,0,0,0,0,0,8,8.734,10.511,0.479,0.000
20,-20,15,0,20.000,1879.319,1506.472,1878.935,1506.756,0.478,0.000,0,0,0,0,0,0,8,6.779,9.128,0.598,0.000
20,-20,20,0,0.000,1879.319,1506.472,,,,0.000,0,0,0,0,0,0,10,11.574,10.979,0.698,
20,-20,25,0,20.000,1879.319,1506.472,1879.336,1506.568,0.098,0.000,0,0,0,0,0,0,8,10.976,8.855,0.642,0.000
20,-20,30,0,20.000,1879.319,1506.472,1878.892,1506.723,0.495,0.000,0,0,0,0,0,0,8,8.215,12.252,0.541,0.000
20,-20,35,0,20.000,1879.319,1506.472,1878.917,1506.710,0.467,0.000,0,0,0,0,0,0,8,12.089,10.911,0.607,0.000
20,-20,40,0,20.000,1879.319,1506.472,1878.886,1506.726,0.502,0.000,0,0,0,0,0,0,8,12.240,9.888,0.557,0.000
20,-20,45,0,40.000,1879.319,1506.472,1878.926,1506.727,0.469,0.000,0,0,0,0,0,0,6,11.054,12.264,0.696,0.000
20,-20,50,0,10.000,1879.319,1506.472,1878.869,1506.679,0.495,0.000,0,0,0,0,0,0,9,7.774,8.983,0.355,0.000
20,-20,55,0,40.000,1879.319,1506.472,1878.994,1506.693,0.393,0.000,0,0,0,0,0,0,6,13.648,13.013,0.561,0.000
20,-20,60,0,40.000,1879.319,1506.472,1879.156,1506.627,0.225,0.000,0,0,0,0,0,0,6,11.212,10.643,0.673,0.000
20,-20,65,0,40.000,1879.319,1506.472,1878.932,1506.698,0.448,0.000,0,0,0,0,0,0,6,12.722,11.618,0.565,0.000
20,-20,70,0,70.000,1879.319,1506.472,1878.934,1506.713,0.454,0.000,0,0,0,0,0,0,3,8.501,8.198,0.552,0.000
20,-20,75,0,50.000,1879.319,1506.472,1878.901,1506.751,0.503,0.000,0,0,0,0,0,0,5,11.453,10.555,0.548,0.000
20,-20,80,0,60.000,1879.319,1506.472,1878.912,1506.738,0.486,0.000,0,0,0,0,0,0,4,13.300,12.038,0.627,0.000
20,-20,85,0,50.000,1879.319,1506.472,1878.928,1506.739,0.474,0.000,0,0,0,0,0,0,5,10.038,12.773,0.389,0.000
20,-20,90,0,90.000,1879.319,1506.472,1878.938,1506.720,0.454,0.000,0,0,0,0,0,0,1,11.073,8.697,0.612,0.000
20,-20,95,0,80.000,1879.319,1506.472,1878.928,1506.751,0.480,0.000,0,0,0,0,0,0,2,11.042,9.068,0.594,0.000
20,-20,100,0,100.000,1879.319,1506.472,1878.979,1506.705,0.412,0.000,0,0,0,0,0,0,0,7.661,10.998,0.545,0.000
20,-20,105,0,80.000,1879.319,1506.472,1878.908,1506.722,0.481,0.000,0,0,0,0,0,0,2,11.766,11.679,0.197,0.000
20,-20,110,0,90.000,1879.319,1506.472,1878.928,1506.755,0.482,0.000,0,0,0,0,0,0,1,12.140,10.616,0.459,0.000
20,-20,115,0,90.000,1879.319,1506.472,1879.145,1506.619,0.228,0.000,0,0,0,0,0,0,1,8.470,9.866,0.374,0.000
20,-20,120,0,100.000,1879.319,1506.472,1879.052,1506.680,0.339,0.000,0,0,0,0,0,0,0,10.438,12.879,0.609,0.000
20,-20,125,0,100.000,1879.319,1506.472,1879.214,1506.603,0.168,0.000,0,0,0,0,0,0,0,12.475,11.632,0.590,0.000
20,-20,130,0,100.000,1879.319,1506.472,1879.222,1506.597,0.158,0.000,0,0,0,0,0,0,0,16.477,9.730,0.470,0.000
20,-20,135,0,100.000,1879.319,1506.472,1878.918,1506.716,0.470,0.000,0,0,0,0,0,0,0,10.244,8.908,0.639,0.000
20,-20,140,0,100.000,1879.319,1506.472,1879.168,1506.615,0.208,0.000,0,0,0,0,0,0,0,14.461,9.975,0.421,0.000
20,-20,145,0,100.000,1879.319,1506.472,1878.909,1506.723,0.480,0.000,0,0,0,0,0,0,0,10.123,9.217,0.596,0.000
20,-20,150,0,100.000,1879.319,1506.472,1878.904,1506.719,0.483,0.000,0,0,0,0,0,0,0,9.483,10.852,0.594,0.000
20,-20,155,0,100.000,1879.319,1506.472,1878.926,1506.740,0.476,0.000,0,0,0,0,0,0,0,10.980,8.533,0.441,0.000
20,-20,160,0,100.000,1879.319,1506.472,1878.957,1506.732,0.446,0.000,0,0,0,0,0,0,0,9.085,10.237,0.511,0.000
20,-20,165,0,100.000,1879.319,1506.472,1879.074,1506.670,0.314,0.000,0,0,0,0,0,0,0,8.985,12.091,0.587,0.000
20,-20,170,0,100.000,1879.319,1506.472,1878.903,1506.727,0.488,0.000,0,0,0,0,0,0,0,13.051,12.485,0.626,0.000
20,-20,175,0,100.000,1879.319,1506.472,1879.290,1506.565,0.097,0.000,0,0,0,0,0,0,0,11.842,10.570,0.626,0.000
20,-20,180,0,100.000,1879.319,1506.472,1878.939,1506.720,0.454,0.000,0,0,0,0,0,0,0,10.666,12.635,0.435,0.000
20,-20,185,0,100.000,1879.319,1506.472,1878.942,1506.711,0.446,0.000,0,0,0,0,0,0,0,11.344,10.627,0.560,0.000
20,-20,190,0,100.000,1879.319,1506.472,1878.993,1506.664,0.378,0.000,0,0,0,0,0,0,0,12.377,8.831,0.455,0.000
20,-20,195,0,100.000,1879.319,1506.472,1879.036,1506.661,0.341,0.000,0,0,0,0,0,0,0,13.380,9.939,0.680,0.000
20,-20,200,0,100.000,1879.319,1506.472,1879.188,1506.590,0.176,0.000,0,0,0,0,0,0,0,12.267,10.506,0.533,0.000
20,-20,205,0,100.000,1879.319,1506.472,1878.977,1506.682,0.401,0.000,0,0,0,0,0,0,0,6.279,10.883,0.609,0.000
20,-20,210,0,100.000,1879.319,1506.472,1879.106,1506.627,0.263,0.000,0,0,0,0,0,0,0,10.234,7.428,0.660,0.000
20,-20,215,0,100.000,1879.319,1506.472,1878.987,1506.694,0.399,0.000,0,0,0,0,0,0,0,10.739,11.630,0.387,0.000
20,-20,220,0,100.000,1879.319,1506.472,1879.125,1506.623,0.246,0.000,0,0,0,0,0,0,0,11.953,6.529,0.617,0.000
20,-20,225,0,100.000,1879.319,1506.472,1879.266,1506.573,0.114,0.000,0,0,0,0,0,0,0,10.743,12.850,0.409,0.000
20,-20,230,0,100.000,1879.319,1506.472,1879.081,1506.664,0.306,0.000,0,0,0,0,0,0,0,12.469,13.126,0.516,0.000
20,-20,235,0,100.000,1879.319,1506.472,1878.916,1506.730,0.479,0.000,0,0,0,0,0,0,0,14.200,11.519,0.611,0.000
20,-20,240,0,100.000,1879.319,1506.472,1878.917,1506.714,0.469,0.000,0,0,0,0,0,0,0,12.447,10.788,0.659,0.000
20,-20,245,0,100.000,1879.319,1506.472,1878.930,1506.731,0.468,0.000,0,0,0,0,0,0,0,8.164,9.528,0.448,0.000
20,-20,250,0,100.000,1879.319,1506.472,1878.964,1506.708,0.426,0.000,0,0,0,0,0,0,0,10.746,8.458,0.510,0.000
20,-20,255,0,100.000,1879.319,1506.472,1878.918,1506.725,0.474,0.000,0,0,0,0,0,0,0,12.526,13.208,0.501,0.000
20,-20,260,0,90.000,1879.319,1506.472,1879.092,1506.643,0.284,0.100,1,0,1,0,0,0,0,10.852,11.821,0.417,0.000
20,-20,265,0,100.000,1879.319,1506.472,1879.122,1506.645,0.262,0.000,0,0,0,0,0,0,0,11.237,10.494,0.593,0.000
20,-20,270,0,100.000,1879.319,1506.472,1879.092,1506.640,0.282,0.000,0,0,0,0,0,0,0,14.395,7.322,0.605,0.000
20,-20,275,0,100.000,1879.319,1506.472,1878.937,1506.731,0.461,0.000,0,0,0,0,0,0,0,11.529,11.094,0.374,0.000
20,-20,280,0,100.000,1879.319,1506.472,1879.433,1506.485,0.115,0.000,0,0,0,0,0,0,0,10.783,11.273,0.546,0.000
20,-20,285,0,100.000,1879.319,1506.472,1879.496,1506.457,0.177,0.000,0,0,0,0,0,0,0,9.871,10.609,0.732,0.000
20,-15,-10,0,0.000,1879.319,1506.472,,,,0.000,0,0,0,0,0,0,10,5.660,9.253,0.577,
20,-15,-5,0,0.000,1879.319,1506.472,,,,0.000,0,0,0,0,0,0,10,10.720,12.771,0.515,
20,-15,0,0,10.000,1879.319,1506.472,1879.001,1506.725,0.407,0.000,0,0,0,0,0,0,9,9.904,12.766,0.542,0.000
20,-15,5,0,10.000,1879.319,1506.472,1878.903,1506.772,0.513,0.000,0,0,0,0,0,0,9,9.272,10.148,0.373,0.000
20,-15,10,0,10.000,1879.319,1506.472,1878.925,1506.763,0.490,0.000,0,0,0,0,0,0,9,9.114,12.134,0.543,0.000
20,-15,15,0,0.000,1879.319,1506.472,,,,0.000,0,0,0,0,0,0,10,13.011,10.743,0.608,
20,-15,20,0,10.000,1879.319,1506.472,1878.911,1506.757,0.498,0.000,0,0,0,0,0,0,9,10.660,9.568,0.572,0.000
20,-15,25,0,30.000,1879.319,1506.472,1879.488,1506.460,0.170,0.000,0,0,0,0,0,0,7,12.883,13.948,0.477,0.000
20,-15,30,0,40.000,1879.319,1506.472,1879.263,1506.576,0.119,0.000,0,0,0,0,0,0,6,11.386,9.518,0.381,0.000
20,-15,35,0,30.000,1879.319,1506.472,1878.904,1506.717,0.482,0.000,0,0,0,0,0,0,7,12.705,6.521,0.654,0.000
20,-15,40,0,30.000,1879.319,1506.472,1878.997,1506.705,0.397,0.000,0,0,0,0,0,0,7,13.362,10.286,0.586,0.000
20,-15,45,0,40.000,1879.319,1506.472,1879.083,1506.688,0.320,0.000,0,0,0,0,0,0,6,9.525,10.880,0.603,0.000
20,-15,50,0,50.000,1879.319,1506.472,1879.220,1506.598,0.160,0.000,0,0,0,0,0,0,5,11.272,11.724,0.523,0.000
20,-15,55,0,70.000,1879.319,1506.472,1878.929,1506.725,0.465,0.000,0,0,0,0,0,0,3,8.307,13.766,0.652,0.000
20,-15,60,0,50.000,1879.319,1506.472,1879.137,1506.644,0.250,0.000,0,0,0,0,0,0,5,10.758,13.779,0.479,0.000
20,-15,65,0,60.000,1879.319,1506.472,1878.900,1506.722,0.487,0.000,0,0,0,0,0,0,4,10.679,12.027,0.506,0.000
20,-15,70,0,50.000,1879.319,1506.472,1879.079,1506.669,0.311,0.000,0,0,0,0,0,0,5,11.106,12.144,0.613,0.000
20,-15,75,0,70.000,1879.319,1506.472,1878.935,1506.752,0.476,0.000,0,0,0,0,0,0,3,10.511,11.511,0.678,0.000
20,-15,80,0,100.000,1879.319,1506.472,1878.960,1506.730,0.442,0.000,0,0,0,0,0,0,0,9.063,8.938,0.603,0.000
20,-15,85,0,100.000,1879.319,1506.472,1878.907,1506.736,0.489,0.000,0,0,0,0,0,0,0,8.071,13.125,0.604,0.000
20,-15,90,0,100.000,1879.319,1506.472,1878.938,1506.738,0.464,0.000,0,0,0,0,0,0,0,9.622,10.895,0.677,0.000
20,-15,95,0,90.000,1879.319,1506.472,1878.914,1506.738,0.485,0.000,0,0,0,0,0,0,1,10.509,9.982,0.577,0.000
20,-15,100,0,100.000,1879.319,1506.472,1878.904,1506.731,0.489,0.000,0,0,0,0,0,0,0,11.287,12.280,0.516,0.000
20,-15,105,0,100.000,1879.319,1506.472,1878.910,1506.745,0.491,0.000,0,0,0,0,0,0,0,11.064,10.606,0.452,0.000
20,-15,110,0,90.000,1879.319,1506.472,1878.921,1506.755,0.488,0.000,0,0,0,0,0,0,1,11.037,9.201,0.572,0.000
20,-15,115,0,100.000,1879.319,1506.472,1878.925,1506.732,0.471,0.000,0,0,0,0,0,0,0,13.453,11.492,0.695,0.000
20,-15,120,0,100.000,1879.319,1506.472,1878.923,1506.732,0.473,0.000,0,0,0,0,0,0,0,10.932,8.179,0.473,0.000
20,-15,125,0,100.000,1879.319,1506.472,1878.924,1506.726,0.470,0.000,0,0,0,0,0,0,0,8.780,11.848,0.589,0.000
20,-15,130,0,100.000,1879.319,1506.472,1878.908,1506.722,0.481,0.000,0,0,0,0,0,0,0,8.102,10.122,0.459,0.000
20,-15,135,0,100.000,1879.319,1506.472,1878.909,1506.736,0.488,0.000,0,0,0,0,0,0,0,10.926,12.026,0.533,0.000
20,-15,140,0,100.000,1879.319,1506.472,1878.989,1506.715,0.410,0.000,0,0,0,0,0,0,0,11.289,10.310,0.512,0.000
20,-15,145,0,100.000,1879.319,1506.472,1878.928,1506.733,0.471,0.000,0,0,0,0,0,0,0,10.104,11.961,0.617,0.000
20,-15,150,0,100.000,1879.319,1506.472,1878.924,1506.727,0.470,0.000,0,0,0,0,0,0,0,13.232,10.886,0.527,0.000
20,-15,155,0,100.000,1879.319,1506.472,1879.023,1506.673,0.358,0.000,0,0,0,0,0,0,0,12.361,8.702,0.454,0.000
20,-15,160,0,100.000,1879.319,1506.472,1878.938,1506.734,0.462,0.000,0,0,0,0,0,0,0,7.717,10.758,0.552,0.000
20,-15,165,0,100.000,1879.319,1506.472,1879.129,1506.650,0.261,0.000,0,0,0,0,0,0,0,12.355,13.132,0.518,0.000
20,-15,170,0,100.000,1879.319,1506.472,1879.001,1506.674,0.376,0.000,0,0,0,0,0,0,0,11.123,11.499,0.453,0.000
20,-15,175,0,100.000,1879.319,1506.472,1879.064,1506.668,0.322,0.000,0,0,0,0,0,0,0,8.938,7.796,0.489,0.000
20,-15,180,0,100.000,1879.319,1506.472,1878.963,1506.709,0.428,0.000,0,0,0,0,0,0,0,10.616,11.172,0.584,0.000
20,-15,185,0,100.000,1879.319,1506.472,1878.984,1506.712,0.412,0.000,0,0,0,0,0,0,0,12.227,9.224,0.535,0.000
20,-15,190,0,100.000,1879.319,1506.472,1879.054,1506.686,0.341,0.000,0,0,0,0,0,0,0,12.325,9.289,0.582,0.000
20,-15,195,0,100.000,1879.319,1506.472,1879.017,1506.693,0.374,0.000,0,0,0,0,0,0,0,8.223,8.275,0.432,0.000
20,-15,200,0,100.000,1879.319,1506.472,1879.205,1506.590,0.164,0.000,0,0,0,0,0,0,0,10.767,10.113,0.458,0.000
20,-15,205,0,100.000,1879.319,1506.472,1879.088,1506.653,0.293,0.000,0,0,0,0,0,0,0,9.517,8.107,0.573,0.000
20,-15,210,0,100.000,1879.319,1506.472,1879.050,1506.682,0.341,0.000,0,0,0,0,0,0,0,15.334,11.776,0.559,0.000
20,-15,215,0,100.000,1879.319,1506.472,1879.302,1506.554,0.084,0.000,0,0,0,0,0,0,0,8.484,9.642,0.540,0.000
20,-15,220,0,100.000,1879.319,1506.472,1878.921,1506.742,0.481,0.000,0,0,0,0,0,0,0,8.310,11.250,0.567,0.000
20,-15,225,0,90.000,1879.319,1506.472,1879.258,1506.570,0.115,0.100,1,0,1,0,0,0,0,12.484,12.702,0.703,0.000
20,-15,230,0,100.000,1879.319,1506.472,1878.924,1506.727,0.470,0.000,0,0,0,0,0,0,0,10.499,10.992,0.629,0.000
20,-15,235,0,100.000,1879.319,1506.472,1879.055,1506.665,0.327,0.000,0,0,0,0,0,0,0,13.358,9.978,0.438,0.000
20,-15,240,0,100.000,1879.319,1506.472,1879.093,1506.644,0.284,0.000,0,0,0,0,0,0,0,10.688,11.569,0.503,0.000
20,-15,245,0,100.000,1879.319,1506.472,1879.012,1506.686,0.374,0.000,0,0,0,0,0,0,0,9.193,7.434,0.453,0.000
20,-15,250,0,100.000,1879.319,1506.472,1878.995,1506.689,0.390,0.000,0,0,0,0,0,0,0,11.269,11.440,0.499,0.000
20,-15,255,0,100.000,1879.319,1506.472,1879.054,1506.674,0.333,0.000,0,0,0,0,0,0,0,10.521,10.477,0.417,0.000
20,-15,260,0,100.000,1879.319,1506.472,1878.912,1506.738,0.486,0.000,0,0,0,0,0,0,0,11.689,10.524,0.630,0.000
20,-15,265,0,100.000,1879.319,1506.472,1879.459,1506.462,0.141,0.000,0,0,0,0,0,0,0,9.644,11.224,0.546,0.000
20,-15,270,0,100.000,1879.319,1506.472,1878.930,1506.728,0.465,0.000,0,0,0,0,0,0,0,15.650,7.046,0.466,0.000
20,-15,275,0,100.000,1879.319,1506.472,1879.147,1506.638,0.239,0.000,0,0,0,0,0,0,0,11.633,11.472,0.508,0.000
20,-15,280,0,100.000,1879.319,1506.472,1879.157,1506.628,0.225,0.000,0,0,0,0,0,0,0,9.056,9.923,0.524,0.000
20,-15,285,0,100.000,1879.319,1506.472,1879.238,1506.573,0.130,0.000,0,0,0,0,0,0,0,12.324,9.319,0.644,0.000
20,-10,-10,0,0.000,1879.319,1506.472,,,,0.000,0,0,0,0,0,0,10,10.088,10.670,0.635,
20,-10,-5,0,0.000,1879.319,1506.472,,,,0.000,0,0,0,0,0,0,10,5.913,8.202,0.557,
20,-10,0,0,0.000,1879.319,1506.472,,,,0.000,0,0,0,0,0,0,10,10.605,11.943,0.579,
20,-10,5,0,10.000,1879.319,1506.472,1878.905,1506.670,0.459,0.000,0,0,0,0,0,0,9,10.331,8.905,0.524,0.000
20,-10,10,0,20.000,1879.319,1506.472,1880.402,1506.038,1.167,0.000,0,0,0,0,0,0,8,11.714,11.481,0.503,0.000
20,-10,15,0,10.000,1879.319,1506.472,1878.908,1506.660,0.452,0.000,0,0,0,0,0,0,9,12.310,10.248,0.511,0.000
20,-10,20,0,20.000,1879.319,1506.472,1879.276,1506.567,0.105,0.000,0,0,0,0,0,0,8,11.219,11.133,0.584,0.000
20,-10,25,0,10.000,1879.319,1506.472,1880.300,1506.105,1.048,0.000,0,0,0,0,0,0,9,10.665,9.926,0.533,0.000
20,-10,30,0,50.000,1879.319,1506.472,1879.846,1506.308,0.552,0.000,0,0,0,0,0,0,5,10.047,10.719,0.348,0.000
20,-10,35,0,50.000,1879.319,1506.472,1878.914,1506.767,0.501,0.000,0,0,0,0,0,0,5,7.826,10.278,0.465,0.000
20,-10,40,0,60.000,1879.319,1506.472,1879.652,1506.402,0.340,0.000,0,0,0,0,0,0,4,9.049,9.337,0.643,0.000
20,-10,45,0,60.000,1879.319,1506.472,1879.065,1506.671,0.322,0.000,0,0,0,0,0,0,4,11.962,16.066,0.569,0.000
20,-10,50,0,70.000,1879.319,1506.472,1879.062,1506.660,0.318,0.000,0,0,0,0,0,0,3,13.121,10.862,0.546,0.000
20,-10,55,0,80.000,1879.319,1506.472,1879.672,1506.376,0.367,0.000,0,0,0,0,0,0,2,12.603,11.955,0.562,0.000
20,-10,60,0,80.000,1879.319,1506.472,1879.353,1506.532,0.069,0.000,0,0,0,0,0,0,2,9.475,12.440,0.518,0.000
20,-10,65,0,70.000,1879.319,1506.472,1879.542,1506.456,0.224,0.000,0,0,0,0,0,0,3,14.269,12.041,0.538,0.000
20,-10,70,0,80.000,1879.319,1506.472,1878.964,1506.721,0.434,0.000,0,0,0,0,0,0,2,12.092,11.135,0.475,0.000
20,-10,75,0,100.000,1879.319,1506.472,1879.087,1506.646,0.290,0.000,0,0,0,0,0,0,0,7.173,7.106,0.583,0.000
20,-10,80,0,100.000,1879.319,1506.472,1879.004,1506.698,0.388,0.000,0,0,0,0,0,0,0,10.667,9.201,0.382,0.000
20,-10,85,0,100.000,1879.319,1506.472,1879.008,1506.678,0.373,0.000,0,0,0,0,0,0,0,10.883,14.854,0.551,0.000
20,-10,90,0,100.000,1879.319,1506.472,1879.027,1506.691,0.365,0.000,0,0,0,0,0,0,0,10.877,9.032,0.538,0.000
20,-10,95,0,100.000,1879.319,1506.472,1878.906,1506.713,0.478,0.000,0,0,0,0,0,0,0,13.059,12.316,0.668,0.000
20,-10,100,0,100.000,1879.319,1506.472,1878.927,1506.727,0.468,0.000,0,0,0,0,0,0,0,12.659,7.737,0.589,0.000
20,-10,105,0,100.000,1879.319,1506.472,1879.288,1506.562,0.096,0.000,0,0,0,0,0,0,0,13.624,10.792,0.402,0.000
20,-10,110,0,100.000,1879.319,1506.472,1879.009,1506.701,0.385,0.000,0,0,0,0,0,0,0,9.440,9.011,0.574,0.000
20,-10,115,0,100.000,1879.319,1506.472,1878.913,1506.731,0.482,0.000,0,0,0,0,0,0,0,12.446,7.151,0.565,0.000
20,-10,120,0,100.000,1879.319,1506.472,1879.256,1506.564,0.111,0.000,0,0,0,0,0,0,0,7.798,11.633,0.605,0.000
20,-10,125,0,100.000,1879.319,1506.472,1878.921,1506.722,0.470,0.000,0,0,0,0,0,0,0,10.464,12.250,0.520,0.000
20,-10,130,0,100.000,1879.319,1506.472,1878.929,1506.734,0.470,0.000,0,0,0,0,0,0,0,10.411,8.742,0.490,0.000
20,-10,135,0,100.000,1879.319,1506.472,1879.125,1506.652,0.264,0.000,0,0,0,0,0,0,0,10.805,10.714,0.397,0.000
20,-10,140,0,100.000,1879.319,1506.472,1879.240,1506.584,0.137,0.000,0,0,0,0,0,0,0,8.415,9.138,0.625,0.000
20,-10,145,0,100.000,1879.319,1506.472,1879.001,1506.690,0.385,0.000,0,0,0,0,0,0,0,7.971,11.357,0.534,0.000
20,-10,150,0,100.000,1879.319,1506.472,1879.169,1506.617,0.209,0.000,0,0,0,0,0,0,0,11.139,11.010,0.595,0.000
20,-10,155,0,100.000,1879.319,1506.472,1879.053,1506.677,0.336,0.000,0,0,0,0,0,0,0,11.457,13.860,0.601,0.000
20,-10,160,0,100.000,1879.319,1506.472,1879.035,1506.696,0.361,0.000,0,0,0,0,0,0,0,8.782,10.101,0.436,0.000
20,-10,165,0,100.000,1879.319,1506.472,1878.927,1506.747,0.479,0.000,0,0,0,0,0,0,0,9.725,12.108,0.378,0.000
20,-10,170,0,100.000,1879.319,1506.472,1878.931,1506.741,0.472,0.000,0,0,0,0,0,0,0,9.525,9.836,0.559,0.000
20,-10,175,0,100.000,1879.319,1506.472,1879.158,1506.629,0.225,0.000,0,0,0,0,0,0,0,8.965,13.051,0.664,0.000
20,-10,180,0,80.000,1879.319,1506.472,1879.089,1506.648,0.289,0.200,1,0,2,0,0,0,0,12.711,12.674,0.469,0.000
20,-10,185,0,100.000,1879.319,1506.472,1879.107,1506.645,0.274,0.000,0,0,0,0,0,0,0,11.891,8.776,0.543,0.000
20,-10,190,0,100.000,1879.319,1506.472,1879.145,1506.645,0.245,0.000,0,0,0,0,0,0,0,10.554,11.863,0.473,0.000
20,-10,195,0,100.000,1879.319,1506.472,1878.919,1506.742,0.483,0.000,0,0,0,0,0,0,0,11.286,11.726,0.469,0.000
20,-10,200,0,100.000,1879.319,1506.472,1878.915,1506.747,0.489,0.000,0,0,0,0,0,0,0,12.480,9.825,0.581,0.000
20,-10,205,0,100.000,1879.319,1506.472,1878.954,1506.730,0.447,0.000,0,0,0,0,0,0,0,10.632,12.613,0.518,0.000
20,-10,210,0,90.000,1879.319,1506.472,1879.346,1506.538,0.071,0.100,1,0,1,0,0,0,0,9.818,8.908,0.344,0.000
20,-10,215,0,100.000,1879.319,1506.472,1879.245,1506.579,0.130,0.000,0,0,0,0,0,0,0,12.674,12.700,0.593,0.000
20,-10,220,0,100.000,1879.319,1506.472,1879.135,1506.633,0.245,0.000,0,0,0,0,0,0,0,10.850,12.401,0.488,0.000
20,-10,225,0,100.000,1879.319,1506.472,1879.137,1506.621,0.235,0.000,0,0,0,0,0,0,0,8.582,10.347,0.542,0.000
20,-10,230,0,100.000,1879.319,1506.472,1879.208,1506.600,0.170,0.000,0,0,0,0,0,0,0,9.983,13.829,0.593,0.000
20,-10,235,0,100.000,1879.319,1506.472,1879.222,1506.584,0.148,0.000,0,0,0,0,0,0,0,9.219,10.050,0.576,0.000
20,-10,240,0,100.000,1879.319,1506.472,1879.339,1506.530,0.062,0.000,0,0,0,0,0,0,0,7.896,9.842,0.639,0.000
20,-10,245,0,100.000,1879.319,1506.472,1879.323,1506.546,0.075,0.000,0,0,0,0,0,0,0,13.886,8.292,0.473,0.000
20,-10,250,0,100.000,1879.319,1506.472,1878.955,1506.725,0.443,0.000,0,0,0,0,0,0,0,11.969,11.735,0.580,0.000
20,-10,255,0,80.000,1879.319,1506.472,1879.385,1506.469,0.066,0.200,1,0,2,0,0,0,0,11.296,13.051,0.404,0.000
20,-10,260,0,100.000,1879.319,1506.472,1878.914,1506.719,0.475,0.000,0,0,0,0,0,0,0,9.772,11.383,0.678,0.000
20,-10,265,0,100.000,1879.319,1506.472,1879.022,1506.678,0.362,0.000,0,0,0,0,0,0,0,10.244,10.269,0.644,0.000
20,-10,270,0,90.000,1879.319,1506.472,1879.076,1506.656,0.305,0.100,1,0,1,0,0,0,0,10.943,9.710,0.524,0.000
20,-10,275,0,90.000,1879.319,1506.472,1879.211,1506.604,0.171,0.100,1,0,1,0,0,0,0,6.728,11.340,0.563,0.000
20,-10,280,0,80.000,1879.319,1506.472,1878.972,1506.709,0.420,0.200,1,0,2,0,0,0,0,14.545,14.897,0.674,0.000
20,-10,285,0,90.000,1879.319,1506.472,1878.900,1506.717,0.486,0.100,1,0,1,0,0,0,0,9.415,10.495,0.587,0.000
20,-5,-10,0,0.000,1879.319,1506.472,,,,0.100,1,0,1,0,0,0,9,8.658,12.514,0.596,
20,-5,-5,0,0.000,1879.319,1506.472,,,,0.000,0,0,0,0,0,0,10,11.981,11.592,0.486,
20,-5,0,0,10.000,1879.319,1506.472,1880.437,1506.035,1.200,0.000,0,0,0,0,0,0,9,10.459,10.151,0.602,0.000
20,-5,5,0,0.000,1879.319,1506.472,,,,0.100,1,0,1,0,0,0,9,14.885,10.237,0.729,
20,-5,10,0,30.000,1879.319,1506.472,1879.551,1506.437,0.235,0.100,1,0,1,0,0,0,6,11.367,11.732,0.601,0.000
20,-5,15,0,60.000,1879.319,1506.472,1879.229,1506.579,0.140,0.100,1,0,1,0,0,0,3,7.815,10.568,0.349,0.000
20,-5,20,0,30.000,1879.319,1506.472,1879.550,1506.462,0.232,0.000,0,0,0,0,0,0,7,10.769,9.547,0.513,0.000
20,-5,25,0,30.000,1879.319,1506.472,1878.900,1506.722,0.487,0.300,1,0,3,0,0,0,4,11.367,11.098,0.404,0.000
20,-5,30,0,40.000,1879.319,1506.472,1879.174,1506.610,0.200,0.100,1,0,1,0,0,0,5,9.065,8.888,0.585,0.000
20,-5,35,0,20.000,1879.319,1506.472,1878.891,1506.738,0.504,0.200,1,0,2,0,0,0,6,12.213,10.420,0.466,0.000
20,-5,40,0,50.000,1879.319,1506.472,1878.915,1506.736,0.483,0.100,1,0,1,0,0,0,4,10.078,14.985,0.624,0.000
20,-5,45,0,40.000,1879.319,1506.472,1878.903,1506.710,0.479,0.000,0,0,0,0,0,0,6,9.346,9.150,0.529,0.000
20,-5,50,0,80.000,1879.319,1506.472,1879.235,1506.611,0.162,0.200,1,0,2,0,0,0,0,11.181,12.564,0.525,0.000
20,-5,55,0,90.000,1879.319,1506.472,1878.933,1506.727,0.463,0.100,1,0,1,0,0,0,0,8.210,7.298,0.536,0.000
20,-5,60,0,80.000,1879.319,1506.472,1879.026,1506.694,0.367,0.100,1,0,1,0,0,0,1,9.742,13.709,0.637,0.000
20,-5,65,0,80.000,1879.319,1506.472,1879.086,1506.664,0.302,0.000,0,0,0,0,0,0,2,9.551,10.457,0.489,0.000
20,-5,70,0,100.000,1879.319,1506.472,1879.055,1506.658,0.323,0.000,0,0,0,0,0,0,0,7.889,12.808,0.666,0.000
20,-5,75,0,70.000,1879.319,1506.472,1879.036,1506.687,0.356,0.200,1,0,2,0,0,0,1,12.680,11.362,0.509,0.000
20,-5,80,0,70.000,1879.319,1506.472,1879.536,1506.425,0.222,0.300,1,0,3,0,0,0,0,14.340,8.796,0.637,0.000
20,-5,85,0,70.000,1879.319,1506.472,1879.142,1506.637,0.242,0.300,1,0,3,0,0,0,0,12.946,13.820,0.441,0.000
20,-5,90,0,90.000,1879.319,1506.472,1879.020,1506.701,0.377,0.100,1,0,1,0,0,0,0,10.974,11.666,0.480,0.000
20,-5,95,0,80.000,1879.319,1506.472,1879.241,1506.573,0.127,0.200,1,0,2,0,0,0,0,11.636,11.191,0.720,0.000
20,-5,100,0,90.000,1879.319,1506.472,1878.924,1506.745,0.480,0.100,1,0,1,0,0,0,0,10.908,6.616,0.549,0.000
20,-5,105,0,100.000,1879.319,1506.472,1879.205,1506.590,0.164,0.000,0,0,0,0,0,0,0,9.960,9.680,0.605,0.000
20,-5,110,0,90.000,1879.319,1506.472,1879.026,1506.669,0.352,0.100,1,0,1,0,0,0,0,11.996,8.786,0.484,0.000
20,-5,115,0,100.000,1879.319,1506.472,1879.071,1506.660,0.311,0.000,0,0,0,0,0,0,0,7.509,9.017,0.626,0.000
20,-5,120,0,100.000,1879.319,1506.472,1878.983,1506.705,0.409,0.000,0,0,0,0,0,0,0,11.326,12.367,0.552,0.000
20,-5,125,0,100.000,1879.319,1506.472,1879.099,1506.631,0.271,0.000,0,0,0,0,0,0,0,10.240,9.980,0.539,0.000
20,-5,130,0,70.000,1879.319,1506.472,1879.025,1506.684,0.362,0.300,1,0,3,0,0,0,0,13.985,5.669,0.499,0.000
20,-5,135,0,70.000,1879.319,1506.472,1878.912,1506.716,0.475,0.300,1,0,3,0,0,0,0,11.598,10.700,0.462,0.000
20,-5,140,0,90.000,1879.319,1506.472,1879.146,1506.599,0.214,0.100,1,0,1,0,0,0,0,11.640,10.420,0.376,0.000
20,-5,145,0,100.000,1879.319,1506.472,1879.459,1506.463,0.141,0.000,0,0,0,0,0,0,0,9.472,10.714,0.540,0.000
20,-5,150,0,60.000,1879.319,1506.472,1879.110,1506.642,0.270,0.400,1,0,4,0,0,0,0,13.263,14.047,0.496,0.000
20,-5,155,0,90.000,1879.319,1506.472,1879.080,1506.634,0.289,0.100,1,0,1,0,0,0,0,8.396,13.234,0.465,0.000
20,-5,160,0,70.000,1879.319,1506.472,1878.926,1506.737,0.474,0.300,1,0,3,0,0,0,0,12.126,10.570,0.572,0.000
20,-5,165,0,90.000,1879.319,1506.472,1879.048,1506.659,0.329,0.100,1,0,1,0,0,0,0,10.632,10.372,0.478,0.000
20,-5,170,0,100.000,1879.319,1506.472,1878.956,1506.721,0.440,0.000,0,0,0,0,0,0,0,6.796,12.858,0.604,0.000
20,-5,175,0,90.000,1879.319,1506.472,1878.963,1506.736,0.443,0.100,1,0,1,0,0,0,0,12.623,10.610,0.509,0.000
20,-5,180,0,80.000,1879.319,1506.472,1878.926,1506.749,0.481,0.200,1,0,2,0,0,0,0,9.094,9.537,0.405,0.000
20,-5,185,0,100.000,1879.319,1506.472,1879.114,1506.630,0.259,0.000,0,0,0,0,0,0,0,10.692,9.564,0.621,0.000
20,-5,190,0,80.000,1879.319,1506.472,1879.077,1506.660,0.307,0.200,1,0,2,0,0,0,0,12.673,12.369,0.360,0.000
20,-5,195,0,70.000,1879.319,1506.472,1879.231,1506.596,0.152,0.300,1,0,3,0,0,0,0,11.456,14.092,0.347,0.000
20,-5,200,0,90.000,1879.319,1506.472,1878.950,1506.707,0.437,0.100,1,0,1,0,0,0,0,12.015,11.123,0.568,0.000
20,-5,205,0,70.000,1879.319,1506.472,1879.150,1506.599,0.211,0.300,1,0,3,0,0,0,0,9.556,10.546,0.564,0.000
20,-5,210,0,90.000,1879.319,1506.472,1879.024,1506.678,0.360,0.100,1,0,1,0,0,0,0,12.152,9.780,0.371,0.000
20,-5,215,0,100.000,1879.319,1506.472,1879.422,1506.511,0.111,0.000,0,0,0,0,0,0,0,9.805,13.228,0.549,0.000
20,-5,220,0,80.000,1879.319,1506.472,1878.970,1506.682,0.408,0.200,1,0,2,0,0,0,0,15.649,10.068,0.420,0.000
20,-5,225,0,90.000,1879.319,1506.472,1879.095,1506.664,0.295,0.100,1,0,1,0,0,0,0,12.113,12.482,0.427,0.000
20,-5,230,0,80.000,1879.319,1506.472,1879.289,1506.562,0.095,0.200,1,0,2,0,0,0,0,11.870,10.397,0.642,0.000
20,-5,235,0,70.000,1879.319,1506.472,1879.171,1506.619,0.208,0.300,1,0,3,0,0,0,0,13.745,10.705,0.557,0.000
20,-5,240,0,90.000,1879.319,1506.472,1879.194,1506.583,0.168,0.100,1,0,1,0,0,0,0,12.039,11.866,0.475,0.000
20,-5,245,0,80.000,1879.319,1506.472,1879.014,1506.672,0.365,0.200,1,0,2,0,0,0,0,10.542,11.565,0.638,0.000
20,-5,250,0,90.000,1879.319,1506.472,1879.418,1506.487,0.100,0.100,1,0,1,0,0,0,0,9.020,13.439,0.480,0.000
20,-5,255,0,90.000,1879.319,1506.472,1879.351,1506.520,0.058,0.100,1,0,1,0,0,0,0,9.737,9.614,0.501,0.000
20,-5,260,0,90.000,1879.319,1506.472,1879.117,1506.640,0.263,0.100,1,0,1,0,0,0,0,10.539,12.244,0.565,0.000
20,-5,265,0,90.000,1879.319,1506.472,1879.115,1506.641,0.265,0.100,1,0,1,0,0,0,0,11.028,13.027,0.538,0.000
20,-5,270,0,70.000,1879.319,1506.472,1879.225,1506.577,0.141,0.300,1,0,3,0,0,0,0,12.151,8.503,0.328,0.000
20,-5,275,0,70.000,1879.319,1506.472,1879.149,1506.618,0.224,0.300,1,0,3,0,0,0,0,12.192,11.168,0.534,0.000
20,-5,280,0,80.000,1879.319,1506.472,1879.049,1506.686,0.344,0.200,1,0,2,0,0,0,0,14.508,8.550,0.519,0.000
20,-5,285,0,80.000,1879.319,1506.472,1878.914,1506.732,0.481,0.200,1,0,2,0,0,0,0,9.514,10.637,0.616,0.000
20,0,-10,0,0.000,1879.319,1506.472,,,,0.000,0,0,0,0,0,0,10,12.232,10.956,0.495,
20,0,-5,0,0.000,1879.319,1506.472,,,,0.100,1,0,1,0,0,0,9,11.856,14.856,0.591,
20,0,0,0,0.000,1879.319,1506.472,,,,0.100,1,0,1,0,0,0,9,14.166,10.771,0.582,
20,0,5,0,20.000,1879.319,1506.472,1880.925,1505.768,1.754,0.100,1,0,1,0,0,0,7,10.730,11.592,0.700,0.000
20,0,10,0,40.000,1879.319,1506.472,1879.108,1506.623,0.260,0.100,1,0,1,0,0,0,5,12.397,7.531,0.507,0.000
20,0,15,0,0.000,1879.319,1506.472,,,,0.200,1,0,2,0,0,0,8,11.990,9.521,0.540,
20,0,20,0,30.000,1879.319,1506.472,1879.232,1506.555,0.120,0.400,1,0,4,0,0,0,3,10.553,12.338,0.413,0.000
20,0,25,0,30.000,1879.319,1506.472,1879.485,1506.470,0.166,0.200,1,0,2,0,0,0,5,9.813,10.509,0.612,0.000
20,0,30,0,40.000,1879.319,1506.472,1880.358,1506.053,1.120,0.400,1,0,4,0,0,0,2,10.394,12.120,0.532,0.000
20,0,35,0,70.000,1879.319,1506.472,1878.900,1506.729,0.492,0.300,1,0,3,0,0,0,0,9.789,8.070,0.517,0.000
20,0,40,0,50.000,1879.319,1506.472,1878.913,1506.696,0.464,0.200,1,0,2,0,0,0,3,10.862,9.744,0.540,0.000
20,0,45,0,70.000,1879.319,1506.472,1879.770,1506.337,0.471,0.200,1,0,2,0,0,0,1,9.234,9.447,0.587,0.000
20,0,50,0,70.000,1879.319,1506.472,1879.518,1506.450,0.200,0.100,1,0,1,0,0,0,2,8.953,11.210,0.569,0.000
20,0,55,0,70.000,1879.319,1506.472,1879.659,1506.376,0.353,0.300,1,0,3,0,0,0,0,8.808,13.511,0.440,0.000
20,0,60,0,80.000,1879.319,1506.472,1879.064,1506.671,0.324,0.000,0,0,0,0,0,0,2,8.392,10.749,0.546,0.000
20,0,65,0,60.000,1879.319,1506.472,1879.166,1506.603,0.202,0.300,1,0,3,0,0,0,1,12.167,9.981,0.613,0.000
20,0,70,0,60.000,1879.319,1506.472,1878.956,1506.734,0.448,0.400,1,0,4,0,0,0,0,14.317,12.194,0.551,0.000
20,0,75,0,80.000,1879.319,1506.472,1878.909,1506.703,0.470,0.200,1,0,2,0,0,0,0,8.488,9.239,0.486,0.000
20,0,80,0,90.000,1879.319,1506.472,1878.911,1506.724,0.480,0.100,1,0,1,0,0,0,0,10.205,8.519,0.700,0.000
20,0,85,0,40.000,1879.319,1506.472,1879.025,1506.696,0.370,0.600,1,0,6,0,0,0,0,12.353,13.106,0.504,0.000
20,0,90,0,100.000,1879.319,1506.472,1879.149,1506.616,0.223,0.000,0,0,0,0,0,0,0,6.738,12.155,0.511,0.000
20,0,95,0,50.000,1879.319,1506.472,1878.990,1506.729,0.418,0.500,1,0,5,0,0,0,0,10.458,7.991,0.604,0.000
20,0,100,0,100.000,1879.319,1506.472,1878.968,1506.721,0.430,0.000,0,0,0,0,0,0,0,6.917,10.068,0.535,0.000
20,0,105,0,100.000,1879.319,1506.472,1879.133,1506.631,0.245,0.000,0,0,0,0,0,0,0,9.817,6.561,0.556,0.000
20,0,110,0,60.000,1879.319,1506.472,1879.139,1506.632,0.241,0.400,1,0,4,0,0,0,0,12.580,11.097,0.479,0.000
20,0,115,0,70.000,1879.319,1506.472,1879.018,1506.690,0.371,0.300,1,0,3,0,0,0,0,13.541,8.423,0.639,0.000
20,0,120,0,70.000,1879.319,1506.472,1878.990,1506.724,0.415,0.300,1,0,3,0,0,0,0,12.423,13.749,0.546,0.000
20,0,125,0,90.000,1879.319,1506.472,1878.945,1506.720,0.448,0.100,1,0,1,0,0,0,0,10.088,13.724,0.595,0.000
20,0,130,0,90.000,1879.319,1506.472,1878.915,1506.736,0.483,0.100,1,0,1,0,0,0,0,9.234,14.027,0.577,0.000
20,0,135,0,80.000,1879.319,1506.472,1878.930,1506.737,0.471,0.200,1,0,2,0,0,0,0,10.149,12.267,0.605,0.000
20,0,140,0,60.000,1879.319,1506.472,1879.143,1506.626,0.233,0.400,1,0,4,0,0,0,0,11.910,10.599,0.647,0.000
20,0,145,0,70.000,1879.319,1506.472,1879.123,1506.635,0.255,0.300,1,0,3,0,0,0,0,13.725,9.037,0.531,0.000
20,0,150,0,80.000,1879.319,1506.472,1878.910,1506.714,0.475,0.200,1,0,2,0,0,0,0,9.825,8.319,0.684,0.000
20,0,155,0,50.000,1879.319,1506.472,1878.912,1506.728,0.480,0.500,1,0,5,0,0,0,0,8.353,8.624,0.506,0.000
20,0,160,0,100.000,1879.319,1506.472,1878.914,1506.729,0.480,0.000,0,0,0,0,0,0,0,6.406,10.541,0.524,0.000
20,0,165,0,100.000,1879.319,1506.472,1878.906,1506.722,0.482,0.000,0,0,0,0,0,0,0,7.698,11.927,0.561,0.000
20,0,170,0,80.000,1879.319,1506.472,1879.013,1506.679,0.369,0.200,1,0,2,0,0,0,0,11.898,11.388,0.501,0.000
20,0,175,0,70.000,1879.319,1506.472,1879.136,1506.642,0.249,0.300,1,0,3,0,0,0,0,12.724,12.259,0.521,0.000
20,0,180,0,90.000,1879.319,1506.472,1879.158,1506.627,0.224,0.100,1,0,1,0,0,0,0,6.359,9.514,0.705,0.000
20,0,185,0,40.000,1879.319,1506.472,1878.929,1506.750,0.479,0.600,1,0,6,0,0,0,0,10.819,13.250,0.502,0.000
20,0,190,0,70.000,1879.319,1506.472,1878.927,1506.731,0.470,0.300,1,0,3,0,0,0,0,10.229,11.066,0.340,0.000
20,0,195,0,80.000,1879.319,1506.472,1878.933,1506.723,0.460,0.200,1,0,2,0,0,0,0,10.880,10.085,0.538,0.000
20,0,200,0,90.000,1879.319,1506.472,1879.494,1506.468,0.175,0.100,1,0,1,0,0,0,0,9.327,10.040,0.530,0.000
20,0,205,0,60.000,1879.319,1506.472,1878.923,1506.734,0.474,0.400,1,0,4,0,0,0,0,10.825,9.371,0.556,0.000
20,0,210,0,60.000,1879.319,1506.472,1878.985,1506.683,0.395,0.400,1,0,4,0,0,0,0,15.819,12.128,0.584,0.000
20,0,215,0,60.000,1879.319,1506.472,1879.177,1506.602,0.192,0.400,1,0,4,0,0,0,0,8.586,14.251,0.706,0.000
20,0,220,0,70.000,1879.319,1506.472,1879.071,1506.649,0.305,0.300,1,0,3,0,0,0,0,11.272,5.914,0.462,0.000
20,0,225,0,70.000,1879.319,1506.472,1879.387,1506.520,0.084,0.300,1,0,3,0,0,0,0,10.058,8.408,0.495,0.000
20,0,230,0,70.000,1879.319,1506.472,1879.410,1506.516,0.102,0.300,1,0,3,0,0,0,0,14.204,12.667,0.578,0.000
20,0,235,0,80.000,1879.319,1506.472,1879.727,1506.332,0.432,0.200,1,0,2,0,0,0,0,9.882,10.308,0.634,0.000
20,0,240,0,80.000,1879.319,1506.472,1879.192,1506.592,0.175,0.200,1,0,2,0,0,0,0,10.895,11.235,0.464,0.000
20,0,245,0,70.000,1879.319,1506.472,1879.408,1506.505,0.095,0.300,1,0,3,0,0,0,0,14.421,11.494,0.651,0.000
20,0,250,0,90.000,1879.319,1506.472,1878.926,1506.734,0.472,0.100,1,0,1,0,0,0,0,9.974,7.125,0.615,0.000
20,0,255,0,80.000,1879.319,1506.472,1879.101,1506.624,0.265,0.200,1,0,2,0,0,0,0,9.457,8.593,0.661,0.000
20,0,260,0,70.000,1879.319,1506.472,1879.265,1506.554,0.098,0.300,1,0,3,0,0,0,0,10.559,11.486,0.469,0.000
20,0,265,0,60.000,1879.319,1506.472,1878.937,1506.707,0.448,0.400,1,0,4,0,0,0,0,11.657,12.383,0.733,0.000
20,0,270,0,70.000,1879.319,1506.472,1879.064,1506.650,0.311,0.300,1,0,3,0,0,0,0,11.311,9.967,0.543,0.000
20,0,275,0,80.000,1879.319,1506.472,1879.112,1506.636,0.264,0.200,1,0,2,0,0,0,0,13.048,8.372,0.425,0.000
20,0,280,0,40.000,1879.319,1506.472,1879.619,1506.388,0.312,0.600,1,0,6,0,0,0,0,15.135,14.482,0.468,0.000
20,0,285,0,80.000,1879.319,1506.472,1879.482,1506.462,0.164,0.200,1,0,2,0,0,0,0,10.270,14.568,0.552,0.000
20,5,-10,0,10.000,1879.319,1506.472,1878.919,1506.765,0.496,0.100,1,0,1,0,0,0,8,9.279,9.739,0.614,0.000
20,5,-5,0,10.000,1879.319,1506.472,1881.649,1505.396,2.567,0.000,0,0,0,0,0,0,9,12.544,10.991,0.470,0.000
20,5,0,0,10.000,1879.319,1506.472,1880.744,1505.894,1.538,0.200,1,0,2,0,0,0,7,11.922,8.790,0.499,0.000
20,5,5,0,0.000,1879.319,1506.472,,,,0.300,1,0,3,0,0,0,7,10.707,11.773,0.629,
20,5,10,0,10.000,1879.319,1506.472,1878.923,1506.705,0.459,0.200,1,0,2,0,0,0,7,12.014,9.196,0.454,0.000
20,5,15,0,10.000,1879.319,1506.472,1878.880,1506.709,0.499,0.200,1,0,2,0,0,0,7,13.020,7.538,0.496,0.000
20,5,20,0,40.000,1879.319,1506.472,1878.948,1506.707,0.439,0.200,1,0,2,0,0,0,4,8.518,13.203,0.529,0.000
20,5,25,0,40.000,1879.319,1506.472,1878.925,1506.744,0.479,0.200,1,0,2,0,0,0,4,9.340,11.534,0.407,0.000
20,5,30,0,10.000,1879.319,1506.472,1878.932,1506.758,0.481,0.700,1,0,7,0,0,0,2,13.056,8.131,0.546,0.000
20,5,35,0,50.000,1879.319,1506.472,1878.976,1506.710,0.417,0.400,1,0,4,0,0,0,1,10.628,9.674,0.641,0.000
20,5,40,0,40.000,1879.319,1506.472,1878.968,1506.681,0.408,0.600,1,0,6,0,0,0,0,12.791,11.598,0.640,0.000
20,5,45,0,70.000,1879.319,1506.472,1879.963,1506.252,0.681,0.300,1,0,3,0,0,0,0,8.540,11.169,0.492,0.000
20,5,50,0,50.000,1879.319,1506.472,1878.909,1506.718,0.478,0.300,1,0,3,0,0,0,2,11.604,10.597,0.757,0.000
20,5,55,0,70.000,1879.319,1506.472,1878.976,1506.679,0.400,0.300,1,0,3,0,0,0,0,10.652,9.836,0.509,0.000
20,5,60,0,60.000,1879.319,1506.472,1880.425,1506.021,1.195,0.400,1,0,4,0,0,0,0,6.374,9.331,0.704,0.000
20,5,65,0,90.000,1879.319,1506.472,1879.408,1506.500,0.094,0.100,1,0,1,0,0,0,0,7.581,11.566,0.487,0.000
20,5,70,0,60.000,1879.319,1506.472,1879.020,1506.672,0.359,0.400,1,0,4,0,0,0,0,9.198,10.328,0.567,0.000
20,5,75,0,60.000,1879.319,1506.472,1879.023,1506.701,0.374,0.400,1,0,4,0,0,0,0,8.717,9.663,0.530,0.000
20,5,80,0,70.000,1879.319,1506.472,1878.923,1506.723,0.468,0.300,1,0,3,0,0,0,0,12.150,10.467,0.443,0.000
20,5,85,0,50.000,1879.319,1506.472,1879.002,1506.681,0.380,0.500,1,0,5,0,0,0,0,11.450,7.197,0.369,0.000
20,5,90,0,40.000,1879.319,1506.472,1879.029,1506.647,0.339,0.600,1,0,6,0,0,0,0,9.958,11.141,0.472,0.000
20,5,95,0,50.000,1879.319,1506.472,1879.244,1506.579,0.131,0.500,1,0,5,0,0,0,0,13.271,8.838,0.709,0.000
20,5,100,0,70.000,1879.319,1506.472,1879.106,1506.656,0.281,0.300,1,0,3,0,0,0,0,8.679,11.231,0.681,0.000
20,5,105,0,70.000,1879.319,1506.472,1878.938,1506.733,0.462,0.300,1,0,3,0,0,0,0,11.210,10.435,0.328,0.000
20,5,110,0,70.000,1879.319,1506.472,1879.629,1506.403,0.318,0.300,1,0,3,0,0,0,0,9.791,8.971,0.375,0.000
20,5,115,0,80.000,1879.319,1506.472,1878.956,1506.738,0.450,0.200,1,0,2,0,0,0,0,12.140,6.435,0.494,0.000
20,5,120,0,30.000,1879.319,1506.472,1878.908,1506.706,0.473,0.700,1,0,7,0,0,0,0,12.046,9.177,0.608,0.000
20,5,125,0,40.000,1879.319,1506.472,1879.141,1506.636,0.242,0.600,1,0,6,0,0,0,0,10.903,10.962,0.482,0.000
20,5,130,0,40.000,1879.319,1506.472,1879.205,1506.606,0.176,0.600,1,0,6,0,0,0,0,9.968,13.396,0.583,0.000
20,5,135,0,80.000,1879.319,1506.472,1878.974,1506.703,0.415,0.200,1,0,2,0,0,0,0,9.804,10.779,0.445,0.000
20,5,140,0,60.000,1879.319,1506.472,1879.093,1506.628,0.274,0.400,1,0,4,0,0,0,0,11.219,11.319,0.665,0.000
20,5,145,0,80.000,1879.319,1506.472,1878.938,1506.712,0.450,0.200,1,0,2,0,0,0,0,11.199,7.362,0.567,0.000
20,5,150,0,60.000,1879.319,1506.472,1879.093,1506.662,0.295,0.400,1,0,4,0,0,0,0,11.583,11.169,0.518,0.000
20,5,155,0,60.000,1879.319,1506.472,1879.457,1506.504,0.142,0.400,1,0,4,0,0,0,0,10.847,13.767,0.477,0.000
20,5,160,0,90.000,1879.319,1506.472,1879.164,1506.618,0.212,0.100,1,0,1,0,0,0,0,10.404,11.619,0.618,0.000
20,5,165,0,40.000,1879.319,1506.472,1879.370,1506.531,0.078,0.600,1,0,6,0,0,0,0,12.767,13.180,0.243,0.000
20,5,170,0,40.000,1879.319,1506.472,1878.982,1506.696,0.404,0.600,1,0,6,0,0,0,0,11.148,13.823,0.548,0.000
20,5,175,0,70.000,1879.319,1506.472,1878.932,1506.736,0.469,0.300,1,0,3,0,0,0,0,12.546,12.253,0.559,0.000
20,5,180,0,50.000,1879.319,1506.472,1878.928,1506.728,0.467,0.500,1,0,5,0,0,0,0,10.280,14.227,0.776,0.000
20,5,185,0,60.000,1879.319,1506.472,1879.210,1506.582,0.155,0.400,1,0,4,0,0,0,0,8.600,11.367,0.528,0.000
20,5,190,0,70.000,1879.319,1506.472,1879.887,1506.297,0.595,0.300,1,0,3,0,0,0,0,10.739,12.371,0.610,0.000
20,5,195,0,50.000,1879.319,1506.472,1879.788,1506.297,0.501,0.500,1,0,5,0,0,0,0,12.253,11.884,0.545,0.000
20,5,200,0,30.000,1879.319,1506.472,1879.378,1506.479,0.059,0.700,1,0,7,0,0,0,0,11.382,13.421,0.321,0.000
20,5,205,0,60.000,1879.319,1506.472,1879.441,1506.486,0.123,0.400,1,0,4,0,0,0,0,11.984,13.390,0.485,0.000
20,5,210,0,70.000,1879.319,1506.472,1879.295,1506.549,0.080,0.300,1,0,3,0,0,0,0,11.702,13.031,0.503,0.000
20,5,215,0,80.000,1879.319,1506.472,1879.301,1506.531,0.061,0.200,1,0,2,0,0,0,0,8.483,10.681,0.462,0.000
20,5,220,0,50.000,1879.319,1506.472,1878.925,1506.750,0.482,0.500,1,0,5,0,0,0,0,11.072,8.705,0.534,0.000
20,5,225,0,70.000,1879.319,1506.472,1879.078,1506.666,0.309,0.300,1,0,3,0,0,0,0,9.401,9.916,0.592,0.000
20,5,230,0,60.000,1879.319,1506.472,1879.151,1506.610,0.218,0.400,1,0,4,0,0,0,0,10.288,11.217,0.473,0.000
20,5,235,0,80.000,1879.319,1506.472,1879.254,1506.556,0.106,0.200,1,0,2,0,0,0,0,8.820,7.989,0.480,0.000
20,5,240,0,60.000,1879.319,1506.472,1879.007,1506.681,0.376,0.400,1,0,4,0,0,0,0,8.406,10.185,0.506,0.000
20,5,245,0,60.000,1879.319,1506.472,1878.951,1506.710,0.438,0.400,1,0,4,0,0,0,0,9.695,9.930,0.583,0.000
20,5,250,0,60.000,1879.319,1506.472,1879.312,1506.547,0.076,0.400,1,0,4,0,0,0,0,10.353,9.723,0.524,0.000
20,5,255,0,70.000,1879.319,1506.472,1879.471,1506.453,0.154,0.300,1,0,3,0,0,0,0,11.907,9.009,0.712,0.000
20,5,260,0,80.000,1879.319,1506.472,1879.044,1506.662,0.334,0.200,1,0,2,0,0,0,0,12.014,13.297,0.426,0.000
20,5,265,0,50.000,1879.319,1506.472,1879.779,1506.321,0.484,0.500,1,0,5,0,0,0,0,12.020,11.506,0.460,0.000
20,5,270,0,70.000,1879.319,1506.472,1880.083,1506.176,0.820,0.300,1,0,3,0,0,0,0,9.989,10.989,0.488,0.000
20,5,275,0,50.000,1879.319,1506.472,1879.157,1506.602,0.208,0.500,1,0,5,0,0,0,0,11.007,8.062,0.559,0.000
20,5,280,0,50.000,1879.319,1506.472,1878.960,1506.719,0.435,0.500,1,0,5,0,0,0,0,10.694,8.060,0.538,0.000
20,5,285,0,90.000,1879.319,1506.472,1879.356,1506.499,0.046,0.100,1,0,1,0,0,0,0,9.256,10.035,0.563,0.000
20,10,-10,0,0.000,1879.319,1506.472,,,,0.100,1,0,1,0,0,0,9,14.311,11.250,0.492,
20,10,-5,0,0.000,1879.319,1506.472,,,,0.000,0,0,0,0,0,0,10,8.651,9.127,0.503,
20,10,0,0,20.000,1879.319,1506.472,1881.336,1505.591,2.201,0.200,1,0,2,0,0,0,6,9.607,11.340,0.324,0.000
20,10,5,0,0.000,1879.319,1506.472,,,,0.300,1,0,3,0,0,0,7,13.372,9.860,0.567,
20,10,10,0,10.000,1879.319,1506.472,1879.538,1506.466,0.220,0.400,1,0,4,0,0,0,5,13.190,8.982,0.594,0.000
20,10,15,0,40.000,1879.319,1506.472,1880.398,1506.045,1.160,0.400,1,0,4,0,0,0,2,9.941,11.278,0.512,0.000
20,10,20,0,60.000,1879.319,1506.472,1879.165,1506.612,0.208,0.200,1,0,2,0,0,0,2,11.717,9.967,0.242,0.000
20,10,25,0,40.000,1879.319,1506.472,1879.133,1506.640,0.250,0.300,1,0,3,0,0,0,3,11.673,12.600,0.494,0.000
20,10,30,0,70.000,1879.319,1506.472,1879.763,1506.324,0.468,0.300,1,0,3,0,0,0,0,10.651,11.403,0.476,0.000
20,10,35,0,30.000,1879.319,1506.472,1879.553,1506.382,0.251,0.600,1,0,6,0,0,0,1,11.165,12.012,0.472,0.000
20,10,40,0,50.000,1879.319,1506.472,1879.182,1506.609,0.194,0.500,1,0,5,0,0,0,0,13.669,8.217,0.478,0.000
20,10,45,0,30.000,1879.319,1506.472,1880.521,1505.992,1.294,0.700,1,0,7,0,0,0,0,11.019,11.208,0.642,0.000
20,10,50,0,40.000,1879.319,1506.472,1878.960,1506.725,0.439,0.600,1,0,6,0,0,0,0,9.173,12.270,0.556,0.000
20,10,55,0,50.000,1879.319,1506.472,1879.181,1506.619,0.202,0.500,1,0,5,0,0,0,0,9.796,8.275,0.603,0.000
20,10,60,0,60.000,1879.319,1506.472,1879.064,1506.672,0.324,0.400,1,0,4,0,0,0,0,10.302,8.994,0.578,0.000
20,10,65,0,50.000,1879.319,1506.472,1878.920,1506.708,0.463,0.500,1,0,5,0,0,0,0,12.317,10.324,0.517,0.000
20,10,70,0,70.000,1879.319,1506.472,1879.560,1506.435,0.244,0.300,1,0,3,0,0,0,0,10.769,6.752,0.723,0.000
20,10,75,0,40.000,1879.319,1506.472,1879.099,1506.611,0.260,0.600,1,0,6,0,0,0,0,12.832,8.057,0.682,0.000
20,10,80,0,60.000,1879.319,1506.472,1878.995,1506.707,0.400,0.400,1,0,4,0,0,0,0,10.028,12.569,0.527,0.000
20,10,85,0,60.000,1879.319,1506.472,1878.960,1506.721,0.437,0.400,1,0,4,0,0,0,0,11.689,11.790,0.542,0.000
20,10,90,0,70.000,1879.319,1506.472,1879.069,1506.685,0.328,0.300,1,0,3,0,0,0,0,7.197,11.021,0.511,0.000
20,10,95,0,60.000,1879.319,1506.472,1879.008,1506.693,0.381,0.400,1,0,4,0,0,0,0,9.355,11.670,0.412,0.000
20,10,100,0,30.000,1879.319,1506.472,1878.911,1506.752,0.495,0.700,1,0,7,0,0,0,0,8.583,10.775,0.519,0.000
20,10,105,0,60.000,1879.319,1506.472,1878.962,1506.703,0.426,0.400,1,0,4,0,0,0,0,8.368,10.180,0.565,0.000
20,10,110,0,40.000,1879.319,1506.472,1879.794,1506.328,0.496,0.600,1,0,6,0,0,0,0,11.117,8.653,0.580,0.000
20,10,115,0,60.000,1879.319,1506.472,1878.940,1506.717,0.451,0.400,1,0,4,0,0,0,0,10.664,13.127,0.591,0.000
20,10,120,0,40.000,1879.319,1506.472,1879.249,1506.564,0.116,0.600,1,0,6,0,0,0,0,12.241,10.706,0.423,0.000
20,10,125,0,50.000,1879.319,1506.472,1879.380,1506.530,0.085,0.500,1,0,5,0,0,0,0,10.285,11.699,0.553,0.000
20,10,130,0,80.000,1879.319,1506.472,1879.418,1506.495,0.102,0.200,1,0,2,0,0,0,0,11.245,10.774,0.630,0.000
20,10,135,0,70.000,1879.319,1506.472,1878.972,1506.675,0.402,0.300,1,0,3,0,0,0,0,9.121,11.101,0.582,0.000
20,10,140,0,10.000,1879.319,1506.472,1878.926,1506.712,0.461,0.900,1,0,9,0,0,0,0,6.938,11.424,0.593,0.000
20,10,145,0,40.000,1879.319,1506.472,1878.922,1506.747,0.483,0.600,1,0,6,0,0,0,0,12.595,12.420,0.513,0.000
20,10,150,0,60.000,1879.319,1506.472,1879.386,1506.514,0.080,0.400,1,0,4,0,0,0,0,11.469,10.240,0.726,0.000
20,10,155,0,50.000,1879.319,1506.472,1878.959,1506.691,0.422,0.500,1,0,5,0,0,0,0,8.195,11.270,0.570,0.000
20,10,160,0,20.000,1879.319,1506.472,1878.976,1506.705,0.415,0.800,1,0,8,0,0,0,0,9.540,11.693,0.423,0.000
20,10,165,0,40.000,1879.319,1506.472,1879.017,1506.676,0.365,0.600,1,0,6,0,0,0,0,13.404,12.060,0.510,0.000
20,10,170,0,50.000,1879.319,1506.472,1879.024,1506.685,0.363,0.500,1,0,5,0,0,0,0,9.521,9.712,0.587,0.000
20,10,175,0,60.000,1879.319,1506.472,1879.201,1506.569,0.152,0.400,1,0,4,0,0,0,0,10.166,11.210,0.530,0.000
20,10,180,0,50.000,1879.319,1506.472,1878.933,1506.733,0.466,0.500,1,0,5,0,0,0,0,13.567,9.920,0.554,0.000
20,10,185,0,50.000,1879.319,1506.472,1879.236,1506.562,0.122,0.500,1,0,5,0,0,0,0,13.289,10.227,0.656,0.000
20,10,190,0,40.000,1879.319,1506.472,1879.497,1506.430,0.184,0.600,1,0,6,0,0,0,0,11.374,11.741,0.611,0.000
20,10,195,0,30.000,1879.319,1506.472,1878.963,1506.698,0.421,0.700,1,0,7,0,0,0,0,9.513,10.312,0.427,0.000
20,10,200,0,40.000,1879.319,1506.472,1879.191,1506.605,0.185,0.600,1,0,6,0,0,0,0,11.982,7.547,0.596,0.000
20,10,205,0,50.000,1879.319,1506.472,1878.996,1506.692,0.391,0.500,1,0,5,0,0,0,0,13.269,12.122,0.668,0.000
20,10,210,0,40.000,1879.319,1506.472,1879.506,1506.430,0.192,0.600,1,0,6,0,0,0,0,9.400,11.880,0.754,0.000
20,10,215,0,60.000,1879.319,1506.472,1879.029,1506.666,0.349,0.400,1,0,4,0,0,0,0,12.662,10.423,0.602,0.000
20,10,220,0,40.000,1879.319,1506.472,1878.960,1506.724,0.439,0.600,1,0,6,0,0,0,0,8.545,14.548,0.705,0.000
20,10,225,0,30.000,1879.319,1506.472,1879.349,1506.542,0.077,0.700,1,0,7,0,0,0,0,13.149,11.113,0.673,0.000
20,10,230,0,60.000,1879.319,1506.472,1878.892,1506.719,0.493,0.400,1,0,4,0,0,0,0,13.941,11.493,0.519,0.000
20,10,235,0,40.000,1879.319,1506.472,1879.552,1506.433,0.236,0.600,1,0,6,0,0,0,0,12.395,12.719,0.359,0.000
20,10,240,0,20.000,1879.319,1506.472,1879.024,1506.646,0.343,0.800,1,0,8,0,0,0,0,9.754,13.680,0.584,0.000
20,10,245,0,60.000,1879.319,1506.472,1879.648,1506.384,0.341,0.400,1,0,4,0,0,0,0,13.167,12.499,0.388,0.000
20,10,250,0,40.000,1879.319,1506.472,1878.930,1506.759,0.483,0.600,1,0,6,0,0,0,0,10.500,13.355,0.406,0.000
20,10,255,0,90.000,1879.319,1506.472,1879.794,1506.333,0.495,0.100,1,0,1,0,0,0,0,6.386,9.632,0.584,0.000
20,10,260,0,70.000,1879.319,1506.472,1879.363,1506.536,0.078,0.300,1,0,3,0,0,0,0,11.711,10.011,0.597,0.000
20,10,265,0,40.000,1879.319,1506.472,1878.905,1506.709,0.476,0.600,1,0,6,0,0,0,0,12.337,13.958,0.621,0.000
20,10,270,0,70.000,1879.319,1506.472,1879.173,1506.568,0.175,0.300,1,0,3,0,0,0,0,8.010,10.369,0.441,0.000
20,10,275,0,30.000,1879.319,1506.472,1878.943,1506.715,0.448,0.700,1,0,7,0,0,0,0,9.778,10.904,0.566,0.000
20,10,280,0,30.000,1879.319,1506.472,1878.925,1506.744,0.479,0.700,1,0,7,0,0,0,0,9.614,8.894,0.482,0.000
20,10,285,0,50.000,1879.319,1506.472,1878.972,1506.692,0.411,0.500,1,0,5,0,0,0,0,13.321,11.606,0.510,0.000
20,15,-10,0,0.000,1879.319,1506.472,,,,0.000,0,0,0,0,0,0,10,9.815,9.715,0.557,
20,15,-5,0,10.000,1879.319,1506.472,1878.931,1506.759,0.482,0.000,0,0,0,0,0,0,9,12.582,10.468,0.646,0.000
20,15,0,0,10.000,1879.319,1506.472,1878.922,1506.682,0.449,0.100,1,0,1,0,0,0,8,7.788,9.501,0.534,0.000
20,15,5,0,10.000,1879.319,1506.472,1885.007,1503.868,6.256,0.300,1,0,3,0,0,0,6,11.641,13.850,0.562,0.000
20,15,10,0,10.000,1879.319,1506.472,1878.903,1506.772,0.513,0.300,1,0,3,0,0,0,6,12.948,11.584,0.530,0.000
20,15,15,0,10.000,1879.319,1506.472,1878.923,1506.763,0.491,0.500,1,0,5,0,0,0,4,14.355,9.395,0.492,0.000
20,15,20,0,50.000,1879.319,1506.472,1878.906,1506.705,0.474,0.500,1,0,5,0,0,0,0,10.327,6.133,0.574,0.000
20,15,25,0,60.000,1879.319,1506.472,1880.085,1506.182,0.819,0.200,1,0,2,0,0,0,2,13.490,15.063,0.524,0.000
20,15,30,0,30.000,1879.319,1506.472,1882.089,1505.246,3.029,0.700,1,0,7,0,0,0,0,9.326,11.268,0.695,0.000
20,15,35,0,30.000,1879.319,1506.472,1878.926,1506.728,0.469,0.700,1,0,7,0,0,0,0,8.769,12.154,0.602,0.000
20,15,40,0,40.000,1879.319,1506.472,1879.256,1506.604,0.146,0.500,1,0,5,0,0,0,1,12.768,11.358,0.459,0.000
20,15,45,0,50.000,1879.319,1506.472,1878.910,1506.727,0.482,0.500,1,0,5,0,0,0,0,12.482,8.976,0.647,0.000
20,15,50,0,40.000,1879.319,1506.472,1878.922,1506.733,0.475,0.600,1,0,6,0,0,0,0,12.603,12.014,0.460,0.000
20,15,55,0,20.000,1879.319,1506.472,1879.191,1506.634,0.206,0.800,1,0,8,0,0,0,0,10.262,10.702,0.481,0.000
20,15,60,0,30.000,1879.319,1506.472,1878.904,1506.736,0.491,0.700,1,0,7,0,0,0,0,12.218,12.633,0.334,0.000
20,15,65,0,50.000,1879.319,1506.472,1879.105,1506.656,0.282,0.500,1,0,5,0,0,0,0,7.313,11.863,0.507,0.000
20,15,70,0,50.000,1879.319,1506.472,1879.053,1506.665,0.328,0.500,1,0,5,0,0,0,0,13.754,13.093,0.555,0.000
20,15,75,0,50.000,1879.319,1506.472,1878.928,1506.704,0.454,0.500,1,0,5,0,0,0,0,14.764,11.924,0.652,0.000
20,15,80,0,30.000,1879.319,1506.472,1878.911,1506.734,0.484,0.700,1,0,7,0,0,0,0,10.629,12.351,0.437,0.000
20,15,85,0,60.000,1879.319,1506.472,1878.922,1506.709,0.462,0.400,1,0,4,0,0,0,0,8.443,12.106,0.560,0.000
20,15,90,0,60.000,1879.319,1506.472,1878.978,1506.713,0.418,0.400,1,0,4,0,0,0,0,12.601,9.884,0.559,0.000
20,15,95,0,30.000,1879.319,1506.472,1880.168,1506.144,0.911,0.700,1,0,7,0,0,0,0,11.920,11.566,0.713,0.000
20,15,100,0,50.000,1879.319,1506.472,1879.050,1506.692,0.348,0.500,1,0,5,0,0,0,0,14.595,10.858,0.509,0.000
20,15,105,0,30.000,1879.319,1506.472,1878.930,1506.726,0.464,0.700,1,0,7,0,0,0,0,7.426,8.865,0.498,0.000
20,15,110,0,30.000,1879.319,1506.472,1878.998,1506.731,0.412,0.700,1,0,7,0,0,0,0,8.194,12.301,0.603,0.000
20,15,115,0,20.000,1879.319,1506.472,1878.918,1506.726,0.474,0.800,1,0,8,0,0,0,0,11.554,9.069,0.338,0.000
20,15,120,0,20.000,1879.319,1506.472,1879.235,1506.605,0.157,0.800,1,0,8,0,0,0,0,10.674,9.873,0.541,0.000
20,15,125,0,40.000,1879.319,1506.472,1878.912,1506.727,0.480,0.600,1,0,6,0,0,0,0,13.200,13.396,0.453,0.000
20,15,130,0,50.000,1879.319,1506.472,1879.217,1506.577,0.146,0.500,1,0,5,0,0,0,0,12.083,13.296,0.541,0.000
20,15,135,0,40.000,1879.319,1506.472,1879.267,1506.561,0.103,0.600,1,0,6,0,0,0,0,13.494,8.744,0.607,0.000
20,15,140,0,20.000,1879.319,1506.472,1879.430,1506.525,0.123,0.800,1,0,8,0,0,0,0,9.873,9.393,0.580,0.000
20,15,145,0,40.000,1879.319,1506.472,1878.927,1506.725,0.466,0.600,1,0,6,0,0,0,0,12.631,12.713,0.683,0.000
20,15,150,0,10.000,1879.319,1506.472,1879.087,1506.588,0.259,0.900,1,0,9,0,0,0,0,7.265,12.592,0.411,0.000
20,15,155,0,40.000,1879.319,1506.472,1879.608,1506.424,0.293,0.600,1,0,6,0,0,0,0,10.022,13.443,0.639,0.000
20,15,160,0,30.000,1879.319,1506.472,1878.945,1506.717,0.447,0.700,1,0,7,0,0,0,0,10.095,10.766,0.555,0.000
20,15,165,0,30.000,1879.319,1506.472,1878.958,1506.728,0.442,0.700,1,0,7,0,0,0,0,12.295,11.459,0.377,0.000
20,15,170,0,20.000,1879.319,1506.472,1878.946,1506.753,0.467,0.800,1,0,8,0,0,0,0,10.514,8.132,0.551,0.000
20,15,175,0,20.000,1879.319,1506.472,1878.932,1506.753,0.478,0.800,1,0,8,0,0,0,0,9.779,13.124,0.671,0.000
20,15,180,0,30.000,1879.319,1506.472,1878.924,1506.709,0.460,0.700,1,0,7,0,0,0,0,12.003,9.285,0.487,0.000
20,15,185,0,30.000,1879.319,1506.472,1878.916,1506.747,0.487,0.700,1,0,7,0,0,0,0,10.222,13.683,0.584,0.000
20,15,190,0,50.000,1879.319,1506.472,1879.197,1506.626,0.197,0.500,1,0,5,0,0,0,0,10.501,10.051,0.495,0.000
20,15,195,0,40.000,1879.319,1506.472,1878.929,1506.733,0.469,0.600,1,0,6,0,0,0,0,12.182,11.075,0.589,0.000
20,15,200,0,60.000,1879.319,1506.472,1878.922,1506.713,0.465,0.400,1,0,4,0,0,0,0,9.751,8.459,0.497,0.000
20,15,205,0,30.000,1879.319,1506.472,1878.912,1506.722,0.477,0.700,1,0,7,0,0,0,0,11.294,11.030,0.422,0.000
20,15,210,0,30.000,1879.319,1506.472,1879.206,1506.574,0.152,0.700,1,0,7,0,0,0,0,11.656,10.355,0.424,0.000
20,15,215,0,50.000,1879.319,1506.472,1879.064,1506.666,0.321,0.500,1,0,5,0,0,0,0,14.371,11.062,0.553,0.000
20,15,220,0,30.000,1879.319,1506.472,1879.537,1506.437,0.221,0.700,1,0,7,0,0,0,0,11.793,10.222,0.490,0.000
20,15,225,0,20.000,1879.319,1506.472,1878.960,1506.713,0.432,0.800,1,0,8,0,0,0,0,7.295,14.058,0.560,0.000
20,15,230,0,30.000,1879.319,1506.472,1878.913,1506.735,0.484,0.700,1,0,7,0,0,0,0,10.102,11.086,0.488,0.000
20,15,235,0,40.000,1879.319,1506.472,1878.994,1506.712,0.404,0.600,1,0,6,0,0,0,0,6.997,10.940,0.459,0.000
20,15,240,0,20.000,1879.319,1506.472,1878.932,1506.725,0.462,0.800,1,0,8,0,0,0,0,7.043,13.334,0.409,0.000
20,15,245,0,20.000,1879.319,1506.472,1878.915,1506.742,0.485,0.800,1,0,8,0,0,0,0,11.588,12.488,0.539,0.000
20,15,250,0,30.000,1879.319,1506.472,1878.923,1506.734,0.475,0.700,1,0,7,0,0,0,0,10.690,10.584,0.521,0.000
20,15,255,0,40.000,1879.319,1506.472,1879.181,1506.587,0.179,0.600,1,0,6,0,0,0,0,11.582,11.351,0.509,0.000
20,15,260,0,30.000,1879.319,1506.472,1879.750,1506.331,0.454,0.700,1,0,7,0,0,0,0,11.851,11.273,0.607,0.000
20,15,265,0,10.000,1879.319,1506.472,1878.873,1506.689,0.496,0.900,1,0,9,0,0,0,0,10.216,13.556,0.415,0.000
20,15,270,0,40.000,1879.319,1506.472,1878.954,1506.695,0.428,0.600,1,0,6,0,0,0,0,12.371,8.296,0.573,0.000
20,15,275,0,70.000,1879.319,1506.472,1878.910,1506.714,0.475,0.300,1,0,3,0,0,0,0,9.049,9.468,0.623,0.000
20,15,280,0,10.000,1879.319,1506.472,1879.894,1506.301,0.600,0.900,1,0,9,0,0,0,0,10.420,10.138,0.631,0.000
20,15,285,0,60.000,1879.319,1506.472,1879.253,1506.573,0.120,0.400,1,0,4,0,0,0,0,11.723,10.462,0.710,0.000
20,20,-10,0,10.000,1879.319,1506.472,1882.227,1505.186,3.180,0.000,0,0,0,0,0,0,9,8.228,10.875,0.451,0.000
20,20,-5,0,20.000,1879.319,1506.472,1880.924,1505.759,1.756,0.200,1,0,2,0,0,0,6,13.055,13.336,0.672,0.000
20,20,0,0,10.000,1879.319,1506.472,1879.546,1506.403,0.237,0.200,1,0,2,0,0,0,7,12.053,13.221,0.526,0.000
20,20,5,0,0.000,1879.319,1506.472,,,,0.400,1,0,4,0,0,0,6,10.152,10.426,0.537,
20,20,10,0,30.000,1879.319,1506.472,1879.141,1506.630,0.238,0.600,1,0,6,0,0,0,1,5.721,9.873,0.571,0.000
20,20,15,0,20.000,1879.319,1506.472,1880.063,1506.176,0.801,0.300,1,0,3,0,0,0,5,11.878,8.262,0.521,0.000
20,20,20,0,20.000,1879.319,1506.472,1881.370,1505.594,2.231,0.800,1,0,8,0,0,0,0,11.448,9.004,0.595,0.000
20,20,25,0,20.000,1879.319,1506.472,1878.895,1506.750,0.507,0.800,1,0,8,0,0,0,0,10.297,9.166,0.566,0.000
20,20,30,0,20.000,1879.319,1506.472,1881.299,1505.632,2.151,0.800,1,0,8,0,0,0,0,8.314,14.366,0.604,0.000
20,20,35,0,20.000,1879.319,1506.472,1879.665,1506.354,0.366,0.800,1,0,8,0,0,0,0,10.874,11.620,0.575,0.000
20,20,40,0,0.000,1879.319,1506.472,,,,1.000,1,0,10,0,0,0,0,6.922,7.558,0.491,
20,20,45,0,30.000,1879.319,1506.472,1879.524,1506.466,0.205,0.700,1,0,7,0,0,0,0,11.021,11.955,0.412,0.000
20,20,50,0,20.000,1879.319,1506.472,1879.465,1506.469,0.147,0.800,1,0,8,0,0,0,0,9.976,12.503,0.565,0.000
20,20,55,0,30.000,1879.319,1506.472,1878.955,1506.743,0.454,0.700,1,0,7,0,0,0,0,12.417,9.321,0.369,0.000
20,20,60,0,10.000,1879.319,1506.472,1879.032,1506.710,0.372,0.900,1,0,9,0,0,0,0,11.264,10.797,0.664,0.000
20,20,65,0,20.000,1879.319,1506.472,1878.910,1506.725,0.481,0.800,1,0,8,0,0,0,0,10.847,11.392,0.524,0.000
20,20,70,0,50.000,1879.319,1506.472,1879.546,1506.450,0.229,0.500,1,0,5,0,0,0,0,9.977,9.878,0.592,0.000
20,20,75,0,30.000,1879.319,1506.472,1879.279,1506.539,0.078,0.700,1,0,7,0,0,0,0,8.977,9.926,0.608,0.000
20,20,80,0,60.000,1879.319,1506.472,1878.911,1506.749,0.493,0.400,1,0,4,0,0,0,0,12.515,9.950,0.583,0.000
20,20,85,0,10.000,1879.319,1506.472,1878.912,1506.767,0.503,0.900,1,0,9,0,0,0,0,9.571,9.431,0.501,0.000
20,20,90,0,10.000,1879.319,1506.472,1878.921,1506.714,0.466,0.900,1,0,9,0,0,0,0,10.674,9.305,0.387,0.000
20,20,95,0,10.000,1879.319,1506.472,1878.979,1506.744,0.435,0.900,1,0,9,0,0,0,0,11.022,11.367,0.726,0.000
20,20,100,0,20.000,1879.319,1506.472,1878.982,1506.711,0.413,0.800,1,0,8,0,0,0,0,11.937,11.175,0.534,0.000
20,20,105,0,10.000,1879.319,1506.472,1878.915,1506.681,0.455,0.900,1,0,9,0,0,0,0,9.988,13.053,0.513,0.000
20,20,110,0,30.000,1879.319,1506.472,1878.893,1506.717,0.491,0.700,1,0,7,0,0,0,0,11.948,9.688,0.433,0.000
20,20,115,0,50.000,1879.319,1506.472,1878.921,1506.746,0.483,0.500,1,0,5,0,0,0,0,10.513,11.012,0.478,0.000
20,20,120,0,30.000,1879.319,1506.472,1880.488,1505.997,1.262,0.700,1,0,7,0,0,0,0,11.025,14.381,0.459,0.000
20,20,125,0,60.000,1879.319,1506.472,1879.657,1506.405,0.345,0.400,1,0,4,0,0,0,0,10.480,12.370,0.583,0.000
20,20,130,0,50.000,1879.319,1506.472,1878.918,1506.739,0.482,0.500,1,0,5,0,0,0,0,11.337,13.010,0.564,0.000
20,20,135,0,20.000,1879.319,1506.472,1880.898,1505.822,1.708,0.800,1,0,8,0,0,0,0,12.794,10.101,0.657,0.000
20,20,140,0,10.000,1879.319,1506.472,1879.280,1506.598,0.132,0.900,1,0,9,0,0,0,0,9.395,9.629,0.340,0.000
20,20,145,0,20.000,1879.319,1506.472,1880.392,1506.056,1.151,0.800,1,0,8,0,0,0,0,12.560,11.189,0.557,0.000
20,20,150,0,30.000,1879.319,1506.472,1878.964,1506.739,0.444,0.700,1,0,7,0,0,0,0,8.113,11.568,0.448,0.000
20,20,155,0,20.000,1879.319,1506.472,1878.890,1506.717,0.494,0.800,1,0,8,0,0,0,0,12.375,10.182,0.702,0.000
20,20,160,0,20.000,1879.319,1506.472,1879.007,1506.728,0.404,0.800,1,0,8,0,0,0,0,10.541,10.418,0.676,0.000
20,20,165,0,10.000,1879.319,1506.472,1878.892,1506.669,0.470,0.900,1,0,9,0,0,0,0,12.103,11.153,0.669,0.000
20,20,170,0,40.000,1879.319,1506.472,1878.942,1506.729,0.456,0.600,1,0,6,0,0,0,0,11.658,10.849,0.493,0.000
20,20,175,0,30.000,1879.319,1506.472,1879.057,1506.645,0.314,0.700,1,0,7,0,0,0,0,9.142,8.322,0.458,0.000
20,20,180,0,20.000,1879.319,1506.472,1878.909,1506.728,0.483,0.800,1,0,8,0,0,0,0,13.042,9.817,0.529,0.000
20,20,185,0,30.000,1879.319,1506.472,1879.104,1506.659,0.285,0.700,1,0,7,0,0,0,0,13.379,12.788,0.553,0.000
20,20,190,0,30.000,1879.319,1506.472,1878.941,1506.721,0.453,0.700,1,0,7,0,0,0,0,13.370,7.950,0.670,0.000
20,20,195,0,30.000,1879.319,1506.472,1879.072,1506.695,0.333,0.700,1,0,7,0,0,0,0,11.400,9.251,0.537,0.000
20,20,200,0,30.000,1879.319,1506.472,1878.925,1506.763,0.489,0.700,1,0,7,0,0,0,0,12.407,10.079,0.536,0.000
20,20,205,0,0.000,1879.319,1506.472,,,,1.000,1,0,10,0,0,0,0,7.981,10.856,0.497,
20,20,210,0,20.000,1879.319,1506.472,1878.899,1506.760,0.510,0.800,1,0,8,0,0,0,0,11.661,8.543,0.632,0.000
20,20,215,0,20.000,1879.319,1506.472,1878.941,1506.753,0.471,0.800,1,0,8,0,0,0,0,10.142,8.791,0.513,0.000
20,20,220,0,0.000,1879.319,1506.472,,,,1.000,1,0,10,0,0,0,0,9.391,9.327,0.487,
20,20,225,0,40.000,1879.319,1506.472,1879.023,1506.676,0.359,0.600,1,0,6,0,0,0,0,13.753,10.524,0.621,0.000
20,20,230,0,10.000,1879.319,1506.472,1878.944,1506.753,0.468,0.900,1,0,9,0,0,0,0,8.896,10.995,0.726,0.000
20,20,235,0,30.000,1879.319,1506.472,1879.140,1506.606,0.224,0.700,1,0,7,0,0,0,0,8.670,10.283,0.664,0.000
20,20,240,0,30.000,1879.319,1506.472,1878.886,1506.717,0.498,0.700,1,0,7,0,0,0,0,9.723,6.979,0.453,0.000
20,20,245,0,40.000,1879.319,1506.472,1878.920,1506.744,0.483,0.600,1,0,6,0,0,0,0,11.132,10.502,0.508,0.000
20,20,250,0,10.000,1879.319,1506.472,1878.910,1506.769,0.505,0.900,1,0,9,0,0,0,0,10.889,11.765,0.526,0.000
20,20,255,0,20.000,1879.319,1506.472,1878.934,1506.726,0.461,0.800,1,0,8,0,0,0,0,12.067,7.321,0.549,0.000
20,20,260,0,20.000,1879.319,1506.472,1878.926,1506.742,0.477,0.800,1,0,8,0,0,0,0,10.697,10.343,0.515,0.000
20,20,265,0,0.000,1879.319,1506.472,,,,1.000,1,0,10,0,0,0,0,12.642,6.395,0.559,
20,20,270,0,10.000,1879.319,1506.472,1878.940,1506.712,0.449,0.900,1,0,9,0,0,0,0,9.891,9.947,0.386,0.000
20,20,275,0,20.000,1879.319,1506.472,1878.925,1506.754,0.485,0.800,1,0,8,0,0,0,0,12.087,12.131,0.461,0.000
20,20,280,0,10.000,1879.319,1506.472,1879.539,1506.381,0.238,0.900,1,0,9,0,0,0,0,10.169,8.889,0.542,0.000
20,20,285,0,30.000,1879.319,1506.472,1878.996,1506.709,0.400,0.700,1,0,7,0,0,0,0,10.853,9.963,0.682,0.000
20,25,-10,0,0.000,1879.319,1506.472,,,,0.000,0,0,0,0,0,0,10,8.892,6.872,0.564,
20,25,-5,0,10.000,1879.319,1506.472,1883.517,1504.574,4.607,0.200,1,0,2,0,0,0,7,8.948,13.246,0.584,0.000
20,25,0,0,0.000,1879.319,1506.472,,,,0.400,1,0,4,0,0,0,6,10.134,9.900,0.690,
20,25,5,0,0.000,1879.319,1506.472,,,,0.600,1,0,6,0,0,0,4,10.637,12.412,0.612,
20,25,10,0,10.000,1879.319,1506.472,1878.882,1506.715,0.500,0.500,1,0,5,0,0,0,4,9.509,11.522,0.553,0.000
20,25,15,0,0.000,1879.319,1506.472,,,,0.600,1,0,6,0,0,0,4,7.591,11.562,0.592,
20,25,20,0,10.000,1879.319,1506.472,1881.030,1505.752,1.856,0.800,1,0,8,0,0,0,1,11.911,7.753,0.435,0.000
20,25,25,0,10.000,1879.319,1506.472,1878.937,1506.721,0.456,0.900,1,0,9,0,0,0,0,12.849,12.207,0.461,0.000
20,25,30,0,20.000,1879.319,1506.472,1878.906,1506.735,0.489,0.800,1,0,8,0,0,0,0,10.062,10.415,0.479,0.000
20,25,35,0,0.000,1879.319,1506.472,,,,1.000,1,0,10,0,0,0,0,9.057,11.730,0.691,
20,25,40,0,10.000,1879.319,1506.472,1878.931,1506.733,0.467,0.900,1,0,9,0,0,0,0,9.982,11.921,0.474,0.000
20,25,45,0,0.000,1879.319,1506.472,,,,1.000,1,0,10,0,0,0,0,9.081,10.254,0.518,
20,25,50,0,20.000,1879.319,1506.472,1880.988,1505.777,1.808,0.800,1,0,8,0,0,0,0,13.039,14.613,0.320,0.000
20,25,55,0,10.000,1879.319,1506.472,1881.886,1505.344,2.804,0.900,1,0,9,0,0,0,0,10.872,9.335,0.446,0.000
20,25,60,0,10.000,1879.319,1506.472,1878.889,1506.673,0.474,0.900,1,0,9,0,0,0,0,9.044,10.063,0.664,0.000
20,25,65,0,20.000,1879.319,1506.472,1879.894,1506.279,0.606,0.800,1,0,8,0,0,0,0,11.734,12.568,0.629,0.000
20,25,70,0,20.000,1879.319,1506.472,1879.076,1506.616,0.283,0.800,1,0,8,0,0,0,0,10.346,6.621,0.453,0.000
20,25,75,0,10.000,1879.319,1506.472,1878.919,1506.764,0.495,0.900,1,0,9,0,0,0,0,13.256,9.862,0.396,0.000
20,25,80,0,10.000,1879.319,1506.472,1878.943,1506.754,0.470,0.900,1,0,9,0,0,0,0,11.139,12.889,0.485,0.000
20,25,85,0,10.000,1879.319,1506.472,1878.897,1506.732,0.496,0.900,1,0,9,0,0,0,0,10.254,9.796,0.618,0.000
20,25,90,0,10.000,1879.319,1506.472,1878.887,1506.683,0.480,0.900,1,0,9,0,0,0,0,11.526,10.482,0.511,0.000
20,25,95,0,0.000,1879.319,1506.472,,,,1.000,1,0,10,0,0,0,0,10.420,11.024,0.361,
20,25,100,0,0.000,1879.319,1506.472,,,,1.000,1,0,10,0,0,0,0,9.378,9.677,0.510,
20,25,105,0,10.000,1879.319,1506.472,1878.915,1506.767,0.500,0.900,1,0,9,0,0,0,0,10.852,11.998,0.596,0.000
20,25,110,0,0.000,1879.319,1506.472,,,,1.000,1,0,10,0,0,0,0,12.025,10.294,0.585,
20,25,115,0,0.000,1879.319,1506.472,,,,1.000,1,0,10,0,0,0,0,9.848,11.402,0.545,
20,25,120,0,30.000,1879.319,1506.472,1879.057,1506.702,0.349,0.700,1,0,7,0,0,0,0,6.896,11.922,0.572,0.000
20,25,125,0,10.000,1879.319,1506.472,1880.984,1505.783,1.802,0.900,1,0,9,0,0,0,0,9.134,12.820,0.584,0.000
20,25,130,0,10.000,1879.319,1506.472,1879.196,1506.638,0.207,0.900,1,0,9,0,0,0,0,9.854,10.833,0.524,0.000
20,25,135,0,30.000,1879.319,1506.472,1880.006,1506.212,0.734,0.700,1,0,7,0,0,0,0,11.590,10.078,0.624,0.000
20,25,140,0,30.000,1879.319,1506.472,1878.917,1506.732,0.478,0.700,1,0,7,0,0,0,0,15.090,10.541,0.559,0.000
20,25,145,0,0.000,1879.319,1506.472,,,,1.000,1,0,10,0,0,0,0,8.149,7.940,0.563,
20,25,150,0,10.000,1879.319,1506.472,1878.885,1506.723,0.501,0.900,1,0,9,0,0,0,0,11.824,9.250,0.464,0.000
20,25,155,0,0.000,1879.319,1506.472,,,,1.000,1,0,10,0,0,0,0,10.379,11.856,0.609,
20,25,160,0,10.000,1879.319,1506.472,1879.244,1506.566,0.120,0.900,1,0,9,0,0,0,0,11.624,10.050,0.590,0.000
20,25,165,0,10.000,1879.319,1506.472,1878.931,1506.750,0.477,0.900,1,0,9,0,0,0,0,10.409,10.360,0.489,0.000
20,25,170,0,30.000,1879.319,1506.472,1879.191,1506.637,0.209,0.700,1,0,7,0,0,0,0,15.287,15.577,0.552,0.000
20,25,175,0,20.000,1879.319,1506.472,1878.926,1506.711,0.460,0.800,1,0,8,0,0,0,0,10.817,9.701,0.664,0.000
20,25,180,0,10.000,1879.319,1506.472,1878.905,1506.771,0.511,0.900,1,0,9,0,0,0,0,9.674,12.582,0.569,0.000
20,25,185,0,20.000,1879.319,1506.472,1878.912,1506.732,0.482,0.800,1,0,8,0,0,0,0,11.368,8.592,0.586,0.000
20,25,190,0,20.000,1879.319,1506.472,1880.377,1506.041,1.143,0.800,1,0,8,0,0,0,0,13.689,12.204,0.690,0.000
20,25,195,0,20.000,1879.319,1506.472,1878.922,1506.710,0.463,0.800,1,0,8,0,0,0,0,8.848,12.635,0.607,0.000
20,25,200,0,0.000,1879.319,1506.472,,,,1.000,1,0,10,0,0,0,0,11.115,10.915,0.461,
20,25,205,0,0.000,1879.319,1506.472,,,,1.000,1,0,10,0,0,0,0,10.068,9.855,0.622,
20,25,210,0,10.000,1879.319,1506.472,1880.081,1506.206,0.807,0.900,1,0,9,0,0,0,0,12.138,12.272,0.518,0.000
20,25,215,0,0.000,1879.319,1506.472,,,,1.000,1,0,10,0,0,0,0,8.057,11.699,0.559,
20,25,220,0,0.000,1879.319,1506.472,,,,1.000,1,0,10,0,0,0,0,9.631,12.140,0.524,
20,25,225,0,0.000,1879.319,1506.472,,,,1.000,1,0,10,0,0,0,0,12.056,10.079,0.534,
20,25,230,0,0.000,1879.319,1506.472,,,,1.000,1,0,10,0,0,0,0,9.387,8.707,0.518,
20,25,235,0,10.000,1879.319,1506.472,1878.938,1506.757,0.476,0.900,1,0,9,0,0,0,0,11.739,14.949,0.588,0.000
20,25,240,0,0.000,1879.319,1506.472,,,,1.000,1,0,10,0,0,0,0,10.862,12.756,0.486,
20,25,245,0,10.000,1879.319,1506.472,1878.936,1506.760,0.479,0.900,1,0,9,0,0,0,0,10.527,6.950,0.559,0.000
20,25,250,0,20.000,1879.319,1506.472,1878.882,1506.713,0.499,0.800,1,0,8,0,0,0,0,10.682,9.136,0.502,0.000
20,25,255,0,20.000,1879.319,1506.472,1878.895,1506.719,0.490,0.800,1,0,8,0,0,0,0,10.151,12.085,0.595,0.000
20,25,260,0,0.000,1879.319,1506.472,,,,1.000,1,0,10,0,0,0,0,11.749,7.691,0.509,
20,25,265,0,10.000,1879.319,1506.472,1878.903,1506.772,0.513,0.900,1,0,9,0,0,0,0,10.784,10.634,0.598,0.000
20,25,270,0,0.000,1879.319,1506.472,,,,1.000,1,0,10,0,0,0,0,8.639,9.157,0.500,
20,25,275,0,0.000,1879.319,1506.472,,,,1.000,1,0,10,0,0,0,0,12.092,11.050,0.470,
20,25,280,0,0.000,1879.319,1506.472,,,,1.000,1,0,10,0,0,0,0,7.414,9.934,0.507,
20,25,285,0,10.000,1879.319,1506.472,1879.087,1506.693,0.321,0.900,1,0,9,0,0,0,0,12.430,11.976,0.512,0.000
20,30,-10,0,0.000,1879.319,1506.472,,,,0.100,1,0,1,0,0,0,9,9.276,10.207,0.578,
20,30,-5,0,0.000,1879.319,1506.472,,,,0.100,1,0,1,0,0,0,9,9.332,13.117,0.490,
20,30,0,0,0.000,1879.319,1506.472,,,,0.300,1,0,3,0,0,0,7,11.187,11.903,0.370,
20,30,5,0,0.000,1879.319,1506.472,,,,0.300,1,0,3,0,0,0,7,12.314,13.202,0.623,
20,30,10,0,0.000,1879.319,1506.472,,,,0.800,1,0,8,0,0,0,2,9.200,12.127,0.646,
20,30,15,0,0.000,1879.319,1506.472,,,,0.600,1,0,6,0,0,0,4,8.379,10.098,0.371,
20,30,20,0,0.000,1879.319,1506.472,,,,0.400,1,0,4,0,0,0,6,11.369,10.691,0.635,
20,30,25,0,0.000,1879.319,1506.472,,,,0.800,1,0,8,0,0,0,2,11.665,10.789,0.563,
20,30,30,0,0.000,1879.319,1506.472,,,,0.900,1,0,9,0,0,0,1,9.132,12.904,0.509,
20,30,35,0,0.000,1879.319,1506.472,,,,1.000,1,0,10,0,0,0,0,11.333,11.485,0.691,
20,30,40,0,0.000,1879.319,1506.472,,,,1.000,1,0,10,0,0,0,0,11.081,6.562,0.631,
20,30,45,0,0.000,1879.319,1506.472,,,,1.000,1,0,10,0,0,0,0,10.903,13.646,0.620,
20,30,50,0,0.000,1879.319,1506.472,,,,1.000,1,0,10,0,0,0,0,10.393,9.692,0.647,
20,30,55,0,0.000,1879.319,1506.472,,,,1.000,1,0,10,0,0,0,0,9.873,9.465,0.529,
20,30,60,0,0.000,1879.319,1506.472,,,,1.000,1,0,10,0,0,0,0,13.841,9.823,0.597,
20,30,65,0,0.000,1879.319,1506.472,,,,1.000,1,0,10,0,0,0,0,12.035,11.400,0.502,
20,30,70,0,0.000,1879.319,1506.472,,,,1.000,1,0,10,0,0,0,0,11.371,13.357,0.413,
20,30,75,0,0.000,1879.319,1506.472,,,,1.000,1,0,10,0,0,0,0,9.257,11.517,0.438,
20,30,80,0,0.000,1879.319,1506.472,,,,1.000,1,0,10,0,0,0,0,9.782,8.131,0.416,
20,30,85,0,0.000,1879.319,1506.472,,,,1.000,1,0,10,0,0,0,0,14.086,13.223,0.600,
20,30,90,0,0.000,1879.319,1506.472,,,,1.000,1,0,10,0,0,0,0,8.520,10.464,0.524,
20,30,95,0,0.000,1879.319,1506.472,,,,1.000,1,0,10,0,0,0,0,8.299,8.784,0.463,
20,30,100,0,0.000,1879.319,1506.472,,,,1.000,1,0,10,0,0,0,0,9.667,10.614,0.502,
20,30,105,0,0.000,1879.319,1506.472,,,,1.000,1,0,10,0,0,0,0,9.548,9.302,0.513,
20,30,110,0,0.000,1879.319,1506.472,,,,1.000,1,0,10,0,0,0,0,7.776,13.341,0.558,
20,30,115,0,0.000,1879.319,1506.472,,,,1.000,1,0,10,0,0,0,0,8.392,11.241,0.605,
20,30,120,0,0.000,1879.319,1506.472,,,,1.000,1,0,10,0,0,0,0,13.358,13.333,0.482,
20,30,125,0,0.000,1879.319,1506.472,,,,1.000,1,0,10,0,0,0,0,11.093,11.826,0.590,
20,30,130,0,0.000,1879.319,1506.472,,,,1.000,1,0,10,0,0,0,0,9.519,10.918,0.532,
20,30,135,0,0.000,1879.319,1506.472,,,,1.000,1,0,10,0,0,0,0,11.439,11.322,0.222,
20,30,140,0,0.000,1879.319,1506.472,,,,1.000,1,0,10,0,0,0,0,10.260,12.861,0.656,
20,30,145,0,0.000,1879.319,1506.472,,,,1.000,1,0,10,0,0,0,0,12.272,9.831,0.512,
20,30,150,0,0.000,1879.319,1506.472,,,,1.000,1,0,10,0,0,0,0,8.506,9.768,0.712,
20,30,155,0,0.000,1879.319,1506.472,,,,1.000,1,0,10,0,0,0,0,10.094,12.376,0.641,
20,30,160,0,0.000,1879.319,1506.472,,,,1.000,1,0,10,0,0,0,0,12.432,10.272,0.599,
20,30,165,0,0.000,1879.319,1506.472,,,,1.000,1,0,10,0,0,0,0,6.646,14.388,0.455,
20,30,170,0,0.000,1879.319,1506.472,,,,1.000,1,0,10,0,0,0,0,12.789,10.324,0.590,
20,30,175,0,0.000,1879.319,1506.472,,,,1.000,1,0,10,0,0,0,0,10.298,9.791,0.683,
20,30,180,0,0.000,1879.319,1506.472,,,,1.000,1,0,10,0,0,0,0,13.933,10.987,0.511,
20,30,185,0,0.000,1879.319,1506.472,,,,1.000,1,0,10,0,0,0,0,10.379,12.481,0.536,
20,30,190,0,0.000,1879.319,1506.472,,,,1.000,1,0,10,0,0,0,0,8.146,12.649,0.522,
20,30,195,0,0.000,1879.319,1506.472,,,,1.000,1,0,10,0,0,0,0,12.801,9.689,0.380,
20,30,200,0,0.000,1879.319,1506.472,,,,1.000,1,0,10,0,0,0,0,11.112,11.062,0.551,
20,30,205,0,0.000,1879.319,1506.472,,,,1.000,1,0,10,0,0,0,0,10.163,10.322,0.630,
20,30,210,0,0.000,1879.319,1506.472,,,,1.000,1,0,10,0,0,0,0,11.678,13.680,0.592,
20,30,215,0,0.000,1879.319,1506.472,,,,1.000,1,0,10,0,0,0,0,11.779,11.674,0.557,
20,30,220,0,0.000,1879.319,1506.472,,,,1.000,1,0,10,0,0,0,0,10.866,11.484,0.457,
20,30,225,0,0.000,1879.319,1506.472,,,,1.000,1,0,10,0,0,0,0,10.160,9.854,0.591,
20,30,230,0,0.000,1879.319,1506.472,,,,1.000,1,0,10,0,0,0,0,10.964,12.884,0.661,
20,30,235,0,0.000,1879.319,1506.472,,,,1.000,1,0,10,0,0,0,0,11.465,10.263,0.613,
20,30,240,0,0.000,1879.319,1506.472,,,,1.000,1,0,10,0,0,0,0,8.720,11.430,0.629,
20,30,245,0,0.000,1879.319,1506.472,,,,1.000,1,0,10,0,0,0,0,12.431,11.132,0.507,
20,30,250,0,0.000,1879.319,1506.472,,,,1.000,1,0,10,0,0,0,0,12.383,9.739,0.671,
20,30,255,0,0.000,1879.319,1506.472,,,,1.000,1,0,10,0,0,0,0,11.424,10.924,0.401,
20,30,260,0,0.000,1879.319,1506.472,,,,1.000,1,0,10,0,0,0,0,12.212,12.179,0.482,
20,30,265,0,0.000,1879.319,1506.472,,,,1.000,1,0,10,0,0,0,0,10.389,11.305,0.508,
20,30,270,0,0.000,1879.319,1506.472,,,,1.000,1,0,10,0,0,0,0,10.649,10.869,0.594,
20,30,275,0,0.000,1879.319,1506.472,,,,1.000,1,0,10,0,0,0,0,10.076,12.299,0.501,
20,30,280,0,0.000,1879.319,1506.472,,,,1.000,1,0,10,0,0,0,0,12.614,10.590,0.636,
20,30,285,0,0.000,1879.319,1506.472,,,,1.000,1,0,10,0,0,0,0,8.934,9.193,0.578,
20,35,-10,0,0.000,1879.319,1506.472,,,,0.000,0,0,0,0,0,0,10,14.721,5.917,0.664,
20,35,-5,0,0.000,1879.319,1506.472,,,,0.100,1,0,1,0,0,0,9,11.612,10.205,0.626,
20,35,0,0,0.000,1879.319,1506.472,,,,0.200,1,0,2,0,0,0,8,10.027,9.721,0.630,
20,35,5,0,0.000,1879.319,1506.472,,,,0.300,1,0,3,0,0,0,7,11.528,11.593,0.544,
20,35,10,0,0.000,1879.319,1506.472,,,,0.300,1,0,3,0,0,0,7,9.745,10.450,0.558,
20,35,15,0,0.000,1879.319,1506.472,,,,0.500,1,0,5,0,0,0,5,10.418,13.154,0.395,
20,35,20,0,0.000,1879.319,1506.472,,,,0.700,1,0,7,0,0,0,3,11.418,9.417,0.709,
20,35,25,0,0.000,1879.319,1506.472,,,,0.900,1,0,9,0,0,0,1,7.970,11.868,0.606,
20,35,30,0,0.000,1879.319,1506.472,,,,1.000,1,0,10,0,0,0,0,11.265,9.467,0.462,
20,35,35,0,0.000,1879.319,1506.472,,,,1.000,1,0,10,0,0,0,0,10.430,11.018,0.642,
20,35,40,0,0.000,1879.319,1506.472,,,,1.000,1,0,10,0,0,0,0,12.193,10.293,0.528,
20,35,45,0,0.000,1879.319,1506.472,,,,1.000,1,0,10,0,0,0,0,10.121,8.276,0.575,
20,35,50,0,0.000,1879.319,1506.472,,,,1.000,1,0,10,0,0,0,0,9.619,13.204,0.556,
20,35,55,0,0.000,1879.319,1506.472,,,,1.000,1,0,10,0,0,0,0,10.109,12.834,0.494,
20,35,60,0,0.000,1879.319,1506.472,,,,1.000,1,0,10,0,0,0,0,10.372,12.914,0.397,
20,35,65,0,0.000,1879.319,1506.472,,,,1.000,1,0,10,0,0,0,0,13.001,12.609,0.535,
20,35,70,0,0.000,1879.319,1506.472,,,,1.000,1,0,10,0,0,0,0,10.723,10.897,0.538,
20,35,75,0,0.000,1879.319,1506.472,,,,1.000,1,0,10,0,0,0,0,10.975,8.616,0.527,
20,35,80,0,0.000,1879.319,1506.472,,,,1.000,1,0,10,0,0,0,0,10.681,8.780,0.551,
20,35,85,0,0.000,1879.319,1506.472,,,,1.000,1,0,10,0,0,0,0,9.469,10.651,0.553,
20,35,90,0,0.000,1879.319,1506.472,,,,1.000,1,0,10,0,0,0,0,8.816,12.564,0.624,
20,35,95,0,0.000,1879.319,1506.472,,,,1.000,1,0,10,0,0,0,0,11.392,11.001,0.453,
20,35,100,0,0.000,1879.319,1506.472,,,,1.000,1,0,10,0,0,0,0,12.702,11.249,0.571,
20,35,105,0,0.000,1879.319,1506.472,,,,1.000,1,0,10,0,0,0,0,10.855,12.899,0.587,
20,35,110,0,0.000,1879.319,1506.472,,,,1.000,1,0,10,0,0,0,0,9.299,9.242,0.577,
20,35,115,0,0.000,1879.319,1506.472,,,,1.000,1,0,10,0,0,0,0,11.113,13.450,0.630,
20,35,120,0,0.000,1879.319,1506.472,,,,1.000,1,0,10,0,0,0,0,13.027,13.507,0.780,
20,35,125,0,0.000,1879.319,1506.472,,,,1.000,1,0,10,0,0,0,0,9.618,10.230,0.498,
20,35,130,0,0.000,1879.319,1506.472,,,,1.000,1,0,10,0,0,0,0,10.707,11.694,0.325,
20,35,135,0,0.000,1879.319,1506.472,,,,1.000,1,0,10,0,0,0,0,12.745,10.071,0.754,
20,35,140,0,0.000,1879.319,1506.472,,,,1.000,1,0,10,0,0,0,0,10.928,8.893,0.754,
20,35,145,0,0.000,1879.319,1506.472,,,,1.000,1,0,10,0,0,0,0,10.836,8.053,0.613,
20,35,150,0,0.000,1879.319,1506.472,,,,1.000,1,0,10,0,0,0,0,9.298,11.295,0.612,
20,35,155,0,0.000,1879.319,1506.472,,,,1.000,1,0,10,0,0,0,0,10.327,9.689,0.372,
20,35,160,0,0.000,1879.319,1506.472,,,,1.000,1,0,10,0,0,0,0,10.226,11.638,0.373,
20,35,165,0,0.000,1879.319,1506.472,,,,1.000,1,0,10,0,0,0,0,11.386,6.515,0.468,
20,35,170,0,0.000,1879.319,1506.472,,,,1.000,1,0,10,0,0,0,0,9.239,11.860,0.419,
20,35,175,0,0.000,1879.319,1506.472,,,,1.000,1,0,10,0,0,0,0,8.364,10.686,0.695,
20,35,180,0,0.000,1879.319,1506.472,,,,1.000,1,0,10,0,0,0,0,11.061,8.326,0.552,
20,35,185,0,0.000,1879.319,1506.472,,,,1.000,1,0,10,0,0,0,0,10.800,14.375,0.511,
20,35,190,0,0.000,1879.319,1506.472,,,,1.000,1,0,10,0,0,0,0,10.902,12.942,0.425,
20,35,195,0,0.000,1879.319,1506.472,,,,1.000,1,0,10,0,0,0,0,9.940,7.847,0.539,
20,35,200,0,0.000,1879.319,1506.472,,,,1.000,1,0,10,0,0,0,0,7.283,11.675,0.496,
20,35,205,0,0.000,1879.319,1506.472,,,,1.000,1,0,10,0,0,0,0,12.848,10.035,0.584,
20,35,210,0,0.000,1879.319,1506.472,,,,1.000,1,0,10,0,0,0,0,6.622,3.248,0.607,
20,35,215,0,0.000,1879.319,1506.472,,,,1.000,1,0,10,0,0,0,0,10.989,10.871,0.638,
20,35,220,0,0.000,1879.319,1506.472,,,,1.000,1,0,10,0,0,0,0,13.223,10.107,0.552,
20,35,225,0,0.000,1879.319,1506.472,,,,1.000,1,0,10,0,0,0,0,9.980,9.371,0.650,
20,35,230,0,0.000,1879.319,1506.472,,,,1.000,1,0,10,0,0,0,0,11.067,13.812,0.667,
20,35,235,0,0.000,1879.319,1506.472,,,,1.000,1,0,10,0,0,0,0,9.693,10.651,0.620,
20,35,240,0,0.000,1879.319,1506.472,,,,1.000,1,0,10,0,0,0,0,10.994,9.225,0.643,
20,35,245,0,0.000,1879.319,1506.472,,,,1.000,1,0,10,0,0,0,0,6.959,9.128,0.490,
20,35,250,0,0.000,1879.319,1506.472,,,,1.000,1,0,10,0,0,0,0,6.934,8.574,0.628,
20,35,255,0,0.000,1879.319,1506.472,,,,1.000,1,0,10,0,0,0,0,13.042,11.742,0.568,
20,35,260,0,0.000,1879.319,1506.472,,,,1.000,1,0,10,0,0,0,0,9.878,9.747,0.680,
20,35,265,0,0.000,1879.319,1506.472,,,,1.000,1,0,10,0,0,0,0,13.079,7.939,0.654,
20,35,270,0,0.000,1879.319,1506.472,,,,1.000,1,0,10,0,0,0,0,12.549,8.565,0.571,
20,35,275,0,0.000,1879.319,1506.472,,,,1.000,1,0,10,0,0,0,0,7.669,8.152,0.483,
20,35,280,0,0.000,1879.319,1506.472,,,,1.000,1,0,10,0,0,0,0,13.686,10.206,0.357,
20,35,285,0,0.000,1879.319,1506.472,,,,1.000,1,0,10,0,0,0,0,9.496,6.347,0.655,
20,40,-10,0,0.000,1879.319,1506.472,,,,0.000,0,0,0,0,0,0,10,10.498,11.237,0.529,
20,40,-5,0,0.000,1879.319,1506.472,,,,0.100,1,0,1,0,0,0,9,9.496,13.665,0.606,
20,40,0,0,0.000,1879.319,1506.472,,,,0.200,1,0,2,0,0,0,8,12.644,11.937,0.563,
20,40,5,0,0.000,1879.319,1506.472,,,,0.200,1,0,2,0,0,0,8,12.386,13.545,0.647,
20,40,10,0,0.000,1879.319,1506.472,,,,0.200,1,0,2,0,0,0,8,9.485,9.673,0.742,
20,40,15,0,0.000,1879.319,1506.472,,,,0.600,1,0,6,0,0,0,4,12.113,11.814,0.450,
20,40,20,0,0.000,1879.319,1506.472,,,,0.700,1,0,7,0,0,0,3,12.083,9.572,0.533,
20,40,25,0,0.000,1879.319,1506.472,,,,0.900,1,0,9,0,0,0,1,9.533,12.734,0.537,
20,40,30,0,0.000,1879.319,1506.472,,,,0.800,1,0,8,0,0,0,2,9.143,13.928,0.488,
20,40,35,0,0.000,1879.319,1506.472,,,,1.000,1,0,10,0,0,0,0,7.114,11.018,0.567,
20,40,40,0,0.000,1879.319,1506.472,,,,1.000,1,0,10,0,0,0,0,10.915,8.423,0.681,
20,40,45,0,0.000,1879.319,1506.472,,,,1.000,1,0,10,0,0,0,0,11.062,10.867,0.591,
20,40,50,0,0.000,1879.319,1506.472,,,,1.000,1,0,10,0,0,0,0,11.229,8.702,0.420,
20,40,55,0,0.000,1879.319,1506.472,,,,1.000,1,0,10,0,0,0,0,12.158,8.136,0.532,
20,40,60,0,0.000,1879.319,1506.472,,,,1.000,1,0,10,0,0,0,0,9.346,9.437,0.503,
20,40,65,0,0.000,1879.319,1506.472,,,,1.000,1,0,10,0,0,0,0,10.645,10.005,0.323,
20,40,70,0,0.000,1879.319,1506.472,,,,1.000,1,0,10,0,0,0,0,14.790,11.300,0.515,
20,40,75,0,0.000,1879.319,1506.472,,,,1.000,1,0,10,0,0,0,0,11.439,11.315,0.535,
20,40,80,0,0.000,1879.319,1506.472,,,,1.000,1,0,10,0,0,0,0,11.799,9.819,0.562,
20,40,85,0,0.000,1879.319,1506.472,,,,1.000,1,0,10,0,0,0,0,8.846,7.209,0.422,
20,40,90,0,0.000,1879.319,1506.472,,,,1.000,1,0,10,0,0,0,0,11.392,13.170,0.482,
20,40,95,0,0.000,1879.319,1506.472,,,,1.000,1,0,10,0,0,0,0,6.150,10.887,0.481,
20,40,100,0,0.000,1879.319,1506.472,,,,1.000,1,0,10,0,0,0,0,10.350,11.334,0.480,
20,40,105,0,0.000,1879.319,1506.472,,,,1.000,1,0,10,0,0,0,0,10.600,10.141,0.585,
20,40,110,0,0.000,1879.319,1506.472,,,,1.000,1,0,10,0,0,0,0,10.660,9.292,0.606,
20,40,115,0,0.000,1879.319,1506.472,,,,1.000,1,0,10,0,0,0,0,12.811,8.885,0.432,
20,40,120,0,0.000,1879.319,1506.472,,,,1.000,1,0,10,0,0,0,0,13.422,10.981,0.214,
20,40,125,0,0.000,1879.319,1506.472,,,,1.000,1,0,10,0,0,0,0,12.493,12.829,0.566,
20,40,130,0,0.000,1879.319,1506.472,,,,1.000,1,0,10,0,0,0,0,13.144,8.990,0.521,
20,40,135,0,0.000,1879.319,1506.472,,,,1.000,1,0,10,0,0,0,0,12.287,11.743,0.622,
20,40,140,0,0.000,1879.319,1506.472,,,,1.000,1,0,10,0,0,0,0,11.080,10.707,0.409,
20,40,145,0,0.000,1879.319,1506.472,,,,1.000,1,0,10,0,0,0,0,13.133,11.184,0.586,
20,40,150,0,0.000,1879.319,1506.472,,,,1.000,1,0,10,0,0,0,0,9.381,9.063,0.305,
20,40,155,0,0.000,1879.319,1506.472,,,,1.000,1,0,10,0,0,0,0,13.072,9.596,0.631,
20,40,160,0,0.000,1879.319,1506.472,,,,1.000,1,0,10,0,0,0,0,10.023,10.630,0.697,
20,40,165,0,0.000,1879.319,1506.472,,,,1.000,1,0,10,0,0,0,0,9.575,9.559,0.600,
20,40,170,0,0.000,1879.319,1506.472,,,,1.000,1,0,10,0,0,0,0,8.370,10.559,0.579,
20,40,175,0,0.000,1879.319,1506.472,,,,1.000,1,0,10,0,0,0,0,9.156,7.552,0.454,
20,40,180,0,0.000,1879.319,1506.472,,,,1.000,1,0,10,0,0,0,0,13.307,11.383,0.611,
20,40,185,0,0.000,1879.319,1506.472,,,,1.000,1,0,10,0,0,0,0,11.159,11.955,0.375,
20,40,190,0,0.000,1879.319,1506.472,,,,1.000,1,0,10,0,0,0,0,10.277,10.373,0.390,
20,40,195,0,0.000,1879.319,1506.472,,,,1.000,1,0,10,0,0,0,0,12.261,9.047,0.636,
20,40,200,0,0.000,1879.319,1506.472,,,,1.000,1,0,10,0,0,0,0,11.440,10.409,0.450,
20,40,205,0,0.000,1879.319,1506.472,,,,1.000,1,0,10,0,0,0,0,14.475,11.118,0.610,
20,40,210,0,0.000,1879.319,1506.472,,,,1.000,1,0,10,0,0,0,0,13.461,10.800,0.524,
20,40,215,0,0.000,1879.319,1506.472,,,,1.000,1,0,10,0,0,0,0,6.686,7.658,0.459,
20,40,220,0,0.000,1879.319,1506.472,,,,1.000,1,0,10,0,0,0,0,12.337,8.900,0.574,
20,40,225,0,0.000,1879.319,1506.472,,,,1.000,1,0,10,0,0,0,0,8.872,12.505,0.673,
20,40,230,0,0.000,1879.319,1506.472,,,,1.000,1,0,10,0,0,0,0,8.203,9.368,0.576,
20,40,235,0,0.000,1879.319,1506.472,,,,1.000,1,0,10,0,0,0,0,12.117,9.637,0.401,
20,40,240,0,0.000,1879.319,1506.472,,,,1.000,1,0,10,0,0,0,0,11.410,10.367,0.584,
20,40,245,0,0.000,1879.319,1506.472,,,,1.000,1,0,10,0,0,0,0,13.479,10.743,0.665,
20,40,250,0,0.000,1879.319,1506.472,,,,1.000,1,0,10,0,0,0,0,12.681,9.934,0.516,
20,40,255,0,0.000,1879.319,1506.472,,,,1.000,1,0,10,0,0,0,0,12.963,10.641,0.562,
20,40,260,0,0.000,1879.319,1506.472,,,,1.000,1,0,10,0,0,0,0,9.966,11.426,0.603,
20,40,265,0,0.000,1879.319,1506.472,,,,1.000,1,0,10,0,0,0,0,9.681,9.004,0.527,
20,40,270,0,0.000,1879.319,1506.472,,,,1.000,1,0,10,0,0,0,0,10.224,12.059,0.734,
20,40,275,0,0.000,1879.319,1506.472,,,,1.000,1,0,10,0,0,0,0,10.716,10.010,0.571,
20,40,280,0,0.000,1879.319,1506.472,,,,1.000,1,0,10,0,0,0,0,10.146,12.015,0.485,
20,40,285,0,0.000,1879.319,1506.472,,,,1.000,1,0,10,0,0,0,0,14.934,12.189,0.572,
20,45,-10,0,0.000,1879.319,1506.472,,,,0.000,0,0,0,0,0,0,10,11.375,13.181,0.541,
20,45,-5,0,0.000,1879.319,1506.472,,,,0.000,0,0,0,0,0,0,10,10.549,8.426,0.502,
20,45,0,0,0.000,1879.319,1506.472,,,,0.400,1,0,4,0,0,0,6,11.426,11.411,0.496,
20,45,5,0,0.000,1879.319,1506.472,,,,0.400,1,0,4,0,0,0,6,10.830,11.610,0.548,
20,45,10,0,0.000,1879.319,1506.472,,,,0.100,1,0,1,0,0,0,9,9.023,6.731,0.659,
20,45,15,0,0.000,1879.319,1506.472,,,,0.200,1,0,2,0,0,0,8,6.460,10.400,0.563,
20,45,20,0,0.000,1879.319,1506.472,,,,0.400,1,0,4,0,0,0,6,10.537,8.952,0.572,
20,45,25,0,0.000,1879.319,1506.472,,,,0.700,1,0,7,0,0,0,3,12.664,8.536,0.554,
20,45,30,0,0.000,1879.319,1506.472,,,,1.000,1,0,10,0,0,0,0,8.004,10.993,0.612,
20,45,35,0,0.000,1879.319,1506.472,,,,0.900,1,0,9,0,0,0,1,10.245,11.885,0.499,
20,45,40,0,0.000,1879.319,1506.472,,,,1.000,1,0,10,0,0,0,0,6.235,8.843,0.536,
20,45,45,0,0.000,1879.319,1506.472,,,,1.000,1,0,10,0,0,0,0,11.825,13.851,0.639,
20,45,50,0,0.000,1879.319,1506.472,,,,1.000,1,0,10,0,0,0,0,8.801,11.036,0.344,
20,45,55,0,0.000,1879.319,1506.472,,,,1.000,1,0,10,0,0,0,0,11.950,14.561,0.622,
20,45,60,0,0.000,1879.319,1506.472,,,,1.000,1,0,10,0,0,0,0,9.574,11.213,0.463,
20,45,65,0,0.000,1879.319,1506.472,,,,1.000,1,0,10,0,0,0,0,13.505,12.737,0.503,
20,45,70,0,0.000,1879.319,1506.472,,,,1.000,1,0,10,0,0,0,0,9.657,12.848,0.468,
20,45,75,0,0.000,1879.319,1506.472,,,,1.000,1,0,10,0,0,0,0,12.573,11.578,0.550,
20,45,80,0,0.000,1879.319,1506.472,,,,1.000,1,0,10,0,0,0,0,10.503,10.531,0.545,
20,45,85,0,0.000,1879.319,1506.472,,,,1.000,1,0,10,0,0,0,0,12.049,9.288,0.550,
20,45,90,0,0.000,1879.319,1506.472,,,,1.000,1,0,10,0,0,0,0,5.862,11.442,0.328,
20,45,95,0,0.000,1879.319,1506.472,,,,1.000,1,0,10,0,0,0,0,11.069,12.880,0.629,
20,45,100,0,0.000,1879.319,1506.472,,,,1.000,1,0,10,0,0,0,0,11.991,13.095,0.566,
20,45,105,0,0.000,1879.319,1506.472,,,,1.000,1,0,10,0,0,0,0,11.407,10.618,0.675,
20,45,110,0,0.000,1879.319,1506.472,,,,1.000,1,0,10,0,0,0,0,10.714,10.531,0.400,
20,45,115,0,0.000,1879.319,1506.472,,,,1.000,1,0,10,0,0,0,0,9.722,10.597,0.535,
20,45,120,0,0.000,1879.319,1506.472,,,,1.000,1,0,10,0,0,0,0,10.680,9.676,0.446,
20,45,125,0,0.000,1879.319,1506.472,,,,1.000,1,0,10,0,0,0,0,12.476,14.044,0.538,
20,45,130,0,0.000,1879.319,1506.472,,,,1.000,1,0,10,0,0,0,0,10.450,15.273,0.492,
20,45,135,0,0.000,1879.319,1506.472,,,,1.000,1,0,10,0,0,0,0,9.946,11.006,0.354,
20,45,140,0,0.000,1879.319,1506.472,,,,1.000,1,0,10,0,0,0,0,10.078,9.661,0.509,
20,45,145,0,0.000,1879.319,1506.472,,,,1.000,1,0,10,0,0,0,0,11.567,13.524,0.485,
20,45,150,0,0.000,1879.319,1506.472,,,,1.000,1,0,10,0,0,0,0,10.742,8.138,0.501,
20,45,155,0,0.000,1879.319,1506.472,,,,1.000,1,0,10,0,0,0,0,11.635,9.040,0.476,
20,45,160,0,0.000,1879.319,1506.472,,,,1.000,1,0,10,0,0,0,0,12.313,8.266,0.639,
20,45,165,0,0.000,1879.319,1506.472,,,,1.000,1,0,10,0,0,0,0,13.648,8.896,0.437,
20,45,170,0,0.000,1879.319,1506.472,,,,1.000,1,0,10,0,0,0,0,13.938,11.185,0.614,
20,45,175,0,0.000,1879.319,1506.472,,,,1.000,1,0,10,0,0,0,0,13.407,13.991,0.536,
20,45,180,0,0.000,1879.319,1506.472,,,,1.000,1,0,10,0,0,0,0,11.753,10.065,0.633,
20,45,185,0,0.000,1879.319,1506.472,,,,1.000,1,0,10,0,0,0,0,12.385,11.752,0.544,
20,45,190,0,0.000,1879.319,1506.472,,,,1.000,1,0,10,0,0,0,0,8.540,11.112,0.510,
20,45,195,0,0.000,1879.319,1506.472,,,,1.000,1,0,10,0,0,0,0,10.092,14.014,0.545,
20,45,200,0,0.000,1879.319,1506.472,,,,1.000,1,0,10,0,0,0,0,9.988,11.843,0.639,
20,45,205,0,0.000,1879.319,1506.472,,,,1.000,1,0,10,0,0,0,0,10.119,11.091,0.576,
20,45,210,0,0.000,1879.319,1506.472,,,,1.000,1,0,10,0,0,0,0,10.797,8.176,0.550,
20,45,215,0,0.000,1879.319,1506.472,,,,1.000,1,0,10,0,0,0,0,8.364,10.737,0.452,
20,45,220,0,0.000,1879.319,1506.472,,,,1.000,1,0,10,0,0,0,0,10.323,12.213,0.549,
20,45,225,0,0.000,1879.319,1506.472,,,,1.000,1,0,10,0,0,0,0,14.600,11.367,0.548,
20,45,230,0,0.000,1879.319,1506.472,,,,1.000,1,0,10,0,0,0,0,7.438,11.282,0.466,
20,45,235,0,0.000,1879.319,1506.472,,,,1.000,1,0,10,0,0,0,0,12.458,11.564,0.540,
20,45,240,0,0.000,1879.319,1506.472,,,,1.000,1,0,10,0,0,0,0,11.027,11.810,0.569,
20,45,245,0,0.000,1879.319,1506.472,,,,1.000,1,0,10,0,0,0,0,11.499,9.508,0.578,
20,45,250,0,0.000,1879.319,1506.472,,,,1.000,1,0,10,0,0,0,0,11.087,8.366,0.495,
20,45,255,0,0.000,1879.319,1506.472,,,,1.000,1,0,10,0,0,0,0,7.594,9.790,0.550,
20,45,260,0,0.000,1879.319,1506.472,,,,1.000,1,0,10,0,0,0,0,13.079,12.365,0.554,
20,45,265,0,0.000,1879.319,1506.472,,,,1.000,1,0,10,0,0,0,0,9.998,9.997,0.618,
20,45,270,0,0.000,1879.319,1506.472,,,,1.000,1,0,10,0,0,0,0,12.443,7.775,0.634,
20,45,275,0,0.000,1879.319,1506.472,,,,1.000,1,0,10,0,0,0,0,12.841,10.475,0.495,
20,45,280,0,0.000,1879.319,1506.472,,,,1.000,1,0,10,0,0,0,0,9.828,9.772,0.564,
20,45,285,0,0.000,1879.319,1506.472,,,,1.000,1,0,10,0,0,0,0,10.104,9.953,0.518,
20,50,-10,0,0.000,1879.319,1506.472,,,,0.000,0,0,0,0,0,0,10,10.015,8.448,0.621,
20,50,-5,0,0.000,1879.319,1506.472,,,,0.000,0,0,0,0,0,0,10,12.109,11.078,0.556,
20,50,0,0,0.000,1879.319,1506.472,,,,0.100,1,0,1,0,0,0,9,13.999,9.582,0.382,
20,50,5,0,0.000,1879.319,1506.472,,,,0.300,1,0,3,0,0,0,7,11.568,12.108,0.538,
20,50,10,0,0.000,1879.319,1506.472,,,,0.200,1,0,2,0,0,0,8,10.724,14.251,0.652,
20,50,15,0,0.000,1879.319,1506.472,,,,0.300,1,0,3,0,0,0,7,10.602,12.746,0.468,
20,50,20,0,0.000,1879.319,1506.472,,,,0.600,1,0,6,0,0,0,4,11.303,13.107,0.364,
20,50,25,0,0.000,1879.319,1506.472,,,,0.900,1,0,9,0,0,0,1,9.032,8.145,0.644,
20,50,30,0,0.000,1879.319,1506.472,,,,0.700,1,0,7,0,0,0,3,13.140,10.778,0.627,
20,50,35,0,0.000,1879.319,1506.472,,,,0.900,1,0,9,0,0,0,1,8.735,10.377,0.597,
20,50,40,0,0.000,1879.319,1506.472,,,,0.900,1,0,9,0,0,0,1,10.926,11.816,0.436,
20,50,45,0,0.000,1879.319,1506.472,,,,1.000,1,0,10,0,0,0,0,7.485,10.815,0.527,
20,50,50,0,0.000,1879.319,1506.472,,,,1.000,1,0,10,0,0,0,0,10.635,8.157,0.265,
20,50,55,0,0.000,1879.319,1506.472,,,,1.000,1,0,10,0,0,0,0,12.111,14.188,0.471,
20,50,60,0,0.000,1879.319,1506.472,,,,1.000,1,0,10,0,0,0,0,11.804,12.095,0.477,
20,50,65,0,0.000,1879.319,1506.472,,,,1.000,1,0,10,0,0,0,0,8.770,13.074,0.672,
20,50,70,0,0.000,1879.319,1506.472,,,,1.000,1,0,10,0,0,0,0,9.065,11.981,0.513,
20,50,75,0,0.000,1879.319,1506.472,,,,1.000,1,0,10,0,0,0,0,13.865,9.959,0.550,
20,50,80,0,0.000,1879.319,1506.472,,,,1.000,1,0,10,0,0,0,0,8.573,9.098,0.402,
20,50,85,0,0.000,1879.319,1506.472,,,,1.000,1,0,10,0,0,0,0,10.712,12.585,0.534,
20,50,90,0,0.000,1879.319,1506.472,,,,1.000,1,0,10,0,0,0,0,10.215,10.323,0.383,
20,50,95,0,0.000,1879.319,1506.472,,,,1.000,1,0,10,0,0,0,0,12.768,8.570,0.647,
20,50,100,0,0.000,1879.319,1506.472,,,,1.000,1,0,10,0,0,0,0,12.695,8.180,0.359,
20,50,105,0,0.000,1879.319,1506.472,,,,1.000,1,0,10,0,0,0,0,14.761,11.504,0.507,
20,50,110,0,0.000,1879.319,1506.472,,,,1.000,1,0,10,0,0,0,0,10.018,12.312,0.403,
20,50,115,0,0.000,1879.319,1506.472,,,,1.000,1,0,10,0,0,0,0,9.168,10.850,0.687,
20,50,120,0,0.000,1879.319,1506.472,,,,1.000,1,0,10,0,0,0,0,13.100,10.176,0.501,
20,50,125,0,0.000,1879.319,1506.472,,,,1.000,1,0,10,0,0,0,0,8.361,10.900,0.552,
20,50,130,0,0.000,1879.319,1506.472,,,,1.000,1,0,10,0,0,0,0,13.812,9.785,0.641,
20,50,135,0,0.000,1879.319,1506.472,,,,1.000,1,0,10,0,0,0,0,7.316,11.347,0.568,
20,50,140,0,0.000,1879.319,1506.472,,,,1.000,1,0,10,0,0,0,0,9.672,14.944,0.621,
20,50,145,0,0.000,1879.319,1506.472,,,,1.000,1,0,10,0,0,0,0,9.765,9.850,0.574,
20,50,150,0,0.000,1879.319,1506.472,,,,1.000,1,0,10,0,0,0,0,9.008,9.992,0.603,
20,50,155,0,0.000,1879.319,1506.472,,,,1.000,1,0,10,0,0,0,0,11.510,12.949,0.650,
20,50,160,0,0.000,1879.319,1506.472,,,,1.000,1,0,10,0,0,0,0,8.838,8.568,0.631,
20,50,165,0,0.000,1879.319,1506.472,,,,1.000,1,0,10,0,0,0,0,8.693,9.728,0.645,
20,50,170,0,0.000,1879.319,1506.472,,,,1.000,1,0,10,0,0,0,0,10.884,10.541,0.532,
20,50,175,0,0.000,1879.319,1506.472,,,,1.000,1,0,10,0,0,0,0,13.442,9.957,0.422,
20,50,180,0,0.000,1879.319,1506.472,,,,1.000,1,0,10,0,0,0,0,13.835,6.683,0.492,
20,50,185,0,0.000,1879.319,1506.472,,,,1.000,1,0,10,0,0,0,0,9.650,11.851,0.601,
20,50,190,0,0.000,1879.319,1506.472,,,,1.000,1,0,10,0,0,0,0,11.301,12.853,0.803,
20,50,195,0,0.000,1879.319,1506.472,,,,1.000,1,0,10,0,0,0,0,11.161,11.286,0.502,
20,50,200,0,0.000,1879.319,1506.472,,,,1.000,1,0,10,0,0,0,0,13.415,12.309,0.606,
20,50,205,0,0.000,1879.319,1506.472,,,,1.000,1,0,10,0,0,0,0,11.193,12.161,0.348,
20,50,210,0,0.000,1879.319,1506.472,,,,1.000,1,0,10,0,0,0,0,10.385,8.464,0.441,
20,50,215,0,0.000,1879.319,1506.472,,,,1.000,1,0,10,0,0,0,0,12.931,5.841,0.509,
20,50,220,0,0.000,1879.319,1506.472,,,,1.000,1,0,10,0,0,0,0,7.535,13.425,0.552,
20,50,225,0,0.000,1879.319,1506.472,,,,1.000,1,0,10,0,0,0,0,7.509,10.345,0.587,
20,50,230,0,0.000,1879.319,1506.472,,,,1.000,1,0,10,0,0,0,0,10.077,13.634,0.490,
20,50,235,0,0.000,1879.319,1506.472,,,,1.000,1,0,10,0,0,0,0,7.331,14.058,0.513,
20,50,240,0,0.000,1879.319,1506.472,,,,1.000,1,0,10,0,0,0,0,7.304,10.840,0.543,
20,50,245,0,0.000,1879.319,1506.472,,,,1.000,1,0,10,0,0,0,0,12.376,7.492,0.450,
20,50,250,0,0.000,1879.319,1506.472,,,,1.000,1,0,10,0,0,0,0,11.468,10.349,0.631,
20,50,255,0,0.000,1879.319,1506.472,,,,1.000,1,0,10,0,0,0,0,10.552,10.921,0.514,
20,50,260,0,0.000,1879.319,1506.472,,,,1.000,1,0,10,0,0,0,0,7.774,8.423,0.619,
20,50,265,0,0.000,1879.319,1506.472,,,,1.000,1,0,10,0,0,0,0,12.994,9.340,0.608,
20,50,270,0,0.000,1879.319,1506.472,,,,1.000,1,0,10,0,0,0,0,11.591,11.539,0.707,
20,50,275,0,0.000,1879.319,1506.472,,,,1.000,1,0,10,0,0,0,0,6.075,10.101,0.694,
20,50,280,0,0.000,1879.319,1506.472,,,,1.000,1,0,10,0,0,0,0,11.083,11.982,0.331,
20,50,285,0,0.000,1879.319,1506.472,,,,1.000,1,0,10,0,0,0,0,13.001,12.123,0.491,
20,55,-10,0,0.000,1879.319,1506.472,,,,0.000,0,0,0,0,0,0,10,10.457,8.177,0.628,
20,55,-5,0,0.000,1879.319,1506.472,,,,0.000,0,0,0,0,0,0,10,8.974,10.469,0.752,
20,55,0,0,0.000,1879.319,1506.472,,,,0.000,0,0,0,0,0,0,10,11.625,9.694,0.581,
20,55,5,0,0.000,1879.319,1506.472,,,,0.100,1,0,1,0,0,0,9,9.713,9.266,0.578,
20,55,10,0,0.000,1879.319,1506.472,,,,0.300,1,0,3,0,0,0,7,10.563,9.970,0.539,
20,55,15,0,0.000,1879.319,1506.472,,,,0.500,1,0,5,0,0,0,5,13.076,12.498,0.576,
20,55,20,0,0.000,1879.319,1506.472,,,,0.500,1,0,5,0,0,0,5,10.161,11.978,0.586,
20,55,25,0,0.000,1879.319,1506.472,,,,0.500,1,0,5,0,0,0,5,8.980,12.462,0.539,
20,55,30,0,0.000,1879.319,1506.472,,,,0.800,1,0,8,0,0,0,2,10.003,12.499,0.563,
20,55,35,0,0.000,1879.319,1506.472,,,,0.900,1,0,9,0,0,0,1,9.932,9.460,0.375,
20,55,40,0,0.000,1879.319,1506.472,,,,1.000,1,0,10,0,0,0,0,13.616,10.962,0.517,
20,55,45,0,0.000,1879.319,1506.472,,,,1.000,1,0,10,0,0,0,0,11.392,9.863,0.533,
20,55,50,0,0.000,1879.319,1506.472,,,,1.000,1,0,10,0,0,0,0,9.642,12.376,0.521,
20,55,55,0,0.000,1879.319,1506.472,,,,1.000,1,0,10,0,0,0,0,10.737,13.494,0.523,
20,55,60,0,0.000,1879.319,1506.472,,,,1.000,1,0,10,0,0,0,0,11.789,7.268,0.404,
20,55,65,0,0.000,1879.319,1506.472,,,,1.000,1,0,10,0,0,0,0,5.650,8.128,0.661,
20,55,70,0,0.000,1879.319,1506.472,,,,1.000,1,0,10,0,0,0,0,11.785,14.993,0.615,
20,55,75,0,0.000,1879.319,1506.472,,,,1.000,1,0,10,0,0,0,0,11.528,11.902,0.485,
20,55,80,0,0.000,1879.319,1506.472,,,,1.000,1,0,10,0,0,0,0,9.962,10.653,0.667,
20,55,85,0,0.000,1879.319,1506.472,,,,1.000,1,0,10,0,0,0,0,8.488,10.747,0.484,
20,55,90,0,0.000,1879.319,1506.472,,,,1.000,1,0,10,0,0,0,0,9.808,10.194,0.637,
20,55,95,0,0.000,1879.319,1506.472,,,,1.000,1,0,10,0,0,0,0,10.477,12.462,0.555,
20,55,100,0,0.000,1879.319,1506.472,,,,1.000,1,0,10,0,0,0,0,11.005,11.187,0.506,
20,55,105,0,0.000,1879.319,1506.472,,,,1.000,1,0,10,0,0,0,0,9.399,10.482,0.575,
20,55,110,0,0.000,1879.319,1506.472,,,,1.000,1,0,10,0,0,0,0,10.996,11.882,0.632,
20,55,115,0,0.000,1879.319,1506.472,,,,1.000,1,0,10,0,0,0,0,8.819,9.746,0.461,
20,55,120,0,0.000,1879.319,1506.472,,,,1.000,1,0,10,0,0,0,0,10.396,10.069,0.461,
20,55,125,0,0.000,1879.319,1506.472,,,,1.000,1,0,10,0,0,0,0,10.476,9.530,0.590,
20,55,130,0,0.000,1879.319,1506.472,,,,1.000,1,0,10,0,0,0,0,8.748,13.808,0.425,
20,55,135,0,0.000,1879.319,1506.472,,,,1.000,1,0,10,0,0,0,0,10.239,10.790,0.278,
20,55,140,0,0.000,1879.319,1506.472,,,,1.000,1,0,10,0,0,0,0,11.581,8.878,0.635,
20,55,145,0,0.000,1879.319,1506.472,,,,1.000,1,0,10,0,0,0,0,10.177,11.165,0.580,
20,55,150,0,0.000,1879.319,1506.472,,,,1.000,1,0,10,0,0,0,0,9.888,11.656,0.600,
20,55,155,0,0.000,1879.319,1506.472,,,,1.000,1,0,10,0,0,0,0,8.091,12.428,0.603,
20,55,160,0,0.000,1879.319,1506.472,,,,1.000,1,0,10,0,0,0,0,11.696,9.595,0.517,
20,55,165,0,0.000,1879.319,1506.472,,,,1.000,1,0,10,0,0,0,0,10.128,9.679,0.434,
20,55,170,0,0.000,1879.319,1506.472,,,,1.000,1,0,10,0,0,0,0,10.260,12.960,0.578,
20,55,175,0,0.000,1879.319,1506.472,,,,1.000,1,0,10,0,0,0,0,14.602,11.865,0.638,
20,55,180,0,0.000,1879.319,1506.472,,,,1.000,1,0,10,0,0,0,0,11.418,13.843,0.518,
20,55,185,0,0.000,1879.319,1506.472,,,,1.000,1,0,10,0,0,0,0,13.079,10.460,0.592,
20,55,190,0,0.000,1879.319,1506.472,,,,1.000,1,0,10,0,0,0,0,12.534,11.998,0.479,
20,55,195,0,0.000,1879.319,1506.472,,,,1.000,1,0,10,0,0,0,0,9.687,6.368,0.514,
20,55,200,0,0.000,1879.319,1506.472,,,,1.000,1,0,10,0,0,0,0,14.261,8.519,0.419,
20,55,205,0,0.000,1879.319,1506.472,,,,1.000,1,0,10,0,0,0,0,12.487,10.199,0.666,
20,55,210,0,0.000,1879.319,1506.472,,,,1.000,1,0,10,0,0,0,0,13.549,8.062,0.553,
20,55,215,0,0.000,1879.319,1506.472,,,,1.000,1,0,10,0,0,0,0,13.458,8.874,0.419,
20,55,220,0,0.000,1879.319,1506.472,,,,1.000,1,0,10,0,0,0,0,13.011,12.226,0.526,
20,55,225,0,0.000,1879.319,1506.472,,,,1.000,1,0,10,0,0,0,0,12.737,11.294,0.553,
20,55,230,0,0.000,1879.319,1506.472,,,,1.000,1,0,10,0,0,0,0,12.467,8.166,0.528,
20,55,235,0,0.000,1879.319,1506.472,,,,1.000,1,0,10,0,0,0,0,14.040,14.061,0.502,
20,55,240,0,0.000,1879.319,1506.472,,,,1.000,1,0,10,0,0,0,0,8.634,8.184,0.647,
20,55,245,0,0.000,1879.319,1506.472,,,,1.000,1,0,10,0,0,0,0,11.639,12.058,0.688,
20,55,250,0,0.000,1879.319,1506.472,,,,1.000,1,0,10,0,0,0,0,12.837,9.342,0.586,
20,55,255,0,0.000,1879.319,1506.472,,,,1.000,1,0,10,0,0,0,0,9.619,10.632,0.573,
20,55,260,0,0.000,1879.319,1506.472,,,,1.000,1,0,10,0,0,0,0,9.622,9.254,0.443,
20,55,265,0,0.000,1879.319,1506.472,,,,1.000,1,0,10,0,0,0,0,10.353,7.650,0.701,
20,55,270,0,0.000,1879.319,1506.472,,,,1.000,1,0,10,0,0,0,0,10.203,7.386,0.557,
20,55,275,0,0.000,1879.319,1506.472,,,,1.000,1,0,10,0,0,0,0,10.832,12.564,0.509,
20,55,280,0,0.000,1879.319,1506.472,,,,1.000,1,0,10,0,0,0,0,6.086,12.517,0.515,
20,55,285,0,0.000,1879.319,1506.472,,,,1.000,1,0,10,0,0,0,0,10.699,8.102,0.455,
20,60,-10,0,0.000,1879.319,1506.472,,,,0.000,0,0,0,0,0,0,10,12.213,10.091,0.607,
20,60,-5,0,0.000,1879.319,1506.472,,,,0.000,0,0,0,0,0,0,10,11.713,11.075,0.727,
20,60,0,0,0.000,1879.319,1506.472,,,,0.000,0,0,0,0,0,0,10,7.663,12.277,0.620,
20,60,5,0,0.000,1879.319,1506.472,,,,0.000,0,0,0,0,0,0,10,11.914,8.019,0.426,
20,60,10,0,0.000,1879.319,1506.472,,,,0.500,1,0,5,0,0,0,5,12.655,12.778,0.581,
20,60,15,0,0.000,1879.319,1506.472,,,,0.200,1,0,2,0,0,0,8,11.987,7.764,0.484,
20,60,20,0,0.000,1879.319,1506.472,,,,0.400,1,0,4,0,0,0,6,11.857,9.676,0.671,
20,60,25,0,0.000,1879.319,1506.472,,,,0.300,1,0,3,0,0,0,7,9.144,12.504,0.507,
20,60,30,0,0.000,1879.319,1506.472,,,,0.400,1,0,4,0,0,0,6,13.185,12.507,0.510,
20,60,35,0,0.000,1879.319,1506.472,,,,1.000,1,0,10,0,0,0,0,7.533,8.494,0.622,
20,60,40,0,0.000,1879.319,1506.472,,,,0.900,1,0,9,0,0,0,1,11.663,13.871,0.611,
20,60,45,0,0.000,1879.319,1506.472,,,,1.000,1,0,10,0,0,0,0,9.561,12.626,0.454,
20,60,50,0,0.000,1879.319,1506.472,,,,1.000,1,0,10,0,0,0,0,13.376,9.253,0.597,
20,60,55,0,0.000,1879.319,1506.472,,,,1.000,1,0,10,0,0,0,0,9.870,11.095,0.379,
20,60,60,0,0.000,1879.319,1506.472,,,,1.000,1,0,10,0,0,0,0,10.896,9.938,0.431,
20,60,65,0,0.000,1879.319,1506.472,,,,1.000,1,0,10,0,0,0,0,10.830,11.940,0.581,
20,60,70,0,0.000,1879.319,1506.472,,,,1.000,1,0,10,0,0,0,0,8.310,13.158,0.431,
20,60,75,0,0.000,1879.319,1506.472,,,,1.000,1,0,10,0,0,0,0,8.891,10.777,0.580,
20,60,80,0,0.000,1879.319,1506.472,,,,1.000,1,0,10,0,0,0,0,11.522,9.109,0.624,
20,60,85,0,0.000,1879.319,1506.472,,,,1.000,1,0,10,0,0,0,0,11.490,9.204,0.479,
20,60,90,0,0.000,1879.319,1506.472,,,,1.000,1,0,10,0,0,0,0,6.597,9.995,0.430,
20,60,95,0,0.000,1879.319,1506.472,,,,1.000,1,0,10,0,0,0,0,11.639,9.226,0.668,
20,60,100,0,0.000,1879.319,1506.472,,,,1.000,1,0,10,0,0,0,0,11.644,13.240,0.661,
20,60,105,0,0.000,1879.319,1506.472,,,,1.000,1,0,10,0,0,0,0,10.550,11.920,0.519,
20,60,110,0,0.000,1879.319,1506.472,,,,1.000,1,0,10,0,0,0,0,13.703,13.637,0.507,
20,60,115,0,0.000,1879.319,1506.472,,,,1.000,1,0,10,0,0,0,0,10.997,10.961,0.607,
20,60,120,0,0.000,1879.319,1506.472,,,,1.000,1,0,10,0,0,0,0,6.573,12.626,0.477,
20,60,125,0,0.000,1879.319,1506.472,,,,1.000,1,0,10,0,0,0,0,10.430,8.092,0.498,
20,60,130,0,0.000,1879.319,1506.472,,,,1.000,1,0,10,0,0,0,0,10.410,11.995,0.542,
20,60,135,0,0.000,1879.319,1506.472,,,,1.000,1,0,10,0,0,0,0,11.911,11.850,0.542,
20,60,140,0,0.000,1879.319,1506.472,,,,1.000,1,0,10,0,0,0,0,13.939,8.477,0.459,
20,60,145,0,0.000,1879.319,1506.472,,,,1.000,1,0,10,0,0,0,0,11.045,8.565,0.462,
20,60,150,0,0.000,1879.319,1506.472,,,,1.000,1,0,10,0,0,0,0,11.450,9.816,0.451,
20,60,155,0,0.000,1879.319,1506.472,,,,1.000,1,0,10,0,0,0,0,11.010,11.455,0.508,
20,60,160,0,0.000,1879.319,1506.472,,,,1.000,1,0,10,0,0,0,0,7.941,8.795,0.548,
20,60,165,0,0.000,1879.319,1506.472,,,,1.000,1,0,10,0,0,0,0,10.742,11.329,0.316,
20,60,170,0,0.000,1879.319,1506.472,,,,1.000,1,0,10,0,0,0,0,11.273,9.554,0.412,
20,60,175,0,0.000,1879.319,1506.472,,,,1.000,1,0,10,0,0,0,0,9.762,10.829,0.564,
20,60,180,0,0.000,1879.319,1506.472,,,,1.000,1,0,10,0,0,0,0,10.273,8.289,0.531,
20,60,185,0,0.000,1879.319,1506.472,,,,1.000,1,0,10,0,0,0,0,7.284,11.495,0.475,
20,60,190,0,0.000,1879.319,1506.472,,,,1.000,1,0,10,0,0,0,0,13.121,9.636,0.481,
20,60,195,0,0.000,1879.319,1506.472,,,,1.000,1,0,10,0,0,0,0,12.711,8.375,0.733,
20,60,200,0,0.000,1879.319,1506.472,,,,1.000,1,0,10,0,0,0,0,10.062,11.414,0.781,
20,60,205,0,0.000,1879.319,1506.472,,,,1.000,1,0,10,0,0,0,0,10.010,12.237,0.473,
20,60,210,0,0.000,1879.319,1506.472,,,,1.000,1,0,10,0,0,0,0,7.727,13.656,0.633,
20,60,215,0,0.000,1879.319,1506.472,,,,1.000,1,0,10,0,0,0,0,9.925,12.454,0.610,
20,60,220,0,0.000,1879.319,1506.472,,,,1.000,1,0,10,0,0,0,0,12.820,13.370,0.489,
20,60,225,0,0.000,1879.319,1506.472,,,,1.000,1,0,10,0,0,0,0,9.978,11.010,0.537,
20,60,230,0,0.000,1879.319,1506.472,,,,1.000,1,0,10,0,0,0,0,9.524,10.788,0.573,
20,60,235,0,0.000,1879.319,1506.472,,,,1.000,1,0,10,0,0,0,0,9.536,10.859,0.540,
20,60,240,0,0.000,1879.319,1506.472,,,,1.000,1,0,10,0,0,0,0,11.472,11.777,0.585,
20,60,245,0,0.000,1879.319,1506.472,,,,1.000,1,0,10,0,0,0,0,11.364,13.067,0.621,
20,60,250,0,0.000,1879.319,1506.472,,,,1.000,1,0,10,0,0,0,0,12.195,11.325,0.572,
20,60,255,0,0.000,1879.319,1506.472,,,,1.000,1,0,10,0,0,0,0,13.008,9.233,0.621,
20,60,260,0,0.000,1879.319,1506.472,,,,1.000,1,0,10,0,0,0,0,10.472,11.919,0.465,
20,60,265,0,0.000,1879.319,1506.472,,,,1.000,1,0,10,0,0,0,0,12.205,9.532,0.342,
20,60,270,0,0.000,1879.319,1506.472,,,,1.000,1,0,10,0,0,0,0,10.976,10.111,0.627,
20,60,275,0,0.000,1879.319,1506.472,,,,1.000,1,0,10,0,0,0,0,11.243,6.753,0.606,
20,60,280,0,0.000,1879.319,1506.472,,,,1.000,1,0,10,0,0,0,0,12.131,12.342,0.507,
20,60,285,0,0.000,1879.319,1506.472,,,,1.000,1,0,10,0,0,0,0,9.739,10.746,0.579,
20,65,-10,0,0.000,1879.319,1506.472,,,,0.000,0,0,0,0,0,0,10,7.856,11.705,0.603,
20,65,-5,0,0.000,1879.319,1506.472,,,,0.000,0,0,0,0,0,0,10,11.065,11.244,0.549,
20,65,0,0,0.000,1879.319,1506.472,,,,0.000,0,0,0,0,0,0,10,8.916,12.341,0.504,
20,65,5,0,0.000,1879.319,1506.472,,,,0.400,1,0,4,0,0,0,6,10.792,12.686,0.730,
20,65,10,0,0.000,1879.319,1506.472,,,,0.200,1,0,2,0,0,0,8,9.156,10.477,0.406,
20,65,15,0,0.000,1879.319,1506.472,,,,0.500,1,0,5,0,0,0,5,9.778,15.033,0.593,
20,65,20,0,0.000,1879.319,1506.472,,,,0.200,1,0,2,0,0,0,8,12.021,10.288,0.457,
20,65,25,0,0.000,1879.319,1506.472,,,,0.600,1,0,6,0,0,0,4,11.104,12.925,0.582,
20,65,30,0,0.000,1879.319,1506.472,,,,0.700,1,0,7,0,0,0,3,12.211,8.909,0.542,
20,65,35,0,0.000,1879.319,1506.472,,,,0.600,1,0,6,0,0,0,4,9.955,13.822,0.394,
20,65,40,0,0.000,1879.319,1506.472,,,,0.700,1,0,7,0,0,0,3,10.647,12.012,0.515,
20,65,45,0,0.000,1879.319,1506.472,,,,1.000,1,0,10,0,0,0,0,10.788,13.373,0.542,
20,65,50,0,0.000,1879.319,1506.472,,,,1.000,1,0,10,0,0,0,0,10.196,11.126,0.509,
20,65,55,0,0.000,1879.319,1506.472,,,,1.000,1,0,10,0,0,0,0,11.764,8.997,0.635,
20,65,60,0,0.000,1879.319,1506.472,,,,1.000,1,0,10,0,0,0,0,10.560,8.448,0.446,
20,65,65,0,0.000,1879.319,1506.472,,,,1.000,1,0,10,0,0,0,0,11.718,12.866,0.595,
20,65,70,0,0.000,1879.319,1506.472,,,,1.000,1,0,10,0,0,0,0,9.758,14.176,0.567,
20,65,75,0,0.000,1879.319,1506.472,,,,1.000,1,0,10,0,0,0,0,11.824,10.381,0.476,
20,65,80,0,0.000,1879.319,1506.472,,,,1.000,1,0,10,0,0,0,0,12.550,10.960,0.590,
20,65,85,0,0.000,1879.319,1506.472,,,,1.000,1,0,10,0,0,0,0,12.268,12.220,0.681,
20,65,90,0,0.000,1879.319,1506.472,,,,1.000,1,0,10,0,0,0,0,8.470,10.345,0.646,
20,65,95,0,0.000,1879.319,1506.472,,,,1.000,1,0,10,0,0,0,0,13.218,11.949,0.686,
20,65,100,0,0.000,1879.319,1506.472,,,,1.000,1,0,10,0,0,0,0,9.936,12.140,0.524,
20,65,105,0,0.000,1879.319,1506.472,,,,1.000,1,0,10,0,0,0,0,10.006,12.258,0.654,
20,65,110,0,0.000,1879.319,1506.472,,,,1.000,1,0,10,0,0,0,0,12.204,13.533,0.619,
20,65,115,0,0.000,1879.319,1506.472,,,,1.000,1,0,10,0,0,0,0,11.860,9.716,0.466,
20,65,120,0,0.000,1879.319,1506.472,,,,1.000,1,0,10,0,0,0,0,15.173,11.151,0.493,
20,65,125,0,0.000,1879.319,1506.472,,,,1.000,1,0,10,0,0,0,0,10.560,12.373,0.658,
20,65,130,0,0.000,1879.319,1506.472,,,,1.000,1,0,10,0,0,0,0,8.773,7.400,0.434,
20,65,135,0,0.000,1879.319,1506.472,,,,1.000,1,0,10,0,0,0,0,13.405,13.061,0.626,
20,65,140,0,0.000,1879.319,1506.472,,,,1.000,1,0,10,0,0,0,0,11.982,10.539,0.483,
20,65,145,0,0.000,1879.319,1506.472,,,,1.000,1,0,10,0,0,0,0,9.414,11.805,0.677,
20,65,150,0,0.000,1879.319,1506.472,,,,1.000,1,0,10,0,0,0,0,8.860,13.313,0.515,
20,65,155,0,0.000,1879.319,1506.472,,,,1.000,1,0,10,0,0,0,0,13.693,11.009,0.647,
20,65,160,0,0.000,1879.319,1506.472,,,,1.000,1,0,10,0,0,0,0,11.301,10.146,0.642,
20,65,165,0,0.000,1879.319,1506.472,,,,1.000,1,0,10,0,0,0,0,11.468,7.496,0.607,
20,65,170,0,0.000,1879.319,1506.472,,,,1.000,1,0,10,0,0,0,0,14.677,9.708,0.427,
20,65,175,0,0.000,1879.319,1506.472,,,,1.000,1,0,10,0,0,0,0,10.526,9.372,0.635,
20,65,180,0,0.000,1879.319,1506.472,,,,1.000,1,0,10,0,0,0,0,6.905,9.427,0.684,
20,65,185,0,0.000,1879.319,1506.472,,,,1.000,1,0,10,0,0,0,0,11.629,10.947,0.567,
20,65,190,0,0.000,1879.319,1506.472,,,,1.000,1,0,10,0,0,0,0,8.943,11.293,0.570,
20,65,195,0,0.000,1879.319,1506.472,,,,1.000,1,0,10,0,0,0,0,12.589,11.816,0.586,
20,65,200,0,0.000,1879.319,1506.472,,,,1.000,1,0,10,0,0,0,0,10.781,11.137,0.434,
20,65,205,0,0.000,1879.319,1506.472,,,,1.000,1,0,10,0,0,0,0,11.968,8.304,0.342,
20,65,210,0,0.000,1879.319,1506.472,,,,1.000,1,0,10,0,0,0,0,7.738,14.327,0.550,
20,65,215,0,0.000,1879.319,1506.472,,,,1.000,1,0,10,0,0,0,0,10.287,10.106,0.533,
20,65,220,0,0.000,1879.319,1506.472,,,,1.000,1,0,10,0,0,0,0,7.528,10.515,0.661,
20,65,225,0,0.000,1879.319,1506.472,,,,1.000,1,0,10,0,0,0,0,11.348,10.473,0.677,
20,65,230,0,0.000,1879.319,1506.472,,,,1.000,1,0,10,0,0,0,0,9.834,9.649,0.360,
20,65,235,0,0.000,1879.319,1506.472,,,,1.000,1,0,10,0,0,0,0,13.442,9.602,0.566,
20,65,240,0,0.000,1879.319,1506.472,,,,1.000,1,0,10,0,0,0,0,10.529,10.758,0.500,
20,65,245,0,0.000,1879.319,1506.472,,,,1.000,1,0,10,0,0,0,0,11.632,11.635,0.510,
20,65,250,0,0.000,1879.319,1506.472,,,,1.000,1,0,10,0,0,0,0,9.749,8.896,0.678,
20,65,255,0,0.000,1879.319,1506.472,,,,1.000,1,0,10,0,0,0,0,10.975,10.862,0.568,
20,65,260,0,0.000,1879.319,1506.472,,,,1.000,1,0,10,0,0,0,0,10.898,11.855,0.564,
20,65,265,0,0.000,1879.319,1506.472,,,,1.000,1,0,10,0,0,0,0,12.946,11.272,0.660,
20,65,270,0,0.000,1879.319,1506.472,,,,1.000,1,0,10,0,0,0,0,11.448,9.048,0.517,
20,65,275,0,0.000,1879.319,1506.472,,,,1.000,1,0,10,0,0,0,0,8.129,6.668,0.537,
20,65,280,0,0.000,1879.319,1506.472,,,,1.000,1,0,10,0,0,0,0,10.518,11.615,0.638,
20,65,285,0,0.000,1879.319,1506.472,,,,1.000,1,0,10,0,0,0,0,12.081,11.489,0.541,
20,70,-10,0,0.000,1879.319,1506.472,,,,0.000,0,0,0,0,0,0,10,10.711,12.003,0.498,
20,70,-5,0,0.000,1879.319,1506.472,,,,0.000,0,0,0,0,0,0,10,9.196,11.090,0.443,
20,70,0,0,0.000,1879.319,1506.472,,,,0.000,0,0,0,0,0,0,10,12.093,10.975,0.442,
20,70,5,0,0.000,1879.319,1506.472,,,,0.000,0,0,0,0,0,0,10,9.710,9.172,0.434,
20,70,10,0,0.000,1879.319,1506.472,,,,0.200,1,0,2,0,0,0,8,11.331,12.453,0.734,
20,70,15,0,0.000,1879.319,1506.472,,,,0.200,1,0,2,0,0,0,8,8.068,9.424,0.560,
20,70,20,0,0.000,1879.319,1506.472,,,,0.200,1,0,2,0,0,0,8,11.723,8.649,0.564,
20,70,25,0,0.000,1879.319,1506.472,,,,0.400,1,0,4,0,0,0,6,12.621,12.689,0.495,
20,70,30,0,0.000,1879.319,1506.472,,,,0.300,1,0,3,0,0,0,7,12.496,10.273,0.567,
20,70,35,0,0.000,1879.319,1506.472,,,,0.600,1,0,6,0,0,0,4,12.672,13.561,0.570,
20,70,40,0,0.000,1879.319,1506.472,,,,0.900,1,0,9,0,0,0,1,8.559,11.331,0.419,
20,70,45,0,0.000,1879.319,1506.472,,,,1.000,1,0,10,0,0,0,0,11.225,12.086,0.447,
20,70,50,0,0.000,1879.319,1506.472,,,,1.000,1,0,10,0,0,0,0,10.253,13.427,0.689,
20,70,55,0,0.000,1879.319,1506.472,,,,1.000,1,0,10,0,0,0,0,12.880,7.770,0.629,
20,70,60,0,0.000,1879.319,1506.472,,,,1.000,1,0,10,0,0,0,0,10.910,12.752,0.627,
20,70,65,0,0.000,1879.319,1506.472,,,,1.000,1,0,10,0,0,0,0,10.882,11.060,0.600,
20,70,70,0,0.000,1879.319,1506.472,,,,1.000,1,0,10,0,0,0,0,10.104,11.954,0.696,
20,70,75,0,0.000,1879.319,1506.472,,,,1.000,1,0,10,0,0,0,0,11.742,10.200,0.572,
20,70,80,0,0.000,1879.319,1506.472,,,,1.000,1,0,10,0,0,0,0,10.163,13.206,0.594,
20,70,85,0,0.000,1879.319,1506.472,,,,1.000,1,0,10,0,0,0,0,8.120,8.462,0.490,
20,70,90,0,0.000,1879.319,1506.472,,,,1.000,1,0,10,0,0,0,0,7.281,12.063,0.515,
20,70,95,0,0.000,1879.319,1506.472,,,,1.000,1,0,10,0,0,0,0,9.571,8.890,0.572,
20,70,100,0,0.000,1879.319,1506.472,,,,1.000,1,0,10,0,0,0,0,6.516,12.738,0.468,
20,70,105,0,0.000,1879.319,1506.472,,,,1.000,1,0,10,0,0,0,0,10.383,12.569,0.504,
20,70,110,0,0.000,1879.319,1506.472,,,,1.000,1,0,10,0,0,0,0,10.345,8.111,0.516,
20,70,115,0,0.000,1879.319,1506.472,,,,1.000,1,0,10,0,0,0,0,6.213,11.359,0.370,
20,70,120,0,0.000,1879.319,1506.472,,,,1.000,1,0,10,0,0,0,0,11.383,9.621,0.509,
20,70,125,0,0.000,1879.319,1506.472,,,,1.000,1,0,10,0,0,0,0,11.046,13.310,0.571,
20,70,130,0,0.000,1879.319,1506.472,,,,1.000,1,0,10,0,0,0,0,9.651,12.175,0.415,
20,70,135,0,0.000,1879.319,1506.472,,,,1.000,1,0,10,0,0,0,0,14.248,11.497,0.515,
20,70,140,0,0.000,1879.319,1506.472,,,,1.000,1,0,10,0,0,0,0,7.600,13.048,0.500,
20,70,145,0,0.000,1879.319,1506.472,,,,1.000,1,0,10,0,0,0,0,9.633,8.888,0.441,
20,70,150,0,0.000,1879.319,1506.472,,,,1.000,1,0,10,0,0,0,0,6.934,11.617,0.588,
20,70,155,0,0.000,1879.319,1506.472,,,,1.000,1,0,10,0,0,0,0,9.799,9.599,0.527,
20,70,160,0,0.000,1879.319,1506.472,,,,1.000,1,0,10,0,0,0,0,11.866,10.321,0.317,
20,70,165,0,0.000,1879.319,1506.472,,,,1.000,1,0,10,0,0,0,0,11.977,10.627,0.647,
20,70,170,0,0.000,1879.319,1506.472,,,,1.000,1,0,10,0,0,0,0,12.596,10.880,0.556,
20,70,175,0,0.000,1879.319,1506.472,,,,1.000,1,0,10,0,0,0,0,4.300,11.555,0.609,
20,70,180,0,0.000,1879.319,1506.472,,,,1.000,1,0,10,0,0,0,0,10.750,11.212,0.432,
20,70,185,0,0.000,1879.319,1506.472,,,,1.000,1,0,10,0,0,0,0,9.075,10.071,0.581,
20,70,190,0,0.000,1879.319,1506.472,,,,1.000,1,0,10,0,0,0,0,10.109,12.851,0.565,
20,70,195,0,0.000,1879.319,1506.472,,,,1.000,1,0,10,0,0,0,0,11.135,10.245,0.589,
20,70,200,0,0.000,1879.319,1506.472,,,,1.000,1,0,10,0,0,0,0,10.433,12.814,0.497,
20,70,205,0,0.000,1879.319,1506.472,,,,1.000,1,0,10,0,0,0,0,8.218,14.612,0.559,
20,70,210,0,0.000,1879.319,1506.472,,,,1.000,1,0,10,0,0,0,0,9.267,10.377,0.514,
20,70,215,0,0.000,1879.319,1506.472,,,,1.000,1,0,10,0,0,0,0,12.747,13.869,0.588,
20,70,220,0,0.000,1879.319,1506.472,,,,1.000,1,0,10,0,0,0,0,8.551,11.817,0.627,
20,70,225,0,0.000,1879.319,1506.472,,,,1.000,1,0,10,0,0,0,0,9.641,14.679,0.545,
20,70,230,0,0.000,1879.319,1506.472,,,,1.000,1,0,10,0,0,0,0,12.436,13.317,0.556,
20,70,235,0,0.000,1879.319,1506.472,,,,1.000,1,0,10,0,0,0,0,11.749,10.186,0.499,
20,70,240,0,0.000,1879.319,1506.472,,,,1.000,1,0,10,0,0,0,0,12.114,9.924,0.511,
20,70,245,0,0.000,1879.319,1506.472,,,,1.000,1,0,10,0,0,0,0,11.300,11.992,0.592,
20,70,250,0,0.000,1879.319,1506.472,,,,1.000,1,0,10,0,0,0,0,9.086,12.234,0.595,
20,70,255,0,0.000,1879.319,1506.472,,,,1.000,1,0,10,0,0,0,0,7.121,10.930,0.453,
20,70,260,0,0.000,1879.319,1506.472,,,,1.000,1,0,10,0,0,0,0,12.368,11.082,0.485,
20,70,265,0,0.000,1879.319,1506.472,,,,1.000,1,0,10,0,0,0,0,10.137,8.722,0.457,
20,70,270,0,0.000,1879.319,1506.472,,,,1.000,1,0,10,0,0,0,0,10.401,10.360,0.540,
20,70,275,0,0.000,1879.319,1506.472,,,,1.000,1,0,10,0,0,0,0,12.194,12.266,0.604,
20,70,280,0,0.000,1879.319,1506.472,,,,1.000,1,0,10,0,0,0,0,10.894,10.298,0.609,
20,70,285,0,0.000,1879.319,1506.472,,,,1.000,1,0,10,0,0,0,0,12.075,9.986,0.558,
20,75,-10,0,0.000,1879.319,1506.472,,,,0.000,0,0,0,0,0,0,10,11.290,12.951,0.599,
20,75,-5,0,0.000,1879.319,1506.472,,,,0.000,0,0,0,0,0,0,10,11.773,10.765,0.627,
20,75,0,0,0.000,1879.319,1506.472,,,,0.000,0,0,0,0,0,0,10,10.964,11.618,0.519,
20,75,5,0,0.000,1879.319,1506.472,,,,0.000,0,0,0,0,0,0,10,9.893,8.922,0.372,
20,75,10,0,0.000,1879.319,1506.472,,,,0.100,1,0,1,0,0,0,9,10.559,12.913,0.409,
20,75,15,0,0.000,1879.319,1506.472,,,,0.200,1,0,2,0,0,0,8,10.130,14.238,0.601,
20,75,20,0,0.000,1879.319,1506.472,,,,0.100,1,0,1,0,0,0,9,10.625,9.136,0.373,
20,75,25,0,0.000,1879.319,1506.472,,,,0.300,1,0,3,0,0,0,7,10.058,10.662,0.468,
20,75,30,0,0.000,1879.319,1506.472,,,,0.500,1,0,5,0,0,0,5,13.267,14.469,0.431,
20,75,35,0,0.000,1879.319,1506.472,,,,0.900,1,0,9,0,0,0,1,11.221,9.787,0.385,
20,75,40,0,0.000,1879.319,1506.472,,,,0.900,1,0,9,0,0,0,1,9.798,11.352,0.682,
20,75,45,0,0.000,1879.319,1506.472,,,,0.900,1,0,9,0,0,0,1,10.079,9.964,0.518,
20,75,50,0,0.000,1879.319,1506.472,,,,0.900,1,0,9,0,0,0,1,8.909,12.132,0.618,
20,75,55,0,0.000,1879.319,1506.472,,,,1.000,1,0,10,0,0,0,0,10.436,12.245,0.583,
20,75,60,0,0.000,1879.319,1506.472,,,,1.000,1,0,10,0,0,0,0,13.147,13.116,0.585,
20,75,65,0,0.000,1879.319,1506.472,,,,1.000,1,0,10,0,0,0,0,10.198,8.744,0.636,
20,75,70,0,0.000,1879.319,1506.472,,,,1.000,1,0,10,0,0,0,0,11.444,13.236,0.557,
20,75,75,0,0.000,1879.319,1506.472,,,,1.000,1,0,10,0,0,0,0,12.297,8.566,0.476,
20,75,80,0,0.000,1879.319,1506.472,,,,1.000,1,0,10,0,0,0,0,13.341,12.151,0.568,
20,75,85,0,0.000,1879.319,1506.472,,,,1.000,1,0,10,0,0,0,0,11.295,9.787,0.656,
20,75,90,0,0.000,1879.319,1506.472,,,,1.000,1,0,10,0,0,0,0,10.064,12.192,0.732,
20,75,95,0,0.000,1879.319,1506.472,,,,1.000,1,0,10,0,0,0,0,12.349,10.424,0.561,
20,75,100,0,0.000,1879.319,1506.472,,,,1.000,1,0,10,0,0,0,0,11.100,10.896,0.560,
20,75,105,0,0.000,1879.319,1506.472,,,,1.000,1,0,10,0,0,0,0,9.961,11.540,0.467,
20,75,110,0,0.000,1879.319,1506.472,,,,1.000,1,0,10,0,0,0,0,9.656,12.060,0.603,
20,75,115,0,0.000,1879.319,1506.472,,,,1.000,1,0,10,0,0,0,0,10.479,10.192,0.599,
20,75,120,0,0.000,1879.319,1506.472,,,,1.000,1,0,10,0,0,0,0,8.249,11.399,0.602,
20,75,125,0,0.000,1879.319,1506.472,,,,1.000,1,0,10,0,0,0,0,12.126,11.842,0.597,
20,75,130,0,0.000,1879.319,1506.472,,,,1.000,1,0,10,0,0,0,0,9.286,10.881,0.540,
20,75,135,0,0.000,1879.319,1506.472,,,,1.000,1,0,10,0,0,0,0,10.254,10.958,0.595,
20,75,140,0,0.000,1879.319,1506.472,,,,1.000,1,0,10,0,0,0,0,11.418,10.733,0.520,
20,75,145,0,0.000,1879.319,1506.472,,,,1.000,1,0,10,0,0,0,0,12.301,12.451,0.530,
20,75,150,0,0.000,1879.319,1506.472,,,,1.000,1,0,10,0,0,0,0,9.585,9.797,0.552,
20,75,155,0,0.000,1879.319,1506.472,,,,1.000,1,0,10,0,0,0,0,13.503,10.898,0.516,
20,75,160,0,0.000,1879.319,1506.472,,,,1.000,1,0,10,0,0,0,0,8.654,8.702,0.477,
20,75,165,0,0.000,1879.319,1506.472,,,,1.000,1,0,10,0,0,0,0,12.946,12.094,0.511,
20,75,170,0,0.000,1879.319,1506.472,,,,1.000,1,0,10,0,0,0,0,7.771,9.803,0.453,
20,75,175,0,0.000,1879.319,1506.472,,,,1.000,1,0,10,0,0,0,0,10.166,9.278,0.573,
20,75,180,0,0.000,1879.319,1506.472,,,,1.000,1,0,10,0,0,0,0,15.764,12.774,0.558,
20,75,185,0,0.000,1879.319,1506.472,,,,1.000,1,0,10,0,0,0,0,8.423,12.956,0.511,
20,75,190,0,0.000,1879.319,1506.472,,,,1.000,1,0,10,0,0,0,0,10.564,11.902,0.646,
20,75,195,0,0.000,1879.319,1506.472,,,,1.000,1,0,10,0,0,0,0,13.618,10.307,0.533,
20,75,200,0,0.000,1879.319,1506.472,,,,1.000,1,0,10,0,0,0,0,10.323,9.032,0.497,
20,75,205,0,0.000,1879.319,1506.472,,,,1.000,1,0,10,0,0,0,0,8.097,8.022,0.432,
20,75,210,0,0.000,1879.319,1506.472,,,,1.000,1,0,10,0,0,0,0,9.299,13.562,0.540,
20,75,215,0,0.000,1879.319,1506.472,,,,1.000,1,0,10,0,0,0,0,10.262,10.314,0.389,
20,75,220,0,0.000,1879.319,1506.472,,,,1.000,1,0,10,0,0,0,0,11.147,10.579,0.663,
20,75,225,0,0.000,1879.319,1506.472,,,,1.000,1,0,10,0,0,0,0,10.164,11.259,0.534,
20,75,230,0,0.000,1879.319,1506.472,,,,1.000,1,0,10,0,0,0,0,11.063,9.723,0.623,
20,75,235,0,0.000,1879.319,1506.472,,,,1.000,1,0,10,0,0,0,0,7.595,8.168,0.535,
20,75,240,0,0.000,1879.319,1506.472,,,,1.000,1,0,10,0,0,0,0,12.571,11.815,0.540,
20,75,245,0,0.000,1879.319,1506.472,,,,1.000,1,0,10,0,0,0,0,12.907,12.169,0.418,
20,75,250,0,0.000,1879.319,1506.472,,,,1.000,1,0,10,0,0,0,0,8.196,11.490,0.549,
20,75,255,0,0.000,1879.319,1506.472,,,,1.000,1,0,10,0,0,0,0,13.536,10.850,0.465,
20,75,260,0,0.000,1879.319,1506.472,,,,1.000,1,0,10,0,0,0,0,13.059,8.869,0.565,
20,75,265,0,0.000,1879.319,1506.472,,,,1.000,1,0,10,0,0,0,0,14.096,12.626,0.559,
20,75,270,0,0.000,1879.319,1506.472,,,,1.000,1,0,10,0,0,0,0,8.166,10.732,0.533,
20,75,275,0,0.000,1879.319,1506.472,,,,1.000,1,0,10,0,0,0,0,12.019,9.377,0.634,
20,75,280,0,0.000,1879.319,1506.472,,,,1.000,1,0,10,0,0,0,0,11.599,10.824,0.463,
20,75,285,0,0.000,1879.319,1506.472,,,,1.000,1,0,10,0,0,0,0,12.384,12.356,0.620,
20,80,-10,0,0.000,1879.319,1506.472,,,,0.000,0,0,0,0,0,0,10,8.815,9.148,0.556,
20,80,-5,0,0.000,1879.319,1506.472,,,,0.000,0,0,0,0,0,0,10,10.216,11.386,0.469,
20,80,0,0,0.000,1879.319,1506.472,,,,0.000,0,0,0,0,0,0,10,9.937,10.151,0.415,
20,80,5,0,0.000,1879.319,1506.472,,,,0.000,0,0,0,0,0,0,10,11.542,11.466,0.450,
20,80,10,0,0.000,1879.319,1506.472,,,,0.000,0,0,0,0,0,0,10,10.845,11.279,0.528,
20,80,15,0,0.000,1879.319,1506.472,,,,0.200,1,0,2,0,0,0,8,8.570,10.851,0.643,
20,80,20,0,0.000,1879.319,1506.472,,,,0.500,1,0,5,0,0,0,5,10.085,10.201,0.641,
20,80,25,0,0.000,1879.319,1506.472,,,,0.300,1,0,3,0,0,0,7,12.304,7.464,0.579,
20,80,30,0,0.000,1879.319,1506.472,,,,0.400,1,0,4,0,0,0,6,8.286,8.758,0.511,
20,80,35,0,0.000,1879.319,1506.472,,,,0.700,1,0,7,0,0,0,3,10.490,10.418,0.582,
20,80,40,0,0.000,1879.319,1506.472,,,,0.900,1,0,9,0,0,0,1,12.702,9.885,0.603,
20,80,45,0,0.000,1879.319,1506.472,,,,0.900,1,0,9,0,0,0,1,13.152,7.583,0.643,
20,80,50,0,0.000,1879.319,1506.472,,,,0.900,1,0,9,0,0,0,1,12.687,12.771,0.550,
20,80,55,0,0.000,1879.319,1506.472,,,,1.000,1,0,10,0,0,0,0,12.349,9.588,0.348,
20,80,60,0,0.000,1879.319,1506.472,,,,1.000,1,0,10,0,0,0,0,8.310,10.694,0.561,
20,80,65,0,0.000,1879.319,1506.472,,,,1.000,1,0,10,0,0,0,0,11.231,7.754,0.526,
20,80,70,0,0.000,1879.319,1506.472,,,,1.000,1,0,10,0,0,0,0,13.073,9.193,0.376,
20,80,75,0,0.000,1879.319,1506.472,,,,1.000,1,0,10,0,0,0,0,11.382,10.565,0.561,
20,80,80,0,0.000,1879.319,1506.472,,,,1.000,1,0,10,0,0,0,0,9.996,13.749,0.435,
20,80,85,0,0.000,1879.319,1506.472,,,,1.000,1,0,10,0,0,0,0,14.541,12.288,0.554,
20,80,90,0,0.000,1879.319,1506.472,,,,1.000,1,0,10,0,0,0,0,7.859,14.763,0.582,
20,80,95,0,0.000,1879.319,1506.472,,,,1.000,1,0,10,0,0,0,0,11.868,10.232,0.593,
20,80,100,0,0.000,1879.319,1506.472,,,,1.000,1,0,10,0,0,0,0,12.787,10.614,0.435,
20,80,105,0,0.000,1879.319,1506.472,,,,1.000,1,0,10,0,0,0,0,10.357,13.451,0.540,
20,80,110,0,0.000,1879.319,1506.472,,,,1.000,1,0,10,0,0,0,0,10.925,9.934,0.560,
20,80,115,0,0.000,1879.319,1506.472,,,,1.000,1,0,10,0,0,0,0,8.294,10.818,0.647,
20,80,120,0,0.000,1879.319,1506.472,,,,1.000,1,0,10,0,0,0,0,11.879,9.589,0.539,
20,80,125,0,0.000,1879.319,1506.472,,,,1.000,1,0,10,0,0,0,0,11.841,10.252,0.559,
20,80,130,0,0.000,1879.319,1506.472,,,,1.000,1,0,10,0,0,0,0,8.982,15.230,0.467,
20,80,135,0,0.000,1879.319,1506.472,,,,1.000,1,0,10,0,0,0,0,14.651,7.719,0.445,
20,80,140,0,0.000,1879.319,1506.472,,,,1.000,1,0,10,0,0,0,0,10.599,8.260,0.572,
20,80,145,0,0.000,1879.319,1506.472,,,,1.000,1,0,10,0,0,0,0,9.477,6.851,0.556,
20,80,150,0,0.000,1879.319,1506.472,,,,1.000,1,0,10,0,0,0,0,10.441,12.637,0.585,
20,80,155,0,0.000,1879.319,1506.472,,,,1.000,1,0,10,0,0,0,0,14.389,12.117,0.547,
20,80,160,0,0.000,1879.319,1506.472,,,,1.000,1,0,10,0,0,0,0,13.615,11.375,0.550,
20,80,165,0,0.000,1879.319,1506.472,,,,1.000,1,0,10,0,0,0,0,12.770,5.656,0.569,
20,80,170,0,0.000,1879.319,1506.472,,,,1.000,1,0,10,0,0,0,0,9.913,11.906,0.645,
20,80,175,0,0.000,1879.319,1506.472,,,,1.000,1,0,10,0,0,0,0,9.541,11.225,0.607,
20,80,180,0,0.000,1879.319,1506.472,,,,1.000,1,0,10,0,0,0,0,12.265,11.710,0.528,
20,80,185,0,0.000,1879.319,1506.472,,,,1.000,1,0,10,0,0,0,0,12.934,9.524,0.452,
20,80,190,0,0.000,1879.319,1506.472,,,,1.000,1,0,10,0,0,0,0,12.738,10.165,0.420,
20,80,195,0,0.000,1879.319,1506.472,,,,1.000,1,0,10,0,0,0,0,9.950,12.071,0.639,
20,80,200,0,0.000,1879.319,1506.472,,,,1.000,1,0,10,0,0,0,0,11.155,11.407,0.559,
20,80,205,0,0.000,1879.319,1506.472,,,,1.000,1,0,10,0,0,0,0,9.823,12.608,0.582,
20,80,210,0,0.000,1879.319,1506.472,,,,1.000,1,0,10,0,0,0,0,6.779,11.203,0.505,
20,80,215,0,0.000,1879.319,1506.472,,,,1.000,1,0,10,0,0,0,0,10.151,9.579,0.501,
20,80,220,0,0.000,1879.319,1506.472,,,,1.000,1,0,10,0,0,0,0,11.156,11.376,0.626,
20,80,225,0,0.000,1879.319,1506.472,,,,1.000,1,0,10,0,0,0,0,10.524,8.996,0.534,
20,80,230,0,0.000,1879.319,1506.472,,,,1.000,1,0,10,0,0,0,0,11.684,9.631,0.471,
20,80,235,0,0.000,1879.319,1506.472,,,,1.000,1,0,10,0,0,0,0,10.183,9.543,0.667,
20,80,240,0,0.000,1879.319,1506.472,,,,1.000,1,0,10,0,0,0,0,9.216,11.384,0.534,
20,80,245,0,0.000,1879.319,1506.472,,,,1.000,1,0,10,0,0,0,0,11.476,11.646,0.517,
20,80,250,0,0.000,1879.319,1506.472,,,,1.000,1,0,10,0,0,0,0,12.744,9.538,0.499,
20,80,255,0,0.000,1879.319,1506.472,,,,1.000,1,0,10,0,0,0,0,7.554,9.703,0.702,
20,80,260,0,0.000,1879.319,1506.472,,,,1.000,1,0,10,0,0,0,0,10.160,10.312,0.539,
20,80,265,0,0.000,1879.319,1506.472,,,,1.000,1,0,10,0,0,0,0,13.292,9.935,0.539,
20,80,270,0,0.000,1879.319,1506.472,,,,1.000,1,0,10,0,0,0,0,12.288,7.855,0.511,
20,80,275,0,0.000,1879.319,1506.472,,,,1.000,1,0,10,0,0,0,0,13.327,11.194,0.677,
20,80,280,0,0.000,1879.319,1506.472,,,,1.000,1,0,10,0,0,0,0,12.129,9.329,0.493,
20,80,285,0,0.000,1879.319,1506.472,,,,1.000,1,0,10,0,0,0,0,11.170,8.991,0.651,
20,85,-10,0,0.000,1879.319,1506.472,,,,0.000,0,0,0,0,0,0,10,10.432,10.148,0.693,
20,85,-5,0,0.000,1879.319,1506.472,,,,0.000,0,0,0,0,0,0,10,11.394,11.464,0.604,
20,85,0,0,0.000,1879.319,1506.472,,,,0.000,0,0,0,0,0,0,10,10.672,7.560,0.620,
20,85,5,0,0.000,1879.319,1506.472,,,,0.000,0,0,0,0,0,0,10,13.002,12.745,0.366,
20,85,10,0,0.000,1879.319,1506.472,,,,0.100,1,0,1,0,0,0,9,11.058,12.960,0.648,
20,85,15,0,0.000,1879.319,1506.472,,,,0.200,1,0,2,0,0,0,8,9.108,12.704,0.600,
20,85,20,0,0.000,1879.319,1506.472,,,,0.200,1,0,2,0,0,0,8,11.187,9.649,0.637,
20,85,25,0,0.000,1879.319,1506.472,,,,0.500,1,0,5,0,0,0,5,11.468,10.697,0.515,
20,85,30,0,0.000,1879.319,1506.472,,,,0.700,1,0,7,0,0,0,3,13.863,10.450,0.564,
20,85,35,0,0.000,1879.319,1506.472,,,,0.600,1,0,6,0,0,0,4,9.127,6.606,0.711,
20,85,40,0,0.000,1879.319,1506.472,,,,0.900,1,0,9,0,0,0,1,11.164,9.698,0.630,
20,85,45,0,0.000,1879.319,1506.472,,,,0.900,1,0,9,0,0,0,1,10.547,12.052,0.357,
20,85,50,0,0.000,1879.319,1506.472,,,,1.000,1,0,10,0,0,0,0,11.277,8.992,0.637,
20,85,55,0,0.000,1879.319,1506.472,,,,1.000,1,0,10,0,0,0,0,10.774,12.014,0.613,
20,85,60,0,0.000,1879.319,1506.472,,,,1.000,1,0,10,0,0,0,0,14.639,11.847,0.562,
20,85,65,0,0.000,1879.319,1506.472,,,,1.000,1,0,10,0,0,0,0,9.444,10.574,0.422,
20,85,70,0,0.000,1879.319,1506.472,,,,1.000,1,0,10,0,0,0,0,12.167,12.571,0.522,
20,85,75,0,0.000,1879.319,1506.472,,,,1.000,1,0,10,0,0,0,0,9.073,12.113,0.474,
20,85,80,0,0.000,1879.319,1506.472,,,,1.000,1,0,10,0,0,0,0,11.661,11.467,0.298,
20,85,85,0,0.000,1879.319,1506.472,,,,1.000,1,0,10,0,0,0,0,9.930,9.684,0.627,
20,85,90,0,0.000,1879.319,1506.472,,,,1.000,1,0,10,0,0,0,0,6.932,11.858,0.580,
20,85,95,0,0.000,1879.319,1506.472,,,,1.000,1,0,10,0,0,0,0,9.986,12.245,0.504,
20,85,100,0,0.000,1879.319,1506.472,,,,1.000,1,0,10,0,0,0,0,11.945,11.666,0.507,
20,85,105,0,0.000,1879.319,1506.472,,,,1.000,1,0,10,0,0,0,0,12.608,10.317,0.619,
20,85,110,0,0.000,1879.319,1506.472,,,,1.000,1,0,10,0,0,0,0,10.287,10.196,0.488,
20,85,115,0,0.000,1879.319,1506.472,,,,1.000,1,0,10,0,0,0,0,8.836,8.351,0.626,
20,85,120,0,0.000,1879.319,1506.472,,,,1.000,1,0,10,0,0,0,0,12.194,14.614,0.551,
20,85,125,0,0.000,1879.319,1506.472,,,,1.000,1,0,10,0,0,0,0,9.271,7.081,0.467,
20,85,130,0,0.000,1879.319,1506.472,,,,1.000,1,0,10,0,0,0,0,11.425,8.884,0.586,
20,85,135,0,0.000,1879.319,1506.472,,,,1.000,1,0,10,0,0,0,0,14.032,8.595,0.543,
20,85,140,0,0.000,1879.319,1506.472,,,,1.000,1,0,10,0,0,0,0,10.298,10.110,0.550,
20,85,145,0,0.000,1879.319,1506.472,,,,1.000,1,0,10,0,0,0,0,10.347,9.883,0.408,
20,85,150,0,0.000,1879.319,1506.472,,,,1.000,1,0,10,0,0,0,0,10.526,8.511,0.635,
20,85,155,0,0.000,1879.319,1506.472,,,,1.000,1,0,10,0,0,0,0,10.095,9.494,0.535,
20,85,160,0,0.000,1879.319,1506.472,,,,1.000,1,0,10,0,0,0,0,10.124,11.786,0.541,
20,85,165,0,0.000,1879.319,1506.472,,,,1.000,1,0,10,0,0,0,0,9.559,8.236,0.572,
20,85,170,0,0.000,1879.319,1506.472,,,,1.000,1,0,10,0,0,0,0,7.573,10.616,0.554,
20,85,175,0,0.000,1879.319,1506.472,,,,1.000,1,0,10,0,0,0,0,13.094,7.467,0.456,
20,85,180,0,0.000,1879.319,1506.472,,,,1.000,1,0,10,0,0,0,0,9.134,9.897,0.660,
20,85,185,0,0.000,1879.319,1506.472,,,,1.000,1,0,10,0,0,0,0,7.316,13.110,0.600,
20,85,190,0,0.000,1879.319,1506.472,,,,1.000,1,0,10,0,0,0,0,11.811,10.686,0.640,
20,85,195,0,0.000,1879.319,1506.472,,,,1.000,1,0,10,0,0,0,0,8.963,12.617,0.443,
20,85,200,0,0.000,1879.319,1506.472,,,,1.000,1,0,10,0,0,0,0,10.060,10.266,0.646,
20,85,205,0,0.000,1879.319,1506.472,,,,1.000,1,0,10,0,0,0,0,12.206,10.531,0.608,
20,85,210,0,0.000,1879.319,1506.472,,,,1.000,1,0,10,0,0,0,0,12.412,10.358,0.508,
20,85,215,0,0.000,1879.319,1506.472,,,,1.000,1,0,10,0,0,0,0,8.922,9.913,0.617,
20,85,220,0,0.000,1879.319,1506.472,,,,1.000,1,0,10,0,0,0,0,8.282,10.960,0.579,
20,85,225,0,0.000,1879.319,1506.472,,,,1.000,1,0,10,0,0,0,0,9.816,11.576,0.582,
20,85,230,0,0.000,1879.319,1506.472,,,,1.000,1,0,10,0,0,0,0,9.488,9.282,0.581,
20,85,235,0,0.000,1879.319,1506.472,,,,1.000,1,0,10,0,0,0,0,11.049,8.573,0.608,
20,85,240,0,0.000,1879.319,1506.472,,,,1.000,1,0,10,0,0,0,0,10.961,12.087,0.496,
20,85,245,0,0.000,1879.319,1506.472,,,,1.000,1,0,10,0,0,0,0,12.683,13.062,0.556,
20,85,250,0,0.000,1879.319,1506.472,,,,1.000,1,0,10,0,0,0,0,11.425,11.293,0.669,
20,85,255,0,0.000,1879.319,1506.472,,,,1.000,1,0,10,0,0,0,0,11.250,9.720,0.467,
20,85,260,0,0.000,1879.319,1506.472,,,,1.000,1,0,10,0,0,0,0,11.423,9.096,0.535,
20,85,265,0,0.000,1879.319,1506.472,,,,1.000,1,0,10,0,0,0,0,10.399,9.629,0.419,
20,85,270,0,0.000,1879.319,1506.472,,,,1.000,1,0,10,0,0,0,0,13.160,9.494,0.464,
20,85,275,0,0.000,1879.319,1506.472,,,,1.000,1,0,10,0,0,0,0,9.997,11.968,0.584,
20,85,280,0,0.000,1879.319,1506.472,,,,1.000,1,0,10,0,0,0,0,12.719,11.645,0.468,
20,85,285,0,0.000,1879.319,1506.472,,,,1.000,1,0,10,0,0,0,0,12.267,10.240,0.388,
20,90,-10,0,0.000,1879.319,1506.472,,,,0.000,0,0,0,0,0,0,10,11.073,9.717,0.456,
20,90,-5,0,0.000,1879.319,1506.472,,,,0.000,0,0,0,0,0,0,10,9.502,11.956,0.527,
20,90,0,0,0.000,1879.319,1506.472,,,,0.000,0,0,0,0,0,0,10,12.471,12.964,0.572,
20,90,5,0,0.000,1879.319,1506.472,,,,0.000,0,0,0,0,0,0,10,11.903,11.773,0.690,
20,90,10,0,0.000,1879.319,1506.472,,,,0.000,0,0,0,0,0,0,10,10.496,15.519,0.612,
20,90,15,0,0.000,1879.319,1506.472,,,,0.100,1,0,1,0,0,0,9,11.303,12.260,0.487,
20,90,20,0,0.000,1879.319,1506.472,,,,0.000,0,0,0,0,0,0,10,9.276,7.052,0.505,
20,90,25,0,0.000,1879.319,1506.472,,,,0.300,1,0,3,0,0,0,7,5.549,9.550,0.481,
20,90,30,0,0.000,1879.319,1506.472,,,,0.600,1,0,6,0,0,0,4,8.336,11.571,0.455,
20,90,35,0,0.000,1879.319,1506.472,,,,0.400,1,0,4,0,0,0,6,10.297,9.884,0.521,
20,90,40,0,0.000,1879.319,1506.472,,,,0.700,1,0,7,0,0,0,3,9.874,9.293,0.670,
20,90,45,0,0.000,1879.319,1506.472,,,,0.600,1,0,6,0,0,0,4,12.527,10.555,0.435,
20,90,50,0,0.000,1879.319,1506.472,,,,1.000,1,0,10,0,0,0,0,9.913,9.968,0.540,
20,90,55,0,0.000,1879.319,1506.472,,,,1.000,1,0,10,0,0,0,0,8.853,10.110,0.523,
20,90,60,0,0.000,1879.319,1506.472,,,,1.000,1,0,10,0,0,0,0,12.974,9.887,0.487,
20,90,65,0,0.000,1879.319,1506.472,,,,1.000,1,0,10,0,0,0,0,10.904,8.243,0.553,
20,90,70,0,0.000,1879.319,1506.472,,,,1.000,1,0,10,0,0,0,0,9.698,9.923,0.687,
20,90,75,0,0.000,1879.319,1506.472,,,,1.000,1,0,10,0,0,0,0,12.051,10.469,0.492,
20,90,80,0,0.000,1879.319,1506.472,,,,1.000,1,0,10,0,0,0,0,12.681,10.701,0.656,
20,90,85,0,0.000,1879.319,1506.472,,,,1.000,1,0,10,0,0,0,0,8.754,8.914,0.598,
20,90,90,0,0.000,1879.319,1506.472,,,,1.000,1,0,10,0,0,0,0,11.017,8.548,0.635,
20,90,95,0,0.000,1879.319,1506.472,,,,1.000,1,0,10,0,0,0,0,11.338,13.325,0.641,
20,90,100,0,0.000,1879.319,1506.472,,,,1.000,1,0,10,0,0,0,0,9.182,10.830,0.444,
20,90,105,0,0.000,1879.319,1506.472,,,,1.000,1,0,10,0,0,0,0,13.585,10.765,0.401,
20,90,110,0,0.000,1879.319,1506.472,,,,1.000,1,0,10,0,0,0,0,13.591,12.814,0.593,
20,90,115,0,0.000,1879.319,1506.472,,,,1.000,1,0,10,0,0,0,0,12.091,12.061,0.698,
20,90,120,0,0.000,1879.319,1506.472,,,,1.000,1,0,10,0,0,0,0,9.597,10.529,0.645,
20,90,125,0,0.000,1879.319,1506.472,,,,1.000,1,0,10,0,0,0,0,9.916,12.646,0.528,
20,90,130,0,0.000,1879.319,1506.472,,,,1.000,1,0,10,0,0,0,0,9.707,11.632,0.438,
20,90,135,0,0.000,1879.319,1506.472,,,,1.000,1,0,10,0,0,0,0,11.138,11.895,0.658,
20,90,140,0,0.000,1879.319,1506.472,,,,1.000,1,0,10,0,0,0,0,11.719,8.693,0.458,
20,90,145,0,0.000,1879.319,1506.472,,,,1.000,1,0,10,0,0,0,0,8.054,9.481,0.607,
20,90,150,0,0.000,1879.319,1506.472,,,,1.000,1,0,10,0,0,0,0,10.308,9.466,0.704,
20,90,155,0,0.000,1879.319,1506.472,,,,1.000,1,0,10,0,0,0,0,14.800,9.977,0.556,
20,90,160,0,0.000,1879.319,1506.472,,,,1.000,1,0,10,0,0,0,0,8.271,13.868,0.748,
20,90,165,0,0.000,1879.319,1506.472,,,,1.000,1,0,10,0,0,0,0,8.867,12.288,0.578,
20,90,170,0,0.000,1879.319,1506.472,,,,1.000,1,0,10,0,0,0,0,11.615,11.263,0.523,
20,90,175,0,0.000,1879.319,1506.472,,,,1.000,1,0,10,0,0,0,0,10.899,11.138,0.425,
20,90,180,0,0.000,1879.319,1506.472,,,,1.000,1,0,10,0,0,0,0,9.077,12.832,0.667,
20,90,185,0,0.000,1879.319,1506.472,,,,1.000,1,0,10,0,0,0,0,7.199,12.222,0.572,
20,90,190,0,0.000,1879.319,1506.472,,,,1.000,1,0,10,0,0,0,0,12.085,11.993,0.528,
20,90,195,0,0.000,1879.319,1506.472,,,,1.000,1,0,10,0,0,0,0,12.816,14.669,0.572,
20,90,200,0,0.000,1879.319,1506.472,,,,1.000,1,0,10,0,0,0,0,10.274,12.494,0.623,
20,90,205,0,0.000,1879.319,1506.472,,,,1.000,1,0,10,0,0,0,0,11.573,13.546,0.487,
20,90,210,0,0.000,1879.319,1506.472,,,,1.000,1,0,10,0,0,0,0,10.715,13.568,0.493,
20,90,215,0,0.000,1879.319,1506.472,,,,1.000,1,0,10,0,0,0,0,10.903,12.729,0.683,
20,90,220,0,0.000,1879.319,1506.472,,,,1.000,1,0,10,0,0,0,0,13.949,8.460,0.568,
20,90,225,0,0.000,1879.319,1506.472,,,,1.000,1,0,10,0,0,0,0,9.376,9.529,0.604,
20,90,230,0,0.000,1879.319,1506.472,,,,1.000,1,0,10,0,0,0,0,13.330,10.091,0.642,
20,90,235,0,0.000,1879.319,1506.472,,,,1.000,1,0,10,0,0,0,0,13.205,12.497,0.577,
20,90,240,0,0.000,1879.319,1506.472,,,,1.000,1,0,10,0,0,0,0,14.837,10.124,0.340,
20,90,245,0,0.000,1879.319,1506.472,,,,1.000,1,0,10,0,0,0,0,11.892,10.767,0.640,
20,90,250,0,0.000,1879.319,1506.472,,,,1.000,1,0,10,0,0,0,0,11.464,10.919,0.533,
20,90,255,0,0.000,1879.319,1506.472,,,,1.000,1,0,10,0,0,0,0,11.779,9.990,0.272,
20,90,260,0,0.000,1879.319,1506.472,,,,1.000,1,0,10,0,0,0,0,12.725,10.136,0.437,
20,90,265,0,0.000,1879.319,1506.472,,,,1.000,1,0,10,0,0,0,0,10.167,12.895,0.583,
20,90,270,0,0.000,1879.319,1506.472,,,,1.000,1,0,10,0,0,0,0,14.268,11.515,0.445,
20,90,275,0,0.000,1879.319,1506.472,,,,1.000,1,0,10,0,0,0,0,12.064,12.057,0.450,
20,90,280,0,0.000,1879.319,1506.472,,,,1.000,1,0,10,0,0,0,0,8.171,13.216,0.341,
20,90,285,0,0.000,1879.319,1506.472,,,,1.000,1,0,10,0,0,0,0,11.711,11.946,0.573,
20,95,-10,0,0.000,1879.319,1506.472,,,,0.000,0,0,0,0,0,0,10,8.462,9.324,0.510,
20,95,-5,0,0.000,1879.319,1506.472,,,,0.000,0,0,0,0,0,0,10,11.628,14.772,0.581,
20,95,0,0,0.000,1879.319,1506.472,,,,0.000,0,0,0,0,0,0,10,9.511,5.177,0.393,
20,95,5,0,0.000,1879.319,1506.472,,,,0.000,0,0,0,0,0,0,10,13.138,9.229,0.554,
20,95,10,0,0.000,1879.319,1506.472,,,,0.000,0,0,0,0,0,0,10,11.771,6.839,0.491,
20,95,15,0,0.000,1879.319,1506.472,,,,0.100,1,0,1,0,0,0,9,8.282,17.045,0.563,
20,95,20,0,0.000,1879.319,1506.472,,,,0.100,1,0,1,0,0,0,9,13.149,9.511,0.462,
20,95,25,0,0.000,1879.319,1506.472,,,,0.200,1,0,2,0,0,0,8,9.740,12.912,0.512,
20,95,30,0,0.000,1879.319,1506.472,,,,0.500,1,0,5,0,0,0,5,9.830,10.806,0.567,
20,95,35,0,0.000,1879.319,1506.472,,,,0.500,1,0,5,0,0,0,5,8.957,11.952,0.567,
20,95,40,0,0.000,1879.319,1506.472,,,,0.500,1,0,5,0,0,0,5,14.557,11.371,0.518,
20,95,45,0,0.000,1879.319,1506.472,,,,0.500,1,0,5,0,0,0,5,7.972,5.601,0.627,
20,95,50,0,0.000,1879.319,1506.472,,,,0.800,1,0,8,0,0,0,2,10.376,13.135,0.593,
20,95,55,0,0.000,1879.319,1506.472,,,,0.900,1,0,9,0,0,0,1,9.958,8.135,0.605,
20,95,60,0,0.000,1879.319,1506.472,,,,1.000,1,0,10,0,0,0,0,6.613,9.970,0.615,
20,95,65,0,0.000,1879.319,1506.472,,,,1.000,1,0,10,0,0,0,0,9.869,11.807,0.503,
20,95,70,0,0.000,1879.319,1506.472,,,,1.000,1,0,10,0,0,0,0,9.555,10.970,0.721,
20,95,75,0,0.000,1879.319,1506.472,,,,1.000,1,0,10,0,0,0,0,12.513,12.706,0.598,
20,95,80,0,0.000,1879.319,1506.472,,,,1.000,1,0,10,0,0,0,0,12.212,9.661,0.570,
20,95,85,0,0.000,1879.319,1506.472,,,,1.000,1,0,10,0,0,0,0,12.093,10.020,0.616,
20,95,90,0,0.000,1879.319,1506.472,,,,1.000,1,0,10,0,0,0,0,10.391,11.967,0.471,
20,95,95,0,0.000,1879.319,1506.472,,,,1.000,1,0,10,0,0,0,0,13.099,8.188,0.717,
20,95,100,0,0.000,1879.319,1506.472,,,,1.000,1,0,10,0,0,0,0,13.316,11.472,0.350,
20,95,105,0,0.000,1879.319,1506.472,,,,1.000,1,0,10,0,0,0,0,10.378,12.673,0.610,
20,95,110,0,0.000,1879.319,1506.472,,,,1.000,1,0,10,0,0,0,0,11.136,10.440,0.373,
20,95,115,0,0.000,1879.319,1506.472,,,,1.000,1,0,10,0,0,0,0,10.271,9.139,0.481,
20,95,120,0,0.000,1879.319,1506.472,,,,1.000,1,0,10,0,0,0,0,11.849,13.454,0.500,
20,95,125,0,0.000,1879.319,1506.472,,,,1.000,1,0,10,0,0,0,0,10.059,13.567,0.581,
20,95,130,0,0.000,1879.319,1506.472,,,,1.000,1,0,10,0,0,0,0,9.988,8.149,0.634,
20,95,135,0,0.000,1879.319,1506.472,,,,1.000,1,0,10,0,0,0,0,11.116,13.368,0.493,
20,95,140,0,0.000,1879.319,1506.472,,,,1.000,1,0,10,0,0,0,0,11.223,13.284,0.527,
20,95,145,0,0.000,1879.319,1506.472,,,,1.000,1,0,10,0,0,0,0,12.429,13.667,0.748,
20,95,150,0,0.000,1879.319,1506.472,,,,1.000,1,0,10,0,0,0,0,12.180,13.070,0.569,
20,95,155,0,0.000,1879.319,1506.472,,,,1.000,1,0,10,0,0,0,0,11.602,10.933,0.482,
20,95,160,0,0.000,1879.319,1506.472,,,,1.000,1,0,10,0,0,0,0,11.826,8.988,0.560,
20,95,165,0,0.000,1879.319,1506.472,,,,1.000,1,0,10,0,0,0,0,9.783,13.238,0.605,
20,95,170,0,0.000,1879.319,1506.472,,,,1.000,1,0,10,0,0,0,0,11.110,10.448,0.402,
20,95,175,0,0.000,1879.319,1506.472,,,,1.000,1,0,10,0,0,0,0,13.088,12.689,0.485,
20,95,180,0,0.000,1879.319,1506.472,,,,1.000,1,0,10,0,0,0,0,10.083,8.180,0.501,
20,95,185,0,0.000,1879.319,1506.472,,,,1.000,1,0,10,0,0,0,0,10.853,10.007,0.450,
20,95,190,0,0.000,1879.319,1506.472,,,,1.000,1,0,10,0,0,0,0,11.662,11.074,0.506,
20,95,195,0,0.000,1879.319,1506.472,,,,1.000,1,0,10,0,0,0,0,11.905,12.757,0.634,
20,95,200,0,0.000,1879.319,1506.472,,,,1.000,1,0,10,0,0,0,0,11.905,9.474,0.622,
20,95,205,0,0.000,1879.319,1506.472,,,,1.000,1,0,10,0,0,0,0,11.088,10.088,0.693,
20,95,210,0,0.000,1879.319,1506.472,,,,1.000,1,0,10,0,0,0,0,12.730,10.501,0.605,
20,95,215,0,0.000,1879.319,1506.472,,,,1.000,1,0,10,0,0,0,0,12.210,14.491,0.536,
20,95,220,0,0.000,1879.319,1506.472,,,,1.000,1,0,10,0,0,0,0,9.415,10.033,0.534,
20,95,225,0,0.000,1879.319,1506.472,,,,1.000,1,0,10,0,0,0,0,12.578,9.219,0.672,
20,95,230,0,0.000,1879.319,1506.472,,,,1.000,1,0,10,0,0,0,0,13.821,12.894,0.613,
20,95,235,0,0.000,1879.319,1506.472,,,,1.000,1,0,10,0,0,0,0,15.053,10.623,0.492,
20,95,240,0,0.000,1879.319,1506.472,,,,1.000,1,0,10,0,0,0,0,9.267,11.277,0.619,
20,95,245,0,0.000,1879.319,1506.472,,,,1.000,1,0,10,0,0,0,0,11.947,9.242,0.442,
20,95,250,0,0.000,1879.319,1506.472,,,,1.000,1,0,10,0,0,0,0,8.518,11.859,0.370,
20,95,255,0,0.000,1879.319,1506.472,,,,1.000,1,0,10,0,0,0,0,9.282,10.117,0.582,
20,95,260,0,0.000,1879.319,1506.472,,,,1.000,1,0,10,0,0,0,0,13.811,14.114,0.225,
20,95,265,0,0.000,1879.319,1506.472,,,,1.000,1,0,10,0,0,0,0,10.712,11.067,0.587,
20,95,270,0,0.000,1879.319,1506.472,,,,1.000,1,0,10,0,0,0,0,11.544,9.267,0.441,
20,95,275,0,0.000,1879.319,1506.472,,,,1.000,1,0,10,0,0,0,0,13.212,10.555,0.559,
20,95,280,0,0.000,1879.319,1506.472,,,,1.000,1,0,10,0,0,0,0,9.659,11.031,0.359,
20,95,285,0,0.000,1879.319,1506.472,,,,1.000,1,0,10,0,0,0,0,13.700,11.538,0.528,
20,100,-10,0,0.000,1879.319,1506.472,,,,0.000,0,0,0,0,0,0,10,10.177,9.577,0.338,
20,100,-5,0,0.000,1879.319,1506.472,,,,0.000,0,0,0,0,0,0,10,10.981,13.403,0.441,
20,100,0,0,0.000,1879.319,1506.472,,,,0.000,0,0,0,0,0,0,10,11.803,12.131,0.580,
20,100,5,0,0.000,1879.319,1506.472,,,,0.000,0,0,0,0,0,0,10,11.490,11.166,0.387,
20,100,10,0,0.000,1879.319,1506.472,,,,0.000,0,0,0,0,0,0,10,11.937,10.920,0.698,
20,100,15,0,0.000,1879.319,1506.472,,,,0.000,0,0,0,0,0,0,10,10.993,10.201,0.562,
20,100,20,0,0.000,1879.319,1506.472,,,,0.200,1,0,2,0,0,0,8,10.211,14.214,0.612,
20,100,25,0,0.000,1879.319,1506.472,,,,0.000,0,0,0,0,0,0,10,8.628,9.916,0.573,
20,100,30,0,0.000,1879.319,1506.472,,,,0.400,1,0,4,0,0,0,6,9.173,12.054,0.548,
20,100,35,0,0.000,1879.319,1506.472,,,,0.500,1,0,5,0,0,0,5,10.084,11.127,0.634,
20,100,40,0,0.000,1879.319,1506.472,,,,0.500,1,0,5,0,0,0,5,10.408,13.573,0.650,
20,100,45,0,0.000,1879.319,1506.472,,,,0.500,1,0,5,0,0,0,5,10.167,13.383,0.333,
20,100,50,0,0.000,1879.319,1506.472,,,,0.900,1,0,9,0,0,0,1,7.098,9.701,0.515,
20,100,55,0,0.000,1879.319,1506.472,,,,1.000,1,0,10,0,0,0,0,10.396,9.212,0.565,
20,100,60,0,0.000,1879.319,1506.472,,,,1.000,1,0,10,0,0,0,0,9.531,9.282,0.530,
20,100,65,0,0.000,1879.319,1506.472,,,,1.000,1,0,10,0,0,0,0,10.952,10.875,0.495,
20,100,70,0,0.000,1879.319,1506.472,,,,1.000,1,0,10,0,0,0,0,9.040,7.368,0.654,
20,100,75,0,0.000,1879.319,1506.472,,,,1.000,1,0,10,0,0,0,0,12.762,13.449,0.689,
20,100,80,0,0.000,1879.319,1506.472,,,,1.000,1,0,10,0,0,0,0,9.323,9.042,0.589,
20,100,85,0,0.000,1879.319,1506.472,,,,1.000,1,0,10,0,0,0,0,10.230,12.543,0.587,
20,100,90,0,0.000,1879.319,1506.472,,,,1.000,1,0,10,0,0,0,0,12.458,10.585,0.637,
20,100,95,0,0.000,1879.319,1506.472,,,,1.000,1,0,10,0,0,0,0,12.479,11.713,0.497,
20,100,100,0,0.000,1879.319,1506.472,,,,1.000,1,0,10,0,0,0,0,11.385,10.336,0.541,
20,100,105,0,0.000,1879.319,1506.472,,,,1.000,1,0,10,0,0,0,0,11.474,10.194,0.491,
20,100,110,0,0.000,1879.319,1506.472,,,,1.000,1,0,10,0,0,0,0,5.711,9.434,0.521,
20,100,115,0,0.000,1879.319,1506.472,,,,1.000,1,0,10,0,0,0,0,11.571,12.592,0.667,
20,100,120,0,0.000,1879.319,1506.472,,,,1.000,1,0,10,0,0,0,0,11.419,9.934,0.617,
20,100,125,0,0.000,1879.319,1506.472,,,,1.000,1,0,10,0,0,0,0,11.517,8.697,0.583,
20,100,130,0,0.000,1879.319,1506.472,,,,1.000,1,0,10,0,0,0,0,9.439,4.705,0.360,
20,100,135,0,0.000,1879.319,1506.472,,,,1.000,1,0,10,0,0,0,0,8.421,10.207,0.546,
20,100,140,0,0.000,1879.319,1506.472,,,,1.000,1,0,10,0,0,0,0,12.511,11.662,0.482,
20,100,145,0,0.000,1879.319,1506.472,,,,1.000,1,0,10,0,0,0,0,8.480,8.248,0.514,
20,100,150,0,0.000,1879.319,1506.472,,,,1.000,1,0,10,0,0,0,0,13.373,7.528,0.395,
20,100,155,0,0.000,1879.319,1506.472,,,,1.000,1,0,10,0,0,0,0,7.651,11.694,0.437,
20,100,160,0,0.000,1879.319,1506.472,,,,1.000,1,0,10,0,0,0,0,10.707,6.363,0.661,
20,100,165,0,0.000,1879.319,1506.472,,,,1.000,1,0,10,0,0,0,0,13.035,12.565,0.593,
20,100,170,0,0.000,1879.319,1506.472,,,,1.000,1,0,10,0,0,0,0,10.330,11.357,0.621,
20,100,175,0,0.000,1879.319,1506.472,,,,1.000,1,0,10,0,0,0,0,10.551,10.459,0.576,
20,100,180,0,0.000,1879.319,1506.472,,,,1.000,1,0,10,0,0,0,0,10.467,8.345,0.441,
20,100,185,0,0.000,1879.319,1506.472,,,,1.000,1,0,10,0,0,0,0,10.816,8.300,0.443,
20,100,190,0,0.000,1879.319,1506.472,,,,1.000,1,0,10,0,0,0,0,12.432,11.196,0.612,
20,100,195,0,0.000,1879.319,1506.472,,,,1.000,1,0,10,0,0,0,0,11.139,12.579,0.433,
20,100,200,0,0.000,1879.319,1506.472,,,,1.000,1,0,10,0,0,0,0,12.903,11.769,0.421,
20,100,205,0,0.000,1879.319,1506.472,,,,1.000,1,0,10,0,0,0,0,13.886,11.828,0.681,
20,100,210,0,0.000,1879.319,1506.472,,,,1.000,1,0,10,0,0,0,0,7.978,9.168,0.414,
20,100,215,0,0.000,1879.319,1506.472,,,,1.000,1,0,10,0,0,0,0,9.108,10.926,0.590,
20,100,220,0,0.000,1879.319,1506.472,,,,1.000,1,0,10,0,0,0,0,11.610,7.065,0.385,
20,100,225,0,0.000,1879.319,1506.472,,,,1.000,1,0,10,0,0,0,0,11.251,9.990,0.543,
20,100,230,0,0.000,1879.319,1506.472,,,,1.000,1,0,10,0,0,0,0,7.616,11.284,0.710,
20,100,235,0,0.000,1879.319,1506.472,,,,1.000,1,0,10,0,0,0,0,13.398,11.487,0.559,
20,100,240,0,0.000,1879.319,1506.472,,,,1.000,1,0,10,0,0,0,0,14.486,10.429,0.458,
20,100,245,0,0.000,1879.319,1506.472,,,,1.000,1,0,10,0,0,0,0,13.447,10.271,0.664,
20,100,250,0,0.000,1879.319,1506.472,,,,1.000,1,0,10,0,0,0,0,10.527,8.584,0.573,
20,100,255,0,0.000,1879.319,1506.472,,,,1.000,1,0,10,0,0,0,0,14.986,12.848,0.437,
20,100,260,0,0.000,1879.319,1506.472,,,,1.000,1,0,10,0,0,0,0,10.782,12.407,0.676,
20,100,265,0,0.000,1879.319,1506.472,,,,1.000,1,0,10,0,0,0,0,13.072,9.883,0.533,
20,100,270,0,0.000,1879.319,1506.472,,,,1.000,1,0,10,0,0,0,0,11.795,12.728,0.484,
20,100,275,0,0.000,1879.319,1506.472,,,,1.000,1,0,10,0,0,0,0,11.028,12.208,0.478,
20,100,280,0,0.000,1879.319,1506.472,,,,1.000,1,0,10,0,0,0,0,10.949,13.144,0.495,
20,100,285,0,0.000,1879.319,1506.472,,,,1.000,1,0,10,0,0,0,0,13.723,9.069,0.445,
20,105,-10,0,0.000,1879.319,1506.472,,,,0.000,0,0,0,0,0,0,10,10.091,8.593,0.576,
20,105,-5,0,0.000,1879.319,1506.472,,,,0.000,0,0,0,0,0,0,10,10.826,9.550,0.700,
20,105,0,0,0.000,1879.319,1506.472,,,,0.000,0,0,0,0,0,0,10,10.181,12.537,0.587,
20,105,5,0,0.000,1879.319,1506.472,,,,0.000,0,0,0,0,0,0,10,11.081,13.661,0.492,
20,105,10,0,0.000,1879.319,1506.472,,,,0.000,0,0,0,0,0,0,10,11.617,11.779,0.497,
20,105,15,0,0.000,1879.319,1506.472,,,,0.000,0,0,0,0,0,0,10,9.801,12.796,0.434,
20,105,20,0,0.000,1879.319,1506.472,,,,0.000,0,0,0,0,0,0,10,11.638,9.472,0.422,
20,105,25,0,0.000,1879.319,1506.472,,,,0.200,1,0,2,0,0,0,8,9.698,12.067,0.603,
20,105,30,0,0.000,1879.319,1506.472,,,,0.100,1,0,1,0,0,0,9,11.085,9.809,0.510,
20,105,35,0,0.000,1879.319,1506.472,,,,0.500,1,0,5,0,0,0,5,8.620,12.225,0.533,
20,105,40,0,0.000,1879.319,1506.472,,,,0.500,1,0,5,0,0,0,5,13.552,10.632,0.586,
20,105,45,0,0.000,1879.319,1506.472,,,,0.500,1,0,5,0,0,0,5,10.126,5.924,0.557,
20,105,50,0,0.000,1879.319,1506.472,,,,1.000,1,0,10,0,0,0,0,11.073,7.533,0.585,
20,105,55,0,0.000,1879.319,1506.472,,,,0.500,1,0,5,0,0,0,5,8.848,12.730,0.596,
20,105,60,0,0.000,1879.319,1506.472,,,,1.000,1,0,10,0,0,0,0,13.512,11.511,0.485,
20,105,65,0,0.000,1879.319,1506.472,,,,1.000,1,0,10,0,0,0,0,10.472,10.802,0.478,
20,105,70,0,0.000,1879.319,1506.472,,,,1.000,1,0,10,0,0,0,0,10.136,11.523,0.466,
20,105,75,0,0.000,1879.319,1506.472,,,,1.000,1,0,10,0,0,0,0,11.716,9.427,0.659,
20,105,80,0,0.000,1879.319,1506.472,,,,1.000,1,0,10,0,0,0,0,11.602,10.279,0.600,
20,105,85,0,0.000,1879.319,1506.472,,,,1.000,1,0,10,0,0,0,0,8.818,9.485,0.590,
20,105,90,0,0.000,1879.319,1506.472,,,,1.000,1,0,10,0,0,0,0,9.226,11.229,0.575,
20,105,95,0,0.000,1879.319,1506.472,,,,1.000,1,0,10,0,0,0,0,12.985,8.983,0.400,
20,105,100,0,0.000,1879.319,1506.472,,,,1.000,1,0,10,0,0,0,0,11.471,12.331,0.705,
20,105,105,0,0.000,1879.319,1506.472,,,,1.000,1,0,10,0,0,0,0,11.473,9.044,0.653,
20,105,110,0,0.000,1879.319,1506.472,,,,1.000,1,0,10,0,0,0,0,12.088,7.130,0.633,
20,105,115,0,0.000,1879.319,1506.472,,,,1.000,1,0,10,0,0,0,0,5.803,12.076,0.501,
20,105,120,0,0.000,1879.319,1506.472,,,,1.000,1,0,10,0,0,0,0,9.104,10.770,0.643,
20,105,125,0,0.000,1879.319,1506.472,,,,1.000,1,0,10,0,0,0,0,11.293,12.225,0.468,
20,105,130,0,0.000,1879.319,1506.472,,,,1.000,1,0,10,0,0,0,0,14.283,12.967,0.621,
20,105,135,0,0.000,1879.319,1506.472,,,,1.000,1,0,10,0,0,0,0,11.371,11.964,0.391,
20,105,140,0,0.000,1879.319,1506.472,,,,1.000,1,0,10,0,0,0,0,12.029,9.297,0.544,
20,105,145,0,0.000,1879.319,1506.472,,,,1.000,1,0,10,0,0,0,0,12.086,6.765,0.379,
20,105,150,0,0.000,1879.319,1506.472,,,,1.000,1,0,10,0,0,0,0,9.799,12.082,0.672,
20,105,155,0,0.000,1879.319,1506.472,,,,1.000,1,0,10,0,0,0,0,9.506,10.228,0.583,
20,105,160,0,0.000,1879.319,1506.472,,,,1.000,1,0,10,0,0,0,0,10.200,8.947,0.516,
20,105,165,0,0.000,1879.319,1506.472,,,,1.000,1,0,10,0,0,0,0,11.429,8.871,0.541,
20,105,170,0,0.000,1879.319,1506.472,,,,1.000,1,0,10,0,0,0,0,10.875,8.659,0.510,
20,105,175,0,0.000,1879.319,1506.472,,,,1.000,1,0,10,0,0,0,0,10.792,11.552,0.702,
20,105,180,0,0.000,1879.319,1506.472,,,,1.000,1,0,10,0,0,0,0,13.026,9.907,0.503,
20,105,185,0,0.000,1879.319,1506.472,,,,1.000,1,0,10,0,0,0,0,9.812,9.003,0.477,
20,105,190,0,0.000,1879.319,1506.472,,,,1.000,1,0,10,0,0,0,0,12.415,8.782,0.450,
20,105,195,0,0.000,1879.319,1506.472,,,,1.000,1,0,10,0,0,0,0,13.056,8.874,0.575,
20,105,200,0,0.000,1879.319,1506.472,,,,1.000,1,0,10,0,0,0,0,10.658,8.793,0.610,
20,105,205,0,0.000,1879.319,1506.472,,,,1.000,1,0,10,0,0,0,0,8.171,9.451,0.516,
20,105,210,0,0.000,1879.319,1506.472,,,,1.000,1,0,10,0,0,0,0,10.237,10.514,0.513,
20,105,215,0,0.000,1879.319,1506.472,,,,1.000,1,0,10,0,0,0,0,10.341,11.451,0.628,
20,105,220,0,0.000,1879.319,1506.472,,,,1.000,1,0,10,0,0,0,0,10.675,9.784,0.491,
20,105,225,0,0.000,1879.319,1506.472,,,,1.000,1,0,10,0,0,0,0,13.467,10.742,0.450,
20,105,230,0,0.000,1879.319,1506.472,,,,1.000,1,0,10,0,0,0,0,12.291,8.909,0.566,
20,105,235,0,0.000,1879.319,1506.472,,,,1.000,1,0,10,0,0,0,0,13.725,8.936,0.575,
20,105,240,0,0.000,1879.319,1506.472,,,,1.000,1,0,10,0,0,0,0,9.537,11.930,0.418,
20,105,245,0,0.000,1879.319,1506.472,,,,1.000,1,0,10,0,0,0,0,12.394,8.253,0.645,
20,105,250,0,0.000,1879.319,1506.472,,,,1.000,1,0,10,0,0,0,0,11.541,9.627,0.627,
20,105,255,0,0.000,1879.319,1506.472,,,,1.000,1,0,10,0,0,0,0,12.224,10.917,0.464,
20,105,260,0,0.000,1879.319,1506.472,,,,1.000,1,0,10,0,0,0,0,11.777,10.918,0.556,
20,105,265,0,0.000,1879.319,1506.472,,,,1.000,1,0,10,0,0,0,0,11.564,11.970,0.426,
20,105,270,0,0.000,1879.319,1506.472,,,,1.000,1,0,10,0,0,0,0,11.442,8.847,0.504,
20,105,275,0,0.000,1879.319,1506.472,,,,1.000,1,0,10,0,0,0,0,10.465,10.565,0.609,
20,105,280,0,0.000,1879.319,1506.472,,,,1.000,1,0,10,0,0,0,0,10.137,15.423,0.534,
20,105,285,0,0.000,1879.319,1506.472,,,,1.000,1,0,10,0,0,0,0,9.643,12.578,0.447,
20,110,-10,0,0.000,1879.319,1506.472,,,,0.000,0,0,0,0,0,0,10,12.173,10.240,0.383,
20,110,-5,0,0.000,1879.319,1506.472,,,,0.000,0,0,0,0,0,0,10,12.277,11.660,0.574,
20,110,0,0,0.000,1879.319,1506.472,,,,0.000,0,0,0,0,0,0,10,11.092,10.423,0.669,
20,110,5,0,0.000,1879.319,1506.472,,,,0.000,0,0,0,0,0,0,10,13.841,14.189,0.540,
20,110,10,0,0.000,1879.319,1506.472,,,,0.000,0,0,0,0,0,0,10,12.887,12.845,0.663,
20,110,15,0,0.000,1879.319,1506.472,,,,0.000,0,0,0,0,0,0,10,9.234,10.791,0.537,
20,110,20,0,0.000,1879.319,1506.472,,,,0.100,1,0,1,0,0,0,9,9.259,12.825,0.448,
20,110,25,0,0.000,1879.319,1506.472,,,,0.100,1,0,1,0,0,0,9,10.939,10.032,0.548,
20,110,30,0,0.000,1879.319,1506.472,,,,0.300,1,0,3,0,0,0,7,12.957,8.477,0.599,
20,110,35,0,0.000,1879.319,1506.472,,,,0.500,1,0,5,0,0,0,5,8.520,11.389,0.665,
20,110,40,0,0.000,1879.319,1506.472,,,,0.700,1,0,7,0,0,0,3,10.958,13.741,0.644,
20,110,45,0,0.000,1879.319,1506.472,,,,0.500,1,0,5,0,0,0,5,9.938,8.040,0.496,
20,110,50,0,0.000,1879.319,1506.472,,,,0.700,1,0,7,0,0,0,3,10.751,10.414,0.626,
20,110,55,0,0.000,1879.319,1506.472,,,,0.900,1,0,9,0,0,0,1,12.443,8.790,0.488,
20,110,60,0,0.000,1879.319,1506.472,,,,0.900,1,0,9,0,0,0,1,8.242,9.773,0.415,
20,110,65,0,0.000,1879.319,1506.472,,,,1.000,1,0,10,0,0,0,0,12.077,8.136,0.391,
20,110,70,0,0.000,1879.319,1506.472,,,,1.000,1,0,10,0,0,0,0,10.464,12.888,0.517,
20,110,75,0,0.000,1879.319,1506.472,,,,1.000,1,0,10,0,0,0,0,8.485,11.542,0.531,
20,110,80,0,0.000,1879.319,1506.472,,,,1.000,1,0,10,0,0,0,0,10.726,9.569,0.576,
20,110,85,0,0.000,1879.319,1506.472,,,,1.000,1,0,10,0,0,0,0,6.495,14.197,0.498,
20,110,90,0,0.000,1879.319,1506.472,,,,1.000,1,0,10,0,0,0,0,11.135,8.627,0.287,
20,110,95,0,0.000,1879.319,1506.472,,,,1.000,1,0,10,0,0,0,0,10.077,10.803,0.671,
20,110,100,0,0.000,1879.319,1506.472,,,,1.000,1,0,10,0,0,0,0,13.694,10.134,0.507,
20,110,105,0,0.000,1879.319,1506.472,,,,1.000,1,0,10,0,0,0,0,9.896,7.991,0.596,
20,110,110,0,0.000,1879.319,1506.472,,,,1.000,1,0,10,0,0,0,0,10.917,14.254,0.621,
20,110,115,0,0.000,1879.319,1506.472,,,,1.000,1,0,10,0,0,0,0,9.958,10.839,0.556,
20,110,120,0,0.000,1879.319,1506.472,,,,1.000,1,0,10,0,0,0,0,9.130,11.151,0.583,
20,110,125,0,0.000,1879.319,1506.472,,,,1.000,1,0,10,0,0,0,0,12.010,8.567,0.508,
20,110,130,0,0.000,1879.319,1506.472,,,,1.000,1,0,10,0,0,0,0,11.667,12.756,0.669,
20,110,135,0,0.000,1879.319,1506.472,,,,1.000,1,0,10,0,0,0,0,12.494,11.439,0.449,
20,110,140,0,0.000,1879.319,1506.472,,,,1.000,1,0,10,0,0,0,0,13.252,10.409,0.621,
20,110,145,0,0.000,1879.319,1506.472,,,,1.000,1,0,10,0,0,0,0,10.981,9.423,0.512,
20,110,150,0,0.000,1879.319,1506.472,,,,1.000,1,0,10,0,0,0,0,11.882,9.541,0.612,
20,110,155,0,0.000,1879.319,1506.472,,,,1.000,1,0,10,0,0,0,0,9.028,12.516,0.634,
20,110,160,0,0.000,1879.319,1506.472,,,,1.000,1,0,10,0,0,0,0,8.513,13.203,0.651,
20,110,165,0,0.000,1879.319,1506.472,,,,1.000,1,0,10,0,0,0,0,10.823,7.693,0.572,
20,110,170,0,0.000,1879.319,1506.472,,,,1.000,1,0,10,0,0,0,0,12.657,12.336,0.558,
20,110,175,0,0.000,1879.319,1506.472,,,,1.000,1,0,10,0,0,0,0,11.450,7.346,0.412,
20,110,180,0,0.000,1879.319,1506.472,,,,1.000,1,0,10,0,0,0,0,9.282,12.109,0.499,
20,110,185,0,0.000,1879.319,1506.472,,,,1.000,1,0,10,0,0,0,0,12.388,8.463,0.585,
20,110,190,0,0.000,1879.319,1506.472,,,,1.000,1,0,10,0,0,0,0,12.694,9.565,0.707,
20,110,195,0,0.000,1879.319,1506.472,,,,1.000,1,0,10,0,0,0,0,8.991,11.691,0.595,
20,110,200,0,0.000,1879.319,1506.472,,,,1.000,1,0,10,0,0,0,0,10.250,13.079,0.615,
20,110,205,0,0.000,1879.319,1506.472,,,,1.000,1,0,10,0,0,0,0,10.544,12.665,0.648,
20,110,210,0,0.000,1879.319,1506.472,,,,1.000,1,0,10,0,0,0,0,8.627,10.097,0.589,
20,110,215,0,0.000,1879.319,1506.472,,,,1.000,1,0,10,0,0,0,0,13.493,13.455,0.616,
20,110,220,0,0.000,1879.319,1506.472,,,,1.000,1,0,10,0,0,0,0,8.513,8.357,0.525,
20,110,225,0,0.000,1879.319,1506.472,,,,1.000,1,0,10,0,0,0,0,8.738,11.137,0.543,
20,110,230,0,0.000,1879.319,1506.472,,,,1.000,1,0,10,0,0,0,0,8.874,10.215,0.725,
20,110,235,0,0.000,1879.319,1506.472,,,,1.000,1,0,10,0,0,0,0,10.968,6.176,0.439,
20,110,240,0,0.000,1879.319,1506.472,,,,1.000,1,0,10,0,0,0,0,14.082,11.908,0.532,
20,110,245,0,0.000,1879.319,1506.472,,,,1.000,1,0,10,0,0,0,0,8.993,10.225,0.441,
20,110,250,0,0.000,1879.319,1506.472,,,,1.000,1,0,10,0,0,0,0,13.571,10.134,0.556,
20,110,255,0,0.000,1879.319,1506.472,,,,1.000,1,0,10,0,0,0,0,11.563,11.551,0.505,
20,110,260,0,0.000,1879.319,1506.472,,,,1.000,1,0,10,0,0,0,0,14.613,13.138,0.515,
20,110,265,0,0.000,1879.319,1506.472,,,,1.000,1,0,10,0,0,0,0,9.556,11.363,0.623,
20,110,270,0,0.000,1879.319,1506.472,,,,1.000,1,0,10,0,0,0,0,7.205,6.969,0.521,
20,110,275,0,0.000,1879.319,1506.472,,,,1.000,1,0,10,0,0,0,0,9.338,11.929,0.536,
20,110,280,0,0.000,1879.319,1506.472,,,,1.000,1,0,10,0,0,0,0,11.344,9.766,0.546,
20,110,285,0,0.000,1879.319,1506.472,,,,1.000,1,0,10,0,0,0,0,13.345,9.430,0.469,
20,115,-10,0,0.000,1879.319,1506.472,,,,0.000,0,0,0,0,0,0,10,11.763,10.263,0.583,
20,115,-5,0,0.000,1879.319,1506.472,,,,0.000,0,0,0,0,0,0,10,13.133,8.580,0.395,
20,115,0,0,0.000,1879.319,1506.472,,,,0.000,0,0,0,0,0,0,10,9.424,8.886,0.494,
20,115,5,0,0.000,1879.319,1506.472,,,,0.000,0,0,0,0,0,0,10,12.197,11.085,0.577,
20,115,10,0,0.000,1879.319,1506.472,,,,0.000,0,0,0,0,0,0,10,10.542,13.650,0.555,
20,115,15,0,0.000,1879.319,1506.472,,,,0.000,0,0,0,0,0,0,10,12.636,10.629,0.688,
20,115,20,0,0.000,1879.319,1506.472,,,,0.000,0,0,0,0,0,0,10,8.672,11.841,0.728,
20,115,25,0,0.000,1879.319,1506.472,,,,0.000,0,0,0,0,0,0,10,11.285,7.416,0.564,
20,115,30,0,0.000,1879.319,1506.472,,,,0.100,1,0,1,0,0,0,9,11.250,12.111,0.535,
20,115,35,0,0.000,1879.319,1506.472,,,,0.400,1,0,4,0,0,0,6,9.832,14.794,0.470,
20,115,40,0,0.000,1879.319,1506.472,,,,0.500,1,0,5,0,0,0,5,8.360,9.624,0.619,
20,115,45,0,0.000,1879.319,1506.472,,,,0.700,1,0,7,0,0,0,3,10.959,10.461,0.482,
20,115,50,0,0.000,1879.319,1506.472,,,,0.700,1,0,7,0,0,0,3,10.547,9.659,0.499,
20,115,55,0,0.000,1879.319,1506.472,,,,0.900,1,0,9,0,0,0,1,13.493,10.562,0.494,
20,115,60,0,0.000,1879.319,1506.472,,,,0.800,1,0,8,0,0,0,2,10.958,12.226,0.430,
20,115,65,0,0.000,1879.319,1506.472,,,,1.000,1,0,10,0,0,0,0,9.660,8.214,0.617,
20,115,70,0,0.000,1879.319,1506.472,,,,1.000,1,0,10,0,0,0,0,10.824,10.256,0.649,
20,115,75,0,0.000,1879.319,1506.472,,,,1.000,1,0,10,0,0,0,0,11.989,7.554,0.479,
20,115,80,0,0.000,1879.319,1506.472,,,,1.000,1,0,10,0,0,0,0,10.521,11.587,0.585,
20,115,85,0,0.000,1879.319,1506.472,,,,1.000,1,0,10,0,0,0,0,12.039,14.655,0.395,
20,115,90,0,0.000,1879.319,1506.472,,,,1.000,1,0,10,0,0,0,0,11.322,7.220,0.498,
20,115,95,0,0.000,1879.319,1506.472,,,,1.000,1,0,10,0,0,0,0,13.417,14.908,0.506,
20,115,100,0,0.000,1879.319,1506.472,,,,1.000,1,0,10,0,0,0,0,9.625,11.180,0.623,
20,115,105,0,0.000,1879.319,1506.472,,,,1.000,1,0,10,0,0,0,0,10.159,10.298,0.519,
20,115,110,0,0.000,1879.319,1506.472,,,,1.000,1,0,10,0,0,0,0,11.676,11.609,0.392,
20,115,115,0,0.000,1879.319,1506.472,,,,1.000,1,0,10,0,0,0,0,10.850,9.368,0.553,
20,115,120,0,0.000,1879.319,1506.472,,,,1.000,1,0,10,0,0,0,0,8.987,10.767,0.657,
20,115,125,0,0.000,1879.319,1506.472,,,,1.000,1,0,10,0,0,0,0,10.215,13.116,0.398,
20,115,130,0,0.000,1879.319,1506.472,,,,1.000,1,0,10,0,0,0,0,12.828,11.951,0.463,
20,115,135,0,0.000,1879.319,1506.472,,,,1.000,1,0,10,0,0,0,0,12.080,10.340,0.527,
20,115,140,0,0.000,1879.319,1506.472,,,,1.000,1,0,10,0,0,0,0,12.238,9.234,0.518,
20,115,145,0,0.000,1879.319,1506.472,,,,1.000,1,0,10,0,0,0,0,12.627,11.696,0.457,
20,115,150,0,0.000,1879.319,1506.472,,,,1.000,1,0,10,0,0,0,0,10.241,9.067,0.565,
20,115,155,0,0.000,1879.319,1506.472,,,,1.000,1,0,10,0,0,0,0,8.776,6.286,0.717,
20,115,160,0,0.000,1879.319,1506.472,,,,1.000,1,0,10,0,0,0,0,11.818,12.740,0.435,
20,115,165,0,0.000,1879.319,1506.472,,,,1.000,1,0,10,0,0,0,0,14.418,7.955,0.600,
20,115,170,0,0.000,1879.319,1506.472,,,,1.000,1,0,10,0,0,0,0,11.460,9.992,0.361,
20,115,175,0,0.000,1879.319,1506.472,,,,1.000,1,0,10,0,0,0,0,7.599,10.093,0.563,
20,115,180,0,0.000,1879.319,1506.472,,,,1.000,1,0,10,0,0,0,0,9.414,8.049,0.573,
20,115,185,0,0.000,1879.319,1506.472,,,,1.000,1,0,10,0,0,0,0,12.486,6.833,0.443,
20,115,190,0,0.000,1879.319,1506.472,,,,1.000,1,0,10,0,0,0,0,11.044,13.997,0.498,
20,115,195,0,0.000,1879.319,1506.472,,,,1.000,1,0,10,0,0,0,0,11.549,9.435,0.484,
20,115,200,0,0.000,1879.319,1506.472,,,,1.000,1,0,10,0,0,0,0,8.475,12.800,0.566,
20,115,205,0,0.000,1879.319,1506.472,,,,1.000,1,0,10,0,0,0,0,10.971,12.136,0.560,
20,115,210,0,0.000,1879.319,1506.472,,,,1.000,1,0,10,0,0,0,0,11.589,9.744,0.447,
20,115,215,0,0.000,1879.319,1506.472,,,,1.000,1,0,10,0,0,0,0,14.487,8.831,0.464,
20,115,220,0,0.000,1879.319,1506.472,,,,1.000,1,0,10,0,0,0,0,11.031,9.026,0.724,
20,115,225,0,0.000,1879.319,1506.472,,,,1.000,1,0,10,0,0,0,0,13.741,8.021,0.807,
20,115,230,0,0.000,1879.319,1506.472,,,,1.000,1,0,10,0,0,0,0,8.929,9.151,0.475,
20,115,235,0,0.000,1879.319,1506.472,,,,1.000,1,0,10,0,0,0,0,9.864,11.336,0.589,
20,115,240,0,0.000,1879.319,1506.472,,,,1.000,1,0,10,0,0,0,0,11.620,12.957,0.495,
20,115,245,0,0.000,1879.319,1506.472,,,,1.000,1,0,10,0,0,0,0,9.192,8.148,0.572,
20,115,250,0,0.000,1879.319,1506.472,,,,1.000,1,0,10,0,0,0,0,12.965,11.954,0.582,
20,115,255,0,0.000,1879.319,1506.472,,,,1.000,1,0,10,0,0,0,0,10.858,8.677,0.523,
20,115,260,0,0.000,1879.319,1506.472,,,,1.000,1,0,10,0,0,0,0,10.594,9.359,0.465,
20,115,265,0,0.000,1879.319,1506.472,,,,1.000,1,0,10,0,0,0,0,11.426,9.554,0.555,
20,115,270,0,0.000,1879.319,1506.472,,,,1.000,1,0,10,0,0,0,0,10.645,8.423,0.555,
20,115,275,0,0.000,1879.319,1506.472,,,,1.000,1,0,10,0,0,0,0,11.471,12.847,0.602,
20,115,280,0,0.000,1879.319,1506.472,,,,1.000,1,0,10,0,0,0,0,11.397,10.527,0.704,
20,115,285,0,0.000,1879.319,1506.472,,,,1.000,1,0,10,0,0,0,0,10.430,11.616,0.700,
20,120,-10,0,0.000,1879.319,1506.472,,,,0.000,0,0,0,0,0,0,10,9.517,10.831,0.531,
20,120,-5,0,0.000,1879.319,1506.472,,,,0.000,0,0,0,0,0,0,10,10.754,11.752,0.416,
20,120,0,0,0.000,1879.319,1506.472,,,,0.000,0,0,0,0,0,0,10,10.037,12.004,0.583,
20,120,5,0,0.000,1879.319,1506.472,,,,0.000,0,0,0,0,0,0,10,9.850,9.730,0.539,
20,120,10,0,0.000,1879.319,1506.472,,,,0.000,0,0,0,0,0,0,10,11.924,9.474,0.633,
20,120,15,0,0.000,1879.319,1506.472,,,,0.000,0,0,0,0,0,0,10,14.038,10.531,0.633,
20,120,20,0,0.000,1879.319,1506.472,,,,0.000,0,0,0,0,0,0,10,10.354,13.429,0.649,
20,120,25,0,0.000,1879.319,1506.472,,,,0.000,0,0,0,0,0,0,10,10.198,9.131,0.740,
20,120,30,0,0.000,1879.319,1506.472,,,,0.200,1,0,2,0,0,0,8,9.483,10.859,0.656,
20,120,35,0,0.000,1879.319,1506.472,,,,0.300,1,0,3,0,0,0,7,9.118,11.140,0.620,
20,120,40,0,0.000,1879.319,1506.472,,,,0.400,1,0,4,0,0,0,6,9.995,10.403,0.476,
20,120,45,0,0.000,1879.319,1506.472,,,,0.300,1,0,3,0,0,0,7,12.094,7.087,0.666,
20,120,50,0,0.000,1879.319,1506.472,,,,0.400,1,0,4,0,0,0,6,10.566,9.175,0.621,
20,120,55,0,0.000,1879.319,1506.472,,,,0.800,1,0,8,0,0,0,2,11.365,11.069,0.524,
20,120,60,0,0.000,1879.319,1506.472,,,,0.700,1,0,7,0,0,0,3,12.942,12.893,0.503,
20,120,65,0,0.000,1879.319,1506.472,,,,0.800,1,0,8,0,0,0,2,8.914,9.924,0.747,
20,120,70,0,0.000,1879.319,1506.472,,,,1.000,1,0,10,0,0,0,0,12.627,7.834,0.723,
20,120,75,0,0.000,1879.319,1506.472,,,,1.000,1,0,10,0,0,0,0,13.294,11.253,0.488,
20,120,80,0,0.000,1879.319,1506.472,,,,1.000,1,0,10,0,0,0,0,10.941,11.291,0.536,
20,120,85,0,0.000,1879.319,1506.472,,,,1.000,1,0,10,0,0,0,0,8.810,13.460,0.671,
20,120,90,0,0.000,1879.319,1506.472,,,,1.000,1,0,10,0,0,0,0,9.960,12.308,0.714,
20,120,95,0,0.000,1879.319,1506.472,,,,1.000,1,0,10,0,0,0,0,9.410,11.147,0.655,
20,120,100,0,0.000,1879.319,1506.472,,,,1.000,1,0,10,0,0,0,0,12.609,10.982,0.583,
20,120,105,0,0.000,1879.319,1506.472,,,,1.000,1,0,10,0,0,0,0,12.289,10.840,0.611,
20,120,110,0,0.000,1879.319,1506.472,,,,1.000,1,0,10,0,0,0,0,12.046,11.237,0.500,
20,120,115,0,0.000,1879.319,1506.472,,,,1.000,1,0,10,0,0,0,0,12.051,10.178,0.545,
20,120,120,0,0.000,1879.319,1506.472,,,,1.000,1,0,10,0,0,0,0,10.465,13.188,0.437,
20,120,125,0,0.000,1879.319,1506.472,,,,1.000,1,0,10,0,0,0,0,11.004,11.792,0.448,
20,120,130,0,0.000,1879.319,1506.472,,,,1.000,1,0,10,0,0,0,0,12.677,13.040,0.577,
20,120,135,0,0.000,1879.319,1506.472,,,,1.000,1,0,10,0,0,0,0,15.465,12.120,0.552,
20,120,140,0,0.000,1879.319,1506.472,,,,1.000,1,0,10,0,0,0,0,15.173,11.695,0.502,
20,120,145,0,0.000,1879.319,1506.472,,,,1.000,1,0,10,0,0,0,0,8.102,9.308,0.727,
20,120,150,0,0.000,1879.319,1506.472,,,,1.000,1,0,10,0,0,0,0,8.106,14.061,0.384,
20,120,155,0,0.000,1879.319,1506.472,,,,1.000,1,0,10,0,0,0,0,11.220,11.420,0.581,
20,120,160,0,0.000,1879.319,1506.472,,,,1.000,1,0,10,0,0,0,0,11.296,10.587,0.579,
20,120,165,0,0.000,1879.319,1506.472,,,,1.000,1,0,10,0,0,0,0,14.100,11.117,0.659,
20,120,170,0,0.000,1879.319,1506.472,,,,1.000,1,0,10,0,0,0,0,10.630,11.794,0.611,
20,120,175,0,0.000,1879.319,1506.472,,,,1.000,1,0,10,0,0,0,0,12.608,10.038,0.557,
20,120,180,0,0.000,1879.319,1506.472,,,,1.000,1,0,10,0,0,0,0,6.094,11.257,0.571,
20,120,185,0,0.000,1879.319,1506.472,,,,1.000,1,0,10,0,0,0,0,12.684,7.126,0.619,
20,120,190,0,0.000,1879.319,1506.472,,,,1.000,1,0,10,0,0,0,0,12.117,10.310,0.706,
20,120,195,0,0.000,1879.319,1506.472,,,,1.000,1,0,10,0,0,0,0,9.880,12.236,0.619,
20,120,200,0,0.000,1879.319,1506.472,,,,1.000,1,0,10,0,0,0,0,11.055,10.611,0.417,
20,120,205,0,0.000,1879.319,1506.472,,,,1.000,1,0,10,0,0,0,0,13.199,11.623,0.570,
20,120,210,0,0.000,1879.319,1506.472,,,,1.000,1,0,10,0,0,0,0,12.380,8.873,0.592,
20,120,215,0,0.000,1879.319,1506.472,,,,1.000,1,0,10,0,0,0,0,10.819,12.054,0.542,
20,120,220,0,0.000,1879.319,1506.472,,,,1.000,1,0,10,0,0,0,0,9.696,8.909,0.499,
20,120,225,0,0.000,1879.319,1506.472,,,,1.000,1,0,10,0,0,0,0,11.275,8.279,0.617,
20,120,230,0,0.000,1879.319,1506.472,,,,1.000,1,0,10,0,0,0,0,10.754,6.643,0.564,
20,120,235,0,0.000,1879.319,1506.472,,,,1.000,1,0,10,0,0,0,0,13.304,9.946,0.558,
20,120,240,0,0.000,1879.319,1506.472,,,,1.000,1,0,10,0,0,0,0,11.803,12.698,0.559,
20,120,245,0,0.000,1879.319,1506.472,,,,1.000,1,0,10,0,0,0,0,14.581,11.513,0.582,
20,120,250,0,0.000,1879.319,1506.472,,,,1.000,1,0,10,0,0,0,0,8.621,12.062,0.642,
20,120,255,0,0.000,1879.319,1506.472,,,,1.000,1,0,10,0,0,0,0,9.745,12.278,0.639,
20,120,260,0,0.000,1879.319,1506.472,,,,1.000,1,0,10,0,0,0,0,9.483,9.758,0.617,
20,120,265,0,0.000,1879.319,1506.472,,,,1.000,1,0,10,0,0,0,0,10.106,11.578,0.505,
20,120,270,0,0.000,1879.319,1506.472,,,,1.000,1,0,10,0,0,0,0,6.036,7.362,0.592,
20,120,275,0,0.000,1879.319,1506.472,,,,1.000,1,0,10,0,0,0,0,12.992,10.775,0.530,
20,120,280,0,0.000,1879.319,1506.472,,,,1.000,1,0,10,0,0,0,0,5.794,10.891,0.606,
20,120,285,0,0.000,1879.319,1506.472,,,,1.000,1,0,10,0,0,0,0,10.806,13.918,0.599,
20,125,-10,0,0.000,1879.319,1506.472,,,,0.000,0,0,0,0,0,0,10,12.620,9.369,0.480,
20,125,-5,0,0.000,1879.319,1506.472,,,,0.000,0,0,0,0,0,0,10,13.332,8.588,0.652,
20,125,0,0,0.000,1879.319,1506.472,,,,0.000,0,0,0,0,0,0,10,10.119,11.753,0.424,
20,125,5,0,0.000,1879.319,1506.472,,,,0.000,0,0,0,0,0,0,10,12.392,9.227,0.508,
20,125,10,0,0.000,1879.319,1506.472,,,,0.000,0,0,0,0,0,0,10,12.231,8.992,0.670,
20,125,15,0,0.000,1879.319,1506.472,,,,0.000,0,0,0,0,0,0,10,10.728,9.038,0.653,
20,125,20,0,0.000,1879.319,1506.472,,,,0.000,0,0,0,0,0,0,10,11.020,13.075,0.698,
20,125,25,0,0.000,1879.319,1506.472,,,,0.000,0,0,0,0,0,0,10,13.745,12.423,0.701,
20,125,30,0,0.000,1879.319,1506.472,,,,0.100,1,0,1,0,0,0,9,11.577,8.356,0.619,
20,125,35,0,0.000,1879.319,1506.472,,,,0.100,1,0,1,0,0,0,9,8.153,11.535,0.414,
20,125,40,0,0.000,1879.319,1506.472,,,,0.600,1,0,6,0,0,0,4,11.231,10.579,0.568,
20,125,45,0,0.000,1879.319,1506.472,,,,0.600,1,0,6,0,0,0,4,9.880,9.989,0.636,
20,125,50,0,0.000,1879.319,1506.472,,,,0.200,1,0,2,0,0,0,8,12.232,10.144,0.561,
20,125,55,0,0.000,1879.319,1506.472,,,,0.500,1,0,5,0,0,0,5,9.921,11.516,0.723,
20,125,60,0,0.000,1879.319,1506.472,,,,0.800,1,0,8,0,0,0,2,13.580,11.081,0.483,
20,125,65,0,0.000,1879.319,1506.472,,,,1.000,1,0,10,0,0,0,0,11.414,13.641,0.455,
20,125,70,0,0.000,1879.319,1506.472,,,,1.000,1,0,10,0,0,0,0,11.405,11.089,0.458,
20,125,75,0,0.000,1879.319,1506.472,,,,1.000,1,0,10,0,0,0,0,12.863,8.968,0.512,
20,125,80,0,0.000,1879.319,1506.472,,,,1.000,1,0,10,0,0,0,0,8.049,12.404,0.528,
20,125,85,0,0.000,1879.319,1506.472,,,,1.000,1,0,10,0,0,0,0,12.611,10.055,0.603,
20,125,90,0,0.000,1879.319,1506.472,,,,1.000,1,0,10,0,0,0,0,9.966,8.475,0.685,
20,125,95,0,0.000,1879.319,1506.472,,,,1.000,1,0,10,0,0,0,0,12.678,11.114,0.546,
20,125,100,0,0.000,1879.319,1506.472,,,,1.000,1,0,10,0,0,0,0,10.454,9.641,0.508,
20,125,105,0,0.000,1879.319,1506.472,,,,1.000,1,0,10,0,0,0,0,14.317,13.395,0.555,
20,125,110,0,0.000,1879.319,1506.472,,,,1.000,1,0,10,0,0,0,0,10.622,9.197,0.581,
20,125,115,0,0.000,1879.319,1506.472,,,,1.000,1,0,10,0,0,0,0,12.024,13.933,0.601,
20,125,120,0,0.000,1879.319,1506.472,,,,1.000,1,0,10,0,0,0,0,11.388,14.444,0.473,
20,125,125,0,0.000,1879.319,1506.472,,,,1.000,1,0,10,0,0,0,0,13.281,9.350,0.619,
20,125,130,0,0.000,1879.319,1506.472,,,,1.000,1,0,10,0,0,0,0,8.300,8.327,0.525,
20,125,135,0,0.000,1879.319,1506.472,,,,1.000,1,0,10,0,0,0,0,8.709,11.203,0.588,
20,125,140,0,0.000,1879.319,1506.472,,,,1.000,1,0,10,0,0,0,0,8.773,11.851,0.594,
20,125,145,0,0.000,1879.319,1506.472,,,,1.000,1,0,10,0,0,0,0,9.471,14.464,0.741,
20,125,150,0,0.000,1879.319,1506.472,,,,1.000,1,0,10,0,0,0,0,8.086,9.476,0.473,
20,125,155,0,0.000,1879.319,1506.472,,,,1.000,1,0,10,0,0,0,0,10.815,8.591,0.483,
20,125,160,0,0.000,1879.319,1506.472,,,,1.000,1,0,10,0,0,0,0,10.074,9.826,0.345,
20,125,165,0,0.000,1879.319,1506.472,,,,1.000,1,0,10,0,0,0,0,9.337,11.673,0.436,
20,125,170,0,0.000,1879.319,1506.472,,,,1.000,1,0,10,0,0,0,0,11.366,14.521,0.656,
20,125,175,0,0.000,1879.319,1506.472,,,,1.000,1,0,10,0,0,0,0,8.964,12.020,0.362,
20,125,180,0,0.000,1879.319,1506.472,,,,1.000,1,0,10,0,0,0,0,7.793,12.417,0.530,
20,125,185,0,0.000,1879.319,1506.472,,,,1.000,1,0,10,0,0,0,0,11.017,8.366,0.355,
20,125,190,0,0.000,1879.319,1506.472,,,,1.000,1,0,10,0,0,0,0,12.353,12.550,0.673,
20,125,195,0,0.000,1879.319,1506.472,,,,1.000,1,0,10,0,0,0,0,9.948,9.100,0.550,
20,125,200,0,0.000,1879.319,1506.472,,,,1.000,1,0,10,0,0,0,0,14.119,10.291,0.443,
20,125,205,0,0.000,1879.319,1506.472,,,,1.000,1,0,10,0,0,0,0,9.177,7.753,0.387,
20,125,210,0,0.000,1879.319,1506.472,,,,1.000,1,0,10,0,0,0,0,13.961,9.940,0.423,
20,125,215,0,0.000,1879.319,1506.472,,,,1.000,1,0,10,0,0,0,0,11.309,13.756,0.667,
20,125,220,0,0.000,1879.319,1506.472,,,,1.000,1,0,10,0,0,0,0,4.734,12.486,0.560,
20,125,225,0,0.000,1879.319,1506.472,,,,1.000,1,0,10,0,0,0,0,10.156,14.271,0.532,
20,125,230,0,0.000,1879.319,1506.472,,,,1.000,1,0,10,0,0,0,0,11.168,8.408,0.514,
20,125,235,0,0.000,1879.319,1506.472,,,,1.000,1,0,10,0,0,0,0,10.902,9.144,0.354,
20,125,240,0,0.000,1879.319,1506.472,,,,1.000,1,0,10,0,0,0,0,12.609,7.657,0.477,
20,125,245,0,0.000,1879.319,1506.472,,,,1.000,1,0,10,0,0,0,0,11.423,12.333,0.525,
20,125,250,0,0.000,1879.319,1506.472,,,,1.000,1,0,10,0,0,0,0,8.486,15.165,0.477,
20,125,255,0,0.000,1879.319,1506.472,,,,1.000,1,0,10,0,0,0,0,11.062,11.125,0.644,
20,125,260,0,0.000,1879.319,1506.472,,,,1.000,1,0,10,0,0,0,0,11.962,10.835,0.341,
20,125,265,0,0.000,1879.319,1506.472,,,,1.000,1,0,10,0,0,0,0,8.387,9.138,0.610,
20,125,270,0,0.000,1879.319,1506.472,,,,1.000,1,0,10,0,0,0,0,7.879,10.909,0.555,
20,125,275,0,0.000,1879.319,1506.472,,,,1.000,1,0,10,0,0,0,0,10.541,9.019,0.460,
20,125,280,0,0.000,1879.319,1506.472,,,,1.000,1,0,10,0,0,0,0,9.301,11.073,0.678,
20,125,285,0,0.000,1879.319,1506.472,,,,1.000,1,0,10,0,0,0,0,8.928,8.062,0.578,
20,130,-10,0,0.000,1879.319,1506.472,,,,0.000,0,0,0,0,0,0,10,10.831,10.817,0.402,
20,130,-5,0,0.000,1879.319,1506.472,,,,0.000,0,0,0,0,0,0,10,9.203,10.655,0.572,
20,130,0,0,0.000,1879.319,1506.472,,,,0.000,0,0,0,0,0,0,10,9.323,10.754,0.596,
20,130,5,0,0.000,1879.319,1506.472,,,,0.000,0,0,0,0,0,0,10,7.451,10.465,0.451,
20,130,10,0,0.000,1879.319,1506.472,,,,0.000,0,0,0,0,0,0,10,13.596,13.181,0.732,
20,130,15,0,0.000,1879.319,1506.472,,,,0.000,0,0,0,0,0,0,10,11.161,12.853,0.614,
20,130,20,0,0.000,1879.319,1506.472,,,,0.000,0,0,0,0,0,0,10,7.287,8.775,0.665,
20,130,25,0,0.000,1879.319,1506.472,,,,0.000,0,0,0,0,0,0,10,10.353,8.663,0.624,
20,130,30,0,0.000,1879.319,1506.472,,,,0.200,1,0,2,0,0,0,8,10.654,8.837,0.544,
20,130,35,0,0.000,1879.319,1506.472,,,,0.100,1,0,1,0,0,0,9,12.226,7.457,0.582,
20,130,40,0,0.000,1879.319,1506.472,,,,0.600,1,0,6,0,0,0,4,7.462,9.710,0.495,
20,130,45,0,0.000,1879.319,1506.472,,,,0.500,1,0,5,0,0,0,5,9.266,13.550,0.693,
20,130,50,0,0.000,1879.319,1506.472,,,,0.400,1,0,4,0,0,0,6,10.898,10.668,0.624,
20,130,55,0,0.000,1879.319,1506.472,,,,0.400,1,0,4,0,0,0,6,10.902,10.851,0.507,
20,130,60,0,0.000,1879.319,1506.472,,,,0.700,1,0,7,0,0,0,3,9.893,11.497,0.658,
20,130,65,0,0.000,1879.319,1506.472,,,,1.000,1,0,10,0,0,0,0,13.006,9.662,0.441,
20,130,70,0,0.000,1879.319,1506.472,,,,1.000,1,0,10,0,0,0,0,8.212,10.636,0.456,
20,130,75,0,0.000,1879.319,1506.472,,,,1.000,1,0,10,0,0,0,0,9.413,11.716,0.440,
20,130,80,0,0.000,1879.319,1506.472,,,,1.000,1,0,10,0,0,0,0,9.264,11.925,0.619,
20,130,85,0,0.000,1879.319,1506.472,,,,1.000,1,0,10,0,0,0,0,11.341,11.670,0.550,
20,130,90,0,0.000,1879.319,1506.472,,,,1.000,1,0,10,0,0,0,0,9.933,9.970,0.603,
20,130,95,0,0.000,1879.319,1506.472,,,,1.000,1,0,10,0,0,0,0,9.923,10.141,0.612,
20,130,100,0,0.000,1879.319,1506.472,,,,1.000,1,0,10,0,0,0,0,7.196,12.524,0.666,
20,130,105,0,0.000,1879.319,1506.472,,,,1.000,1,0,10,0,0,0,0,10.353,11.254,0.631,
20,130,110,0,0.000,1879.319,1506.472,,,,1.000,1,0,10,0,0,0,0,9.709,10.083,0.681,
20,130,115,0,0.000,1879.319,1506.472,,,,1.000,1,0,10,0,0,0,0,11.654,9.677,0.549,
20,130,120,0,0.000,1879.319,1506.472,,,,1.000,1,0,10,0,0,0,0,10.873,11.773,0.562,
20,130,125,0,0.000,1879.319,1506.472,,,,1.000,1,0,10,0,0,0,0,10.562,9.797,0.682,
20,130,130,0,0.000,1879.319,1506.472,,,,1.000,1,0,10,0,0,0,0,11.271,11.534,0.567,
20,130,135,0,0.000,1879.319,1506.472,,,,1.000,1,0,10,0,0,0,0,10.551,7.946,0.519,
20,130,140,0,0.000,1879.319,1506.472,,,,1.000,1,0,10,0,0,0,0,12.198,8.613,0.335,
20,130,145,0,0.000,1879.319,1506.472,,,,1.000,1,0,10,0,0,0,0,4.373,10.176,0.466,
20,130,150,0,0.000,1879.319,1506.472,,,,1.000,1,0,10,0,0,0,0,7.757,11.719,0.625,
20,130,155,0,0.000,1879.319,1506.472,,,,1.000,1,0,10,0,0,0,0,11.508,9.842,0.575,
20,130,160,0,0.000,1879.319,1506.472,,,,1.000,1,0,10,0,0,0,0,10.810,13.507,0.554,
20,130,165,0,0.000,1879.319,1506.472,,,,1.000,1,0,10,0,0,0,0,8.798,14.582,0.597,
20,130,170,0,0.000,1879.319,1506.472,,,,1.000,1,0,10,0,0,0,0,12.209,14.234,0.522,
20,130,175,0,0.000,1879.319,1506.472,,,,1.000,1,0,10,0,0,0,0,9.748,9.739,0.436,
20,130,180,0,0.000,1879.319,1506.472,,,,1.000,1,0,10,0,0,0,0,9.579,10.327,0.523,
20,130,185,0,0.000,1879.319,1506.472,,,,1.000,1,0,10,0,0,0,0,13.102,8.846,0.590,
20,130,190,0,0.000,1879.319,1506.472,,,,1.000,1,0,10,0,0,0,0,7.755,10.163,0.569,
20,130,195,0,0.000,1879.319,1506.472,,,,1.000,1,0,10,0,0,0,0,8.524,12.014,0.702,
20,130,200,0,0.000,1879.319,1506.472,,,,1.000,1,0,10,0,0,0,0,7.000,10.643,0.606,
20,130,205,0,0.000,1879.319,1506.472,,,,1.000,1,0,10,0,0,0,0,8.426,10.264,0.540,
20,130,210,0,0.000,1879.319,1506.472,,,,1.000,1,0,10,0,0,0,0,8.157,9.673,0.538,
20,130,215,0,0.000,1879.319,1506.472,,,,1.000,1,0,10,0,0,0,0,11.914,11.721,0.507,
20,130,220,0,0.000,1879.319,1506.472,,,,1.000,1,0,10,0,0,0,0,11.331,12.949,0.607,
20,130,225,0,0.000,1879.319,1506.472,,,,1.000,1,0,10,0,0,0,0,10.791,10.885,0.462,
20,130,230,0,0.000,1879.319,1506.472,,,,1.000,1,0,10,0,0,0,0,9.370,10.855,0.495,
20,130,235,0,0.000,1879.319,1506.472,,,,1.000,1,0,10,0,0,0,0,12.476,9.270,0.546,
20,130,240,0,0.000,1879.319,1506.472,,,,1.000,1,0,10,0,0,0,0,8.876,8.708,0.577,
20,130,245,0,0.000,1879.319,1506.472,,,,1.000,1,0,10,0,0,0,0,10.148,10.228,0.532,
20,130,250,0,0.000,1879.319,1506.472,,,,1.000,1,0,10,0,0,0,0,10.956,10.660,0.547,
20,130,255,0,0.000,1879.319,1506.472,,,,1.000,1,0,10,0,0,0,0,12.399,10.738,0.289,
20,130,260,0,0.000,1879.319,1506.472,,,,1.000,1,0,10,0,0,0,0,12.666,10.410,0.547,
20,130,265,0,0.000,1879.319,1506.472,,,,1.000,1,0,10,0,0,0,0,9.678,7.276,0.501,
20,130,270,0,0.000,1879.319,1506.472,,,,1.000,1,0,10,0,0,0,0,11.496,14.305,0.626,
20,130,275,0,0.000,1879.319,1506.472,,,,1.000,1,0,10,0,0,0,0,11.204,12.321,0.511,
20,130,280,0,0.000,1879.319,1506.472,,,,1.000,1,0,10,0,0,0,0,7.710,10.511,0.708,
20,130,285,0,0.000,1879.319,1506.472,,,,1.000,1,0,10,0,0,0,0,11.798,9.247,0.491,
20,135,-10,0,0.000,1879.319,1506.472,,,,0.000,0,0,0,0,0,0,10,10.527,11.489,0.670,
20,135,-5,0,0.000,1879.319,1506.472,,,,0.000,0,0,0,0,0,0,10,11.123,11.866,0.479,
20,135,0,0,0.000,1879.319,1506.472,,,,0.000,0,0,0,0,0,0,10,10.501,11.759,0.447,
20,135,5,0,0.000,1879.319,1506.472,,,,0.000,0,0,0,0,0,0,10,11.767,10.172,0.662,
20,135,10,0,0.000,1879.319,1506.472,,,,0.000,0,0,0,0,0,0,10,10.855,11.460,0.524,
20,135,15,0,0.000,1879.319,1506.472,,,,0.000,0,0,0,0,0,0,10,10.509,12.721,0.648,
20,135,20,0,0.000,1879.319,1506.472,,,,0.000,0,0,0,0,0,0,10,10.262,9.488,0.769,
20,135,25,0,0.000,1879.319,1506.472,,,,0.000,0,0,0,0,0,0,10,14.138,8.705,0.539,
20,135,30,0,0.000,1879.319,1506.472,,,,0.000,0,0,0,0,0,0,10,9.027,12.181,0.698,
20,135,35,0,0.000,1879.319,1506.472,,,,0.000,0,0,0,0,0,0,10,12.224,9.796,0.638,
20,135,40,0,0.000,1879.319,1506.472,,,,0.200,1,0,2,0,0,0,8,8.659,11.277,0.451,
20,135,45,0,0.000,1879.319,1506.472,,,,0.400,1,0,4,0,0,0,6,9.299,12.204,0.481,
20,135,50,0,0.000,1879.319,1506.472,,,,0.600,1,0,6,0,0,0,4,10.760,10.574,0.634,
20,135,55,0,0.000,1879.319,1506.472,,,,0.800,1,0,8,0,0,0,2,11.975,11.539,0.401,
20,135,60,0,0.000,1879.319,1506.472,,,,0.800,1,0,8,0,0,0,2,7.967,11.899,0.630,
20,135,65,0,0.000,1879.319,1506.472,,,,0.900,1,0,9,0,0,0,1,9.867,11.905,0.526,
20,135,70,0,0.000,1879.319,1506.472,,,,1.000,1,0,10,0,0,0,0,9.534,9.487,0.659,
20,135,75,0,0.000,1879.319,1506.472,,,,1.000,1,0,10,0,0,0,0,12.833,9.979,0.584,
20,135,80,0,0.000,1879.319,1506.472,,,,1.000,1,0,10,0,0,0,0,12.122,9.825,0.413,
20,135,85,0,0.000,1879.319,1506.472,,,,1.000,1,0,10,0,0,0,0,12.224,12.677,0.566,
20,135,90,0,0.000,1879.319,1506.472,,,,1.000,1,0,10,0,0,0,0,8.312,11.703,0.627,
20,135,95,0,0.000,1879.319,1506.472,,,,1.000,1,0,10,0,0,0,0,13.831,9.209,0.482,
20,135,100,0,0.000,1879.319,1506.472,,,,1.000,1,0,10,0,0,0,0,9.431,12.818,0.717,
20,135,105,0,0.000,1879.319,1506.472,,,,1.000,1,0,10,0,0,0,0,12.074,13.308,0.418,
20,135,110,0,0.000,1879.319,1506.472,,,,1.000,1,0,10,0,0,0,0,12.589,10.547,0.593,
20,135,115,0,0.000,1879.319,1506.472,,,,1.000,1,0,10,0,0,0,0,11.893,10.643,0.439,
20,135,120,0,0.000,1879.319,1506.472,,,,1.000,1,0,10,0,0,0,0,13.440,10.328,0.360,
20,135,125,0,0.000,1879.319,1506.472,,,,1.000,1,0,10,0,0,0,0,13.205,10.626,0.481,
20,135,130,0,0.000,1879.319,1506.472,,,,1.000,1,0,10,0,0,0,0,7.694,9.669,0.583,
20,135,135,0,0.000,1879.319,1506.472,,,,1.000,1,0,10,0,0,0,0,11.863,11.015,0.525,
20,135,140,0,0.000,1879.319,1506.472,,,,1.000,1,0,10,0,0,0,0,9.767,9.772,0.472,
20,135,145,0,0.000,1879.319,1506.472,,,,1.000,1,0,10,0,0,0,0,9.330,8.994,0.532,
20,135,150,0,0.000,1879.319,1506.472,,,,1.000,1,0,10,0,0,0,0,11.720,10.095,0.525,
20,135,155,0,0.000,1879.319,1506.472,,,,1.000,1,0,10,0,0,0,0,10.086,12.993,0.587,
20,135,160,0,0.000,1879.319,1506.472,,,,1.000,1,0,10,0,0,0,0,10.984,5.678,0.565,
20,135,165,0,0.000,1879.319,1506.472,,,,1.000,1,0,10,0,0,0,0,11.672,10.132,0.479,
20,135,170,0,0.000,1879.319,1506.472,,,,1.000,1,0,10,0,0,0,0,10.366,9.636,0.348,
20,135,175,0,0.000,1879.319,1506.472,,,,1.000,1,0,10,0,0,0,0,10.729,11.621,0.540,
20,135,180,0,0.000,1879.319,1506.472,,,,1.000,1,0,10,0,0,0,0,9.389,12.671,0.563,
20,135,185,0,0.000,1879.319,1506.472,,,,1.000,1,0,10,0,0,0,0,12.980,12.130,0.569,
20,135,190,0,0.000,1879.319,1506.472,,,,1.000,1,0,10,0,0,0,0,11.542,10.662,0.337,
20,135,195,0,0.000,1879.319,1506.472,,,,1.000,1,0,10,0,0,0,0,12.919,9.345,0.415,
20,135,200,0,0.000,1879.319,1506.472,,,,1.000,1,0,10,0,0,0,0,12.585,10.618,0.548,
20,135,205,0,0.000,1879.319,1506.472,,,,1.000,1,0,10,0,0,0,0,8.153,9.581,0.504,
20,135,210,0,0.000,1879.319,1506.472,,,,1.000,1,0,10,0,0,0,0,10.489,12.226,0.650,
20,135,215,0,0.000,1879.319,1506.472,,,,1.000,1,0,10,0,0,0,0,11.255,7.686,0.279,
20,135,220,0,0.000,1879.319,1506.472,,,,1.000,1,0,10,0,0,0,0,10.333,10.790,0.435,
20,135,225,0,0.000,1879.319,1506.472,,,,1.000,1,0,10,0,0,0,0,5.053,9.799,0.591,
20,135,230,0,0.000,1879.319,1506.472,,,,1.000,1,0,10,0,0,0,0,12.480,10.648,0.444,
20,135,235,0,0.000,1879.319,1506.472,,,,1.000,1,0,10,0,0,0,0,13.932,12.584,0.547,
20,135,240,0,0.000,1879.319,1506.472,,,,1.000,1,0,10,0,0,0,0,11.604,12.593,0.507,
20,135,245,0,0.000,1879.319,1506.472,,,,1.000,1,0,10,0,0,0,0,7.050,11.568,0.402,
20,135,250,0,0.000,1879.319,1506.472,,,,1.000,1,0,10,0,0,0,0,10.120,9.076,0.398,
20,135,255,0,0.000,1879.319,1506.472,,,,1.000,1,0,10,0,0,0,0,12.360,10.742,0.617,
20,135,260,0,0.000,1879.319,1506.472,,,,1.000,1,0,10,0,0,0,0,10.312,8.565,0.582,
20,135,265,0,0.000,1879.319,1506.472,,,,1.000,1,0,10,0,0,0,0,7.977,12.306,0.528,
20,135,270,0,0.000,1879.319,1506.472,,,,1.000,1,0,10,0,0,0,0,11.333,11.825,0.641,
20,135,275,0,0.000,1879.319,1506.472,,,,1.000,1,0,10,0,0,0,0,10.698,10.120,0.546,
20,135,280,0,0.000,1879.319,1506.472,,,,1.000,1,0,10,0,0,0,0,10.369,12.540,0.534,
20,135,285,0,0.000,1879.319,1506.472,,,,1.000,1,0,10,0,0,0,0,12.858,11.946,0.617,
20,140,-10,0,0.000,1879.319,1506.472,,,,0.000,0,0,0,0,0,0,10,11.318,8.789,0.525,
20,140,-5,0,0.000,1879.319,1506.472,,,,0.000,0,0,0,0,0,0,10,11.096,11.826,0.568,
20,140,0,0,0.000,1879.319,1506.472,,,,0.000,0,0,0,0,0,0,10,8.504,11.524,0.656,
20,140,5,0,0.000,1879.319,1506.472,,,,0.000,0,0,0,0,0,0,10,13.483,12.272,0.455,
20,140,10,0,0.000,1879.319,1506.472,,,,0.000,0,0,0,0,0,0,10,12.775,9.193,0.423,
20,140,15,0,0.000,1879.319,1506.472,,,,0.000,0,0,0,0,0,0,10,10.082,11.642,0.510,
20,140,20,0,0.000,1879.319,1506.472,,,,0.000,0,0,0,0,0,0,10,11.866,10.152,0.499,
20,140,25,0,0.000,1879.319,1506.472,,,,0.000,0,0,0,0,0,0,10,10.408,12.196,0.537,
20,140,30,0,0.000,1879.319,1506.472,,,,0.100,1,0,1,0,0,0,9,11.562,11.014,0.562,
20,140,35,0,0.000,1879.319,1506.472,,,,0.300,1,0,3,0,0,0,7,11.632,12.822,0.639,
20,140,40,0,0.000,1879.319,1506.472,,,,0.300,1,0,3,0,0,0,7,12.295,11.514,0.522,
20,140,45,0,0.000,1879.319,1506.472,,,,0.500,1,0,5,0,0,0,5,12.235,10.548,0.469,
20,140,50,0,0.000,1879.319,1506.472,,,,0.500,1,0,5,0,0,0,5,14.956,10.097,0.584,
20,140,55,0,0.000,1879.319,1506.472,,,,0.700,1,0,7,0,0,0,3,11.433,9.970,0.577,
20,140,60,0,0.000,1879.319,1506.472,,,,0.800,1,0,8,0,0,0,2,9.514,8.836,0.590,
20,140,65,0,0.000,1879.319,1506.472,,,,0.800,1,0,8,0,0,0,2,13.512,13.697,0.565,
20,140,70,0,0.000,1879.319,1506.472,,,,1.000,1,0,10,0,0,0,0,11.492,11.939,0.532,
20,140,75,0,0.000,1879.319,1506.472,,,,1.000,1,0,10,0,0,0,0,10.530,7.827,0.552,
20,140,80,0,0.000,1879.319,1506.472,,,,1.000,1,0,10,0,0,0,0,11.826,12.514,0.422,
20,140,85,0,0.000,1879.319,1506.472,,,,1.000,1,0,10,0,0,0,0,14.246,7.507,0.434,
20,140,90,0,0.000,1879.319,1506.472,,,,1.000,1,0,10,0,0,0,0,11.942,6.632,0.639,
20,140,95,0,0.000,1879.319,1506.472,,,,1.000,1,0,10,0,0,0,0,11.526,10.982,0.535,
20,140,100,0,0.000,1879.319,1506.472,,,,1.000,1,0,10,0,0,0,0,10.627,14.214,0.647,
20,140,105,0,0.000,1879.319,1506.472,,,,1.000,1,0,10,0,0,0,0,8.407,12.325,0.585,
20,140,110,0,0.000,1879.319,1506.472,,,,1.000,1,0,10,0,0,0,0,12.173,9.815,0.415,
20,140,115,0,0.000,1879.319,1506.472,,,,1.000,1,0,10,0,0,0,0,8.044,10.666,0.518,
20,140,120,0,0.000,1879.319,1506.472,,,,1.000,1,0,10,0,0,0,0,9.672,10.167,0.666,
20,140,125,0,0.000,1879.319,1506.472,,,,1.000,1,0,10,0,0,0,0,10.753,9.446,0.571,
20,140,130,0,0.000,1879.319,1506.472,,,,1.000,1,0,10,0,0,0,0,8.277,10.367,0.501,
20,140,135,0,0.000,1879.319,1506.472,,,,1.000,1,0,10,0,0,0,0,9.223,12.899,0.510,
20,140,140,0,0.000,1879.319,1506.472,,,,1.000,1,0,10,0,0,0,0,13.795,11.279,0.531,
20,140,145,0,0.000,1879.319,1506.472,,,,1.000,1,0,10,0,0,0,0,12.215,12.889,0.393,
20,140,150,0,0.000,1879.319,1506.472,,,,1.000,1,0,10,0,0,0,0,12.899,11.374,0.435,
20,140,155,0,0.000,1879.319,1506.472,,,,1.000,1,0,10,0,0,0,0,12.173,9.458,0.580,
20,140,160,0,0.000,1879.319,1506.472,,,,1.000,1,0,10,0,0,0,0,8.525,14.418,0.555,
20,140,165,0,0.000,1879.319,1506.472,,,,1.000,1,0,10,0,0,0,0,8.618,9.522,0.647,
20,140,170,0,0.000,1879.319,1506.472,,,,1.000,1,0,10,0,0,0,0,12.112,8.604,0.578,
20,140,175,0,0.000,1879.319,1506.472,,,,1.000,1,0,10,0,0,0,0,12.231,12.354,0.597,
20,140,180,0,0.000,1879.319,1506.472,,,,1.000,1,0,10,0,0,0,0,13.088,11.150,0.400,
20,140,185,0,0.000,1879.319,1506.472,,,,1.000,1,0,10,0,0,0,0,9.180,11.903,0.414,
20,140,190,0,0.000,1879.319,1506.472,,,,1.000,1,0,10,0,0,0,0,10.474,8.759,0.455,
20,140,195,0,0.000,1879.319,1506.472,,,,1.000,1,0,10,0,0,0,0,11.180,9.586,0.532,
20,140,200,0,0.000,1879.319,1506.472,,,,1.000,1,0,10,0,0,0,0,13.900,13.979,0.590,
20,140,205,0,0.000,1879.319,1506.472,,,,1.000,1,0,10,0,0,0,0,13.828,11.577,0.381,
20,140,210,0,0.000,1879.319,1506.472,,,,1.000,1,0,10,0,0,0,0,11.547,12.094,0.419,
20,140,215,0,0.000,1879.319,1506.472,,,,1.000,1,0,10,0,0,0,0,12.747,12.319,0.396,
20,140,220,0,0.000,1879.319,1506.472,,,,1.000,1,0,10,0,0,0,0,11.818,12.268,0.554,
20,140,225,0,0.000,1879.319,1506.472,,,,1.000,1,0,10,0,0,0,0,12.022,13.594,0.603,
20,140,230,0,0.000,1879.319,1506.472,,,,1.000,1,0,10,0,0,0,0,12.612,13.501,0.686,
20,140,235,0,0.000,1879.319,1506.472,,,,1.000,1,0,10,0,0,0,0,10.630,10.942,0.483,
20,140,240,0,0.000,1879.319,1506.472,,,,1.000,1,0,10,0,0,0,0,11.828,10.851,0.456,
20,140,245,0,0.000,1879.319,1506.472,,,,1.000,1,0,10,0,0,0,0,10.464,10.942,0.773,
20,140,250,0,0.000,1879.319,1506.472,,,,1.000,1,0,10,0,0,0,0,13.139,7.888,0.585,
20,140,255,0,0.000,1879.319,1506.472,,,,1.000,1,0,10,0,0,0,0,12.496,7.061,0.419,
20,140,260,0,0.000,1879.319,1506.472,,,,1.000,1,0,10,0,0,0,0,5.876,9.719,0.571,
20,140,265,0,0.000,1879.319,1506.472,,,,1.000,1,0,10,0,0,0,0,10.688,13.838,0.569,
20,140,270,0,0.000,1879.319,1506.472,,,,1.000,1,0,10,0,0,0,0,9.324,11.357,0.466,
20,140,275,0,0.000,1879.319,1506.472,,,,1.000,1,0,10,0,0,0,0,9.024,11.694,0.520,
20,140,280,0,0.000,1879.319,1506.472,,,,1.000,1,0,10,0,0,0,0,8.905,12.949,0.495,
20,140,285,0,0.000,1879.319,1506.472,,,,1.000,1,0,10,0,0,0,0,11.200,9.380,0.530,
20,145,-10,0,0.000,1879.319,1506.472,,,,0.000,0,0,0,0,0,0,10,10.183,8.142,0.455,
20,145,-5,0,0.000,1879.319,1506.472,,,,0.000,0,0,0,0,0,0,10,12.107,9.503,0.610,
20,145,0,0,0.000,1879.319,1506.472,,,,0.000,0,0,0,0,0,0,10,10.665,9.890,0.407,
20,145,5,0,0.000,1879.319,1506.472,,,,0.000,0,0,0,0,0,0,10,13.320,11.500,0.472,
20,145,10,0,0.000,1879.319,1506.472,,,,0.000,0,0,0,0,0,0,10,12.915,10.669,0.594,
20,145,15,0,0.000,1879.319,1506.472,,,,0.000,0,0,0,0,0,0,10,13.263,7.787,0.593,
20,145,20,0,0.000,1879.319,1506.472,,,,0.000,0,0,0,0,0,0,10,10.828,11.328,0.576,
20,145,25,0,0.000,1879.319,1506.472,,,,0.000,0,0,0,0,0,0,10,10.969,8.799,0.622,
20,145,30,0,0.000,1879.319,1506.472,,,,0.000,0,0,0,0,0,0,10,8.062,10.825,0.614,
20,145,35,0,0.000,1879.319,1506.472,,,,0.000,0,0,0,0,0,0,10,9.714,10.915,0.356,
20,145,40,0,0.000,1879.319,1506.472,,,,0.300,1,0,3,0,0,0,7,7.199,10.798,0.422,
20,145,45,0,0.000,1879.319,1506.472,,,,0.300,1,0,3,0,0,0,7,12.188,12.410,0.459,
20,145,50,0,0.000,1879.319,1506.472,,,,0.400,1,0,4,0,0,0,6,13.019,12.247,0.420,
20,145,55,0,0.000,1879.319,1506.472,,,,0.600,1,0,6,0,0,0,4,11.830,10.932,0.542,
20,145,60,0,0.000,1879.319,1506.472,,,,0.500,1,0,5,0,0,0,5,10.951,10.458,0.422,
20,145,65,0,0.000,1879.319,1506.472,,,,0.700,1,0,7,0,0,0,3,10.275,9.511,0.405,
20,145,70,0,0.000,1879.319,1506.472,,,,1.000,1,0,10,0,0,0,0,11.522,9.617,0.451,
20,145,75,0,0.000,1879.319,1506.472,,,,1.000,1,0,10,0,0,0,0,13.760,11.142,0.526,
20,145,80,0,0.000,1879.319,1506.472,,,,1.000,1,0,10,0,0,0,0,13.529,11.466,0.573,
20,145,85,0,0.000,1879.319,1506.472,,,,1.000,1,0,10,0,0,0,0,10.959,14.585,0.624,
20,145,90,0,0.000,1879.319,1506.472,,,,1.000,1,0,10,0,0,0,0,11.291,11.206,0.560,
20,145,95,0,0.000,1879.319,1506.472,,,,1.000,1,0,10,0,0,0,0,13.657,9.797,0.530,
20,145,100,0,0.000,1879.319,1506.472,,,,1.000,1,0,10,0,0,0,0,13.806,10.825,0.651,
20,145,105,0,0.000,1879.319,1506.472,,,,1.000,1,0,10,0,0,0,0,10.850,11.562,0.597,
20,145,110,0,0.000,1879.319,1506.472,,,,1.000,1,0,10,0,0,0,0,11.435,11.828,0.535,
20,145,115,0,0.000,1879.319,1506.472,,,,1.000,1,0,10,0,0,0,0,11.589,9.775,0.550,
20,145,120,0,0.000,1879.319,1506.472,,,,1.000,1,0,10,0,0,0,0,10.279,10.199,0.695,
20,145,125,0,0.000,1879.319,1506.472,,,,1.000,1,0,10,0,0,0,0,11.636,10.072,0.712,
20,145,130,0,0.000,1879.319,1506.472,,,,1.000,1,0,10,0,0,0,0,9.771,10.592,0.496,
20,145,135,0,0.000,1879.319,1506.472,,,,1.000,1,0,10,0,0,0,0,12.658,11.427,0.462,
20,145,140,0,0.000,1879.319,1506.472,,,,1.000,1,0,10,0,0,0,0,11.085,10.459,0.493,
20,145,145,0,0.000,1879.319,1506.472,,,,1.000,1,0,10,0,0,0,0,8.514,12.935,0.690,
20,145,150,0,0.000,1879.319,1506.472,,,,1.000,1,0,10,0,0,0,0,11.993,13.930,0.560,
20,145,155,0,0.000,1879.319,1506.472,,,,1.000,1,0,10,0,0,0,0,10.393,10.384,0.455,
20,145,160,0,0.000,1879.319,1506.472,,,,1.000,1,0,10,0,0,0,0,10.932,7.963,0.480,
20,145,165,0,0.000,1879.319,1506.472,,,,1.000,1,0,10,0,0,0,0,11.982,8.685,0.468,
20,145,170,0,0.000,1879.319,1506.472,,,,1.000,1,0,10,0,0,0,0,7.922,9.732,0.525,
20,145,175,0,0.000,1879.319,1506.472,,,,1.000,1,0,10,0,0,0,0,10.768,10.356,0.523,
20,145,180,0,0.000,1879.319,1506.472,,,,1.000,1,0,10,0,0,0,0,13.334,8.992,0.679,
20,145,185,0,0.000,1879.319,1506.472,,,,1.000,1,0,10,0,0,0,0,9.026,10.660,0.691,
20,145,190,0,0.000,1879.319,1506.472,,,,1.000,1,0,10,0,0,0,0,14.598,9.218,0.535,
20,145,195,0,0.000,1879.319,1506.472,,,,1.000,1,0,10,0,0,0,0,10.186,12.093,0.623,
20,145,200,0,0.000,1879.319,1506.472,,,,1.000,1,0,10,0,0,0,0,12.448,11.379,0.530,
20,145,205,0,0.000,1879.319,1506.472,,,,1.000,1,0,10,0,0,0,0,8.995,12.615,0.344,
20,145,210,0,0.000,1879.319,1506.472,,,,1.000,1,0,10,0,0,0,0,9.907,11.916,0.411,
20,145,215,0,0.000,1879.319,1506.472,,,,1.000,1,0,10,0,0,0,0,11.707,7.060,0.513,
20,145,220,0,0.000,1879.319,1506.472,,,,1.000,1,0,10,0,0,0,0,12.955,12.839,0.476,
20,145,225,0,0.000,1879.319,1506.472,,,,1.000,1,0,10,0,0,0,0,13.357,8.861,0.572,
20,145,230,0,0.000,1879.319,1506.472,,,,1.000,1,0,10,0,0,0,0,9.239,10.796,0.670,
20,145,235,0,0.000,1879.319,1506.472,,,,1.000,1,0,10,0,0,0,0,11.654,10.805,0.454,
20,145,240,0,0.000,1879.319,1506.472,,,,1.000,1,0,10,0,0,0,0,12.252,11.422,0.515,
20,145,245,0,0.000,1879.319,1506.472,,,,1.000,1,0,10,0,0,0,0,10.472,12.981,0.477,
20,145,250,0,0.000,1879.319,1506.472,,,,1.000,1,0,10,0,0,0,0,9.917,9.019,0.506,
20,145,255,0,0.000,1879.319,1506.472,,,,1.000,1,0,10,0,0,0,0,9.416,11.850,0.678,
20,145,260,0,0.000,1879.319,1506.472,,,,1.000,1,0,10,0,0,0,0,10.358,13.035,0.469,
20,145,265,0,0.000,1879.319,1506.472,,,,1.000,1,0,10,0,0,0,0,6.800,10.104,0.519,
20,145,270,0,0.000,1879.319,1506.472,,,,1.000,1,0,10,0,0,0,0,10.235,11.823,0.538,
20,145,275,0,0.000,1879.319,1506.472,,,,1.000,1,0,10,0,0,0,0,9.062,12.342,0.618,
20,145,280,0,0.000,1879.319,1506.472,,,,1.000,1,0,10,0,0,0,0,10.525,10.821,0.620,
20,145,285,0,0.000,1879.319,1506.472,,,,1.000,1,0,10,0,0,0,0,10.423,12.815,0.312,
20,150,-10,0,0.000,1879.319,1506.472,,,,0.000,0,0,0,0,0,0,10,8.619,10.955,0.528,
20,150,-5,0,0.000,1879.319,1506.472,,,,0.000,0,0,0,0,0,0,10,11.021,13.805,0.624,
20,150,0,0,0.000,1879.319,1506.472,,,,0.000,0,0,0,0,0,0,10,12.179,7.918,0.420,
20,150,5,0,0.000,1879.319,1506.472,,,,0.000,0,0,0,0,0,0,10,8.943,11.991,0.584,
20,150,10,0,0.000,1879.319,1506.472,,,,0.000,0,0,0,0,0,0,10,14.870,12.417,0.463,
20,150,15,0,0.000,1879.319,1506.472,,,,0.000,0,0,0,0,0,0,10,10.848,10.775,0.549,
20,150,20,0,0.000,1879.319,1506.472,,,,0.000,0,0,0,0,0,0,10,9.551,13.384,0.578,
20,150,25,0,0.000,1879.319,1506.472,,,,0.000,0,0,0,0,0,0,10,12.960,10.534,0.643,
20,150,30,0,0.000,1879.319,1506.472,,,,0.000,0,0,0,0,0,0,10,10.396,13.572,0.596,
20,150,35,0,0.000,1879.319,1506.472,,,,0.100,1,0,1,0,0,0,9,10.886,11.889,0.721,
20,150,40,0,0.000,1879.319,1506.472,,,,0.200,1,0,2,0,0,0,8,11.436,10.169,0.586,
20,150,45,0,0.000,1879.319,1506.472,,,,0.300,1,0,3,0,0,0,7,11.798,10.743,0.573,
20,150,50,0,0.000,1879.319,1506.472,,,,0.100,1,0,1,0,0,0,9,11.488,3.823,0.542,
20,150,55,0,0.000,1879.319,1506.472,,,,0.600,1,0,6,0,0,0,4,11.299,10.969,0.533,
20,150,60,0,0.000,1879.319,1506.472,,,,0.500,1,0,5,0,0,0,5,11.056,8.753,0.534,
20,150,65,0,0.000,1879.319,1506.472,,,,0.900,1,0,9,0,0,0,1,11.389,11.014,0.411,
20,150,70,0,0.000,1879.319,1506.472,,,,0.800,1,0,8,0,0,0,2,11.676,11.507,0.755,
20,150,75,0,0.000,1879.319,1506.472,,,,0.900,1,0,9,0,0,0,1,9.839,11.697,0.738,
20,150,80,0,0.000,1879.319,1506.472,,,,1.000,1,0,10,0,0,0,0,8.406,12.675,0.578,
20,150,85,0,0.000,1879.319,1506.472,,,,1.000,1,0,10,0,0,0,0,8.012,9.797,0.505,
20,150,90,0,0.000,1879.319,1506.472,,,,1.000,1,0,10,0,0,0,0,8.828,12.056,0.552,
20,150,95,0,0.000,1879.319,1506.472,,,,1.000,1,0,10,0,0,0,0,11.841,10.272,0.388,
20,150,100,0,0.000,1879.319,1506.472,,,,1.000,1,0,10,0,0,0,0,9.890,10.784,0.570,
20,150,105,0,0.000,1879.319,1506.472,,,,1.000,1,0,10,0,0,0,0,10.449,13.541,0.454,
20,150,110,0,0.000,1879.319,1506.472,,,,1.000,1,0,10,0,0,0,0,11.645,9.087,0.607,
20,150,115,0,0.000,1879.319,1506.472,,,,1.000,1,0,10,0,0,0,0,12.713,9.700,0.491,
20,150,120,0,0.000,1879.319,1506.472,,,,1.000,1,0,10,0,0,0,0,8.278,10.712,0.699,
20,150,125,0,0.000,1879.319,1506.472,,,,1.000,1,0,10,0,0,0,0,11.901,13.177,0.607,
20,150,130,0,0.000,1879.319,1506.472,,,,1.000,1,0,10,0,0,0,0,11.276,8.434,0.571,
20,150,135,0,0.000,1879.319,1506.472,,,,1.000,1,0,10,0,0,0,0,12.639,11.044,0.520,
20,150,140,0,0.000,1879.319,1506.472,,,,1.000,1,0,10,0,0,0,0,12.308,9.533,0.537,
20,150,145,0,0.000,1879.319,1506.472,,,,1.000,1,0,10,0,0,0,0,11.323,10.811,0.417,
20,150,150,0,0.000,1879.319,1506.472,,,,1.000,1,0,10,0,0,0,0,8.377,9.865,0.603,
20,150,155,0,0.000,1879.319,1506.472,,,,1.000,1,0,10,0,0,0,0,13.286,12.471,0.534,
20,150,160,0,0.000,1879.319,1506.472,,,,1.000,1,0,10,0,0,0,0,9.781,11.054,0.560,
20,150,165,0,0.000,1879.319,1506.472,,,,1.000,1,0,10,0,0,0,0,11.697,8.930,0.322,
20,150,170,0,0.000,1879.319,1506.472,,,,1.000,1,0,10,0,0,0,0,9.189,10.730,0.580,
20,150,175,0,0.000,1879.319,1506.472,,,,1.000,1,0,10,0,0,0,0,11.746,11.991,0.593,
20,150,180,0,0.000,1879.319,1506.472,,,,1.000,1,0,10,0,0,0,0,9.648,13.455,0.338,
20,150,185,0,0.000,1879.319,1506.472,,,,1.000,1,0,10,0,0,0,0,11.084,11.149,0.471,
20,150,190,0,0.000,1879.319,1506.472,,,,1.000,1,0,10,0,0,0,0,11.762,11.194,0.631,
20,150,195,0,0.000,1879.319,1506.472,,,,1.000,1,0,10,0,0,0,0,10.158,9.063,0.578,
20,150,200,0,0.000,1879.319,1506.472,,,,1.000,1,0,10,0,0,0,0,10.861,10.021,0.407,
20,150,205,0,0.000,1879.319,1506.472,,,,1.000,1,0,10,0,0,0,0,10.154,10.778,0.567,
20,150,210,0,0.000,1879.319,1506.472,,,,1.000,1,0,10,0,0,0,0,11.023,9.997,0.580,
20,150,215,0,0.000,1879.319,1506.472,,,,1.000,1,0,10,0,0,0,0,9.495,12.483,0.581,
20,150,220,0,0.000,1879.319,1506.472,,,,1.000,1,0,10,0,0,0,0,10.818,12.018,0.628,
20,150,225,0,0.000,1879.319,1506.472,,,,1.000,1,0,10,0,0,0,0,11.150,12.495,0.656,
20,150,230,0,0.000,1879.319,1506.472,,,,1.000,1,0,10,0,0,0,0,11.486,11.049,0.482,
20,150,235,0,0.000,1879.319,1506.472,,,,1.000,1,0,10,0,0,0,0,12.131,11.142,0.457,
20,150,240,0,0.000,1879.319,1506.472,,,,1.000,1,0,10,0,0,0,0,12.577,11.571,0.609,
20,150,245,0,0.000,1879.319,1506.472,,,,1.000,1,0,10,0,0,0,0,10.934,11.949,0.669,
20,150,250,0,0.000,1879.319,1506.472,,,,1.000,1,0,10,0,0,0,0,9.963,10.185,0.533,
20,150,255,0,0.000,1879.319,1506.472,,,,1.000,1,0,10,0,0,0,0,12.509,11.934,0.397,
20,150,260,0,0.000,1879.319,1506.472,,,,1.000,1,0,10,0,0,0,0,10.967,12.320,0.448,
20,150,265,0,0.000,1879.319,1506.472,,,,1.000,1,0,10,0,0,0,0,7.328,12.288,0.561,
20,150,270,0,0.000,1879.319,1506.472,,,,1.000,1,0,10,0,0,0,0,10.859,10.582,0.529,
20,150,275,0,0.000,1879.319,1506.472,,,,1.000,1,0,10,0,0,0,0,9.293,10.838,0.526,
20,150,280,0,0.000,1879.319,1506.472,,,,1.000,1,0,10,0,0,0,0,13.606,12.259,0.571,
20,150,285,0,0.000,1879.319,1506.472,,,,1.000,1,0,10,0,0,0,0,12.168,9.661,0.405,
20,155,-10,0,0.000,1879.319,1506.472,,,,0.000,0,0,0,0,0,0,10,9.769,12.124,0.694,
20,155,-5,0,0.000,1879.319,1506.472,,,,0.000,0,0,0,0,0,0,10,13.025,11.093,0.676,
20,155,0,0,0.000,1879.319,1506.472,,,,0.000,0,0,0,0,0,0,10,9.852,11.830,0.615,
20,155,5,0,0.000,1879.319,1506.472,,,,0.000,0,0,0,0,0,0,10,12.790,11.762,0.575,
20,155,10,0,0.000,1879.319,1506.472,,,,0.000,0,0,0,0,0,0,10,9.851,12.089,0.573,
20,155,15,0,0.000,1879.319,1506.472,,,,0.000,0,0,0,0,0,0,10,5.773,11.747,0.523,
20,155,20,0,0.000,1879.319,1506.472,,,,0.000,0,0,0,0,0,0,10,8.315,6.603,0.609,
20,155,25,0,0.000,1879.319,1506.472,,,,0.000,0,0,0,0,0,0,10,12.660,8.864,0.496,
20,155,30,0,0.000,1879.319,1506.472,,,,0.000,0,0,0,0,0,0,10,14.075,13.076,0.649,
20,155,35,0,0.000,1879.319,1506.472,,,,0.200,1,0,2,0,0,0,8,9.560,13.994,0.551,
20,155,40,0,0.000,1879.319,1506.472,,,,0.000,0,0,0,0,0,0,10,6.685,8.078,0.579,
20,155,45,0,0.000,1879.319,1506.472,,,,0.400,1,0,4,0,0,0,6,10.476,12.060,0.496,
20,155,50,0,0.000,1879.319,1506.472,,,,0.200,1,0,2,0,0,0,8,11.493,9.205,0.641,
20,155,55,0,0.000,1879.319,1506.472,,,,0.500,1,0,5,0,0,0,5,11.362,12.769,0.690,
20,155,60,0,0.000,1879.319,1506.472,,,,0.800,1,0,8,0,0,0,2,9.510,7.678,0.441,
20,155,65,0,0.000,1879.319,1506.472,,,,0.600,1,0,6,0,0,0,4,9.269,12.641,0.457,
20,155,70,0,0.000,1879.319,1506.472,,,,1.000,1,0,10,0,0,0,0,10.729,8.529,0.577,
20,155,75,0,0.000,1879.319,1506.472,,,,1.000,1,0,10,0,0,0,0,12.345,11.576,0.594,
20,155,80,0,0.000,1879.319,1506.472,,,,1.000,1,0,10,0,0,0,0,13.349,10.636,0.401,
20,155,85,0,0.000,1879.319,1506.472,,,,1.000,1,0,10,0,0,0,0,12.162,10.447,0.688,
20,155,90,0,0.000,1879.319,1506.472,,,,1.000,1,0,10,0,0,0,0,11.566,9.656,0.394,
20,155,95,0,0.000,1879.319,1506.472,,,,1.000,1,0,10,0,0,0,0,12.128,10.690,0.455,
20,155,100,0,0.000,1879.319,1506.472,,,,1.000,1,0,10,0,0,0,0,8.887,11.464,0.486,
20,155,105,0,0.000,1879.319,1506.472,,,,1.000,1,0,10,0,0,0,0,10.129,7.276,0.596,
20,155,110,0,0.000,1879.319,1506.472,,,,1.000,1,0,10,0,0,0,0,9.982,13.158,0.686,
20,155,115,0,0.000,1879.319,1506.472,,,,1.000,1,0,10,0,0,0,0,7.684,9.636,0.409,
20,155,120,0,0.000,1879.319,1506.472,,,,1.000,1,0,10,0,0,0,0,10.453,9.740,0.765,
20,155,125,0,0.000,1879.319,1506.472,,,,1.000,1,0,10,0,0,0,0,7.231,10.489,0.586,
20,155,130,0,0.000,1879.319,1506.472,,,,1.000,1,0,10,0,0,0,0,8.939,12.042,0.443,
20,155,135,0,0.000,1879.319,1506.472,,,,1.000,1,0,10,0,0,0,0,8.272,7.347,0.549,
20,155,140,0,0.000,1879.319,1506.472,,,,1.000,1,0,10,0,0,0,0,8.878,9.260,0.536,
20,155,145,0,0.000,1879.319,1506.472,,,,1.000,1,0,10,0,0,0,0,13.133,8.679,0.438,
20,155,150,0,0.000,1879.319,1506.472,,,,1.000,1,0,10,0,0,0,0,11.647,11.598,0.617,
20,155,155,0,0.000,1879.319,1506.472,,,,1.000,1,0,10,0,0,0,0,10.946,9.981,0.538,
20,155,160,0,0.000,1879.319,1506.472,,,,1.000,1,0,10,0,0,0,0,8.606,12.149,0.625,
20,155,165,0,0.000,1879.319,1506.472,,,,1.000,1,0,10,0,0,0,0,8.513,12.122,0.397,
20,155,170,0,0.000,1879.319,1506.472,,,,1.000,1,0,10,0,0,0,0,15.469,10.675,0.541,
20,155,175,0,0.000,1879.319,1506.472,,,,1.000,1,0,10,0,0,0,0,10.416,8.947,0.370,
20,155,180,0,0.000,1879.319,1506.472,,,,1.000,1,0,10,0,0,0,0,10.301,11.742,0.478,
20,155,185,0,0.000,1879.319,1506.472,,,,1.000,1,0,10,0,0,0,0,10.547,8.580,0.483,
20,155,190,0,0.000,1879.319,1506.472,,,,1.000,1,0,10,0,0,0,0,11.546,10.291,0.546,
20,155,195,0,0.000,1879.319,1506.472,,,,1.000,1,0,10,0,0,0,0,13.819,10.385,0.536,
20,155,200,0,0.000,1879.319,1506.472,,,,1.000,1,0,10,0,0,0,0,15.320,9.149,0.372,
20,155,205,0,0.000,1879.319,1506.472,,,,1.000,1,0,10,0,0,0,0,9.176,10.883,0.569,
20,155,210,0,0.000,1879.319,1506.472,,,,1.000,1,0,10,0,0,0,0,11.426,9.935,0.699,
20,155,215,0,0.000,1879.319,1506.472,,,,1.000,1,0,10,0,0,0,0,11.557,11.231,0.520,
20,155,220,0,0.000,1879.319,1506.472,,,,1.000,1,0,10,0,0,0,0,14.188,10.033,0.484,
20,155,225,0,0.000,1879.319,1506.472,,,,1.000,1,0,10,0,0,0,0,13.023,9.905,0.540,
20,155,230,0,0.000,1879.319,1506.472,,,,1.000,1,0,10,0,0,0,0,11.270,12.297,0.501,
20,155,235,0,0.000,1879.319,1506.472,,,,1.000,1,0,10,0,0,0,0,8.994,9.465,0.485,
20,155,240,0,0.000,1879.319,1506.472,,,,1.000,1,0,10,0,0,0,0,9.652,11.390,0.547,
20,155,245,0,0.000,1879.319,1506.472,,,,1.000,1,0,10,0,0,0,0,12.140,5.839,0.447,
20,155,250,0,0.000,1879.319,1506.472,,,,1.000,1,0,10,0,0,0,0,10.967,14.584,0.640,
20,155,255,0,0.000,1879.319,1506.472,,,,1.000,1,0,10,0,0,0,0,10.614,8.837,0.590,
20,155,260,0,0.000,1879.319,1506.472,,,,1.000,1,0,10,0,0,0,0,10.358,10.113,0.577,
20,155,265,0,0.000,1879.319,1506.472,,,,1.000,1,0,10,0,0,0,0,9.020,9.795,0.473,
20,155,270,0,0.000,1879.319,1506.472,,,,1.000,1,0,10,0,0,0,0,8.661,8.552,0.522,
20,155,275,0,0.000,1879.319,1506.472,,,,1.000,1,0,10,0,0,0,0,10.302,7.448,0.492,
20,155,280,0,0.000,1879.319,1506.472,,,,1.000,1,0,10,0,0,0,0,10.581,12.394,0.642,
20,155,285,0,0.000,1879.319,1506.472,,,,1.000,1,0,10,0,0,0,0,6.825,10.426,0.701,
20,160,-10,0,0.000,1879.319,1506.472,,,,0.000,0,0,0,0,0,0,10,11.171,11.015,0.623,
20,160,-5,0,0.000,1879.319,1506.472,,,,0.000,0,0,0,0,0,0,10,10.247,9.759,0.652,
20,160,0,0,0.000,1879.319,1506.472,,,,0.000,0,0,0,0,0,0,10,11.908,10.581,0.508,
20,160,5,0,0.000,1879.319,1506.472,,,,0.000,0,0,0,0,0,0,10,12.460,5.981,0.523,
20,160,10,0,0.000,1879.319,1506.472,,,,0.000,0,0,0,0,0,0,10,12.080,12.931,0.530,
20,160,15,0,0.000,1879.319,1506.472,,,,0.000,0,0,0,0,0,0,10,10.800,11.783,0.434,
20,160,20,0,0.000,1879.319,1506.472,,,,0.000,0,0,0,0,0,0,10,9.832,8.345,0.458,
20,160,25,0,0.000,1879.319,1506.472,,,,0.000,0,0,0,0,0,0,10,10.370,10.252,0.558,
20,160,30,0,0.000,1879.319,1506.472,,,,0.000,0,0,0,0,0,0,10,9.366,12.197,0.525,
20,160,35,0,0.000,1879.319,1506.472,,,,0.000,0,0,0,0,0,0,10,8.791,9.058,0.365,
20,160,40,0,0.000,1879.319,1506.472,,,,0.100,1,0,1,0,0,0,9,11.269,11.890,0.709,
20,160,45,0,0.000,1879.319,1506.472,,,,0.000,0,0,0,0,0,0,10,10.751,7.397,0.634,
20,160,50,0,0.000,1879.319,1506.472,,,,0.200,1,0,2,0,0,0,8,11.098,10.321,0.496,
20,160,55,0,0.000,1879.319,1506.472,,,,0.500,1,0,5,0,0,0,5,10.623,11.331,0.540,
20,160,60,0,0.000,1879.319,1506.472,,,,0.400,1,0,4,0,0,0,6,10.637,11.076,0.571,
20,160,65,0,0.000,1879.319,1506.472,,,,0.900,1,0,9,0,0,0,1,10.080,10.854,0.627,
20,160,70,0,0.000,1879.319,1506.472,,,,0.600,1,0,6,0,0,0,4,8.881,12.184,0.465,
20,160,75,0,0.000,1879.319,1506.472,,,,1.000,1,0,10,0,0,0,0,9.988,11.480,0.482,
20,160,80,0,0.000,1879.319,1506.472,,,,0.900,1,0,9,0,0,0,1,10.804,12.049,0.612,
20,160,85,0,0.000,1879.319,1506.472,,,,1.000,1,0,10,0,0,0,0,8.512,10.415,0.489,
20,160,90,0,0.000,1879.319,1506.472,,,,1.000,1,0,10,0,0,0,0,12.817,11.443,0.706,
20,160,95,0,0.000,1879.319,1506.472,,,,1.000,1,0,10,0,0,0,0,12.071,12.046,0.633,
20,160,100,0,0.000,1879.319,1506.472,,,,1.000,1,0,10,0,0,0,0,10.206,11.616,0.567,
20,160,105,0,0.000,1879.319,1506.472,,,,1.000,1,0,10,0,0,0,0,11.638,7.911,0.664,
20,160,110,0,0.000,1879.319,1506.472,,,,1.000,1,0,10,0,0,0,0,13.688,12.225,0.431,
20,160,115,0,0.000,1879.319,1506.472,,,,1.000,1,0,10,0,0,0,0,15.148,10.344,0.565,
20,160,120,0,0.000,1879.319,1506.472,,,,1.000,1,0,10,0,0,0,0,13.578,10.952,0.604,
20,160,125,0,0.000,1879.319,1506.472,,,,1.000,1,0,10,0,0,0,0,12.709,7.630,0.598,
20,160,130,0,0.000,1879.319,1506.472,,,,1.000,1,0,10,0,0,0,0,11.847,10.671,0.519,
20,160,135,0,0.000,1879.319,1506.472,,,,1.000,1,0,10,0,0,0,0,11.199,11.591,0.678,
20,160,140,0,0.000,1879.319,1506.472,,,,1.000,1,0,10,0,0,0,0,10.058,9.859,0.617,
20,160,145,0,0.000,1879.319,1506.472,,,,1.000,1,0,10,0,0,0,0,13.266,8.421,0.491,
20,160,150,0,0.000,1879.319,1506.472,,,,1.000,1,0,10,0,0,0,0,11.116,10.080,0.519,
20,160,155,0,0.000,1879.319,1506.472,,,,1.000,1,0,10,0,0,0,0,8.442,14.144,0.601,
20,160,160,0,0.000,1879.319,1506.472,,,,1.000,1,0,10,0,0,0,0,8.330,11.166,0.666,
20,160,165,0,0.000,1879.319,1506.472,,,,1.000,1,0,10,0,0,0,0,11.266,8.091,0.602,
20,160,170,0,0.000,1879.319,1506.472,,,,1.000,1,0,10,0,0,0,0,10.091,9.396,0.575,
20,160,175,0,0.000,1879.319,1506.472,,,,1.000,1,0,10,0,0,0,0,8.424,7.842,0.671,
20,160,180,0,0.000,1879.319,1506.472,,,,1.000,1,0,10,0,0,0,0,9.672,13.050,0.462,
20,160,185,0,0.000,1879.319,1506.472,,,,1.000,1,0,10,0,0,0,0,10.226,8.591,0.578,
20,160,190,0,0.000,1879.319,1506.472,,,,1.000,1,0,10,0,0,0,0,12.608,10.834,0.388,
20,160,195,0,0.000,1879.319,1506.472,,,,1.000,1,0,10,0,0,0,0,8.491,12.466,0.730,
20,160,200,0,0.000,1879.319,1506.472,,,,1.000,1,0,10,0,0,0,0,10.939,11.964,0.534,
20,160,205,0,0.000,1879.319,1506.472,,,,1.000,1,0,10,0,0,0,0,14.481,10.865,0.397,
20,160,210,0,0.000,1879.319,1506.472,,,,1.000,1,0,10,0,0,0,0,15.119,8.327,0.483,
20,160,215,0,0.000,1879.319,1506.472,,,,1.000,1,0,10,0,0,0,0,12.791,10.320,0.618,
20,160,220,0,0.000,1879.319,1506.472,,,,1.000,1,0,10,0,0,0,0,11.995,10.484,0.544,
20,160,225,0,0.000,1879.319,1506.472,,,,1.000,1,0,10,0,0,0,0,8.213,9.092,0.505,
20,160,230,0,0.000,1879.319,1506.472,,,,1.000,1,0,10,0,0,0,0,12.330,11.507,0.503,
20,160,235,0,0.000,1879.319,1506.472,,,,1.000,1,0,10,0,0,0,0,12.020,8.872,0.595,
20,160,240,0,0.000,1879.319,1506.472,,,,1.000,1,0,10,0,0,0,0,12.820,10.694,0.546,
20,160,245,0,0.000,1879.319,1506.472,,,,1.000,1,0,10,0,0,0,0,12.388,11.641,0.512,
20,160,250,0,0.000,1879.319,1506.472,,,,1.000,1,0,10,0,0,0,0,7.028,8.210,0.567,
20,160,255,0,0.000,1879.319,1506.472,,,,1.000,1,0,10,0,0,0,0,11.339,9.942,0.520,
20,160,260,0,0.000,1879.319,1506.472,,,,1.000,1,0,10,0,0,0,0,11.658,9.926,0.581,
20,160,265,0,0.000,1879.319,1506.472,,,,1.000,1,0,10,0,0,0,0,14.318,10.454,0.645,
20,160,270,0,0.000,1879.319,1506.472,,,,1.000,1,0,10,0,0,0,0,7.790,8.328,0.725,
20,160,275,0,0.000,1879.319,1506.472,,,,1.000,1,0,10,0,0,0,0,12.742,12.400,0.584,
20,160,280,0,0.000,1879.319,1506.472,,,,1.000,1,0,10,0,0,0,0,11.566,11.671,0.611,
20,160,285,0,0.000,1879.319,1506.472,,,,1.000,1,0,10,0,0,0,0,11.310,12.187,0.590,
20,165,-10,0,0.000,1879.319,1506.472,,,,0.000,0,0,0,0,0,0,10,7.873,11.526,0.526,
20,165,-5,0,0.000,1879.319,1506.472,,,,0.000,0,0,0,0,0,0,10,9.815,9.101,0.429,
20,165,0,0,0.000,1879.319,1506.472,,,,0.000,0,0,0,0,0,0,10,12.244,10.205,0.654,
20,165,5,0,0.000,1879.319,1506.472,,,,0.000,0,0,0,0,0,0,10,7.796,7.900,0.618,
20,165,10,0,0.000,1879.319,1506.472,,,,0.000,0,0,0,0,0,0,10,12.087,11.555,0.510,
20,165,15,0,0.000,1879.319,1506.472,,,,0.000,0,0,0,0,0,0,10,10.474,11.969,0.522,
20,165,20,0,0.000,1879.319,1506.472,,,,0.000,0,0,0,0,0,0,10,12.882,9.061,0.634,
20,165,25,0,0.000,1879.319,1506.472,,,,0.000,0,0,0,0,0,0,10,11.956,10.342,0.495,
20,165,30,0,0.000,1879.319,1506.472,,,,0.000,0,0,0,0,0,0,10,11.115,11.937,0.628,
20,165,35,0,0.000,1879.319,1506.472,,,,0.000,0,0,0,0,0,0,10,10.362,11.832,0.547,
20,165,40,0,0.000,1879.319,1506.472,,,,0.000,0,0,0,0,0,0,10,15.422,10.640,0.541,
20,165,45,0,0.000,1879.319,1506.472,,,,0.000,0,0,0,0,0,0,10,11.149,10.732,0.609,
20,165,50,0,0.000,1879.319,1506.472,,,,0.100,1,0,1,0,0,0,9,11.887,11.371,0.608,
20,165,55,0,0.000,1879.319,1506.472,,,,0.100,1,0,1,0,0,0,9,10.979,9.915,0.677,
20,165,60,0,0.000,1879.319,1506.472,,,,0.400,1,0,4,0,0,0,6,10.515,14.146,0.621,
20,165,65,0,0.000,1879.319,1506.472,,,,0.400,1,0,4,0,0,0,6,12.636,10.786,0.471,
20,165,70,0,0.000,1879.319,1506.472,,,,0.500,1,0,5,0,0,0,5,13.128,13.141,0.508,
20,165,75,0,0.000,1879.319,1506.472,,,,0.900,1,0,9,0,0,0,1,13.355,9.902,0.584,
20,165,80,0,0.000,1879.319,1506.472,,,,1.000,1,0,10,0,0,0,0,12.682,13.280,0.502,
20,165,85,0,0.000,1879.319,1506.472,,,,1.000,1,0,10,0,0,0,0,11.447,12.783,0.566,
20,165,90,0,0.000,1879.319,1506.472,,,,1.000,1,0,10,0,0,0,0,11.302,8.204,0.551,
20,165,95,0,0.000,1879.319,1506.472,,,,1.000,1,0,10,0,0,0,0,13.266,9.385,0.683,
20,165,100,0,0.000,1879.319,1506.472,,,,1.000,1,0,10,0,0,0,0,11.735,10.225,0.537,
20,165,105,0,0.000,1879.319,1506.472,,,,1.000,1,0,10,0,0,0,0,12.914,11.104,0.528,
20,165,110,0,0.000,1879.319,1506.472,,,,1.000,1,0,10,0,0,0,0,7.864,11.009,0.579,
20,165,115,0,0.000,1879.319,1506.472,,,,1.000,1,0,10,0,0,0,0,11.966,8.067,0.501,
20,165,120,0,0.000,1879.319,1506.472,,,,1.000,1,0,10,0,0,0,0,10.608,9.864,0.698,
20,165,125,0,0.000,1879.319,1506.472,,,,1.000,1,0,10,0,0,0,0,12.461,7.305,0.518,
20,165,130,0,0.000,1879.319,1506.472,,,,1.000,1,0,10,0,0,0,0,10.200,9.646,0.546,
20,165,135,0,0.000,1879.319,1506.472,,,,1.000,1,0,10,0,0,0,0,14.208,9.846,0.695,
20,165,140,0,0.000,1879.319,1506.472,,,,1.000,1,0,10,0,0,0,0,11.493,11.682,0.668,
20,165,145,0,0.000,1879.319,1506.472,,,,1.000,1,0,10,0,0,0,0,12.205,13.576,0.623,
20,165,150,0,0.000,1879.319,1506.472,,,,1.000,1,0,10,0,0,0,0,7.227,14.777,0.582,
20,165,155,0,0.000,1879.319,1506.472,,,,1.000,1,0,10,0,0,0,0,12.975,12.664,0.632,
20,165,160,0,0.000,1879.319,1506.472,,,,1.000,1,0,10,0,0,0,0,10.952,10.148,0.614,
20,165,165,0,0.000,1879.319,1506.472,,,,1.000,1,0,10,0,0,0,0,10.020,13.009,0.502,
20,165,170,0,0.000,1879.319,1506.472,,,,1.000,1,0,10,0,0,0,0,10.254,8.950,0.430,
20,165,175,0,0.000,1879.319,1506.472,,,,1.000,1,0,10,0,0,0,0,8.643,11.362,0.689,
20,165,180,0,0.000,1879.319,1506.472,,,,1.000,1,0,10,0,0,0,0,9.486,11.801,0.452,
20,165,185,0,0.000,1879.319,1506.472,,,,1.000,1,0,10,0,0,0,0,12.600,11.762,0.510,
20,165,190,0,0.000,1879.319,1506.472,,,,1.000,1,0,10,0,0,0,0,8.154,10.690,0.591,
20,165,195,0,0.000,1879.319,1506.472,,,,1.000,1,0,10,0,0,0,0,13.399,9.385,0.522,
20,165,200,0,0.000,1879.319,1506.472,,,,1.000,1,0,10,0,0,0,0,10.755,11.321,0.715,
20,165,205,0,0.000,1879.319,1506.472,,,,1.000,1,0,10,0,0,0,0,13.448,9.360,0.551,
20,165,210,0,0.000,1879.319,1506.472,,,,1.000,1,0,10,0,0,0,0,10.595,6.451,0.403,
20,165,215,0,0.000,1879.319,1506.472,,,,1.000,1,0,10,0,0,0,0,8.808,11.256,0.456,
20,165,220,0,0.000,1879.319,1506.472,,,,1.000,1,0,10,0,0,0,0,6.103,11.203,0.470,
20,165,225,0,0.000,1879.319,1506.472,,,,1.000,1,0,10,0,0,0,0,10.629,12.356,0.409,
20,165,230,0,0.000,1879.319,1506.472,,,,1.000,1,0,10,0,0,0,0,13.126,12.878,0.685,
20,165,235,0,0.000,1879.319,1506.472,,,,1.000,1,0,10,0,0,0,0,9.639,10.159,0.378,
20,165,240,0,0.000,1879.319,1506.472,,,,1.000,1,0,10,0,0,0,0,10.837,11.672,0.524,
20,165,245,0,0.000,1879.319,1506.472,,,,1.000,1,0,10,0,0,0,0,10.734,8.688,0.493,
20,165,250,0,0.000,1879.319,1506.472,,,,1.000,1,0,10,0,0,0,0,10.524,11.408,0.520,
20,165,255,0,0.000,1879.319,1506.472,,,,1.000,1,0,10,0,0,0,0,11.994,9.739,0.578,
20,165,260,0,0.000,1879.319,1506.472,,,,1.000,1,0,10,0,0,0,0,13.276,12.356,0.750,
20,165,265,0,0.000,1879.319,1506.472,,,,1.000,1,0,10,0,0,0,0,12.051,11.276,0.569,
20,165,270,0,0.000,1879.319,1506.472,,,,1.000,1,0,10,0,0,0,0,12.662,8.950,0.682,
20,165,275,0,0.000,1879.319,1506.472,,,,1.000,1,0,10,0,0,0,0,10.391,14.548,0.513,
20,165,280,0,0.000,1879.319,1506.472,,,,1.000,1,0,10,0,0,0,0,9.647,9.122,0.471,
20,165,285,0,0.000,1879.319,1506.472,,,,1.000,1,0,10,0,0,0,0,9.894,10.974,0.580,
20,170,-10,0,0.000,1879.319,1506.472,,,,0.000,0,0,0,0,0,0,10,9.945,11.177,0.575,
20,170,-5,0,0.000,1879.319,1506.472,,,,0.000,0,0,0,0,0,0,10,10.326,11.122,0.585,
20,170,0,0,0.000,1879.319,1506.472,,,,0.000,0,0,0,0,0,0,10,10.142,14.640,0.590,
20,170,5,0,0.000,1879.319,1506.472,,,,0.000,0,0,0,0,0,0,10,12.266,12.433,0.537,
20,170,10,0,0.000,1879.319,1506.472,,,,0.000,0,0,0,0,0,0,10,7.148,8.420,0.599,
20,170,15,0,0.000,1879.319,1506.472,,,,0.000,0,0,0,0,0,0,10,8.990,11.070,0.365,
20,170,20,0,0.000,1879.319,1506.472,,,,0.000,0,0,0,0,0,0,10,9.119,12.890,0.518,
20,170,25,0,0.000,1879.319,1506.472,,,,0.000,0,0,0,0,0,0,10,9.528,11.986,0.460,
20,170,30,0,0.000,1879.319,1506.472,,,,0.000,0,0,0,0,0,0,10,13.629,9.736,0.646,
20,170,35,0,0.000,1879.319,1506.472,,,,0.000,0,0,0,0,0,0,10,14.403,9.544,0.606,
20,170,40,0,0.000,1879.319,1506.472,,,,0.000,0,0,0,0,0,0,10,13.112,12.122,0.607,
20,170,45,0,0.000,1879.319,1506.472,,,,0.100,1,0,1,0,0,0,9,12.289,11.444,0.570,
20,170,50,0,0.000,1879.319,1506.472,,,,0.200,1,0,2,0,0,0,8,11.977,15.074,0.446,
20,170,55,0,0.000,1879.319,1506.472,,,,0.400,1,0,4,0,0,0,6,11.623,11.145,0.524,
20,170,60,0,0.000,1879.319,1506.472,,,,0.300,1,0,3,0,0,0,7,9.314,10.618,0.527,
20,170,65,0,0.000,1879.319,1506.472,,,,0.700,1,0,7,0,0,0,3,11.330,10.371,0.549,
20,170,70,0,0.000,1879.319,1506.472,,,,0.800,1,0,8,0,0,0,2,8.278,11.707,0.363,
20,170,75,0,0.000,1879.319,1506.472,,,,0.800,1,0,8,0,0,0,2,8.699,12.709,0.501,
20,170,80,0,0.000,1879.319,1506.472,,,,1.000,1,0,10,0,0,0,0,16.415,10.936,0.590,
20,170,85,0,0.000,1879.319,1506.472,,,,1.000,1,0,10,0,0,0,0,10.664,10.603,0.578,
20,170,90,0,0.000,1879.319,1506.472,,,,1.000,1,0,10,0,0,0,0,10.902,11.009,0.370,
20,170,95,0,0.000,1879.319,1506.472,,,,1.000,1,0,10,0,0,0,0,13.081,10.063,0.619,
20,170,100,0,0.000,1879.319,1506.472,,,,1.000,1,0,10,0,0,0,0,9.022,10.131,0.424,
20,170,105,0,0.000,1879.319,1506.472,,,,1.000,1,0,10,0,0,0,0,8.114,11.636,0.737,
20,170,110,0,0.000,1879.319,1506.472,,,,1.000,1,0,10,0,0,0,0,7.472,12.862,0.422,
20,170,115,0,0.000,1879.319,1506.472,,,,1.000,1,0,10,0,0,0,0,14.625,11.539,0.620,
20,170,120,0,0.000,1879.319,1506.472,,,,1.000,1,0,10,0,0,0,0,10.677,9.806,0.455,
20,170,125,0,0.000,1879.319,1506.472,,,,1.000,1,0,10,0,0,0,0,11.695,10.894,0.465,
20,170,130,0,0.000,1879.319,1506.472,,,,1.000,1,0,10,0,0,0,0,12.434,7.675,0.474,
20,170,135,0,0.000,1879.319,1506.472,,,,1.000,1,0,10,0,0,0,0,10.802,14.271,0.567,
20,170,140,0,0.000,1879.319,1506.472,,,,1.000,1,0,10,0,0,0,0,13.070,13.933,0.354,
20,170,145,0,0.000,1879.319,1506.472,,,,1.000,1,0,10,0,0,0,0,12.037,11.970,0.536,
20,170,150,0,0.000,1879.319,1506.472,,,,1.000,1,0,10,0,0,0,0,12.153,11.924,0.617,
20,170,155,0,0.000,1879.319,1506.472,,,,1.000,1,0,10,0,0,0,0,11.165,10.012,0.613,
20,170,160,0,0.000,1879.319,1506.472,,,,1.000,1,0,10,0,0,0,0,11.594,12.375,0.429,
20,170,165,0,0.000,1879.319,1506.472,,,,1.000,1,0,10,0,0,0,0,10.192,11.887,0.608,
20,170,170,0,0.000,1879.319,1506.472,,,,1.000,1,0,10,0,0,0,0,5.700,11.224,0.442,
20,170,175,0,0.000,1879.319,1506.472,,,,1.000,1,0,10,0,0,0,0,12.425,11.724,0.501,
20,170,180,0,0.000,1879.319,1506.472,,,,1.000,1,0,10,0,0,0,0,11.834,9.989,0.576,
20,170,185,0,0.000,1879.319,1506.472,,,,1.000,1,0,10,0,0,0,0,9.117,11.181,0.471,
20,170,190,0,0.000,1879.319,1506.472,,,,1.000,1,0,10,0,0,0,0,8.376,8.924,0.596,
20,170,195,0,0.000,1879.319,1506.472,,,,1.000,1,0,10,0,0,0,0,10.403,10.896,0.514,
20,170,200,0,0.000,1879.319,1506.472,,,,1.000,1,0,10,0,0,0,0,10.130,11.290,0.619,
20,170,205,0,0.000,1879.319,1506.472,,,,1.000,1,0,10,0,0,0,0,10.732,10.757,0.385,
20,170,210,0,0.000,1879.319,1506.472,,,,1.000,1,0,10,0,0,0,0,9.901,11.566,0.523,
20,170,215,0,0.000,1879.319,1506.472,,,,1.000,1,0,10,0,0,0,0,11.648,12.354,0.460,
20,170,220,0,0.000,1879.319,1506.472,,,,1.000,1,0,10,0,0,0,0,10.232,9.289,0.553,
20,170,225,0,0.000,1879.319,1506.472,,,,1.000,1,0,10,0,0,0,0,13.709,11.284,0.418,
20,170,230,0,0.000,1879.319,1506.472,,,,1.000,1,0,10,0,0,0,0,8.051,7.796,0.549,
20,170,235,0,0.000,1879.319,1506.472,,,,1.000,1,0,10,0,0,0,0,10.160,14.193,0.499,
20,170,240,0,0.000,1879.319,1506.472,,,,1.000,1,0,10,0,0,0,0,10.466,10.717,0.613,
20,170,245,0,0.000,1879.319,1506.472,,,,1.000,1,0,10,0,0,0,0,11.813,11.032,0.539,
20,170,250,0,0.000,1879.319,1506.472,,,,1.000,1,0,10,0,0,0,0,12.855,10.945,0.562,
20,170,255,0,0.000,1879.319,1506.472,,,,1.000,1,0,10,0,0,0,0,8.609,9.387,0.384,
20,170,260,0,0.000,1879.319,1506.472,,,,1.000,1,0,10,0,0,0,0,9.737,12.422,0.567,
20,170,265,0,0.000,1879.319,1506.472,,,,1.000,1,0,10,0,0,0,0,11.461,14.308,0.501,
20,170,270,0,0.000,1879.319,1506.472,,,,1.000,1,0,10,0,0,0,0,9.633,14.499,0.311,
20,170,275,0,0.000,1879.319,1506.472,,,,1.000,1,0,10,0,0,0,0,10.671,10.028,0.582,
20,170,280,0,0.000,1879.319,1506.472,,,,1.000,1,0,10,0,0,0,0,10.453,11.471,0.544,
20,170,285,0,0.000,1879.319,1506.472,,,,1.000,1,0,10,0,0,0,0,9.275,9.317,0.611,
20,175,-10,0,0.000,1879.319,1506.472,,,,0.000,0,0,0,0,0,0,10,9.818,6.668,0.355,
20,175,-5,0,0.000,1879.319,1506.472,,,,0.000,0,0,0,0,0,0,10,9.676,9.125,0.646,
20,175,0,0,0.000,1879.319,1506.472,,,,0.000,0,0,0,0,0,0,10,11.513,15.045,0.497,
20,175,5,0,0.000,1879.319,1506.472,,,,0.000,0,0,0,0,0,0,10,8.578,10.437,0.415,
20,175,10,0,0.000,1879.319,1506.472,,,,0.000,0,0,0,0,0,0,10,13.672,11.365,0.696,
20,175,15,0,0.000,1879.319,1506.472,,,,0.000,0,0,0,0,0,0,10,9.252,11.196,0.452,
20,175,20,0,0.000,1879.319,1506.472,,,,0.000,0,0,0,0,0,0,10,8.792,11.184,0.612,
20,175,25,0,0.000,1879.319,1506.472,,,,0.000,0,0,0,0,0,0,10,9.616,11.341,0.713,
20,175,30,0,0.000,1879.319,1506.472,,,,0.000,0,0,0,0,0,0,10,8.987,11.740,0.415,
20,175,35,0,0.000,1879.319,1506.472,,,,0.000,0,0,0,0,0,0,10,11.834,9.634,0.479,
20,175,40,0,0.000,1879.319,1506.472,,,,0.000,0,0,0,0,0,0,10,9.261,8.234,0.619,
20,175,45,0,0.000,1879.319,1506.472,,,,0.100,1,0,1,0,0,0,9,11.935,9.282,0.464,
20,175,50,0,0.000,1879.319,1506.472,,,,0.000,0,0,0,0,0,0,10,7.945,9.471,0.739,
20,175,55,0,0.000,1879.319,1506.472,,,,0.500,1,0,5,0,0,0,5,9.455,7.731,0.511,
20,175,60,0,0.000,1879.319,1506.472,,,,0.400,1,0,4,0,0,0,6,8.037,9.934,0.558,
20,175,65,0,0.000,1879.319,1506.472,,,,0.300,1,0,3,0,0,0,7,9.416,7.308,0.631,
20,175,70,0,0.000,1879.319,1506.472,,,,0.400,1,0,4,0,0,0,6,11.979,14.079,0.603,
20,175,75,0,0.000,1879.319,1506.472,,,,0.900,1,0,9,0,0,0,1,11.937,7.645,0.571,
20,175,80,0,0.000,1879.319,1506.472,,,,0.900,1,0,9,0,0,0,1,10.500,8.106,0.528,
20,175,85,0,0.000,1879.319,1506.472,,,,1.000,1,0,10,0,0,0,0,9.033,11.444,0.651,
20,175,90,0,0.000,1879.319,1506.472,,,,1.000,1,0,10,0,0,0,0,11.914,11.890,0.632,
20,175,95,0,0.000,1879.319,1506.472,,,,1.000,1,0,10,0,0,0,0,6.861,11.071,0.498,
20,175,100,0,0.000,1879.319,1506.472,,,,1.000,1,0,10,0,0,0,0,11.691,13.830,0.488,
20,175,105,0,0.000,1879.319,1506.472,,,,1.000,1,0,10,0,0,0,0,11.025,11.087,0.374,
20,175,110,0,0.000,1879.319,1506.472,,,,1.000,1,0,10,0,0,0,0,9.061,9.135,0.589,
20,175,115,0,0.000,1879.319,1506.472,,,,1.000,1,0,10,0,0,0,0,11.923,8.929,0.644,
20,175,120,0,0.000,1879.319,1506.472,,,,1.000,1,0,10,0,0,0,0,11.821,13.808,0.384,
20,175,125,0,0.000,1879.319,1506.472,,,,1.000,1,0,10,0,0,0,0,11.621,11.951,0.542,
20,175,130,0,0.000,1879.319,1506.472,,,,1.000,1,0,10,0,0,0,0,9.209,10.672,0.543,
20,175,135,0,0.000,1879.319,1506.472,,,,1.000,1,0,10,0,0,0,0,12.277,10.161,0.473,
20,175,140,0,0.000,1879.319,1506.472,,,,1.000,1,0,10,0,0,0,0,12.110,9.773,0.448,
20,175,145,0,0.000,1879.319,1506.472,,,,1.000,1,0,10,0,0,0,0,8.787,11.014,0.586,
20,175,150,0,0.000,1879.319,1506.472,,,,1.000,1,0,10,0,0,0,0,12.418,8.207,0.591,
20,175,155,0,0.000,1879.319,1506.472,,,,1.000,1,0,10,0,0,0,0,13.377,12.560,0.648,
20,175,160,0,0.000,1879.319,1506.472,,,,1.000,1,0,10,0,0,0,0,12.151,11.221,0.675,
20,175,165,0,0.000,1879.319,1506.472,,,,1.000,1,0,10,0,0,0,0,11.221,6.734,0.664,
20,175,170,0,0.000,1879.319,1506.472,,,,1.000,1,0,10,0,0,0,0,8.710,11.666,0.685,
20,175,175,0,0.000,1879.319,1506.472,,,,1.000,1,0,10,0,0,0,0,10.498,9.545,0.482,
20,175,180,0,0.000,1879.319,1506.472,,,,1.000,1,0,10,0,0,0,0,9.745,10.595,0.608,
20,175,185,0,0.000,1879.319,1506.472,,,,1.000,1,0,10,0,0,0,0,9.889,9.605,0.492,
20,175,190,0,0.000,1879.319,1506.472,,,,1.000,1,0,10,0,0,0,0,12.819,9.811,0.560,
20,175,195,0,0.000,1879.319,1506.472,,,,1.000,1,0,10,0,0,0,0,9.957,9.281,0.483,
20,175,200,0,0.000,1879.319,1506.472,,,,1.000,1,0,10,0,0,0,0,10.677,11.428,0.542,
20,175,205,0,0.000,1879.319,1506.472,,,,1.000,1,0,10,0,0,0,0,13.641,12.001,0.299,
20,175,210,0,0.000,1879.319,1506.472,,,,1.000,1,0,10,0,0,0,0,8.146,12.649,0.488,
20,175,215,0,0.000,1879.319,1506.472,,,,1.000,1,0,10,0,0,0,0,12.545,11.596,0.341,
20,175,220,0,0.000,1879.319,1506.472,,,,1.000,1,0,10,0,0,0,0,9.457,13.050,0.547,
20,175,225,0,0.000,1879.319,1506.472,,,,1.000,1,0,10,0,0,0,0,10.798,12.582,0.584,
20,175,230,0,0.000,1879.319,1506.472,,,,1.000,1,0,10,0,0,0,0,11.734,9.371,0.452,
20,175,235,0,0.000,1879.319,1506.472,,,,1.000,1,0,10,0,0,0,0,10.129,10.280,0.629,
20,175,240,0,0.000,1879.319,1506.472,,,,1.000,1,0,10,0,0,0,0,9.987,11.646,0.488,
20,175,245,0,0.000,1879.319,1506.472,,,,1.000,1,0,10,0,0,0,0,12.181,6.821,0.552,
20,175,250,0,0.000,1879.319,1506.472,,,,1.000,1,0,10,0,0,0,0,9.918,9.532,0.514,
20,175,255,0,0.000,1879.319,1506.472,,,,1.000,1,0,10,0,0,0,0,11.111,11.028,0.601,
20,175,260,0,0.000,1879.319,1506.472,,,,1.000,1,0,10,0,0,0,0,8.048,11.076,0.672,
20,175,265,0,0.000,1879.319,1506.472,,,,1.000,1,0,10,0,0,0,0,10.402,12.819,0.425,
20,175,270,0,0.000,1879.319,1506.472,,,,1.000,1,0,10,0,0,0,0,12.019,9.727,0.654,
20,175,275,0,0.000,1879.319,1506.472,,,,1.000,1,0,10,0,0,0,0,12.382,10.236,0.445,
20,175,280,0,0.000,1879.319,1506.472,,,,1.000,1,0,10,0,0,0,0,13.007,11.413,0.495,
20,175,285,0,0.000,1879.319,1506.472,,,,1.000,1,0,10,0,0,0,0,11.348,9.866,0.613,
20,180,-10,0,0.000,1879.319,1506.472,,,,0.000,0,0,0,0,0,0,10,10.914,11.989,0.503,
20,180,-5,0,0.000,1879.319,1506.472,,,,0.000,0,0,0,0,0,0,10,8.746,11.172,0.622,
20,180,0,0,0.000,1879.319,1506.472,,,,0.000,0,0,0,0,0,0,10,11.559,11.635,0.463,
20,180,5,0,0.000,1879.319,1506.472,,,,0.000,0,0,0,0,0,0,10,9.251,10.599,0.607,
20,180,10,0,0.000,1879.319,1506.472,,,,0.000,0,0,0,0,0,0,10,10.987,10.377,0.482,
20,180,15,0,0.000,1879.319,1506.472,,,,0.000,0,0,0,0,0,0,10,10.944,12.101,0.458,
20,180,20,0,0.000,1879.319,1506.472,,,,0.000,0,0,0,0,0,0,10,11.328,10.735,0.422,
20,180,25,0,0.000,1879.319,1506.472,,,,0.000,0,0,0,0,0,0,10,4.791,10.457,0.579,
20,180,30,0,0.000,1879.319,1506.472,,,,0.000,0,0,0,0,0,0,10,9.763,9.625,0.446,
20,180,35,0,0.000,1879.319,1506.472,,,,0.000,0,0,0,0,0,0,10,6.798,7.403,0.534,
20,180,40,0,0.000,1879.319,1506.472,,,,0.000,0,0,0,0,0,0,10,10.440,13.121,0.465,
20,180,45,0,0.000,1879.319,1506.472,,,,0.000,0,0,0,0,0,0,10,10.247,9.981,0.413,
20,180,50,0,0.000,1879.319,1506.472,,,,0.200,1,0,2,0,0,0,8,10.710,8.850,0.527,
20,180,55,0,0.000,1879.319,1506.472,,,,0.100,1,0,1,0,0,0,9,8.576,11.560,0.486,
20,180,60,0,0.000,1879.319,1506.472,,,,0.200,1,0,2,0,0,0,8,11.914,11.255,0.567,
20,180,65,0,0.000,1879.319,1506.472,,,,0.200,1,0,2,0,0,0,8,7.729,9.295,0.538,
20,180,70,0,0.000,1879.319,1506.472,,,,0.300,1,0,3,0,0,0,7,11.644,9.536,0.641,
20,180,75,0,0.000,1879.319,1506.472,,,,1.000,1,0,10,0,0,0,0,10.654,8.514,0.616,
20,180,80,0,0.000,1879.319,1506.472,,,,0.900,1,0,9,0,0,0,1,11.669,9.259,0.471,
20,180,85,0,0.000,1879.319,1506.472,,,,0.900,1,0,9,0,0,0,1,9.530,10.062,0.533,
20,180,90,0,0.000,1879.319,1506.472,,,,1.000,1,0,10,0,0,0,0,10.683,11.463,0.500,
20,180,95,0,0.000,1879.319,1506.472,,,,1.000,1,0,10,0,0,0,0,11.749,12.410,0.434,
20,180,100,0,0.000,1879.319,1506.472,,,,1.000,1,0,10,0,0,0,0,9.730,10.328,0.537,
20,180,105,0,0.000,1879.319,1506.472,,,,1.000,1,0,10,0,0,0,0,13.092,12.192,0.675,
20,180,110,0,0.000,1879.319,1506.472,,,,1.000,1,0,10,0,0,0,0,10.854,11.465,0.644,
20,180,115,0,0.000,1879.319,1506.472,,,,1.000,1,0,10,0,0,0,0,13.384,11.312,0.494,
20,180,120,0,0.000,1879.319,1506.472,,,,1.000,1,0,10,0,0,0,0,10.717,12.992,0.435,
20,180,125,0,0.000,1879.319,1506.472,,,,1.000,1,0,10,0,0,0,0,12.236,14.309,0.611,
20,180,130,0,0.000,1879.319,1506.472,,,,1.000,1,0,10,0,0,0,0,12.006,10.049,0.610,
20,180,135,0,0.000,1879.319,1506.472,,,,1.000,1,0,10,0,0,0,0,11.434,9.481,0.708,
20,180,140,0,0.000,1879.319,1506.472,,,,1.000,1,0,10,0,0,0,0,11.031,5.324,0.395,
20,180,145,0,0.000,1879.319,1506.472,,,,1.000,1,0,10,0,0,0,0,11.610,11.524,0.473,
20,180,150,0,0.000,1879.319,1506.472,,,,1.000,1,0,10,0,0,0,0,8.442,13.223,0.517,
20,180,155,0,0.000,1879.319,1506.472,,,,1.000,1,0,10,0,0,0,0,12.009,13.105,0.536,
20,180,160,0,0.000,1879.319,1506.472,,,,1.000,1,0,10,0,0,0,0,11.290,11.745,0.525,
20,180,165,0,0.000,1879.319,1506.472,,,,1.000,1,0,10,0,0,0,0,9.431,12.803,0.481,
20,180,170,0,0.000,1879.319,1506.472,,,,1.000,1,0,10,0,0,0,0,11.726,10.311,0.501,
20,180,175,0,0.000,1879.319,1506.472,,,,1.000,1,0,10,0,0,0,0,10.104,10.786,0.431,
20,180,180,0,0.000,1879.319,1506.472,,,,1.000,1,0,10,0,0,0,0,13.457,9.534,0.609,
20,180,185,0,0.000,1879.319,1506.472,,,,1.000,1,0,10,0,0,0,0,11.312,13.428,0.589,
20,180,190,0,0.000,1879.319,1506.472,,,,1.000,1,0,10,0,0,0,0,8.920,9.142,0.619,
20,180,195,0,0.000,1879.319,1506.472,,,,1.000,1,0,10,0,0,0,0,8.992,12.158,0.380,
20,180,200,0,0.000,1879.319,1506.472,,,,1.000,1,0,10,0,0,0,0,9.061,7.945,0.403,
20,180,205,0,0.000,1879.319,1506.472,,,,1.000,1,0,10,0,0,0,0,10.170,10.468,0.527,
20,180,210,0,0.000,1879.319,1506.472,,,,1.000,1,0,10,0,0,0,0,12.007,8.557,0.551,
20,180,215,0,0.000,1879.319,1506.472,,,,1.000,1,0,10,0,0,0,0,11.489,12.003,0.508,
20,180,220,0,0.000,1879.319,1506.472,,,,1.000,1,0,10,0,0,0,0,9.730,8.094,0.351,
20,180,225,0,0.000,1879.319,1506.472,,,,1.000,1,0,10,0,0,0,0,12.832,9.753,0.524,
20,180,230,0,0.000,1879.319,1506.472,,,,1.000,1,0,10,0,0,0,0,9.659,12.085,0.603,
20,180,235,0,0.000,1879.319,1506.472,,,,1.000,1,0,10,0,0,0,0,12.465,11.038,0.489,
20,180,240,0,0.000,1879.319,1506.472,,,,1.000,1,0,10,0,0,0,0,9.281,9.914,0.527,
20,180,245,0,0.000,1879.319,1506.472,,,,1.000,1,0,10,0,0,0,0,8.081,10.961,0.570,
20,180,250,0,0.000,1879.319,1506.472,,,,1.000,1,0,10,0,0,0,0,12.040,10.837,0.730,
20,180,255,0,0.000,1879.319,1506.472,,,,1.000,1,0,10,0,0,0,0,12.054,10.525,0.479,
20,180,260,0,0.000,1879.319,1506.472,,,,1.000,1,0,10,0,0,0,0,10.162,11.937,0.470,
20,180,265,0,0.000,1879.319,1506.472,,,,1.000,1,0,10,0,0,0,0,10.904,7.054,0.588,
20,180,270,0,0.000,1879.319,1506.472,,,,1.000,1,0,10,0,0,0,0,11.990,11.054,0.648,
20,180,275,0,0.000,1879.319,1506.472,,,,1.000,1,0,10,0,0,0,0,8.505,12.120,0.517,
20,180,280,0,0.000,1879.319,1506.472,,,,1.000,1,0,10,0,0,0,0,12.235,9.582,0.482,
20,180,285,0,0.000,1879.319,1506.472,,,,1.000,1,0,10,0,0,0,0,10.026,11.897,0.495,
20,185,-10,0,0.000,1879.319,1506.472,,,,0.000,0,0,0,0,0,0,10,10.560,10.864,0.478,
20,185,-5,0,0.000,1879.319,1506.472,,,,0.000,0,0,0,0,0,0,10,9.932,10.223,0.436,
20,185,0,0,0.000,1879.319,1506.472,,,,0.000,0,0,0,0,0,0,10,7.376,10.555,0.393,
20,185,5,0,0.000,1879.319,1506.472,,,,0.000,0,0,0,0,0,0,10,7.427,10.439,0.564,
20,185,10,0,0.000,1879.319,1506.472,,,,0.000,0,0,0,0,0,0,10,11.428,12.665,0.366,
20,185,15,0,0.000,1879.319,1506.472,,,,0.000,0,0,0,0,0,0,10,10.344,10.155,0.527,
20,185,20,0,0.000,1879.319,1506.472,,,,0.000,0,0,0,0,0,0,10,10.202,7.668,0.521,
20,185,25,0,0.000,1879.319,1506.472,,,,0.000,0,0,0,0,0,0,10,15.599,11.515,0.470,
20,185,30,0,0.000,1879.319,1506.472,,,,0.000,0,0,0,0,0,0,10,9.835,11.336,0.506,
20,185,35,0,0.000,1879.319,1506.472,,,,0.000,0,0,0,0,0,0,10,8.710,11.835,0.448,
20,185,40,0,0.000,1879.319,1506.472,,,,0.000,0,0,0,0,0,0,10,12.066,9.535,0.501,
20,185,45,0,0.000,1879.319,1506.472,,,,0.000,0,0,0,0,0,0,10,8.715,11.770,0.614,
20,185,50,0,0.000,1879.319,1506.472,,,,0.000,0,0,0,0,0,0,10,11.484,10.047,0.595,
20,185,55,0,0.000,1879.319,1506.472,,,,0.300,1,0,3,0,0,0,7,10.942,12.532,0.600,
20,185,60,0,0.000,1879.319,1506.472,,,,0.400,1,0,4,0,0,0,6,12.356,11.050,0.688,
20,185,65,0,0.000,1879.319,1506.472,,,,0.400,1,0,4,0,0,0,6,12.050,10.052,0.572,
20,185,70,0,0.000,1879.319,1506.472,,,,0.800,1,0,8,0,0,0,2,10.047,8.769,0.624,
20,185,75,0,0.000,1879.319,1506.472,,,,0.800,1,0,8,0,0,0,2,10.514,9.445,0.522,
20,185,80,0,0.000,1879.319,1506.472,,,,0.700,1,0,7,0,0,0,3,9.295,11.988,0.641,
20,185,85,0,0.000,1879.319,1506.472,,,,0.900,1,0,9,0,0,0,1,12.409,10.836,0.609,
20,185,90,0,0.000,1879.319,1506.472,,,,1.000,1,0,10,0,0,0,0,13.756,11.640,0.570,
20,185,95,0,0.000,1879.319,1506.472,,,,1.000,1,0,10,0,0,0,0,11.437,12.215,0.582,
20,185,100,0,0.000,1879.319,1506.472,,,,1.000,1,0,10,0,0,0,0,10.783,11.161,0.642,
20,185,105,0,0.000,1879.319,1506.472,,,,1.000,1,0,10,0,0,0,0,7.890,8.867,0.513,
20,185,110,0,0.000,1879.319,1506.472,,,,1.000,1,0,10,0,0,0,0,10.052,9.919,0.681,
20,185,115,0,0.000,1879.319,1506.472,,,,1.000,1,0,10,0,0,0,0,9.846,13.020,0.619,
20,185,120,0,0.000,1879.319,1506.472,,,,1.000,1,0,10,0,0,0,0,11.102,9.702,0.556,
20,185,125,0,0.000,1879.319,1506.472,,,,1.000,1,0,10,0,0,0,0,9.382,11.572,0.701,
20,185,130,0,0.000,1879.319,1506.472,,,,1.000,1,0,10,0,0,0,0,11.059,10.336,0.611,
20,185,135,0,0.000,1879.319,1506.472,,,,1.000,1,0,10,0,0,0,0,9.206,6.848,0.591,
20,185,140,0,0.000,1879.319,1506.472,,,,1.000,1,0,10,0,0,0,0,9.195,9.728,0.649,
20,185,145,0,0.000,1879.319,1506.472,,,,1.000,1,0,10,0,0,0,0,8.695,10.277,0.532,
20,185,150,0,0.000,1879.319,1506.472,,,,1.000,1,0,10,0,0,0,0,12.146,7.038,0.448,
20,185,155,0,0.000,1879.319,1506.472,,,,1.000,1,0,10,0,0,0,0,10.675,8.379,0.344,
20,185,160,0,0.000,1879.319,1506.472,,,,1.000,1,0,10,0,0,0,0,11.497,12.386,0.362,
20,185,165,0,0.000,1879.319,1506.472,,,,1.000,1,0,10,0,0,0,0,12.484,9.409,0.448,
20,185,170,0,0.000,1879.319,1506.472,,,,1.000,1,0,10,0,0,0,0,10.874,8.659,0.444,
20,185,175,0,0.000,1879.319,1506.472,,,,1.000,1,0,10,0,0,0,0,9.552,12.929,0.624,
20,185,180,0,0.000,1879.319,1506.472,,,,1.000,1,0,10,0,0,0,0,9.867,10.209,0.624,
20,185,185,0,0.000,1879.319,1506.472,,,,1.000,1,0,10,0,0,0,0,8.451,11.155,0.604,
20,185,190,0,0.000,1879.319,1506.472,,,,1.000,1,0,10,0,0,0,0,10.075,10.561,0.436,
20,185,195,0,0.000,1879.319,1506.472,,,,1.000,1,0,10,0,0,0,0,12.002,11.908,0.657,
20,185,200,0,0.000,1879.319,1506.472,,,,1.000,1,0,10,0,0,0,0,8.772,11.434,0.462,
20,185,205,0,0.000,1879.319,1506.472,,,,1.000,1,0,10,0,0,0,0,9.727,11.406,0.493,
20,185,210,0,0.000,1879.319,1506.472,,,,1.000,1,0,10,0,0,0,0,12.595,12.175,0.539,
20,185,215,0,0.000,1879.319,1506.472,,,,1.000,1,0,10,0,0,0,0,8.332,7.478,0.651,
20,185,220,0,0.000,1879.319,1506.472,,,,1.000,1,0,10,0,0,0,0,12.360,12.314,0.598,
20,185,225,0,0.000,1879.319,1506.472,,,,1.000,1,0,10,0,0,0,0,9.177,11.789,0.511,
20,185,230,0,0.000,1879.319,1506.472,,,,1.000,1,0,10,0,0,0,0,13.554,6.519,0.350,
20,185,235,0,0.000,1879.319,1506.472,,,,1.000,1,0,10,0,0,0,0,10.479,9.820,0.415,
20,185,240,0,0.000,1879.319,1506.472,,,,1.000,1,0,10,0,0,0,0,11.074,9.416,0.655,
20,185,245,0,0.000,1879.319,1506.472,,,,1.000,1,0,10,0,0,0,0,11.930,13.309,0.619,
20,185,250,0,0.000,1879.319,1506.472,,,,1.000,1,0,10,0,0,0,0,14.128,13.719,0.507,
20,185,255,0,0.000,1879.319,1506.472,,,,1.000,1,0,10,0,0,0,0,10.088,10.485,0.429,
20,185,260,0,0.000,1879.319,1506.472,,,,1.000,1,0,10,0,0,0,0,13.495,12.659,0.560,
20,185,265,0,0.000,1879.319,1506.472,,,,1.000,1,0,10,0,0,0,0,10.303,10.946,0.606,
20,185,270,0,0.000,1879.319,1506.472,,,,1.000,1,0,10,0,0,0,0,11.317,11.403,0.625,
20,185,275,0,0.000,1879.319,1506.472,,,,1.000,1,0,10,0,0,0,0,9.045,10.270,0.516,
20,185,280,0,0.000,1879.319,1506.472,,,,1.000,1,0,10,0,0,0,0,13.481,11.070,0.445,
20,185,285,0,0.000,1879.319,1506.472,,,,1.000,1,0,10,0,0,0,0,8.386,13.116,0.474,
20,190,-10,0,0.000,1879.319,1506.472,,,,0.000,0,0,0,0,0,0,10,5.746,11.661,0.308,
20,190,-5,0,0.000,1879.319,1506.472,,,,0.000,0,0,0,0,0,0,10,9.981,8.566,0.446,
20,190,0,0,0.000,1879.319,1506.472,,,,0.000,0,0,0,0,0,0,10,8.638,9.870,0.491,
20,190,5,0,0.000,1879.319,1506.472,,,,0.000,0,0,0,0,0,0,10,12.835,11.197,0.652,
20,190,10,0,0.000,1879.319,1506.472,,,,0.000,0,0,0,0,0,0,10,11.190,13.257,0.425,
20,190,15,0,0.000,1879.319,1506.472,,,,0.000,0,0,0,0,0,0,10,10.454,11.293,0.693,
20,190,20,0,0.000,1879.319,1506.472,,,,0.000,0,0,0,0,0,0,10,13.368,13.647,0.554,
20,190,25,0,0.000,1879.319,1506.472,,,,0.000,0,0,0,0,0,0,10,9.132,10.501,0.524,
20,190,30,0,0.000,1879.319,1506.472,,,,0.000,0,0,0,0,0,0,10,7.835,8.380,0.535,
20,190,35,0,0.000,1879.319,1506.472,,,,0.000,0,0,0,0,0,0,10,10.218,8.757,0.529,
20,190,40,0,0.000,1879.319,1506.472,,,,0.000,0,0,0,0,0,0,10,5.388,8.737,0.760,
20,190,45,0,0.000,1879.319,1506.472,,,,0.000,0,0,0,0,0,0,10,8.831,9.261,0.660,
20,190,50,0,0.000,1879.319,1506.472,,,,0.100,1,0,1,0,0,0,9,10.904,11.121,0.444,
20,190,55,0,0.000,1879.319,1506.472,,,,0.300,1,0,3,0,0,0,7,10.193,8.108,0.470,
20,190,60,0,0.000,1879.319,1506.472,,,,0.400,1,0,4,0,0,0,6,8.355,10.131,0.430,
20,190,65,0,0.000,1879.319,1506.472,,,,0.300,1,0,3,0,0,0,7,10.332,12.026,0.495,
20,190,70,0,0.000,1879.319,1506.472,,,,0.400,1,0,4,0,0,0,6,9.499,10.689,0.561,
20,190,75,0,0.000,1879.319,1506.472,,,,0.800,1,0,8,0,0,0,2,12.863,10.109,0.644,
20,190,80,0,0.000,1879.319,1506.472,,,,0.700,1,0,7,0,0,0,3,11.304,11.885,0.775,
20,190,85,0,0.000,1879.319,1506.472,,,,0.900,1,0,9,0,0,0,1,8.592,11.146,0.596,
20,190,90,0,0.000,1879.319,1506.472,,,,1.000,1,0,10,0,0,0,0,14.180,7.836,0.618,
20,190,95,0,0.000,1879.319,1506.472,,,,1.000,1,0,10,0,0,0,0,12.709,11.125,0.585,
20,190,100,0,0.000,1879.319,1506.472,,,,1.000,1,0,10,0,0,0,0,13.727,10.462,0.354,
20,190,105,0,0.000,1879.319,1506.472,,,,1.000,1,0,10,0,0,0,0,6.432,9.175,0.595,
20,190,110,0,0.000,1879.319,1506.472,,,,1.000,1,0,10,0,0,0,0,9.542,9.973,0.547,
20,190,115,0,0.000,1879.319,1506.472,,,,1.000,1,0,10,0,0,0,0,12.048,10.383,0.386,
20,190,120,0,0.000,1879.319,1506.472,,,,1.000,1,0,10,0,0,0,0,14.268,15.358,0.501,
20,190,125,0,0.000,1879.319,1506.472,,,,1.000,1,0,10,0,0,0,0,11.993,13.994,0.611,
20,190,130,0,0.000,1879.319,1506.472,,,,1.000,1,0,10,0,0,0,0,12.682,11.523,0.461,
20,190,135,0,0.000,1879.319,1506.472,,,,1.000,1,0,10,0,0,0,0,10.065,12.231,0.488,
20,190,140,0,0.000,1879.319,1506.472,,,,1.000,1,0,10,0,0,0,0,11.636,9.137,0.551,
20,190,145,0,0.000,1879.319,1506.472,,,,1.000,1,0,10,0,0,0,0,12.529,12.920,0.642,
20,190,150,0,0.000,1879.319,1506.472,,,,1.000,1,0,10,0,0,0,0,11.542,8.722,0.613,
20,190,155,0,0.000,1879.319,1506.472,,,,1.000,1,0,10,0,0,0,0,10.398,9.794,0.558,
20,190,160,0,0.000,1879.319,1506.472,,,,1.000,1,0,10,0,0,0,0,12.800,7.593,0.495,
20,190,165,0,0.000,1879.319,1506.472,,,,1.000,1,0,10,0,0,0,0,8.003,9.870,0.635,
20,190,170,0,0.000,1879.319,1506.472,,,,1.000,1,0,10,0,0,0,0,9.481,12.489,0.724,
20,190,175,0,0.000,1879.319,1506.472,,,,1.000,1,0,10,0,0,0,0,9.628,8.576,0.514,
20,190,180,0,0.000,1879.319,1506.472,,,,1.000,1,0,10,0,0,0,0,9.624,12.944,0.462,
20,190,185,0,0.000,1879.319,1506.472,,,,1.000,1,0,10,0,0,0,0,9.369,12.429,0.551,
20,190,190,0,0.000,1879.319,1506.472,,,,1.000,1,0,10,0,0,0,0,5.193,8.625,0.496,
20,190,195,0,0.000,1879.319,1506.472,,,,1.000,1,0,10,0,0,0,0,10.703,7.360,0.541,
20,190,200,0,0.000,1879.319,1506.472,,,,1.000,1,0,10,0,0,0,0,11.020,5.646,0.521,
20,190,205,0,0.000,1879.319,1506.472,,,,1.000,1,0,10,0,0,0,0,10.533,9.539,0.539,
20,190,210,0,0.000,1879.319,1506.472,,,,1.000,1,0,10,0,0,0,0,10.577,13.201,0.560,
20,190,215,0,0.000,1879.319,1506.472,,,,1.000,1,0,10,0,0,0,0,13.438,11.555,0.643,
20,190,220,0,0.000,1879.319,1506.472,,,,1.000,1,0,10,0,0,0,0,8.338,7.626,0.523,
20,190,225,0,0.000,1879.319,1506.472,,,,1.000,1,0,10,0,0,0,0,9.249,12.746,0.519,
20,190,230,0,0.000,1879.319,1506.472,,,,1.000,1,0,10,0,0,0,0,9.035,11.323,0.608,
20,190,235,0,0.000,1879.319,1506.472,,,,1.000,1,0,10,0,0,0,0,11.035,12.312,0.444,
20,190,240,0,0.000,1879.319,1506.472,,,,1.000,1,0,10,0,0,0,0,12.378,10.019,0.669,
20,190,245,0,0.000,1879.319,1506.472,,,,1.000,1,0,10,0,0,0,0,8.874,9.015,0.501,
20,190,250,0,0.000,1879.319,1506.472,,,,1.000,1,0,10,0,0,0,0,10.752,11.143,0.603,
20,190,255,0,0.000,1879.319,1506.472,,,,1.000,1,0,10,0,0,0,0,8.829,10.803,0.614,
20,190,260,0,0.000,1879.319,1506.472,,,,1.000,1,0,10,0,0,0,0,8.401,11.443,0.462,
20,190,265,0,0.000,1879.319,1506.472,,,,1.000,1,0,10,0,0,0,0,11.287,10.951,0.537,
20,190,270,0,0.000,1879.319,1506.472,,,,1.000,1,0,10,0,0,0,0,12.360,7.467,0.562,
20,190,275,0,0.000,1879.319,1506.472,,,,1.000,1,0,10,0,0,0,0,9.224,10.262,0.500,
20,190,280,0,0.000,1879.319,1506.472,,,,1.000,1,0,10,0,0,0,0,9.977,13.981,0.582,
20,190,285,0,0.000,1879.319,1506.472,,,,1.000,1,0,10,0,0,0,0,13.066,12.292,0.514,
20,195,-10,0,0.000,1879.319,1506.472,,,,0.000,0,0,0,0,0,0,10,8.460,12.046,0.587,
20,195,-5,0,0.000,1879.319,1506.472,,,,0.000,0,0,0,0,0,0,10,12.141,14.362,0.557,
20,195,0,0,0.000,1879.319,1506.472,,,,0.000,0,0,0,0,0,0,10,10.937,10.276,0.525,
20,195,5,0,0.000,1879.319,1506.472,,,,0.000,0,0,0,0,0,0,10,8.960,11.546,0.698,
20,195,10,0,0.000,1879.319,1506.472,,,,0.000,0,0,0,0,0,0,10,11.900,11.620,0.531,
20,195,15,0,0.000,1879.319,1506.472,,,,0.000,0,0,0,0,0,0,10,13.009,13.633,0.603,
20,195,20,0,0.000,1879.319,1506.472,,,,0.000,0,0,0,0,0,0,10,9.985,11.785,0.555,
20,195,25,0,0.000,1879.319,1506.472,,,,0.000,0,0,0,0,0,0,10,8.360,13.351,0.502,
20,195,30,0,0.000,1879.319,1506.472,,,,0.000,0,0,0,0,0,0,10,12.532,11.097,0.619,
20,195,35,0,0.000,1879.319,1506.472,,,,0.000,0,0,0,0,0,0,10,10.611,11.709,0.544,
20,195,40,0,0.000,1879.319,1506.472,,,,0.000,0,0,0,0,0,0,10,10.541,12.283,0.591,
20,195,45,0,0.000,1879.319,1506.472,,,,0.000,0,0,0,0,0,0,10,12.288,11.442,0.269,
20,195,50,0,0.000,1879.319,1506.472,,,,0.000,0,0,0,0,0,0,10,8.923,13.830,0.520,
20,195,55,0,0.000,1879.319,1506.472,,,,0.100,1,0,1,0,0,0,9,10.955,10.031,0.703,
20,195,60,0,0.000,1879.319,1506.472,,,,0.000,0,0,0,0,0,0,10,7.207,6.210,0.586,
20,195,65,0,0.000,1879.319,1506.472,,,,0.400,1,0,4,0,0,0,6,8.118,8.422,0.533,
20,195,70,0,0.000,1879.319,1506.472,,,,0.500,1,0,5,0,0,0,5,11.789,13.121,0.454,
20,195,75,0,0.000,1879.319,1506.472,,,,0.800,1,0,8,0,0,0,2,9.192,6.833,0.620,
20,195,80,0,0.000,1879.319,1506.472,,,,0.500,1,0,5,0,0,0,5,11.700,13.537,0.556,
20,195,85,0,0.000,1879.319,1506.472,,,,0.800,1,0,8,0,0,0,2,10.979,7.187,0.501,
20,195,90,0,0.000,1879.319,1506.472,,,,0.900,1,0,9,0,0,0,1,11.111,12.455,0.455,
20,195,95,0,0.000,1879.319,1506.472,,,,1.000,1,0,10,0,0,0,0,11.211,9.754,0.515,
20,195,100,0,0.000,1879.319,1506.472,,,,1.000,1,0,10,0,0,0,0,12.826,10.557,0.499,
20,195,105,0,0.000,1879.319,1506.472,,,,1.000,1,0,10,0,0,0,0,9.593,9.476,0.474,
20,195,110,0,0.000,1879.319,1506.472,,,,1.000,1,0,10,0,0,0,0,11.152,8.885,0.584,
20,195,115,0,0.000,1879.319,1506.472,,,,1.000,1,0,10,0,0,0,0,12.530,10.045,0.627,
20,195,120,0,0.000,1879.319,1506.472,,,,1.000,1,0,10,0,0,0,0,12.199,11.591,0.468,
20,195,125,0,0.000,1879.319,1506.472,,,,1.000,1,0,10,0,0,0,0,10.127,10.986,0.645,
20,195,130,0,0.000,1879.319,1506.472,,,,1.000,1,0,10,0,0,0,0,8.793,10.402,0.400,
20,195,135,0,0.000,1879.319,1506.472,,,,1.000,1,0,10,0,0,0,0,13.918,12.994,0.386,
20,195,140,0,0.000,1879.319,1506.472,,,,1.000,1,0,10,0,0,0,0,11.436,13.720,0.537,
20,195,145,0,0.000,1879.319,1506.472,,,,1.000,1,0,10,0,0,0,0,10.670,12.424,0.607,
20,195,150,0,0.000,1879.319,1506.472,,,,1.000,1,0,10,0,0,0,0,9.823,8.347,0.690,
20,195,155,0,0.000,1879.319,1506.472,,,,1.000,1,0,10,0,0,0,0,12.133,9.188,0.663,
20,195,160,0,0.000,1879.319,1506.472,,,,1.000,1,0,10,0,0,0,0,10.684,10.322,0.605,
20,195,165,0,0.000,1879.319,1506.472,,,,1.000,1,0,10,0,0,0,0,10.512,9.603,0.406,
20,195,170,0,0.000,1879.319,1506.472,,,,1.000,1,0,10,0,0,0,0,9.024,13.937,0.705,
20,195,175,0,0.000,1879.319,1506.472,,,,1.000,1,0,10,0,0,0,0,10.512,11.954,0.492,
20,195,180,0,0.000,1879.319,1506.472,,,,1.000,1,0,10,0,0,0,0,8.912,11.137,0.606,
20,195,185,0,0.000,1879.319,1506.472,,,,1.000,1,0,10,0,0,0,0,9.382,9.053,0.606,
20,195,190,0,0.000,1879.319,1506.472,,,,1.000,1,0,10,0,0,0,0,11.754,14.025,0.521,
20,195,195,0,0.000,1879.319,1506.472,,,,1.000,1,0,10,0,0,0,0,9.867,14.308,0.563,
20,195,200,0,0.000,1879.319,1506.472,,,,1.000,1,0,10,0,0,0,0,9.139,12.179,0.588,
20,195,205,0,0.000,1879.319,1506.472,,,,1.000,1,0,10,0,0,0,0,10.058,10.075,0.482,
20,195,210,0,0.000,1879.319,1506.472,,,,1.000,1,0,10,0,0,0,0,13.285,8.360,0.491,
20,195,215,0,0.000,1879.319,1506.472,,,,1.000,1,0,10,0,0,0,0,6.902,11.379,0.554,
20,195,220,0,0.000,1879.319,1506.472,,,,1.000,1,0,10,0,0,0,0,9.901,13.229,0.499,
20,195,225,0,0.000,1879.319,1506.472,,,,1.000,1,0,10,0,0,0,0,8.523,10.185,0.619,
20,195,230,0,0.000,1879.319,1506.472,,,,1.000,1,0,10,0,0,0,0,14.735,9.119,0.594,
20,195,235,0,0.000,1879.319,1506.472,,,,1.000,1,0,10,0,0,0,0,9.052,9.292,0.565,
20,195,240,0,0.000,1879.319,1506.472,,,,1.000,1,0,10,0,0,0,0,9.686,6.379,0.558,
20,195,245,0,0.000,1879.319,1506.472,,,,1.000,1,0,10,0,0,0,0,11.268,11.616,0.518,
20,195,250,0,0.000,1879.319,1506.472,,,,1.000,1,0,10,0,0,0,0,7.890,11.193,0.296,
20,195,255,0,0.000,1879.319,1506.472,,,,1.000,1,0,10,0,0,0,0,10.863,14.020,0.444,
20,195,260,0,0.000,1879.319,1506.472,,,,1.000,1,0,10,0,0,0,0,10.950,8.514,0.475,
20,195,265,0,0.000,1879.319,1506.472,,,,1.000,1,0,10,0,0,0,0,9.346,12.540,0.506,
20,195,270,0,0.000,1879.319,1506.472,,,,1.000,1,0,10,0,0,0,0,10.501,9.956,0.516,
20,195,275,0,0.000,1879.319,1506.472,,,,1.000,1,0,10,0,0,0,0,10.484,10.055,0.562,
20,195,280,0,0.000,1879.319,1506.472,,,,1.000,1,0,10,0,0,0,0,7.528,9.863,0.616,
20,195,285,0,0.000,1879.319,1506.472,,,,1.000,1,0,10,0,0,0,0,12.434,8.445,0.450,
30,-100,-10,0,0.000,1795.452,1534.926,,,,0.000,0,0,0,0,0,0,10,12.288,12.020,0.573,
30,-100,-5,0,0.000,1795.452,1534.926,,,,0.000,0,0,0,0,0,0,10,10.755,11.892,0.462,
30,-100,0,0,0.000,1795.452,1534.926,,,,0.000,0,0,0,0,0,0,10,10.190,12.783,0.481,
30,-100,5,0,0.000,1795.452,1534.926,,,,0.000,0,0,0,0,0,0,10,12.731,7.625,0.519,
30,-100,10,0,0.000,1795.452,1534.926,,,,0.000,0,0,0,0,0,0,10,8.816,11.394,0.562,
30,-100,15,0,0.000,1795.452,1534.926,,,,0.000,0,0,0,0,0,0,10,6.653,11.321,0.542,
30,-100,20,0,0.000,1795.452,1534.926,,,,0.000,0,0,0,0,0,0,10,12.422,6.621,0.548,
30,-100,25,0,0.000,1795.452,1534.926,,,,0.000,0,0,0,0,0,0,10,8.221,9.378,0.533,
30,-100,30,0,0.000,1795.452,1534.926,,,,0.000,0,0,0,0,0,0,10,9.987,6.914,0.579,
30,-100,35,0,0.000,1795.452,1534.926,,,,0.000,0,0,0,0,0,0,10,11.818,11.493,0.654,
30,-100,40,0,0.000,1795.452,1534.926,,,,0.000,0,0,0,0,0,0,10,4.346,9.251,0.557,
30,-100,45,0,0.000,1795.452,1534.926,,,,0.000,0,0,0,0,0,0,10,10.906,7.939,0.643,
30,-100,50,0,0.000,1795.452,1534.926,,,,0.000,0,0,0,0,0,0,10,12.801,10.115,0.524,
30,-100,55,0,0.000,1795.452,1534.926,,,,0.000,0,0,0,0,0,0,10,13.564,9.836,0.516,
30,-100,60,0,0.000,1795.452,1534.926,,,,0.000,0,0,0,0,0,0,10,9.037,10.478,0.582,
30,-100,65,0,0.000,1795.452,1534.926,,,,0.000,0,0,0,0,0,0,10,11.675,8.289,0.498,
30,-100,70,0,0.000,1795.452,1534.926,,,,0.000,0,0,0,0,0,0,10,13.295,9.501,0.523,
30,-100,75,0,0.000,1795.452,1534.926,,,,0.000,0,0,0,0,0,0,10,8.851,10.841,0.499,
30,-100,80,0,0.000,1795.452,1534.926,,,,0.000,0,0,0,0,0,0,10,8.494,8.101,0.608,
30,-100,85,0,0.000,1795.452,1534.926,,,,0.000,0,0,0,0,0,0,10,13.117,10.948,0.578,
30,-100,90,0,0.000,1795.452,1534.926,,,,0.000,0,0,0,0,0,0,10,11.425,9.703,0.524,
30,-100,95,0,0.000,1795.452,1534.926,,,,0.000,0,0,0,0,0,0,10,11.432,8.221,0.482,
30,-100,100,0,0.000,1795.452,1534.926,,,,0.000,0,0,0,0,0,0,10,12.441,9.066,0.617,
30,-100,105,0,0.000,1795.452,1534.926,,,,0.000,0,0,0,0,0,0,10,14.843,8.155,0.614,
30,-100,110,0,0.000,1795.452,1534.926,,,,0.000,0,0,0,0,0,0,10,11.619,9.083,0.637,
30,-100,115,0,0.000,1795.452,1534.926,,,,0.000,0,0,0,0,0,0,10,10.364,11.130,0.605,
30,-100,120,0,0.000,1795.452,1534.926,,,,0.000,0,0,0,0,0,0,10,9.131,9.168,0.528,
30,-100,125,0,0.000,1795.452,1534.926,,,,0.000,0,0,0,0,0,0,10,11.233,11.835,0.691,
30,-100,130,0,0.000,1795.452,1534.926,,,,0.000,0,0,0,0,0,0,10,12.781,8.768,0.349,
30,-100,135,0,0.000,1795.452,1534.926,,,,0.000,0,0,0,0,0,0,10,11.932,12.186,0.346,
30,-100,140,0,0.000,1795.452,1534.926,,,,0.000,0,0,0,0,0,0,10,11.442,7.156,0.533,
30,-100,145,0,0.000,1795.452,1534.926,,,,0.000,0,0,0,0,0,0,10,9.591,9.685,0.474,
30,-100,150,0,0.000,1795.452,1534.926,,,,0.000,0,0,0,0,0,0,9,12.642,9.652,0.499,
30,-100,155,0,0.000,1795.452,1534.926,,,,0.000,0,0,0,0,0,0,9,8.977,11.119,0.632,
30,-100,160,0,0.000,1795.452,1534.926,,,,0.000,0,0,0,0,0,0,8,12.681,6.974,0.503,
30,-100,165,0,0.000,1795.452,1534.926,,,,0.000,0,0,0,0,0,0,4,10.839,8.720,0.443,
30,-100,170,0,0.000,1795.452,1534.926,,,,0.000,0,0,0,0,0,0,6,10.156,12.172,0.531,
30,-100,175,0,0.000,1795.452,1534.926,,,,0.000,0,0,0,0,0,0,8,12.584,9.740,0.558,
30,-100,180,0,0.000,1795.452,1534.926,,,,0.000,0,0,0,0,0,0,3,10.997,9.555,0.602,
30,-100,185,0,0.000,1795.452,1534.926,,,,0.000,0,0,0,0,0,0,4,9.858,13.047,0.359,
30,-100,190,0,0.000,1795.452,1534.926,,,,0.000,0,0,0,0,0,0,2,9.130,10.183,0.576,
30,-100,195,0,10.000,1795.452,1534.926,1795.112,1535.282,0.493,0.000,0,0,0,0,0,0,3,14.036,12.721,0.569,0.000
30,-100,200,0,0.000,1795.452,1534.926,,,,0.000,0,0,0,0,0,0,1,8.414,11.894,0.597,
30,-100,205,0,0.000,1795.452,1534.926,,,,0.000,0,0,0,0,0,0,1,8.098,11.907,0.547,
30,-100,210,0,0.000,1795.452,1534.926,,,,0.000,0,0,0,0,0,0,2,11.994,11.743,0.462,
30,-100,215,0,0.000,1795.452,1534.926,,,,0.000,0,0,0,0,0,0,0,12.459,10.722,0.492,
30,-100,220,0,10.000,1795.452,1534.926,1795.096,1535.291,0.510,0.000,0,0,0,0,0,0,0,11.323,8.169,0.518,0.000
30,-100,225,0,0.000,1795.452,1534.926,,,,0.000,0,0,0,0,0,1,0,9.156,10.185,0.588,
30,-100,230,0,20.000,1795.452,1534.926,1795.116,1535.279,0.488,0.000,0,0,0,0,0,0,0,14.171,8.698,0.397,0.000
30,-100,235,0,20.000,1795.452,1534.926,1795.122,1535.276,0.481,0.000,0,0,0,0,0,0,0,10.947,14.699,0.306,0.000
30,-100,240,0,10.000,1795.452,1534.926,1795.097,1535.292,0.510,0.000,0,0,0,0,0,1,0,11.101,8.019,0.459,0.000
30,-100,245,0,10.000,1795.452,1534.926,1795.151,1535.260,0.450,0.000,0,0,0,0,0,1,0,8.665,11.508,0.422,0.000
30,-100,250,0,0.000,1795.452,1534.926,,,,0.000,0,0,0,0,0,1,0,10.618,8.909,0.454,
30,-100,255,0,10.000,1795.452,1534.926,1795.094,1535.290,0.510,0.000,0,0,0,0,0,0,0,10.525,8.443,0.558,0.000
30,-100,260,0,10.000,1795.452,1534.926,1795.130,1535.269,0.470,0.000,0,0,0,0,0,1,0,13.042,12.048,0.466,0.000
30,-100,265,0,20.000,1795.452,1534.926,1795.099,1535.280,0.500,0.000,0,0,0,0,0,0,0,11.751,7.563,0.423,0.000
30,-100,270,0,10.000,1795.452,1534.926,1795.099,1535.243,0.474,0.000,0,0,0,0,0,0,0,10.421,9.988,0.473,0.000
30,-100,275,0,20.000,1795.452,1534.926,1795.062,1535.206,0.480,0.000,0,0,0,0,0,2,0,11.861,11.949,0.552,0.000
30,-100,280,0,0.000,1795.452,1534.926,,,,0.000,0,0,0,0,0,2,0,9.542,7.859,0.731,
30,-100,285,0,10.000,1795.452,1534.926,1795.056,1535.212,0.489,0.000,0,0,0,0,0,1,0,10.074,9.565,0.710,0.000
30,-95,-10,0,0.000,1795.452,1534.926,,,,0.000,0,0,0,0,0,0,10,7.178,11.545,0.425,
30,-95,-5,0,0.000,1795.452,1534.926,,,,0.000,0,0,0,0,0,0,10,11.394,5.942,0.539,
30,-95,0,0,0.000,1795.452,1534.926,,,,0.000,0,0,0,0,0,0,10,11.120,12.483,0.429,
30,-95,5,0,0.000,1795.452,1534.926,,,,0.000,0,0,0,0,0,0,10,9.759,11.454,0.479,
30,-95,10,0,0.000,1795.452,1534.926,,,,0.000,0,0,0,0,0,0,10,10.584,12.878,0.425,
30,-95,15,0,0.000,1795.452,1534.926,,,,0.000,0,0,0,0,0,0,10,13.368,9.811,0.462,
30,-95,20,0,0.000,1795.452,1534.926,,,,0.000,0,0,0,0,0,0,10,12.916,10.079,0.522,
30,-95,25,0,0.000,1795.452,1534.926,,,,0.000,0,0,0,0,0,0,10,12.774,10.908,0.702,
30,-95,30,0,0.000,1795.452,1534.926,,,,0.000,0,0,0,0,0,0,10,9.442,11.207,0.624,
30,-95,35,0,0.000,1795.452,1534.926,,,,0.000,0,0,0,0,0,0,10,12.688,7.941,0.626,
30,-95,40,0,0.000,1795.452,1534.926,,,,0.000,0,0,0,0,0,0,10,11.888,9.598,0.572,
30,-95,45,0,0.000,1795.452,1534.926,,,,0.000,0,0,0,0,0,0,10,9.431,13.870,0.522,
30,-95,50,0,0.000,1795.452,1534.926,,,,0.000,0,0,0,0,0,0,10,7.320,12.701,0.579,
30,-95,55,0,0.000,1795.452,1534.926,,,,0.000,0,0,0,0,0,0,10,9.759,6.036,0.669,
30,-95,60,0,0.000,1795.452,1534.926,,,,0.000,0,0,0,0,0,0,10,11.908,10.427,0.669,
30,-95,65,0,0.000,1795.452,1534.926,,,,0.000,0,0,0,0,0,0,10,10.967,14.782,0.569,
30,-95,70,0,0.000,1795.452,1534.926,,,,0.000,0,0,0,0,0,0,10,10.966,12.083,0.500,
30,-95,75,0,0.000,1795.452,1534.926,,,,0.000,0,0,0,0,0,0,10,12.465,6.491,0.540,
30,-95,80,0,0.000,1795.452,1534.926,,,,0.000,0,0,0,0,0,0,10,11.685,9.392,0.498,
30,-95,85,0,0.000,1795.452,1534.926,,,,0.000,0,0,0,0,0,0,10,9.440,10.267,0.593,
30,-95,90,0,0.000,1795.452,1534.926,,,,0.000,0,0,0,0,0,0,10,9.749,12.826,0.659,
30,-95,95,0,0.000,1795.452,1534.926,,,,0.000,0,0,0,0,0,0,10,11.590,10.897,0.450,
30,-95,100,0,0.000,1795.452,1534.926,,,,0.000,0,0,0,0,0,0,10,14.163,13.169,0.410,
30,-95,105,0,0.000,1795.452,1534.926,,,,0.000,0,0,0,0,0,0,10,10.802,10.420,0.512,
30,-95,110,0,0.000,1795.452,1534.926,,,,0.000,0,0,0,0,0,0,10,12.320,9.793,0.399,
30,-95,115,0,0.000,1795.452,1534.926,,,,0.000,0,0,0,0,0,0,10,10.532,11.395,0.475,
30,-95,120,0,0.000,1795.452,1534.926,,,,0.000,0,0,0,0,0,0,10,9.906,10.179,0.633,
30,-95,125,0,0.000,1795.452,1534.926,,,,0.000,0,0,0,0,0,0,10,9.094,11.190,0.552,
30,-95,130,0,0.000,1795.452,1534.926,,,,0.000,0,0,0,0,0,0,10,10.504,10.934,0.608,
30,-95,135,0,0.000,1795.452,1534.926,,,,0.000,0,0,0,0,0,0,9,11.741,8.080,0.491,
30,-95,140,0,0.000,1795.452,1534.926,,,,0.000,0,0,0,0,0,0,10,10.433,8.278,0.628,
30,-95,145,0,0.000,1795.452,1534.926,,,,0.000,0,0,0,0,0,0,9,10.458,11.147,0.582,
30,-95,150,0,0.000,1795.452,1534.926,,,,0.000,0,0,0,0,0,0,7,11.511,10.453,0.586,
30,-95,155,0,0.000,1795.452,1534.926,,,,0.000,0,0,0,0,0,0,9,10.952,12.929,0.651,
30,-95,160,0,0.000,1795.452,1534.926,,,,0.000,0,0,0,0,0,0,8,8.466,7.328,0.485,
30,-95,165,0,0.000,1795.452,1534.926,,,,0.000,0,0,0,0,0,0,7,8.891,11.419,0.542,
30,-95,170,0,0.000,1795.452,1534.926,,,,0.000,0,0,0,0,0,0,2,10.886,11.022,0.595,
30,-95,175,0,0.000,1795.452,1534.926,,,,0.000,0,0,0,0,0,0,4,12.818,14.710,0.438,
30,-95,180,0,0.000,1795.452,1534.926,,,,0.000,0,0,0,0,0,1,4,13.295,10.893,0.547,
30,-95,185,0,0.000,1795.452,1534.926,,,,0.000,0,0,0,0,0,0,4,12.019,11.154,0.733,
30,-95,190,0,0.000,1795.452,1534.926,,,,0.000,0,0,0,0,0,0,3,11.768,14.381,0.494,
30,-95,195,0,0.000,1795.452,1534.926,,,,0.000,0,0,0,0,0,1,0,10.241,8.074,0.538,
30,-95,200,0,0.000,1795.452,1534.926,,,,0.000,0,0,0,0,0,0,2,13.514,7.531,0.572,
30,-95,205,0,0.000,1795.452,1534.926,,,,0.000,0,0,0,0,0,0,0,10.212,8.535,0.557,
30,-95,210,0,0.000,1795.452,1534.926,,,,0.000,0,0,0,0,0,0,2,11.931,13.455,0.583,
30,-95,215,0,0.000,1795.452,1534.926,,,,0.000,0,0,0,0,0,0,0,9.033,11.718,0.517,
30,-95,220,0,0.000,1795.452,1534.926,,,,0.000,0,0,0,0,0,1,0,11.115,11.142,0.414,
30,-95,225,0,0.000,1795.452,1534.926,,,,0.000,0,0,0,0,0,1,0,10.087,13.342,0.501,
30,-95,230,0,0.000,1795.452,1534.926,,,,0.000,0,0,0,0,0,2,0,10.323,8.111,0.513,
30,-95,235,0,0.000,1795.452,1534.926,,,,0.000,0,0,0,0,0,0,0,7.795,11.820,0.575,
30,-95,240,0,0.000,1795.452,1534.926,,,,0.000,0,0,0,0,0,1,0,11.166,13.080,0.523,
30,-95,245,0,0.000,1795.452,1534.926,,,,0.000,0,0,0,0,0,0,0,11.114,8.321,0.613,
30,-95,250,0,0.000,1795.452,1534.926,,,,0.000,0,0,0,0,0,1,0,11.998,9.981,0.512,
30,-95,255,0,30.000,1795.452,1534.926,1795.117,1535.279,0.487,0.000,0,0,0,0,0,0,0,10.753,11.107,0.411,0.000
30,-95,260,0,10.000,1795.452,1534.926,1795.106,1535.179,0.428,0.000,0,0,0,0,0,0,0,8.737,12.010,0.597,0.000
30,-95,265,0,0.000,1795.452,1534.926,,,,0.000,0,0,0,0,0,0,0,10.447,11.777,0.682,
30,-95,270,0,10.000,1795.452,1534.926,1795.103,1535.256,0.481,0.000,0,0,0,1,0,0,0,12.825,11.851,0.564,0.000
30,-95,275,0,0.000,1795.452,1534.926,,,,0.000,0,0,0,0,0,2,0,11.330,11.609,0.635,
30,-95,280,0,10.000,1795.452,1534.926,1795.089,1535.243,0.482,0.000,0,0,0,0,0,2,0,12.501,12.222,0.552,0.000
30,-95,285,0,10.000,1795.452,1534.926,1795.073,1535.224,0.482,0.000,0,0,0,0,0,3,0,13.316,10.832,0.444,0.000
30,-90,-10,0,0.000,1795.452,1534.926,,,,0.000,0,0,0,0,0,0,10,13.828,10.703,0.490,
30,-90,-5,0,0.000,1795.452,1534.926,,,,0.000,0,0,0,0,0,0,10,8.550,9.879,0.526,
30,-90,0,0,0.000,1795.452,1534.926,,,,0.000,0,0,0,0,0,0,10,11.659,10.908,0.527,
30,-90,5,0,0.000,1795.452,1534.926,,,,0.000,0,0,0,0,0,0,10,11.750,7.952,0.528,
30,-90,10,0,0.000,1795.452,1534.926,,,,0.000,0,0,0,0,0,0,10,11.150,10.658,0.672,
30,-90,15,0,0.000,1795.452,1534.926,,,,0.000,0,0,0,0,0,0,10,10.973,9.036,0.485,
30,-90,20,0,0.000,1795.452,1534.926,,,,0.000,0,0,0,0,0,0,10,7.956,11.570,0.577,
30,-90,25,0,0.000,1795.452,1534.926,,,,0.000,0,0,0,0,0,0,10,8.482,9.401,0.412,
30,-90,30,0,0.000,1795.452,1534.926,,,,0.000,0,0,0,0,0,0,10,12.246,10.744,0.491,
30,-90,35,0,0.000,1795.452,1534.926,,,,0.000,0,0,0,0,0,0,10,11.436,9.204,0.530,
30,-90,40,0,0.000,1795.452,1534.926,,,,0.000,0,0,0,0,0,0,10,10.659,9.160,0.526,
30,-90,45,0,0.000,1795.452,1534.926,,,,0.000,0,0,0,0,0,0,10,8.875,12.259,0.594,
30,-90,50,0,0.000,1795.452,1534.926,,,,0.000,0,0,0,0,0,0,10,11.852,11.147,0.503,
30,-90,55,0,0.000,1795.452,1534.926,,,,0.000,0,0,0,0,0,0,10,12.780,11.317,0.484,
30,-90,60,0,0.000,1795.452,1534.926,,,,0.000,0,0,0,0,0,0,10,10.344,10.961,0.472,
30,-90,65,0,0.000,1795.452,1534.926,,,,0.000,0,0,0,0,0,0,10,10.500,13.077,0.685,
30,-90,70,0,0.000,1795.452,1534.926,,,,0.000,0,0,0,0,0,0,10,8.170,7.662,0.475,
30,-90,75,0,0.000,1795.452,1534.926,,,,0.000,0,0,0,0,0,0,10,9.639,13.039,0.470,
30,-90,80,0,0.000,1795.452,1534.926,,,,0.000,0,0,0,0,0,0,10,12.050,10.367,0.574,
30,-90,85,0,0.000,1795.452,1534.926,,,,0.000,0,0,0,0,0,0,10,11.599,13.097,0.528,
30,-90,90,0,0.000,1795.452,1534.926,,,,0.000,0,0,0,0,0,0,10,6.767,11.320,0.683,
30,-90,95,0,0.000,1795.452,1534.926,,,,0.000,0,0,0,0,0,0,10,11.896,10.768,0.500,
30,-90,100,0,0.000,1795.452,1534.926,,,,0.000,0,0,0,0,0,0,10,8.662,8.033,0.676,
30,-90,105,0,0.000,1795.452,1534.926,,,,0.000,0,0,0,0,0,0,10,6.922,10.922,0.392,
30,-90,110,0,0.000,1795.452,1534.926,,,,0.000,0,0,0,0,0,0,10,12.981,10.106,0.600,
30,-90,115,0,0.000,1795.452,1534.926,,,,0.000,0,0,0,0,0,0,10,8.845,9.904,0.518,
30,-90,120,0,0.000,1795.452,1534.926,,,,0.000,0,0,0,0,0,0,10,7.636,7.469,0.378,
30,-90,125,0,0.000,1795.452,1534.926,,,,0.000,0,0,0,0,0,0,9,9.140,10.461,0.677,
30,-90,130,0,0.000,1795.452,1534.926,,,,0.000,0,0,0,0,0,0,9,7.091,11.521,0.537,
30,-90,135,0,0.000,1795.452,1534.926,,,,0.000,0,0,0,0,0,0,8,11.255,8.750,0.513,
30,-90,140,0,0.000,1795.452,1534.926,,,,0.000,0,0,0,0,0,0,6,12.189,12.956,0.360,
30,-90,145,0,0.000,1795.452,1534.926,,,,0.000,0,0,0,0,0,0,8,9.450,10.029,0.672,
30,-90,150,0,0.000,1795.452,1534.926,,,,0.000,0,0,0,0,0,0,5,8.194,12.114,0.554,
30,-90,155,0,0.000,1795.452,1534.926,,,,0.000,0,0,0,0,0,0,6,11.996,6.925,0.396,
30,-90,160,0,0.000,1795.452,1534.926,,,,0.000,0,0,0,0,0,1,4,12.351,9.469,0.668,
30,-90,165,0,0.000,1795.452,1534.926,,,,0.000,0,0,0,0,0,0,5,11.332,10.992,0.465,
30,-90,170,0,0.000,1795.452,1534.926,,,,0.000,0,0,0,0,0,1,5,13.352,8.100,0.742,
30,-90,175,0,0.000,1795.452,1534.926,,,,0.000,0,0,0,0,0,1,2,11.396,12.983,0.626,
30,-90,180,0,0.000,1795.452,1534.926,,,,0.000,0,0,0,0,0,0,2,12.174,11.528,0.492,
30,-90,185,0,0.000,1795.452,1534.926,,,,0.000,0,0,0,0,0,0,3,11.139,11.328,0.620,
30,-90,190,0,0.000,1795.452,1534.926,,,,0.000,0,0,0,0,0,0,1,13.154,12.477,0.564,
30,-90,195,0,0.000,1795.452,1534.926,,,,0.000,0,0,0,0,0,0,1,9.917,13.299,0.598,
30,-90,200,0,0.000,1795.452,1534.926,,,,0.000,0,0,0,0,0,1,0,13.583,10.598,0.350,
30,-90,205,0,10.000,1795.452,1534.926,1795.108,1535.285,0.497,0.000,0,0,0,0,0,0,1,8.297,12.427,0.624,0.000
30,-90,210,0,0.000,1795.452,1534.926,,,,0.000,0,0,0,0,0,0,0,8.845,12.262,0.657,
30,-90,215,0,10.000,1795.452,1534.926,1795.102,1535.289,0.505,0.000,0,0,0,0,0,0,0,12.049,9.397,0.564,0.000
30,-90,220,0,0.000,1795.452,1534.926,,,,0.000,0,0,0,0,0,0,0,11.320,11.947,0.599,
30,-90,225,0,20.000,1795.452,1534.926,1795.083,1535.244,0.488,0.000,0,0,0,0,0,0,0,9.271,10.085,0.546,0.000
30,-90,230,0,30.000,1795.452,1534.926,1795.134,1535.270,0.468,0.000,0,0,0,0,0,2,0,7.158,11.537,0.414,0.000
30,-90,235,0,10.000,1795.452,1534.926,1795.137,1535.265,0.463,0.000,0,0,0,0,0,0,0,9.933,15.069,0.567,0.000
30,-90,240,0,0.000,1795.452,1534.926,,,,0.000,0,0,0,0,0,2,0,11.629,10.345,0.477,
30,-90,245,0,10.000,1795.452,1534.926,1795.149,1535.262,0.452,0.000,0,0,0,0,0,2,0,9.463,8.295,0.549,0.000
30,-90,250,0,30.000,1795.452,1534.926,1795.116,1535.280,0.488,0.000,0,0,0,0,0,1,0,12.613,11.403,0.600,0.000
30,-90,255,0,0.000,1795.452,1534.926,,,,0.000,0,0,0,0,0,1,0,5.860,12.157,0.509,
30,-90,260,0,10.000,1795.452,1534.926,1795.069,1535.249,0.501,0.000,0,0,0,0,0,1,0,8.813,6.803,0.648,0.000
30,-90,265,0,20.000,1795.452,1534.926,1795.059,1535.227,0.495,0.000,0,0,0,0,0,0,0,10.881,9.761,0.557,0.000
30,-90,270,0,0.000,1795.452,1534.926,,,,0.000,0,0,0,0,0,5,0,12.526,10.482,0.516,
30,-90,275,0,30.000,1795.452,1534.926,1795.072,1535.239,0.492,0.000,0,0,0,0,0,2,0,7.146,12.514,0.544,0.000
30,-90,280,0,20.000,1795.452,1534.926,1795.105,1535.287,0.501,0.000,0,0,0,0,0,2,0,10.512,10.330,0.623,0.000
30,-90,285,0,20.000,1795.452,1534.926,1795.124,1535.274,0.478,0.000,0,0,0,0,0,3,0,14.458,12.578,0.493,0.000
30,-85,-10,0,0.000,1795.452,1534.926,,,,0.000,0,0,0,0,0,0,10,12.694,11.044,0.633,
30,-85,-5,0,0.000,1795.452,1534.926,,,,0.000,0,0,0,0,0,0,10,9.776,12.594,0.524,
30,-85,0,0,0.000,1795.452,1534.926,,,,0.000,0,0,0,0,0,0,10,8.524,9.288,0.610,
30,-85,5,0,0.000,1795.452,1534.926,,,,0.000,0,0,0,0,0,0,10,10.911,10.242,0.618,
30,-85,10,0,0.000,1795.452,1534.926,,,,0.000,0,0,0,0,0,0,10,8.700,11.673,0.426,
30,-85,15,0,0.000,1795.452,1534.926,,,,0.000,0,0,0,0,0,0,10,9.618,10.849,0.578,
30,-85,20,0,0.000,1795.452,1534.926,,,,0.000,0,0,0,0,0,0,10,9.233,10.332,0.542,
30,-85,25,0,0.000,1795.452,1534.926,,,,0.000,0,0,0,0,0,0,10,10.514,10.044,0.586,
30,-85,30,0,0.000,1795.452,1534.926,,,,0.000,0,0,0,0,0,0,10,12.350,10.381,0.377,
30,-85,35,0,0.000,1795.452,1534.926,,,,0.000,0,0,0,0,0,0,10,10.282,7.287,0.584,
30,-85,40,0,0.000,1795.452,1534.926,,,,0.000,0,0,0,0,0,0,10,6.018,9.891,0.526,
30,-85,45,0,0.000,1795.452,1534.926,,,,0.000,0,0,0,0,0,0,10,9.992,9.371,0.530,
30,-85,50,0,0.000,1795.452,1534.926,,,,0.000,0,0,0,0,0,0,10,13.109,12.601,0.474,
30,-85,55,0,0.000,1795.452,1534.926,,,,0.000,0,0,0,0,0,0,10,10.770,11.109,0.558,
30,-85,60,0,0.000,1795.452,1534.926,,,,0.000,0,0,0,0,0,0,10,7.574,12.059,0.698,
30,-85,65,0,0.000,1795.452,1534.926,,,,0.000,0,0,0,0,0,0,10,12.392,7.684,0.510,
30,-85,70,0,0.000,1795.452,1534.926,,,,0.000,0,0,0,0,0,0,10,11.223,9.945,0.447,
30,-85,75,0,0.000,1795.452,1534.926,,,,0.000,0,0,0,0,0,0,10,9.561,9.117,0.628,
30,-85,80,0,0.000,1795.452,1534.926,,,,0.000,0,0,0,0,0,0,10,12.043,11.111,0.579,
30,-85,85,0,0.000,1795.452,1534.926,,,,0.000,0,0,0,0,0,0,10,12.249,9.711,0.363,
30,-85,90,0,0.000,1795.452,1534.926,,,,0.000,0,0,0,0,0,0,10,14.070,11.454,0.594,
30,-85,95,0,0.000,1795.452,1534.926,,,,0.000,0,0,0,0,0,0,10,10.042,9.115,0.492,
30,-85,100,0,0.000,1795.452,1534.926,,,,0.000,0,0,0,0,0,0,10,13.298,9.561,0.594,
30,-85,105,0,0.000,1795.452,1534.926,,,,0.000,0,0,0,0,0,0,10,5.891,12.993,0.497,
30,-85,110,0,0.000,1795.452,1534.926,,,,0.000,0,0,0,0,0,0,9,11.903,11.389,0.534,
30,-85,115,0,0.000,1795.452,1534.926,,,,0.000,0,0,0,0,0,0,10,9.249,12.342,0.515,
30,-85,120,0,0.000,1795.452,1534.926,,,,0.000,0,0,0,0,0,0,9,11.274,9.331,0.426,
30,-85,125,0,0.000,1795.452,1534.926,,,,0.000,0,0,0,0,0,0,7,9.236,11.952,0.534,
30,-85,130,0,0.000,1795.452,1534.926,,,,0.000,0,0,0,0,0,0,9,10.838,11.413,0.590,
30,-85,135,0,0.000,1795.452,1534.926,,,,0.000,0,0,0,0,0,0,6,11.966,10.217,0.496,
30,-85,140,0,0.000,1795.452,1534.926,,,,0.000,0,0,0,0,0,0,7,6.548,12.502,0.560,
30,-85,145,0,0.000,1795.452,1534.926,,,,0.000,0,0,0,0,0,0,4,10.330,13.690,0.520,
30,-85,150,0,10.000,1795.452,1534.926,1795.093,1535.283,0.506,0.000,0,0,0,0,0,0,4,8.219,10.137,0.498,0.000
30,-85,155,0,0.000,1795.452,1534.926,,,,0.000,0,0,0,0,0,0,5,10.308,12.056,0.484,
30,-85,160,0,0.000,1795.452,1534.926,,,,0.000,0,0,0,0,0,0,5,9.744,12.877,0.499,
30,-85,165,0,0.000,1795.452,1534.926,,,,0.000,0,0,0,0,0,0,1,9.297,12.943,0.467,
30,-85,170,0,0.000,1795.452,1534.926,,,,0.000,0,0,0,0,0,0,1,12.514,10.376,0.512,
30,-85,175,0,0.000,1795.452,1534.926,,,,0.000,0,0,0,0,0,0,1,12.211,9.715,0.564,
30,-85,180,0,10.000,1795.452,1534.926,1795.177,1535.246,0.422,0.000,0,0,0,0,0,1,1,10.789,9.363,0.538,0.000
30,-85,185,0,0.000,1795.452,1534.926,,,,0.000,0,0,0,0,0,0,3,8.259,11.170,0.666,
30,-85,190,0,0.000,1795.452,1534.926,,,,0.000,0,0,0,0,0,0,0,10.099,10.314,0.444,
30,-85,195,0,0.000,1795.452,1534.926,,,,0.000,0,0,0,0,0,1,0,12.746,11.169,0.630,
30,-85,200,0,0.000,1795.452,1534.926,,,,0.000,0,0,0,0,0,1,0,10.598,8.677,0.481,
30,-85,205,0,0.000,1795.452,1534.926,,,,0.000,0,0,0,0,0,1,0,12.798,12.882,0.645,
30,-85,210,0,0.000,1795.452,1534.926,,,,0.000,0,0,0,0,0,0,0,11.028,14.020,0.647,
30,-85,215,0,0.000,1795.452,1534.926,,,,0.000,0,0,0,0,0,0,0,9.198,8.330,0.519,
30,-85,220,0,0.000,1795.452,1534.926,,,,0.000,0,0,0,0,0,1,0,9.373,12.423,0.568,
30,-85,225,0,20.000,1795.452,1534.926,1795.114,1535.229,0.455,0.000,0,0,0,0,0,0,0,13.780,9.935,0.594,0.000
30,-85,230,0,0.000,1795.452,1534.926,,,,0.000,0,0,0,0,0,1,0,11.049,11.200,0.516,
30,-85,235,0,10.000,1795.452,1534.926,1795.106,1535.272,0.490,0.000,0,0,0,0,0,1,0,7.848,7.949,0.644,0.000
30,-85,240,0,20.000,1795.452,1534.926,1795.103,1535.288,0.503,0.000,0,0,0,0,0,2,0,10.543,8.081,0.527,0.000
30,-85,245,0,20.000,1795.452,1534.926,1795.102,1535.289,0.505,0.000,0,0,0,0,0,2,0,10.868,10.247,0.471,0.000
30,-85,250,0,10.000,1795.452,1534.926,1795.088,1535.262,0.496,0.000,0,0,0,0,0,3,0,13.654,8.408,0.585,0.000
30,-85,255,0,30.000,1795.452,1534.926,1795.114,1535.273,0.485,0.000,0,0,0,0,0,1,0,9.492,9.671,0.505,0.000
30,-85,260,0,20.000,1795.452,1534.926,1795.083,1535.257,0.496,0.000,0,0,0,0,0,3,0,13.554,12.265,0.539,0.000
30,-85,265,0,20.000,1795.452,1534.926,1795.088,1535.254,0.490,0.000,0,0,0,0,0,3,0,11.678,10.713,0.545,0.000
30,-85,270,0,40.000,1795.452,1534.926,1795.095,1535.269,0.495,0.000,0,0,0,0,0,5,0,11.654,12.153,0.392,0.000
30,-85,275,0,40.000,1795.452,1534.926,1795.107,1535.265,0.484,0.000,0,0,0,0,0,2,0,13.994,10.170,0.506,0.000
30,-85,280,0,20.000,1795.452,1534.926,1795.078,1535.217,0.474,0.000,0,0,0,0,0,3,0,9.886,13.009,0.452,0.000
30,-85,285,0,30.000,1795.452,1534.926,1795.099,1535.251,0.481,0.000,0,0,0,0,0,4,0,12.137,8.978,0.674,0.000
30,-80,-10,0,0.000,1795.452,1534.926,,,,0.000,0,0,0,0,0,0,10,9.569,9.528,0.632,
30,-80,-5,0,0.000,1795.452,1534.926,,,,0.000,0,0,0,0,0,0,10,12.219,14.764,0.450,
30,-80,0,0,0.000,1795.452,1534.926,,,,0.000,0,0,0,0,0,0,10,12.574,12.366,0.531,
30,-80,5,0,0.000,1795.452,1534.926,,,,0.000,0,0,0,0,0,0,10,10.657,10.871,0.625,
30,-80,10,0,0.000,1795.452,1534.926,,,,0.000,0,0,0,0,0,0,10,11.382,8.994,0.522,
30,-80,15,0,0.000,1795.452,1534.926,,,,0.000,0,0,0,0,0,0,10,9.825,11.591,0.453,
30,-80,20,0,0.000,1795.452,1534.926,,,,0.000,0,0,0,0,0,0,10,10.174,11.169,0.512,
30,-80,25,0,0.000,1795.452,1534.926,,,,0.000,0,0,0,0,0,0,10,7.190,10.026,0.436,
30,-80,30,0,0.000,1795.452,1534.926,,,,0.000,0,0,0,0,0,0,10,9.920,8.950,0.486,
30,-80,35,0,0.000,1795.452,1534.926,,,,0.000,0,0,0,0,0,0,10,8.190,11.761,0.536,
30,-80,40,0,0.000,1795.452,1534.926,,,,0.000,0,0,0,0,0,0,10,12.951,9.311,0.607,
30,-80,45,0,0.000,1795.452,1534.926,,,,0.000,0,0,0,0,0,0,10,12.367,10.159,0.551,
30,-80,50,0,0.000,1795.452,1534.926,,,,0.000,0,0,0,0,0,0,10,9.217,12.151,0.602,
30,-80,55,0,0.000,1795.452,1534.926,,,,0.000,0,0,0,0,0,0,10,9.931,9.989,0.512,
30,-80,60,0,0.000,1795.452,1534.926,,,,0.000,0,0,0,0,0,0,10,14.170,9.567,0.523,
30,-80,65,0,0.000,1795.452,1534.926,,,,0.000,0,0,0,0,0,0,10,12.625,11.517,0.373,
30,-80,70,0,0.000,1795.452,1534.926,,,,0.000,0,0,0,0,0,0,10,11.815,9.208,0.592,
30,-80,75,0,0.000,1795.452,1534.926,,,,0.000,0,0,0,0,0,0,10,11.877,12.714,0.549,
30,-80,80,0,0.000,1795.452,1534.926,,,,0.000,0,0,0,0,0,0,10,10.057,9.815,0.543,
30,-80,85,0,0.000,1795.452,1534.926,,,,0.000,0,0,0,0,0,0,10,13.096,8.841,0.605,
30,-80,90,0,0.000,1795.452,1534.926,,,,0.000,0,0,0,0,0,0,10,10.452,11.536,0.541,
30,-80,95,0,0.000,1795.452,1534.926,,,,0.000,0,0,0,0,0,0,10,12.013,10.571,0.604,
30,-80,100,0,0.000,1795.452,1534.926,,,,0.000,0,0,0,0,0,0,10,12.201,9.794,0.514,
30,-80,105,0,0.000,1795.452,1534.926,,,,0.000,0,0,0,0,0,0,9,12.598,12.579,0.627,
30,-80,110,0,0.000,1795.452,1534.926,,,,0.000,0,0,0,0,0,0,10,9.256,11.090,0.418,
30,-80,115,0,0.000,1795.452,1534.926,,,,0.000,0,0,0,0,0,0,8,9.883,8.602,0.436,
30,-80,120,0,0.000,1795.452,1534.926,,,,0.000,0,0,0,0,0,0,8,9.867,9.711,0.693,
30,-80,125,0,0.000,1795.452,1534.926,,,,0.000,0,0,0,0,0,0,8,6.883,12.292,0.558,
30,-80,130,0,0.000,1795.452,1534.926,,,,0.000,0,0,0,0,0,0,6,9.872,11.421,0.578,
30,-80,135,0,0.000,1795.452,1534.926,,,,0.000,0,0,0,0,0,0,8,8.508,13.076,0.572,
30,-80,140,0,10.000,1795.452,1534.926,1795.173,1535.248,0.426,0.000,0,0,0,0,0,0,4,10.235,10.202,0.356,0.000
30,-80,145,0,0.000,1795.452,1534.926,,,,0.000,0,0,0,0,0,0,3,9.092,10.342,0.490,
30,-80,150,0,0.000,1795.452,1534.926,,,,0.000,0,0,0,0,0,0,1,8.413,10.811,0.405,
30,-80,155,0,0.000,1795.452,1534.926,,,,0.000,0,0,0,0,0,0,2,8.823,10.363,0.581,
30,-80,160,0,0.000,1795.452,1534.926,,,,0.000,0,0,0,0,0,0,4,9.986,10.865,0.650,
30,-80,165,0,0.000,1795.452,1534.926,,,,0.000,0,0,0,0,0,1,1,10.863,12.269,0.437,
30,-80,170,0,10.000,1795.452,1534.926,1795.106,1535.286,0.500,0.000,0,0,0,0,0,1,1,9.443,12.847,0.489,0.000
30,-80,175,0,0.000,1795.452,1534.926,,,,0.000,0,0,0,0,0,0,1,12.258,12.246,0.366,
30,-80,180,0,0.000,1795.452,1534.926,,,,0.000,0,0,0,0,0,0,1,12.373,11.525,0.453,
30,-80,185,0,0.000,1795.452,1534.926,,,,0.000,0,0,0,0,0,0,0,9.315,9.377,0.548,
30,-80,190,0,0.000,1795.452,1534.926,,,,0.000,0,0,0,0,0,0,1,12.551,10.460,0.662,
30,-80,195,0,0.000,1795.452,1534.926,,,,0.000,0,0,0,0,0,1,0,10.257,11.476,0.496,
30,-80,200,0,0.000,1795.452,1534.926,,,,0.000,0,0,0,0,0,0,0,10.384,11.718,0.444,
30,-80,205,0,0.000,1795.452,1534.926,,,,0.000,0,0,0,0,0,1,0,10.988,12.744,0.489,
30,-80,210,0,0.000,1795.452,1534.926,,,,0.000,0,0,0,0,0,1,0,10.100,13.267,0.535,
30,-80,215,0,10.000,1795.452,1534.926,1795.112,1535.282,0.493,0.000,0,0,0,0,0,0,0,10.247,11.422,0.425,0.000
30,-80,220,0,0.000,1795.452,1534.926,,,,0.000,0,0,0,0,0,0,0,13.936,12.273,0.657,
30,-80,225,0,20.000,1795.452,1534.926,1795.146,1535.260,0.453,0.000,0,0,0,0,0,1,0,10.697,12.807,0.554,0.000
30,-80,230,0,10.000,1795.452,1534.926,1795.060,1535.230,0.497,0.000,0,0,0,0,0,2,0,12.802,10.331,0.534,0.000
30,-80,235,0,0.000,1795.452,1534.926,,,,0.000,0,0,0,0,0,3,0,13.270,9.372,0.363,
30,-80,240,0,30.000,1795.452,1534.926,1795.096,1535.260,0.488,0.000,0,0,0,0,0,1,0,6.842,10.128,0.666,0.000
30,-80,245,0,10.000,1795.452,1534.926,1795.111,1535.283,0.494,0.000,0,0,0,0,0,3,0,10.087,12.056,0.584,0.000
30,-80,250,0,0.000,1795.452,1534.926,,,,0.000,0,0,0,0,0,6,0,11.610,11.471,0.504,
30,-80,255,0,10.000,1795.452,1534.926,1795.100,1535.290,0.507,0.000,0,0,0,0,0,1,0,11.901,11.382,0.671,0.000
30,-80,260,0,10.000,1795.452,1534.926,1795.157,1535.256,0.443,0.000,0,0,0,0,0,5,0,14.049,10.602,0.496,0.000
30,-80,265,0,20.000,1795.452,1534.926,1795.116,1535.269,0.481,0.000,0,0,0,0,0,3,0,11.176,11.959,0.621,0.000
30,-80,270,0,0.000,1795.452,1534.926,,,,0.000,0,0,0,0,0,4,0,9.597,9.504,0.462,
30,-80,275,0,70.000,1795.452,1534.926,1795.100,1535.259,0.485,0.000,0,0,0,0,0,1,0,12.195,13.337,0.576,0.000
30,-80,280,0,50.000,1795.452,1534.926,1795.113,1535.254,0.472,0.000,0,0,0,0,0,3,0,10.778,9.953,0.558,0.000
30,-80,285,0,30.000,1795.452,1534.926,1795.098,1535.252,0.482,0.000,0,0,0,0,0,3,0,10.913,4.534,0.610,0.000
30,-75,-10,0,0.000,1795.452,1534.926,,,,0.000,0,0,0,0,0,0,10,9.224,9.915,0.696,
30,-75,-5,0,0.000,1795.452,1534.926,,,,0.000,0,0,0,0,0,0,10,11.982,11.832,0.491,
30,-75,0,0,0.000,1795.452,1534.926,,,,0.000,0,0,0,0,0,0,10,11.176,12.462,0.564,
30,-75,5,0,0.000,1795.452,1534.926,,,,0.000,0,0,0,0,0,0,10,10.730,10.161,0.516,
30,-75,10,0,0.000,1795.452,1534.926,,,,0.000,0,0,0,0,0,0,10,14.148,7.612,0.590,
30,-75,15,0,0.000,1795.452,1534.926,,,,0.000,0,0,0,0,0,0,10,10.654,10.284,0.590,
30,-75,20,0,0.000,1795.452,1534.926,,,,0.000,0,0,0,0,0,0,10,10.175,10.544,0.459,
30,-75,25,0,0.000,1795.452,1534.926,,,,0.000,0,0,0,0,0,0,10,12.968,11.409,0.482,
30,-75,30,0,0.000,1795.452,1534.926,,,,0.000,0,0,0,0,0,0,10,10.364,7.463,0.609,
30,-75,35,0,0.000,1795.452,1534.926,,,,0.000,0,0,0,0,0,0,10,10.859,10.110,0.544,
30,-75,40,0,0.000,1795.452,1534.926,,,,0.000,0,0,0,0,0,0,10,11.657,13.393,0.563,
30,-75,45,0,0.000,1795.452,1534.926,,,,0.000,0,0,0,0,0,0,10,9.464,12.623,0.525,
30,-75,50,0,0.000,1795.452,1534.926,,,,0.000,0,0,0,0,0,0,10,12.723,11.258,0.578,
30,-75,55,0,0.000,1795.452,1534.926,,,,0.000,0,0,0,0,0,0,10,8.320,12.139,0.649,
30,-75,60,0,0.000,1795.452,1534.926,,,,0.000,0,0,0,0,0,0,10,13.824,10.959,0.566,
30,-75,65,0,0.000,1795.452,1534.926,,,,0.000,0,0,0,0,0,0,10,10.555,10.811,0.529,
30,-75,70,0,0.000,1795.452,1534.926,,,,0.000,0,0,0,0,0,0,10,7.715,10.245,0.615,
30,-75,75,0,0.000,1795.452,1534.926,,,,0.000,0,0,0,0,0,0,10,9.611,11.176,0.445,
30,-75,80,0,0.000,1795.452,1534.926,,,,0.000,0,0,0,0,0,0,10,8.852,11.876,0.643,
30,-75,85,0,0.000,1795.452,1534.926,,,,0.000,0,0,0,0,0,0,10,11.033,10.989,0.523,
30,-75,90,0,0.000,1795.452,1534.926,,,,0.000,0,0,0,0,0,0,10,11.283,11.641,0.582,
30,-75,95,0,0.000,1795.452,1534.926,,,,0.000,0,0,0,0,0,0,10,11.680,9.523,0.533,
30,-75,100,0,0.000,1795.452,1534.926,,,,0.000,0,0,0,0,0,0,10,11.221,12.740,0.607,
30,-75,105,0,0.000,1795.452,1534.926,,,,0.000,0,0,0,0,0,0,10,10.545,11.338,0.583,
30,-75,110,0,0.000,1795.452,1534.926,,,,0.000,0,0,0,0,0,0,8,14.518,11.730,0.364,
30,-75,115,0,0.000,1795.452,1534.926,,,,0.000,0,0,0,0,0,0,9,11.346,9.921,0.608,
30,-75,120,0,0.000,1795.452,1534.926,,,,0.000,0,0,0,0,0,0,8,12.644,8.427,0.525,
30,-75,125,0,0.000,1795.452,1534.926,,,,0.000,0,0,0,0,0,0,5,11.018,8.857,0.476,
30,-75,130,0,0.000,1795.452,1534.926,,,,0.000,0,0,0,0,0,0,5,16.118,11.882,0.506,
30,-75,135,0,0.000,1795.452,1534.926,,,,0.000,0,0,0,0,0,1,3,7.105,12.819,0.557,
30,-75,140,0,10.000,1795.452,1534.926,1795.103,1535.288,0.503,0.000,0,0,0,0,0,0,4,11.494,12.550,0.485,0.000
30,-75,145,0,0.000,1795.452,1534.926,,,,0.000,0,0,0,0,0,1,4,14.366,8.061,0.549,
30,-75,150,0,0.000,1795.452,1534.926,,,,0.000,0,0,0,0,0,0,2,8.794,12.142,0.723,
30,-75,155,0,0.000,1795.452,1534.926,,,,0.000,0,0,0,0,0,0,1,8.417,8.598,0.462,
30,-75,160,0,10.000,1795.452,1534.926,1795.116,1535.279,0.488,0.000,0,0,0,0,0,1,1,13.185,12.263,0.647,0.000
30,-75,165,0,10.000,1795.452,1534.926,1795.092,1535.274,0.501,0.000,0,0,0,0,0,1,3,12.114,12.510,0.409,0.000
30,-75,170,0,0.000,1795.452,1534.926,,,,0.000,0,0,0,0,0,1,1,13.810,9.344,0.582,
30,-75,175,0,10.000,1795.452,1534.926,1795.115,1535.234,0.457,0.000,0,0,0,0,0,2,0,11.335,12.384,0.434,0.000
30,-75,180,0,0.000,1795.452,1534.926,,,,0.000,0,0,0,0,0,1,0,10.275,10.505,0.411,
30,-75,185,0,10.000,1795.452,1534.926,1795.098,1535.292,0.509,0.000,0,0,0,0,0,2,0,10.291,9.414,0.542,0.000
30,-75,190,0,20.000,1795.452,1534.926,1795.112,1535.282,0.493,0.000,0,0,0,0,0,0,0,13.363,12.658,0.474,0.000
30,-75,195,0,20.000,1795.452,1534.926,1795.057,1535.225,0.495,0.000,0,0,0,0,0,0,0,12.856,10.411,0.620,0.000
30,-75,200,0,0.000,1795.452,1534.926,,,,0.000,0,0,0,0,0,0,0,7.209,11.516,0.661,
30,-75,205,0,10.000,1795.452,1534.926,1795.106,1535.281,0.495,0.000,0,0,0,0,0,3,0,10.519,12.071,0.484,0.000
30,-75,210,0,30.000,1795.452,1534.926,1795.109,1535.259,0.478,0.000,0,0,0,0,0,0,0,14.678,11.395,0.714,0.000
30,-75,215,0,30.000,1795.452,1534.926,1795.114,1535.272,0.484,0.000,0,0,0,0,0,0,0,11.308,9.986,0.578,0.000
30,-75,220,0,20.000,1795.452,1534.926,1795.118,1535.278,0.486,0.000,0,0,0,0,0,1,0,9.220,12.966,0.340,0.000
30,-75,225,0,30.000,1795.452,1534.926,1795.107,1535.285,0.498,0.000,0,0,0,0,0,0,0,10.380,12.594,0.474,0.000
30,-75,230,0,20.000,1795.452,1534.926,1795.111,1535.283,0.494,0.000,0,0,0,0,0,2,0,12.315,11.980,0.565,0.000
30,-75,235,0,20.000,1795.452,1534.926,1795.147,1535.258,0.451,0.000,0,0,0,0,0,0,0,13.764,8.625,0.731,0.000
30,-75,240,0,10.000,1795.452,1534.926,1795.127,1535.272,0.475,0.000,0,0,0,0,0,4,0,11.854,13.593,0.563,0.000
30,-75,245,0,20.000,1795.452,1534.926,1795.116,1535.268,0.479,0.000,0,0,0,0,0,5,0,10.823,10.246,0.622,0.000
30,-75,250,0,30.000,1795.452,1534.926,1795.119,1535.277,0.484,0.000,0,0,0,0,0,2,0,10.993,8.417,0.487,0.000
30,-75,255,0,0.000,1795.452,1534.926,,,,0.000,0,0,0,0,0,2,0,11.047,11.002,0.334,
30,-75,260,0,20.000,1795.452,1534.926,1795.103,1535.268,0.489,0.000,0,0,0,0,0,4,0,12.462,12.506,0.566,0.000
30,-75,265,0,40.000,1795.452,1534.926,1795.117,1535.254,0.469,0.000,0,0,0,0,0,3,0,13.667,11.572,0.486,0.000
30,-75,270,0,30.000,1795.452,1534.926,1795.115,1535.267,0.479,0.000,0,0,0,0,0,3,0,11.905,12.993,0.630,0.000
30,-75,275,0,20.000,1795.452,1534.926,1795.127,1535.272,0.475,0.000,0,0,0,0,0,5,0,10.182,10.383,0.674,0.000
30,-75,280,0,50.000,1795.452,1534.926,1795.110,1535.280,0.492,0.000,0,0,0,0,0,4,0,12.482,10.950,0.588,0.000
30,-75,285,0,40.000,1795.452,1534.926,1795.069,1535.246,0.499,0.000,0,0,0,0,0,3,0,12.069,9.866,0.499,0.000
30,-70,-10,0,0.000,1795.452,1534.926,,,,0.000,0,0,0,0,0,0,10,10.040,10.958,0.481,
30,-70,-5,0,0.000,1795.452,1534.926,,,,0.000,0,0,0,0,0,0,10,11.545,8.819,0.476,
30,-70,0,0,0.000,1795.452,1534.926,,,,0.000,0,0,0,0,0,0,10,12.108,11.631,0.336,
30,-70,5,0,0.000,1795.452,1534.926,,,,0.000,0,0,0,0,0,0,10,10.636,11.314,0.566,
30,-70,10,0,0.000,1795.452,1534.926,,,,0.000,0,0,0,0,0,0,10,10.777,13.364,0.598,
30,-70,15,0,0.000,1795.452,1534.926,,,,0.000,0,0,0,0,0,0,10,10.064,10.331,0.477,
30,-70,20,0,0.000,1795.452,1534.926,,,,0.000,0,0,0,0,0,0,10,9.238,9.906,0.531,
30,-70,25,0,0.000,1795.452,1534.926,,,,0.000,0,0,0,0,0,0,10,11.343,11.399,0.525,
30,-70,30,0,0.000,1795.452,1534.926,,,,0.000,0,0,0,0,0,0,10,10.483,8.123,0.479,
30,-70,35,0,0.000,1795.452,1534.926,,,,0.000,0,0,0,0,0,0,10,14.140,13.102,0.497,
30,-70,40,0,0.000,1795.452,1534.926,,,,0.000,0,0,0,0,0,0,10,10.494,8.823,0.517,
30,-70,45,0,0.000,1795.452,1534.926,,,,0.000,0,0,0,0,0,0,10,12.388,10.708,0.526,
30,-70,50,0,0.000,1795.452,1534.926,,,,0.000,0,0,0,0,0,0,10,11.876,11.939,0.528,
30,-70,55,0,0.000,1795.452,1534.926,,,,0.000,0,0,0,0,0,0,10,7.622,12.687,0.373,
30,-70,60,0,0.000,1795.452,1534.926,,,,0.000,0,0,0,0,0,0,10,12.032,10.280,0.626,
30,-70,65,0,0.000,1795.452,1534.926,,,,0.000,0,0,0,0,0,0,10,10.390,9.654,0.463,
30,-70,70,0,0.000,1795.452,1534.926,,,,0.000,0,0,0,0,0,0,10,12.209,8.030,0.364,
30,-70,75,0,0.000,1795.452,1534.926,,,,0.000,0,0,0,0,0,0,10,14.114,11.254,0.532,
30,-70,80,0,0.000,1795.452,1534.926,,,,0.000,0,0,0,0,0,0,10,10.480,8.107,0.605,
30,-70,85,0,0.000,1795.452,1534.926,,,,0.000,0,0,0,0,0,0,10,10.465,8.537,0.611,
30,-70,90,0,0.000,1795.452,1534.926,,,,0.000,0,0,0,0,0,0,9,11.744,8.523,0.572,
30,-70,95,0,0.000,1795.452,1534.926,,,,0.000,0,0,0,0,0,0,7,13.489,12.206,0.557,
30,-70,100,0,0.000,1795.452,1534.926,,,,0.000,0,0,0,0,0,0,9,13.691,11.014,0.433,
30,-70,105,0,0.000,1795.452,1534.926,,,,0.000,0,0,0,0,0,0,10,9.006,11.876,0.513,
30,-70,110,0,0.000,1795.452,1534.926,,,,0.000,0,0,0,0,0,0,8,9.738,13.760,0.497,
30,-70,115,0,0.000,1795.452,1534.926,,,,0.000,0,0,0,0,0,0,7,8.594,9.534,0.624,
30,-70,120,0,10.000,1795.452,1534.926,1795.111,1535.283,0.494,0.000,0,0,0,0,0,0,3,10.275,8.768,0.389,0.000
30,-70,125,0,0.000,1795.452,1534.926,,,,0.000,0,0,0,0,0,0,5,9.559,12.859,0.514,
30,-70,130,0,0.000,1795.452,1534.926,,,,0.000,0,0,0,0,0,0,8,10.660,11.006,0.563,
30,-70,135,0,0.000,1795.452,1534.926,,,,0.000,0,0,0,0,0,1,3,10.353,11.447,0.449,
30,-70,140,0,10.000,1795.452,1534.926,1795.060,1535.230,0.497,0.000,0,0,0,0,0,0,4,11.214,9.974,0.544,0.000
30,-70,145,0,0.000,1795.452,1534.926,,,,0.000,0,0,0,0,0,0,2,11.047,9.496,0.647,
30,-70,150,0,0.000,1795.452,1534.926,,,,0.000,0,0,0,0,0,0,1,11.151,10.472,0.678,
30,-70,155,0,0.000,1795.452,1534.926,,,,0.000,0,0,0,0,0,0,0,9.771,10.588,0.581,
30,-70,160,0,10.000,1795.452,1534.926,1795.117,1535.279,0.487,0.000,0,0,0,0,0,0,0,10.820,10.956,0.727,0.000
30,-70,165,0,0.000,1795.452,1534.926,,,,0.000,0,0,0,0,0,0,2,12.142,9.667,0.556,
30,-70,170,0,10.000,1795.452,1534.926,1795.151,1535.260,0.450,0.000,0,0,0,0,0,0,0,13.731,7.971,0.441,0.000
30,-70,175,0,0.000,1795.452,1534.926,,,,0.000,0,0,0,0,0,2,0,10.771,10.056,0.649,
30,-70,180,0,0.000,1795.452,1534.926,,,,0.000,0,0,0,0,0,0,0,6.321,10.850,0.599,
30,-70,185,0,20.000,1795.452,1534.926,1795.111,1535.283,0.494,0.000,0,0,0,0,0,0,0,10.070,10.843,0.607,0.000
30,-70,190,0,0.000,1795.452,1534.926,,,,0.000,0,0,0,0,0,3,0,11.027,10.740,0.459,
30,-70,195,0,0.000,1795.452,1534.926,,,,0.000,0,0,0,0,0,0,0,9.499,13.114,0.642,
30,-70,200,0,20.000,1795.452,1534.926,1795.127,1535.273,0.476,0.000,0,0,0,0,0,2,0,7.144,7.398,0.575,0.000
30,-70,205,0,20.000,1795.452,1534.926,1795.116,1535.243,0.462,0.000,0,0,0,0,0,1,0,12.352,4.829,0.438,0.000
30,-70,210,0,30.000,1795.452,1534.926,1795.084,1535.265,0.501,0.000,0,0,0,0,0,1,0,13.782,12.265,0.492,0.000
30,-70,215,0,20.000,1795.452,1534.926,1795.123,1535.244,0.458,0.000,0,0,0,0,0,3,0,10.153,8.485,0.560,0.000
30,-70,220,0,10.000,1795.452,1534.926,1795.114,1535.281,0.490,0.000,0,0,0,0,0,3,0,6.872,11.030,0.472,0.000
30,-70,225,0,10.000,1795.452,1534.926,1795.101,1535.260,0.484,0.000,0,0,0,0,0,1,0,11.941,9.755,0.483,0.000
30,-70,230,0,20.000,1795.452,1534.926,1795.101,1535.289,0.505,0.000,0,0,0,0,0,3,0,9.496,8.000,0.757,0.000
30,-70,235,0,40.000,1795.452,1534.926,1795.117,1535.272,0.482,0.000,0,0,0,0,0,0,0,8.654,11.259,0.508,0.000
30,-70,240,0,40.000,1795.452,1534.926,1795.116,1535.281,0.489,0.000,0,0,0,0,0,1,0,15.957,11.762,0.564,0.000
30,-70,245,0,20.000,1795.452,1534.926,1795.083,1535.269,0.504,0.000,0,0,0,0,0,4,0,11.221,11.797,0.436,0.000
30,-70,250,0,40.000,1795.452,1534.926,1795.107,1535.266,0.485,0.000,0,0,0,0,0,4,0,9.694,11.380,0.545,0.000
30,-70,255,0,40.000,1795.452,1534.926,1795.100,1535.243,0.474,0.000,0,0,0,0,0,4,0,12.006,10.225,0.575,0.000
30,-70,260,0,50.000,1795.452,1534.926,1795.110,1535.263,0.480,0.000,0,0,0,0,0,3,0,12.607,9.643,0.543,0.000
30,-70,265,0,50.000,1795.452,1534.926,1795.113,1535.264,0.478,0.000,0,0,0,0,0,4,0,10.604,13.032,0.441,0.000
30,-70,270,0,20.000,1795.452,1534.926,1795.130,1535.270,0.472,0.000,0,0,0,0,0,3,0,13.725,12.849,0.513,0.000
30,-70,275,0,30.000,1795.452,1534.926,1795.096,1535.234,0.471,0.000,0,0,0,0,0,4,0,9.655,10.680,0.544,0.000
30,-70,280,0,80.000,1795.452,1534.926,1795.105,1535.265,0.485,0.000,0,0,0,0,0,1,0,7.788,9.887,0.533,0.000
30,-70,285,0,50.000,1795.452,1534.926,1795.097,1535.248,0.479,0.000,0,0,0,0,0,5,0,12.397,15.241,0.495,0.000
30,-65,-10,0,0.000,1795.452,1534.926,,,,0.000,0,0,0,0,0,0,10,9.984,10.976,0.615,
30,-65,-5,0,0.000,1795.452,1534.926,,,,0.000,0,0,0,0,0,0,10,11.205,10.437,0.585,
30,-65,0,0,0.000,1795.452,1534.926,,,,0.000,0,0,0,0,0,0,10,13.421,10.401,0.622,
30,-65,5,0,0.000,1795.452,1534.926,,,,0.000,0,0,0,0,0,0,10,8.938,12.354,0.589,
30,-65,10,0,0.000,1795.452,1534.926,,,,0.000,0,0,0,0,0,0,10,13.411,11.823,0.651,
30,-65,15,0,0.000,1795.452,1534.926,,,,0.000,0,0,0,0,0,0,10,10.688,11.575,0.410,
30,-65,20,0,0.000,1795.452,1534.926,,,,0.000,0,0,0,0,0,0,10,9.391,9.343,0.547,
30,-65,25,0,0.000,1795.452,1534.926,,,,0.000,0,0,0,0,0,0,10,12.106,9.597,0.577,
30,-65,30,0,0.000,1795.452,1534.926,,,,0.000,0,0,0,0,0,0,10,13.894,11.706,0.503,
30,-65,35,0,0.000,1795.452,1534.926,,,,0.000,0,0,0,0,0,0,10,10.925,11.240,0.622,
30,-65,40,0,0.000,1795.452,1534.926,,,,0.000,0,0,0,0,0,0,10,13.471,9.963,0.541,
30,-65,45,0,0.000,1795.452,1534.926,,,,0.000,0,0,0,0,0,0,10,10.801,10.953,0.383,
30,-65,50,0,0.000,1795.452,1534.926,,,,0.000,0,0,0,0,0,0,10,11.379,11.698,0.594,
30,-65,55,0,0.000,1795.452,1534.926,,,,0.000,0,0,0,0,0,0,10,10.712,10.799,0.486,
30,-65,60,0,0.000,1795.452,1534.926,,,,0.000,0,0,0,0,0,0,10,13.361,8.151,0.600,
30,-65,65,0,0.000,1795.452,1534.926,,,,0.000,0,0,0,0,0,0,10,12.298,9.476,0.601,
30,-65,70,0,0.000,1795.452,1534.926,,,,0.000,0,0,0,0,0,0,10,9.579,14.119,0.614,
30,-65,75,0,0.000,1795.452,1534.926,,,,0.000,0,0,0,0,0,0,10,9.698,11.516,0.503,
30,-65,80,0,0.000,1795.452,1534.926,,,,0.000,0,0,0,0,0,0,8,9.895,11.971,0.656,
30,-65,85,0,0.000,1795.452,1534.926,,,,0.000,0,0,0,0,0,0,8,10.332,12.504,0.587,
30,-65,90,0,0.000,1795.452,1534.926,,,,0.000,0,0,0,0,0,0,8,10.720,11.925,0.569,
30,-65,95,0,0.000,1795.452,1534.926,,,,0.000,0,0,0,0,0,0,6,10.988,11.083,0.437,
30,-65,100,0,0.000,1795.452,1534.926,,,,0.000,0,0,0,0,0,0,9,11.470,8.359,0.668,
30,-65,105,0,0.000,1795.452,1534.926,,,,0.000,0,0,0,0,0,0,6,12.516,11.019,0.608,
30,-65,110,0,0.000,1795.452,1534.926,,,,0.000,0,0,0,0,0,0,5,12.750,9.845,0.564,
30,-65,115,0,0.000,1795.452,1534.926,,,,0.000,0,0,0,0,0,0,6,11.261,11.910,0.433,
30,-65,120,0,0.000,1795.452,1534.926,,,,0.000,0,0,0,0,0,1,5,10.587,10.758,0.580,
30,-65,125,0,0.000,1795.452,1534.926,,,,0.000,0,0,0,0,0,0,4,9.733,7.388,0.538,
30,-65,130,0,0.000,1795.452,1534.926,,,,0.000,0,0,0,0,0,0,3,10.093,11.649,0.570,
30,-65,135,0,0.000,1795.452,1534.926,,,,0.000,0,0,0,0,0,1,5,12.561,12.661,0.400,
30,-65,140,0,0.000,1795.452,1534.926,,,,0.000,0,0,0,0,0,1,2,9.956,8.602,0.601,
30,-65,145,0,10.000,1795.452,1534.926,1795.051,1535.209,0.491,0.000,0,0,0,0,0,0,3,9.239,11.549,0.440,0.000
30,-65,150,0,0.000,1795.452,1534.926,,,,0.000,0,0,0,0,0,0,1,9.390,10.220,0.558,
30,-65,155,0,30.000,1795.452,1534.926,1795.113,1535.275,0.486,0.000,0,0,0,0,0,1,1,10.734,13.957,0.477,0.000
30,-65,160,0,10.000,1795.452,1534.926,1795.113,1535.281,0.491,0.000,0,0,0,0,0,2,0,8.683,10.093,0.414,0.000
30,-65,165,0,0.000,1795.452,1534.926,,,,0.000,0,0,0,0,0,0,0,7.566,11.202,0.437,
30,-65,170,0,10.000,1795.452,1534.926,1795.098,1535.291,0.509,0.000,0,0,0,0,0,0,1,10.093,11.923,0.561,0.000
30,-65,175,0,20.000,1795.452,1534.926,1795.098,1535.291,0.509,0.000,0,0,0,0,0,1,0,12.197,10.745,0.520,0.000
30,-65,180,0,10.000,1795.452,1534.926,1795.127,1535.272,0.475,0.000,0,0,0,0,0,1,0,8.590,10.589,0.728,0.000
30,-65,185,0,20.000,1795.452,1534.926,1795.087,1535.234,0.478,0.000,0,0,0,0,0,0,0,9.488,10.679,0.501,0.000
30,-65,190,0,30.000,1795.452,1534.926,1795.098,1535.253,0.482,0.000,0,0,0,0,0,1,0,12.477,6.839,0.308,0.000
30,-65,195,0,10.000,1795.452,1534.926,1795.129,1535.271,0.473,0.000,0,0,0,0,0,1,0,9.430,10.593,0.583,0.000
30,-65,200,0,40.000,1795.452,1534.926,1795.101,1535.240,0.471,0.000,0,0,0,0,0,1,0,12.017,11.833,0.541,0.000
30,-65,205,0,30.000,1795.452,1534.926,1795.115,1535.281,0.489,0.000,0,0,0,0,0,2,0,11.033,12.786,0.486,0.000
30,-65,210,0,10.000,1795.452,1534.926,1795.101,1535.290,0.506,0.000,0,0,0,0,0,1,0,13.701,9.806,0.709,0.000
30,-65,215,0,30.000,1795.452,1534.926,1795.126,1535.273,0.476,0.000,0,0,0,0,0,1,0,8.893,10.610,0.495,0.000
30,-65,220,0,40.000,1795.452,1534.926,1795.104,1535.263,0.484,0.000,0,0,0,0,0,2,0,10.598,12.138,0.300,0.000
30,-65,225,0,10.000,1795.452,1534.926,1795.120,1535.276,0.482,0.000,0,0,0,0,0,3,0,10.894,7.459,0.597,0.000
30,-65,230,0,30.000,1795.452,1534.926,1795.120,1535.268,0.477,0.000,0,0,0,0,0,4,0,11.506,11.047,0.529,0.000
30,-65,235,0,50.000,1795.452,1534.926,1795.098,1535.269,0.493,0.000,0,0,0,0,0,1,0,14.793,13.920,0.676,0.000
30,-65,240,0,50.000,1795.452,1534.926,1795.089,1535.237,0.478,0.000,0,0,0,0,0,1,0,12.383,10.201,0.557,0.000
30,-65,245,0,40.000,1795.452,1534.926,1795.116,1535.262,0.476,0.000,0,0,0,0,0,2,0,11.923,14.519,0.619,0.000
30,-65,250,0,40.000,1795.452,1534.926,1795.106,1535.260,0.481,0.000,0,0,0,0,0,3,0,9.946,11.563,0.459,0.000
30,-65,255,0,50.000,1795.452,1534.926,1795.135,1535.259,0.460,0.000,0,0,0,0,0,3,0,9.654,9.240,0.601,0.000
30,-65,260,0,50.000,1795.452,1534.926,1795.107,1535.249,0.473,0.000,0,0,0,0,0,4,0,9.404,6.776,0.629,0.000
30,-65,265,0,50.000,1795.452,1534.926,1795.082,1535.249,0.491,0.000,0,0,0,0,0,4,0,14.826,7.628,0.610,0.000
30,-65,270,0,40.000,1795.452,1534.926,1795.128,1535.268,0.471,0.000,0,0,0,0,0,5,0,8.157,8.359,0.490,0.000
30,-65,275,0,70.000,1795.452,1534.926,1795.106,1535.254,0.477,0.000,0,0,0,0,0,3,0,5.312,9.046,0.525,0.000
30,-65,280,0,30.000,1795.452,1534.926,1795.120,1535.274,0.481,0.000,0,0,0,0,0,6,0,12.336,11.000,0.614,0.000
30,-65,285,0,50.000,1795.452,1534.926,1795.097,1535.270,0.495,0.000,0,0,0,0,0,5,0,12.277,13.181,0.611,0.000
30,-60,-10,0,0.000,1795.452,1534.926,,,,0.000,0,0,0,0,0,0,10,8.371,13.620,0.418,
30,-60,-5,0,0.000,1795.452,1534.926,,,,0.000,0,0,0,0,0,0,10,11.841,8.045,0.680,
30,-60,0,0,0.000,1795.452,1534.926,,,,0.000,0,0,0,0,0,0,10,11.001,6.092,0.481,
30,-60,5,0,0.000,1795.452,1534.926,,,,0.000,0,0,0,0,0,0,10,12.042,10.834,0.621,
30,-60,10,0,0.000,1795.452,1534.926,,,,0.000,0,0,0,0,0,0,10,8.056,9.958,0.566,
30,-60,15,0,0.000,1795.452,1534.926,,,,0.000,0,0,0,0,0,0,10,8.727,7.844,0.517,
30,-60,20,0,0.000,1795.452,1534.926,,,,0.000,0,0,0,0,0,0,10,12.346,10.535,0.670,
30,-60,25,0,0.000,1795.452,1534.926,,,,0.000,0,0,0,0,0,0,10,12.883,9.832,0.586,
30,-60,30,0,0.000,1795.452,1534.926,,,,0.000,0,0,0,0,0,0,10,11.882,9.620,0.392,
30,-60,35,0,0.000,1795.452,1534.926,,,,0.000,0,0,0,0,0,0,10,11.794,9.401,0.691,
30,-60,40,0,0.000,1795.452,1534.926,,,,0.000,0,0,0,0,0,0,10,9.254,10.898,0.621,
30,-60,45,0,0.000,1795.452,1534.926,,,,0.000,0,0,0,0,0,0,10,11.049,12.543,0.486,
30,-60,50,0,0.000,1795.452,1534.926,,,,0.000,0,0,0,0,0,0,10,11.954,10.543,0.609,
30,-60,55,0,0.000,1795.452,1534.926,,,,0.000,0,0,0,0,0,0,10,11.517,11.876,0.383,
30,-60,60,0,0.000,1795.452,1534.926,,,,0.000,0,0,0,0,0,0,10,13.261,11.713,0.399,
30,-60,65,0,0.000,1795.452,1534.926,,,,0.000,0,0,0,0,0,0,10,8.842,10.276,0.465,
30,-60,70,0,0.000,1795.452,1534.926,,,,0.000,0,0,0,0,0,0,10,10.370,13.132,0.514,
30,-60,75,0,0.000,1795.452,1534.926,,,,0.000,0,0,0,0,0,0,10,9.790,9.770,0.598,
30,-60,80,0,0.000,1795.452,1534.926,,,,0.000,0,0,0,0,0,0,9,9.101,10.247,0.488,
30,-60,85,0,0.000,1795.452,1534.926,,,,0.000,0,0,0,0,0,0,6,13.558,11.977,0.453,
30,-60,90,0,0.000,1795.452,1534.926,,,,0.000,0,0,0,0,0,0,9,12.577,6.200,0.531,
30,-60,95,0,0.000,1795.452,1534.926,,,,0.000,0,0,0,0,0,0,5,9.975,7.985,0.427,
30,-60,100,0,0.000,1795.452,1534.926,,,,0.000,0,0,0,0,0,0,7,10.531,7.299,0.616,
30,-60,105,0,0.000,1795.452,1534.926,,,,0.000,0,0,0,0,0,0,3,8.193,9.137,0.332,
30,-60,110,0,0.000,1795.452,1534.926,,,,0.000,0,0,0,0,0,0,6,7.952,11.149,0.551,
30,-60,115,0,0.000,1795.452,1534.926,,,,0.000,0,0,0,0,0,1,4,10.564,10.213,0.450,
30,-60,120,0,0.000,1795.452,1534.926,,,,0.000,0,0,0,0,0,0,5,10.644,13.532,0.611,
30,-60,125,0,0.000,1795.452,1534.926,,,,0.000,0,0,0,0,0,0,1,8.072,10.712,0.692,
30,-60,130,0,0.000,1795.452,1534.926,,,,0.000,0,0,0,0,0,0,3,10.172,11.052,0.573,
30,-60,135,0,0.000,1795.452,1534.926,,,,0.000,0,0,0,0,0,1,1,10.529,10.708,0.423,
30,-60,140,0,0.000,1795.452,1534.926,,,,0.000,0,0,0,0,0,0,0,7.620,8.851,0.542,
30,-60,145,0,10.000,1795.452,1534.926,1795.108,1535.285,0.497,0.000,0,0,0,0,0,0,1,11.158,9.364,0.406,0.000
30,-60,150,0,20.000,1795.452,1534.926,1795.089,1535.247,0.485,0.000,0,0,0,0,0,2,0,12.562,11.876,0.525,0.000
30,-60,155,0,10.000,1795.452,1534.926,1795.100,1535.290,0.506,0.000,0,0,0,0,0,1,1,12.101,11.827,0.445,0.000
30,-60,160,0,10.000,1795.452,1534.926,1795.116,1535.280,0.488,0.000,0,0,0,0,0,2,0,10.717,9.591,0.426,0.000
30,-60,165,0,10.000,1795.452,1534.926,1795.095,1535.232,0.470,0.000,0,0,0,0,0,0,0,10.921,12.260,0.681,0.000
30,-60,170,0,10.000,1795.452,1534.926,1795.156,1535.258,0.445,0.000,0,0,0,0,0,4,0,11.380,15.067,0.565,0.000
30,-60,175,0,10.000,1795.452,1534.926,1795.109,1535.285,0.496,0.000,0,0,0,0,0,1,0,7.899,12.184,0.619,0.000
30,-60,180,0,20.000,1795.452,1534.926,1795.126,1535.272,0.475,0.000,0,0,0,0,0,1,0,11.557,11.123,0.506,0.000
30,-60,185,0,0.000,1795.452,1534.926,,,,0.000,0,0,0,0,0,3,0,8.125,11.569,0.456,
30,-60,190,0,10.000,1795.452,1534.926,1795.061,1535.210,0.483,0.000,0,0,0,0,0,2,0,12.342,8.152,0.485,0.000
30,-60,195,0,40.000,1795.452,1534.926,1795.122,1535.276,0.481,0.000,0,0,0,0,0,2,0,8.167,12.343,0.514,0.000
30,-60,200,0,20.000,1795.452,1534.926,1795.098,1535.270,0.494,0.000,0,0,0,0,0,2,0,10.869,11.974,0.641,0.000
30,-60,205,0,20.000,1795.452,1534.926,1795.096,1535.203,0.451,0.000,0,0,0,0,0,1,0,11.331,7.439,0.460,0.000
30,-60,210,0,10.000,1795.452,1534.926,1795.071,1535.193,0.465,0.000,0,0,0,0,0,3,0,8.886,12.367,0.624,0.000
30,-60,215,0,50.000,1795.452,1534.926,1795.114,1535.270,0.483,0.000,0,0,0,0,0,3,0,12.809,12.748,0.493,0.000
30,-60,220,0,30.000,1795.452,1534.926,1795.104,1535.269,0.489,0.000,0,0,0,0,0,3,0,11.267,5.380,0.409,0.000
30,-60,225,0,50.000,1795.452,1534.926,1795.116,1535.280,0.488,0.000,0,0,0,0,0,3,0,10.742,10.489,0.626,0.000
30,-60,230,0,50.000,1795.452,1534.926,1795.105,1535.255,0.478,0.000,0,0,0,0,0,4,0,10.905,10.458,0.508,0.000
30,-60,235,0,50.000,1795.452,1534.926,1795.094,1535.256,0.487,0.000,0,0,0,0,0,2,0,11.788,15.873,0.584,0.000
30,-60,240,0,30.000,1795.452,1534.926,1795.102,1535.280,0.498,0.000,0,0,0,0,0,3,0,13.437,12.444,0.546,0.000
30,-60,245,0,30.000,1795.452,1534.926,1795.105,1535.256,0.479,0.000,0,0,0,0,0,6,0,10.149,13.587,0.575,0.000
30,-60,250,0,50.000,1795.452,1534.926,1795.123,1535.275,0.480,0.000,0,0,0,0,0,5,0,10.809,8.053,0.539,0.000
30,-60,255,0,60.000,1795.452,1534.926,1795.102,1535.250,0.477,0.000,0,0,0,0,0,4,0,6.717,13.177,0.460,0.000
30,-60,260,0,50.000,1795.452,1534.926,1795.100,1535.262,0.486,0.000,0,0,0,0,0,5,0,6.735,11.237,0.442,0.000
30,-60,265,0,60.000,1795.452,1534.926,1795.127,1535.237,0.449,0.000,0,0,0,0,0,3,0,11.793,9.554,0.613,0.000
30,-60,270,0,50.000,1795.452,1534.926,1795.100,1535.244,0.474,0.000,0,0,0,0,0,5,0,10.286,13.313,0.536,0.000
30,-60,275,0,70.000,1795.452,1534.926,1795.097,1535.246,0.478,0.000,0,0,0,0,0,2,0,10.156,9.279,0.516,0.000
30,-60,280,0,30.000,1795.452,1534.926,1795.109,1535.263,0.481,0.000,0,0,0,0,0,6,0,13.070,12.021,0.468,0.000
30,-60,285,0,70.000,1795.452,1534.926,1795.110,1535.259,0.478,0.000,0,0,0,0,0,3,0,8.510,11.431,0.577,0.000
30,-55,-10,0,0.000,1795.452,1534.926,,,,0.000,0,0,0,0,0,0,10,11.897,7.694,0.632,
30,-55,-5,0,0.000,1795.452,1534.926,,,,0.000,0,0,0,0,0,0,10,11.457,14.001,0.755,
30,-55,0,0,0.000,1795.452,1534.926,,,,0.000,0,0,0,0,0,0,10,10.501,7.660,0.586,
30,-55,5,0,0.000,1795.452,1534.926,,,,0.000,0,0,0,0,0,0,10,12.702,13.302,0.536,
30,-55,10,0,0.000,1795.452,1534.926,,,,0.000,0,0,0,0,0,0,10,11.628,11.987,0.365,
30,-55,15,0,0.000,1795.452,1534.926,,,,0.000,0,0,0,0,0,0,10,13.820,11.351,0.479,
30,-55,20,0,0.000,1795.452,1534.926,,,,0.000,0,0,0,0,0,0,10,7.369,8.477,0.431,
30,-55,25,0,0.000,1795.452,1534.926,,,,0.000,0,0,0,0,0,0,10,11.823,13.011,0.684,
30,-55,30,0,0.000,1795.452,1534.926,,,,0.000,0,0,0,0,0,0,10,13.037,11.925,0.385,
30,-55,35,0,0.000,1795.452,1534.926,,,,0.000,0,0,0,0,0,0,10,9.824,12.956,0.569,
30,-55,40,0,0.000,1795.452,1534.926,,,,0.000,0,0,0,0,0,0,10,10.201,10.178,0.563,
30,-55,45,0,0.000,1795.452,1534.926,,,,0.000,0,0,0,0,0,0,10,11.436,10.358,0.497,
30,-55,50,0,0.000,1795.452,1534.926,,,,0.000,0,0,0,0,0,0,10,8.367,11.517,0.525,
30,-55,55,0,0.000,1795.452,1534.926,,,,0.000,0,0,0,0,0,0,10,10.323,7.434,0.592,
30,-55,60,0,0.000,1795.452,1534.926,,,,0.000,0,0,0,0,0,0,9,11.696,11.005,0.618,
30,-55,65,0,0.000,1795.452,1534.926,,,,0.000,0,0,0,0,0,0,9,14.050,12.499,0.662,
30,-55,70,0,0.000,1795.452,1534.926,,,,0.000,0,0,0,0,0,0,10,13.143,8.195,0.597,
30,-55,75,0,0.000,1795.452,1534.926,,,,0.000,0,0,0,0,0,0,8,9.358,9.635,0.609,
30,-55,80,0,0.000,1795.452,1534.926,,,,0.000,0,0,0,0,0,0,8,10.577,11.297,0.519,
30,-55,85,0,0.000,1795.452,1534.926,,,,0.000,0,0,0,0,0,0,7,11.944,14.446,0.634,
30,-55,90,0,0.000,1795.452,1534.926,,,,0.000,0,0,0,0,0,0,7,10.714,12.232,0.660,
30,-55,95,0,0.000,1795.452,1534.926,,,,0.000,0,0,0,0,0,0,5,11.099,12.675,0.499,
30,-55,100,0,0.000,1795.452,1534.926,,,,0.000,0,0,0,0,0,1,6,10.611,11.036,0.410,
30,-55,105,0,0.000,1795.452,1534.926,,,,0.000,0,0,0,0,0,0,6,11.738,9.539,0.651,
30,-55,110,0,0.000,1795.452,1534.926,,,,0.000,0,0,0,0,0,1,4,10.771,12.286,0.602,
30,-55,115,0,10.000,1795.452,1534.926,1795.099,1535.291,0.508,0.000,0,0,0,0,0,0,3,11.403,11.140,0.541,0.000
30,-55,120,0,0.000,1795.452,1534.926,,,,0.000,0,0,0,0,0,0,4,11.002,11.170,0.488,
30,-55,125,0,10.000,1795.452,1534.926,1795.099,1535.291,0.508,0.000,0,0,0,0,0,0,1,3.962,12.442,0.480,0.000
30,-55,130,0,0.000,1795.452,1534.926,,,,0.000,0,0,0,0,0,0,0,12.820,12.291,0.629,
30,-55,135,0,10.000,1795.452,1534.926,1795.104,1535.287,0.502,0.000,0,0,0,0,0,0,1,9.170,8.955,0.549,0.000
30,-55,140,0,10.000,1795.452,1534.926,1795.048,1535.212,0.495,0.000,0,0,0,0,0,0,0,10.378,10.285,0.604,0.000
30,-55,145,0,10.000,1795.452,1534.926,1795.099,1535.291,0.508,0.000,0,0,0,0,0,1,1,13.881,9.974,0.582,0.000
30,-55,150,0,10.000,1795.452,1534.926,1795.101,1535.289,0.505,0.000,0,0,0,0,0,0,1,8.584,10.275,0.705,0.000
30,-55,155,0,0.000,1795.452,1534.926,,,,0.000,0,0,0,0,0,3,0,14.014,11.854,0.545,
30,-55,160,0,20.000,1795.452,1534.926,1795.131,1535.269,0.470,0.000,0,0,0,0,0,2,0,10.179,11.884,0.527,0.000
30,-55,165,0,10.000,1795.452,1534.926,1795.099,1535.291,0.508,0.000,0,0,0,0,0,1,0,11.841,10.685,0.687,0.000
30,-55,170,0,20.000,1795.452,1534.926,1795.098,1535.267,0.491,0.000,0,0,0,0,0,3,0,12.881,11.629,0.370,0.000
30,-55,175,0,20.000,1795.452,1534.926,1795.136,1535.269,0.467,0.000,0,0,0,0,0,2,0,10.696,10.587,0.484,0.000
30,-55,180,0,50.000,1795.452,1534.926,1795.114,1535.276,0.487,0.000,0,0,0,0,0,0,0,8.255,9.158,0.450,0.000
30,-55,185,0,40.000,1795.452,1534.926,1795.121,1535.277,0.483,0.000,0,0,0,0,0,3,0,10.638,11.846,0.496,0.000
30,-55,190,0,30.000,1795.452,1534.926,1795.125,1535.275,0.478,0.000,0,0,0,0,0,2,0,9.964,11.630,0.237,0.000
30,-55,195,0,20.000,1795.452,1534.926,1795.123,1535.275,0.480,0.000,0,0,0,0,0,2,0,9.791,9.415,0.587,0.000
30,-55,200,0,60.000,1795.452,1534.926,1795.122,1535.276,0.481,0.000,0,0,0,0,0,4,0,11.206,13.116,0.513,0.000
30,-55,205,0,40.000,1795.452,1534.926,1795.113,1535.282,0.492,0.000,0,0,0,0,0,4,0,11.749,12.362,0.532,0.000
30,-55,210,0,70.000,1795.452,1534.926,1795.098,1535.274,0.496,0.000,0,0,0,0,0,2,0,11.497,9.314,0.516,0.000
30,-55,215,0,20.000,1795.452,1534.926,1795.118,1535.278,0.486,0.000,0,0,0,0,0,5,0,14.154,9.058,0.647,0.000
30,-55,220,0,40.000,1795.452,1534.926,1795.119,1535.268,0.477,0.000,0,0,0,0,0,2,0,10.036,11.500,0.597,0.000
30,-55,225,0,30.000,1795.452,1534.926,1795.113,1535.282,0.492,0.000,0,0,0,0,0,4,0,11.911,10.389,0.446,0.000
30,-55,230,0,40.000,1795.452,1534.926,1795.108,1535.254,0.475,0.000,0,0,0,0,0,2,0,10.456,11.865,0.563,0.000
30,-55,235,0,20.000,1795.452,1534.926,1795.101,1535.259,0.484,0.000,0,0,0,0,0,7,0,8.673,8.486,0.398,0.000
30,-55,240,0,50.000,1795.452,1534.926,1795.102,1535.251,0.478,0.000,0,0,0,0,0,4,0,9.087,9.503,0.427,0.000
30,-55,245,0,30.000,1795.452,1534.926,1795.065,1535.235,0.495,0.000,0,0,0,0,0,5,0,12.926,11.881,0.582,0.000
30,-55,250,0,30.000,1795.452,1534.926,1795.108,1535.279,0.493,0.000,0,0,0,0,0,7,0,6.503,11.526,0.527,0.000
30,-55,255,0,70.000,1795.452,1534.926,1795.122,1535.267,0.475,0.000,0,0,0,0,0,3,0,9.528,12.653,0.551,0.000
30,-55,260,0,30.000,1795.452,1534.926,1795.125,1535.275,0.478,0.000,0,0,0,0,0,6,0,10.735,10.417,0.570,0.000
30,-55,265,0,20.000,1795.452,1534.926,1795.108,1535.285,0.497,0.000,0,0,0,0,0,8,0,10.634,7.525,0.640,0.000
30,-55,270,0,50.000,1795.452,1534.926,1795.116,1535.280,0.488,0.000,0,0,0,0,0,5,0,9.281,9.643,0.462,0.000
30,-55,275,0,70.000,1795.452,1534.926,1795.105,1535.272,0.490,0.000,0,0,0,0,0,3,0,12.177,11.075,0.529,0.000
30,-55,280,0,30.000,1795.452,1534.926,1795.118,1535.278,0.485,0.000,0,0,0,0,0,7,0,9.854,11.992,0.584,0.000
30,-55,285,0,60.000,1795.452,1534.926,1795.120,1535.278,0.484,0.000,0,0,0,0,0,4,0,7.544,9.956,0.649,0.000
30,-50,-10,0,0.000,1795.452,1534.926,,,,0.000,0,0,0,0,0,0,10,9.745,13.988,0.535,
30,-50,-5,0,0.000,1795.452,1534.926,,,,0.000,0,0,0,0,0,0,10,10.477,8.729,0.544,
30,-50,0,0,0.000,1795.452,1534.926,,,,0.000,0,0,0,0,0,0,10,10.270,9.270,0.451,
30,-50,5,0,0.000,1795.452,1534.926,,,,0.000,0,0,0,0,0,0,10,11.615,11.459,0.533,
30,-50,10,0,0.000,1795.452,1534.926,,,,0.000,0,0,0,0,0,0,10,10.793,10.442,0.482,
30,-50,15,0,0.000,1795.452,1534.926,,,,0.000,0,0,0,0,0,0,10,11.035,10.912,0.530,
30,-50,20,0,0.000,1795.452,1534.926,,,,0.000,0,0,0,0,0,0,10,11.669,12.796,0.439,
30,-50,25,0,0.000,1795.452,1534.926,,,,0.000,0,0,0,0,0,0,10,11.932,11.020,0.537,
30,-50,30,0,0.000,1795.452,1534.926,,,,0.000,0,0,0,0,0,0,10,12.694,9.481,0.531,
30,-50,35,0,0.000,1795.452,1534.926,,,,0.000,0,0,0,0,0,0,10,12.442,10.320,0.694,
30,-50,40,0,0.000,1795.452,1534.926,,,,0.000,0,0,0,0,0,0,10,8.032,11.066,0.509,
30,-50,45,0,0.000,1795.452,1534.926,,,,0.000,0,0,0,0,0,0,10,9.861,10.300,0.686,
30,-50,50,0,0.000,1795.452,1534.926,,,,0.000,0,0,0,0,0,0,10,7.912,10.210,0.637,
30,-50,55,0,0.000,1795.452,1534.926,,,,0.000,0,0,0,0,0,0,10,11.377,12.434,0.584,
30,-50,60,0,0.000,1795.452,1534.926,,,,0.000,0,0,0,0,0,0,10,10.734,9.325,0.457,
30,-50,65,0,0.000,1795.452,1534.926,,,,0.000,0,0,0,0,0,0,10,12.456,12.211,0.589,
30,-50,70,0,0.000,1795.452,1534.926,,,,0.000,0,0,0,0,0,0,6,8.754,9.219,0.353,
30,-50,75,0,0.000,1795.452,1534.926,,,,0.000,0,0,0,0,0,2,4,9.463,11.290,0.489,
30,-50,80,0,0.000,1795.452,1534.926,,,,0.000,0,0,0,0,0,0,9,10.419,12.771,0.422,
30,-50,85,0,10.000,1795.452,1534.926,1795.108,1535.269,0.486,0.000,0,0,0,0,0,0,3,11.009,12.751,0.440,0.000
30,-50,90,0,0.000,1795.452,1534.926,,,,0.000,0,0,0,0,0,0,5,13.990,12.675,0.457,
30,-50,95,0,0.000,1795.452,1534.926,,,,0.000,0,0,0,0,0,0,4,11.629,10.873,0.530,
30,-50,100,0,0.000,1795.452,1534.926,,,,0.000,0,0,0,0,0,0,4,11.245,8.716,0.585,
30,-50,105,0,0.000,1795.452,1534.926,,,,0.000,0,0,0,0,0,0,6,7.601,11.982,0.640,
30,-50,110,0,10.000,1795.452,1534.926,1795.145,1535.264,0.457,0.000,0,0,0,0,0,1,1,10.881,8.941,0.465,0.000
30,-50,115,0,10.000,1795.452,1534.926,1795.119,1535.278,0.484,0.000,0,0,0,0,0,0,1,11.697,7.511,0.408,0.000
30,-50,120,0,0.000,1795.452,1534.926,,,,0.000,0,0,0,0,0,0,1,8.001,11.347,0.433,
30,-50,125,0,10.000,1795.452,1534.926,1795.123,1535.275,0.480,0.000,0,0,0,0,0,0,1,10.977,11.879,0.503,0.000
30,-50,130,0,10.000,1795.452,1534.926,1795.096,1535.293,0.511,0.000,0,0,0,0,0,1,0,11.495,9.396,0.453,0.000
30,-50,135,0,30.000,1795.452,1534.926,1795.113,1535.263,0.478,0.000,0,0,0,0,0,2,2,11.907,11.582,0.581,0.000
30,-50,140,0,20.000,1795.452,1534.926,1795.121,1535.239,0.455,0.000,0,0,0,0,0,1,0,10.573,12.945,0.593,0.000
30,-50,145,0,0.000,1795.452,1534.926,,,,0.000,0,0,0,0,0,4,0,12.884,7.663,0.556,
30,-50,150,0,40.000,1795.452,1534.926,1795.084,1535.259,0.497,0.000,0,0,0,0,0,2,0,11.954,11.306,0.580,0.000
30,-50,155,0,40.000,1795.452,1534.926,1795.105,1535.267,0.487,0.000,0,0,0,0,0,0,0,10.374,9.310,0.650,0.000
30,-50,160,0,40.000,1795.452,1534.926,1795.117,1535.247,0.464,0.000,0,0,0,0,0,1,0,12.709,10.452,0.379,0.000
30,-50,165,0,30.000,1795.452,1534.926,1795.102,1535.289,0.504,0.000,0,0,0,0,0,1,0,10.651,11.399,0.510,0.000
30,-50,170,0,10.000,1795.452,1534.926,1795.132,1535.272,0.471,0.000,0,0,0,0,0,2,0,12.173,10.556,0.733,0.000
30,-50,175,0,20.000,1795.452,1534.926,1795.106,1535.247,0.472,0.000,0,0,0,0,0,2,0,10.345,11.856,0.543,0.000
30,-50,180,0,20.000,1795.452,1534.926,1795.101,1535.254,0.480,0.000,0,0,0,0,0,2,0,6.729,11.276,0.626,0.000
30,-50,185,0,20.000,1795.452,1534.926,1795.108,1535.269,0.486,0.000,0,0,0,0,0,3,0,8.663,9.137,0.518,0.000
30,-50,190,0,30.000,1795.452,1534.926,1795.081,1535.215,0.471,0.000,0,0,0,0,0,4,0,11.444,5.079,0.494,0.000
30,-50,195,0,50.000,1795.452,1534.926,1795.114,1535.280,0.490,0.000,0,0,0,0,0,3,0,8.081,12.557,0.576,0.000
30,-50,200,0,60.000,1795.452,1534.926,1795.120,1535.278,0.483,0.000,0,0,0,0,0,3,0,9.556,10.664,0.297,0.000
30,-50,205,0,60.000,1795.452,1534.926,1795.099,1535.248,0.478,0.000,0,0,0,0,0,2,0,13.705,12.311,0.352,0.000
30,-50,210,0,40.000,1795.452,1534.926,1795.111,1535.259,0.477,0.000,0,0,0,0,0,4,0,8.945,8.225,0.568,0.000
30,-50,215,0,30.000,1795.452,1534.926,1795.128,1535.272,0.474,0.000,0,0,0,0,0,4,0,9.670,8.250,0.532,0.000
30,-50,220,0,50.000,1795.452,1534.926,1795.115,1535.266,0.479,0.000,0,0,0,0,0,4,0,12.190,7.462,0.722,0.000
30,-50,225,0,50.000,1795.452,1534.926,1795.115,1535.265,0.478,0.000,0,0,0,0,0,5,0,7.536,7.966,0.279,0.000
30,-50,230,0,60.000,1795.452,1534.926,1795.105,1535.251,0.475,0.000,0,0,0,0,0,3,0,9.857,11.122,0.558,0.000
30,-50,235,0,50.000,1795.452,1534.926,1795.114,1535.281,0.490,0.000,0,0,0,0,0,3,0,6.598,12.294,0.614,0.000
30,-50,240,0,30.000,1795.452,1534.926,1795.108,1535.267,0.484,0.000,0,0,0,0,0,6,0,10.181,11.120,0.626,0.000
30,-50,245,0,30.000,1795.452,1534.926,1795.099,1535.291,0.508,0.000,0,0,0,0,0,7,0,12.571,9.578,0.648,0.000
30,-50,250,0,40.000,1795.452,1534.926,1795.095,1535.265,0.493,0.000,0,0,0,0,0,6,0,8.107,11.106,0.491,0.000
30,-50,255,0,50.000,1795.452,1534.926,1795.085,1535.260,0.496,0.000,0,0,0,0,0,5,0,11.608,12.617,0.452,0.000
30,-50,260,0,70.000,1795.452,1534.926,1795.136,1535.256,0.458,0.000,0,0,0,0,0,3,0,10.900,13.604,0.585,0.000
30,-50,265,0,60.000,1795.452,1534.926,1795.084,1535.262,0.499,0.000,0,0,0,0,0,4,0,12.351,10.750,0.553,0.000
30,-50,270,0,40.000,1795.452,1534.926,1795.077,1535.257,0.500,0.000,0,0,0,0,0,6,0,10.136,7.700,0.563,0.000
30,-50,275,0,50.000,1795.452,1534.926,1795.110,1535.264,0.481,0.000,0,0,0,0,0,5,0,9.903,12.867,0.580,0.000
30,-50,280,0,80.000,1795.452,1534.926,1795.097,1535.265,0.491,0.000,0,0,0,0,0,2,0,7.995,8.828,0.476,0.000
30,-50,285,0,50.000,1795.452,1534.926,1795.138,1535.267,0.464,0.000,0,0,0,0,0,5,0,10.119,9.110,0.580,0.000
30,-45,-10,0,0.000,1795.452,1534.926,,,,0.000,0,0,0,0,0,0,10,8.678,8.769,0.437,
30,-45,-5,0,0.000,1795.452,1534.926,,,,0.000,0,0,0,0,0,0,10,8.931,9.901,0.688,
30,-45,0,0,0.000,1795.452,1534.926,,,,0.000,0,0,0,0,0,0,10,8.738,11.526,0.591,
30,-45,5,0,0.000,1795.452,1534.926,,,,0.000,0,0,0,0,0,0,10,8.196,14.749,0.330,
30,-45,10,0,0.000,1795.452,1534.926,,,,0.000,0,0,0,0,0,0,10,9.725,9.907,0.423,
30,-45,15,0,0.000,1795.452,1534.926,,,,0.000,0,0,0,0,0,0,10,10.944,10.360,0.413,
30,-45,20,0,0.000,1795.452,1534.926,,,,0.000,0,0,0,0,0,0,10,10.165,10.818,0.537,
30,-45,25,0,0.000,1795.452,1534.926,,,,0.000,0,0,0,0,0,0,10,11.936,14.000,0.480,
30,-45,30,0,0.000,1795.452,1534.926,,,,0.000,0,0,0,0,0,0,10,7.860,12.766,0.534,
30,-45,35,0,0.000,1795.452,1534.926,,,,0.000,0,0,0,0,0,0,9,9.442,8.608,0.544,
30,-45,40,0,0.000,1795.452,1534.926,,,,0.000,0,0,0,0,0,0,9,12.381,14.693,0.510,
30,-45,45,0,0.000,1795.452,1534.926,,,,0.000,0,0,0,0,0,0,9,13.065,9.555,0.385,
30,-45,50,0,0.000,1795.452,1534.926,,,,0.000,0,0,0,0,0,0,9,10.560,10.231,0.597,
30,-45,55,0,0.000,1795.452,1534.926,,,,0.000,0,0,0,0,0,0,8,11.198,11.496,0.637,
30,-45,60,0,0.000,1795.452,1534.926,,,,0.000,0,0,0,0,0,0,10,10.919,8.116,0.378,
30,-45,65,0,0.000,1795.452,1534.926,,,,0.000,0,0,0,0,0,0,7,11.347,11.010,0.652,
30,-45,70,0,0.000,1795.452,1534.926,,,,0.000,0,0,0,0,0,0,7,13.940,12.731,0.619,
30,-45,75,0,0.000,1795.452,1534.926,,,,0.000,0,0,0,0,0,1,5,8.920,9.894,0.258,
30,-45,80,0,0.000,1795.452,1534.926,,,,0.000,0,0,0,0,0,0,8,10.761,12.628,0.583,
30,-45,85,0,0.000,1795.452,1534.926,,,,0.000,0,0,0,0,0,0,5,10.613,12.356,0.361,
30,-45,90,0,10.000,1795.452,1534.926,1795.093,1535.289,0.511,0.000,0,0,0,0,0,0,3,8.602,11.333,0.596,0.000
30,-45,95,0,0.000,1795.452,1534.926,,,,0.000,0,0,0,0,0,0,5,8.493,11.407,0.638,
30,-45,100,0,0.000,1795.452,1534.926,,,,0.000,0,0,0,0,0,0,2,10.154,12.892,0.648,
30,-45,105,0,20.000,1795.452,1534.926,1795.124,1535.275,0.479,0.000,0,0,0,0,0,0,2,9.342,10.172,0.536,0.000
30,-45,110,0,0.000,1795.452,1534.926,,,,0.000,0,0,0,0,0,2,2,12.033,11.071,0.482,
30,-45,115,0,10.000,1795.452,1534.926,1795.116,1535.279,0.488,0.000,0,0,0,0,0,2,2,12.917,8.166,0.437,0.000
30,-45,120,0,10.000,1795.452,1534.926,1795.060,1535.214,0.487,0.000,0,0,0,0,0,1,0,10.014,10.327,0.642,0.000
30,-45,125,0,20.000,1795.452,1534.926,1795.098,1535.253,0.482,0.000,0,0,0,0,0,1,0,11.584,5.893,0.643,0.000
30,-45,130,0,10.000,1795.452,1534.926,1795.132,1535.267,0.468,0.000,0,0,0,0,0,0,0,9.391,8.490,0.567,0.000
30,-45,135,0,10.000,1795.452,1534.926,1795.161,1535.255,0.439,0.000,0,0,0,0,0,1,1,11.450,10.511,0.626,0.000
30,-45,140,0,20.000,1795.452,1534.926,1795.137,1535.268,0.465,0.000,0,0,0,0,0,2,0,10.841,7.173,0.535,0.000
30,-45,145,0,30.000,1795.452,1534.926,1795.093,1535.275,0.501,0.000,0,0,0,0,0,0,0,12.705,9.513,0.685,0.000
30,-45,150,0,10.000,1795.452,1534.926,1795.100,1535.291,0.507,0.000,0,0,0,0,0,5,0,9.651,10.694,0.569,0.000
30,-45,155,0,40.000,1795.452,1534.926,1795.108,1535.267,0.485,0.000,0,0,0,0,0,3,0,8.900,8.697,0.453,0.000
30,-45,160,0,20.000,1795.452,1534.926,1795.081,1535.264,0.502,0.000,0,0,0,0,0,2,0,12.232,9.514,0.637,0.000
30,-45,165,0,20.000,1795.452,1534.926,1795.154,1535.258,0.446,0.000,0,0,0,0,0,3,0,12.725,11.150,0.632,0.000
30,-45,170,0,30.000,1795.452,1534.926,1795.106,1535.266,0.485,0.000,0,0,0,0,0,4,0,9.520,9.099,0.523,0.000
30,-45,175,0,20.000,1795.452,1534.926,1795.079,1535.255,0.497,0.000,0,0,0,0,0,3,0,12.552,8.556,0.641,0.000
30,-45,180,0,50.000,1795.452,1534.926,1795.106,1535.268,0.487,0.000,0,0,0,0,0,3,0,12.330,5.380,0.671,0.000
30,-45,185,0,50.000,1795.452,1534.926,1795.126,1535.273,0.477,0.000,0,0,0,0,0,1,0,11.865,11.987,0.606,0.000
30,-45,190,0,40.000,1795.452,1534.926,1795.087,1535.269,0.501,0.000,0,0,0,0,0,5,0,9.992,12.603,0.568,0.000
30,-45,195,0,60.000,1795.452,1534.926,1795.087,1535.263,0.497,0.000,0,0,0,0,0,1,0,12.637,10.854,0.640,0.000
30,-45,200,0,60.000,1795.452,1534.926,1795.100,1535.266,0.490,0.000,0,0,0,0,0,3,0,7.052,5.175,0.638,0.000
30,-45,205,0,60.000,1795.452,1534.926,1795.101,1535.256,0.482,0.000,0,0,0,0,0,4,0,8.590,8.690,0.515,0.000
30,-45,210,0,20.000,1795.452,1534.926,1795.101,1535.277,0.496,0.000,0,0,0,0,0,7,0,9.090,10.318,0.655,0.000
30,-45,215,0,40.000,1795.452,1534.926,1795.075,1535.248,0.496,0.000,0,0,0,0,0,6,0,12.207,10.149,0.438,0.000
30,-45,220,0,50.000,1795.452,1534.926,1795.096,1535.255,0.484,0.000,0,0,0,0,0,4,0,10.712,10.816,0.611,0.000
30,-45,225,0,30.000,1795.452,1534.926,1795.087,1535.270,0.501,0.000,0,0,0,0,0,5,0,13.279,9.965,0.542,0.000
30,-45,230,0,70.000,1795.452,1534.926,1795.115,1535.265,0.479,0.000,0,0,0,0,0,3,0,11.327,6.819,0.543,0.000
30,-45,235,0,60.000,1795.452,1534.926,1795.113,1535.264,0.479,0.000,0,0,0,0,0,4,0,13.046,11.510,0.446,0.000
30,-45,240,0,70.000,1795.452,1534.926,1795.099,1535.259,0.486,0.000,0,0,0,0,0,2,0,10.221,13.027,0.599,0.000
30,-45,245,0,50.000,1795.452,1534.926,1795.119,1535.272,0.480,0.000,0,0,0,0,0,5,0,10.662,13.365,0.524,0.000
30,-45,250,0,70.000,1795.452,1534.926,1795.163,1535.228,0.418,0.000,0,0,0,0,0,3,0,11.694,9.854,0.550,0.000
30,-45,255,0,60.000,1795.452,1534.926,1795.114,1535.276,0.487,0.000,0,0,0,0,0,4,0,12.724,12.719,0.448,0.000
30,-45,260,0,80.000,1795.452,1534.926,1795.123,1535.261,0.469,0.000,0,0,0,0,0,2,0,11.518,11.815,0.615,0.000
30,-45,265,0,50.000,1795.452,1534.926,1795.117,1535.266,0.478,0.000,0,0,0,0,0,5,0,11.892,13.048,0.423,0.000
30,-45,270,0,30.000,1795.452,1534.926,1795.118,1535.278,0.486,0.000,0,0,0,0,0,7,0,9.162,8.342,0.260,0.000
30,-45,275,0,70.000,1795.452,1534.926,1795.099,1535.241,0.473,0.000,0,0,0,0,0,3,0,11.805,9.330,0.454,0.000
30,-45,280,0,60.000,1795.452,1534.926,1795.109,1535.280,0.493,0.000,0,0,0,0,0,4,0,11.169,15.095,0.513,0.000
30,-45,285,0,50.000,1795.452,1534.926,1795.099,1535.249,0.478,0.200,1,0,2,0,0,3,0,11.525,10.463,0.538,0.000
30,-40,-10,0,0.000,1795.452,1534.926,,,,0.000,0,0,0,0,0,0,10,9.173,11.021,0.638,
30,-40,-5,0,0.000,1795.452,1534.926,,,,0.000,0,0,0,0,0,0,10,8.477,10.580,0.347,
30,-40,0,0,0.000,1795.452,1534.926,,,,0.000,0,0,0,0,0,0,10,9.086,9.696,0.446,
30,-40,5,0,0.000,1795.452,1534.926,,,,0.000,0,0,0,0,0,0,10,8.231,8.287,0.456,
30,-40,10,0,0.000,1795.452,1534.926,,,,0.000,0,0,0,0,0,0,10,13.251,9.000,0.412,
30,-40,15,0,0.000,1795.452,1534.926,,,,0.000,0,0,0,0,0,0,10,12.792,11.269,0.543,
30,-40,20,0,0.000,1795.452,1534.926,,,,0.000,0,0,0,0,0,0,10,10.936,9.913,0.617,
30,-40,25,0,0.000,1795.452,1534.926,,,,0.000,0,0,0,0,0,0,10,8.815,8.977,0.639,
30,-40,30,0,0.000,1795.452,1534.926,,,,0.000,0,0,0,0,0,0,10,11.844,11.559,0.516,
30,-40,35,0,0.000,1795.452,1534.926,,,,0.000,0,0,0,0,0,0,10,9.137,13.538,0.715,
30,-40,40,0,0.000,1795.452,1534.926,,,,0.000,0,0,0,0,0,0,10,11.268,11.900,0.539,
30,-40,45,0,0.000,1795.452,1534.926,,,,0.000,0,0,0,0,0,0,10,14.505,10.617,0.484,
30,-40,50,0,0.000,1795.452,1534.926,,,,0.000,0,0,0,0,0,1,5,12.228,11.370,0.482,
30,-40,55,0,0.000,1795.452,1534.926,,,,0.000,0,0,0,0,0,1,9,11.239,11.537,0.496,
30,-40,60,0,0.000,1795.452,1534.926,,,,0.000,0,0,0,0,0,0,8,8.123,11.764,0.616,
30,-40,65,0,0.000,1795.452,1534.926,,,,0.000,0,0,0,0,0,2,4,8.451,9.639,0.607,
30,-40,70,0,0.000,1795.452,1534.926,,,,0.000,0,0,0,0,0,0,6,8.280,11.095,0.662,
30,-40,75,0,0.000,1795.452,1534.926,,,,0.000,0,0,0,0,0,1,3,10.419,11.244,0.626,
30,-40,80,0,10.000,1795.452,1534.926,1795.073,1535.256,0.503,0.000,0,0,0,0,0,0,5,10.498,10.522,0.640,0.000
30,-40,85,0,0.000,1795.452,1534.926,,,,0.000,0,0,0,0,0,2,4,12.946,9.940,0.610,
30,-40,90,0,10.000,1795.452,1534.926,1795.117,1535.279,0.487,0.000,0,0,0,0,0,1,1,9.606,7.760,0.680,0.000
30,-40,95,0,10.000,1795.452,1534.926,1795.097,1535.292,0.510,0.000,0,0,0,0,0,1,2,8.594,12.046,0.569,0.000
30,-40,100,0,20.000,1795.452,1534.926,1795.097,1535.257,0.486,0.000,0,0,0,0,0,0,3,10.621,10.252,0.557,0.000
30,-40,105,0,20.000,1795.452,1534.926,1795.082,1535.266,0.503,0.000,0,0,0,0,0,1,0,12.291,12.471,0.362,0.000
30,-40,110,0,20.000,1795.452,1534.926,1795.103,1535.266,0.487,0.000,0,0,0,0,0,0,0,14.439,11.335,0.657,0.000
30,-40,115,0,50.000,1795.452,1534.926,1795.103,1535.274,0.493,0.000,0,0,0,0,0,1,0,11.276,6.210,0.481,0.000
30,-40,120,0,20.000,1795.452,1534.926,1795.115,1535.281,0.490,0.000,0,0,0,0,0,0,1,12.331,11.308,0.629,0.000
30,-40,125,0,10.000,1795.452,1534.926,1795.079,1535.221,0.475,0.000,0,0,0,0,0,1,0,5.753,8.796,0.481,0.000
30,-40,130,0,20.000,1795.452,1534.926,1795.108,1535.270,0.486,0.000,0,0,0,0,0,3,0,11.961,12.493,0.614,0.000
30,-40,135,0,0.000,1795.452,1534.926,,,,0.000,0,0,0,0,0,3,0,8.700,8.107,0.444,
30,-40,140,0,40.000,1795.452,1534.926,1795.093,1535.248,0.482,0.000,0,0,0,0,0,2,0,13.056,8.996,0.613,0.000
30,-40,145,0,40.000,1795.452,1534.926,1795.095,1535.271,0.496,0.000,0,0,0,0,0,1,0,10.935,13.242,0.517,0.000
30,-40,150,0,30.000,1795.452,1534.926,1795.098,1535.258,0.485,0.000,0,0,0,0,0,5,0,11.515,8.240,0.506,0.000
30,-40,155,0,30.000,1795.452,1534.926,1795.089,1535.266,0.498,0.000,0,0,0,0,0,3,0,8.294,9.420,0.542,0.000
30,-40,160,0,50.000,1795.452,1534.926,1795.109,1535.284,0.496,0.000,0,0,0,0,0,1,0,12.375,11.365,0.613,0.000
30,-40,165,0,30.000,1795.452,1534.926,1795.119,1535.240,0.458,0.000,0,0,0,0,0,2,0,12.165,12.406,0.535,0.000
30,-40,170,0,30.000,1795.452,1534.926,1795.106,1535.255,0.478,0.000,0,0,0,0,0,5,0,13.578,13.662,0.552,0.000
30,-40,175,0,40.000,1795.452,1534.926,1795.169,1535.216,0.406,0.000,0,0,0,0,0,4,0,11.501,11.917,0.472,0.000
30,-40,180,0,40.000,1795.452,1534.926,1795.069,1535.226,0.487,0.000,0,0,0,0,0,3,0,9.631,9.812,0.634,0.000
30,-40,185,0,40.000,1795.452,1534.926,1795.085,1535.271,0.504,0.000,0,0,0,0,0,5,0,12.982,9.265,0.531,0.000
30,-40,190,0,50.000,1795.452,1534.926,1795.102,1535.263,0.486,0.000,0,0,0,0,0,3,0,10.871,7.822,0.554,0.000
30,-40,195,0,40.000,1795.452,1534.926,1795.105,1535.255,0.479,0.000,0,0,0,0,0,4,0,11.492,10.975,0.653,0.000
30,-40,200,0,50.000,1795.452,1534.926,1795.112,1535.266,0.482,0.000,0,0,0,0,0,4,0,12.637,6.648,0.481,0.000
30,-40,205,0,40.000,1795.452,1534.926,1795.111,1535.267,0.482,0.000,0,0,0,0,0,6,0,12.074,12.000,0.618,0.000
30,-40,210,0,70.000,1795.452,1534.926,1795.109,1535.273,0.488,0.000,0,0,0,0,0,3,0,10.520,11.787,0.421,0.000
30,-40,215,0,70.000,1795.452,1534.926,1795.121,1535.277,0.483,0.000,0,0,0,0,0,3,0,11.645,9.920,0.597,0.000
30,-40,220,0,50.000,1795.452,1534.926,1795.115,1535.280,0.489,0.000,0,0,0,0,0,5,0,11.869,7.275,0.518,0.000
30,-40,225,0,20.000,1795.452,1534.926,1795.098,1535.256,0.484,0.000,0,0,0,0,0,8,0,10.956,11.762,0.545,0.000
30,-40,230,0,40.000,1795.452,1534.926,1795.118,1535.254,0.468,0.000,0,0,0,0,0,6,0,8.779,8.873,0.639,0.000
30,-40,235,0,50.000,1795.452,1534.926,1795.124,1535.263,0.471,0.000,0,0,0,0,0,5,0,10.323,10.025,0.415,0.000
30,-40,240,0,60.000,1795.452,1534.926,1795.091,1535.266,0.496,0.000,0,0,0,0,0,4,0,14.834,12.970,0.396,0.000
30,-40,245,0,70.000,1795.452,1534.926,1795.110,1535.257,0.476,0.000,0,0,0,0,0,3,0,9.909,9.460,0.315,0.000
30,-40,250,0,50.000,1795.452,1534.926,1795.613,1534.924,0.161,0.000,0,0,0,0,0,5,0,13.688,9.864,0.523,0.000
30,-40,255,0,60.000,1795.452,1534.926,1795.107,1535.274,0.490,0.000,0,0,0,0,0,4,0,13.165,12.333,0.583,0.000
30,-40,260,0,50.000,1795.452,1534.926,1795.123,1535.270,0.476,0.000,0,0,0,0,0,5,0,8.345,13.308,0.648,0.000
30,-40,265,0,60.000,1795.452,1534.926,1795.095,1535.267,0.494,0.100,1,0,1,0,0,3,0,8.324,12.967,0.390,0.000
30,-40,270,0,70.000,1795.452,1534.926,1795.453,1535.022,0.096,0.000,0,0,0,0,0,3,0,10.901,12.666,0.460,0.000
30,-40,275,0,50.000,1795.452,1534.926,1795.892,1534.710,0.491,0.000,0,0,0,0,0,5,0,9.930,13.531,0.572,0.000
30,-40,280,0,80.000,1795.452,1534.926,1795.712,1534.813,0.284,0.000,0,0,0,0,0,2,0,13.790,8.997,0.613,0.000
30,-40,285,0,60.000,1795.452,1534.926,1795.120,1535.236,0.454,0.100,1,0,1,0,0,3,0,10.167,9.156,0.486,0.000
30,-35,-10,0,0.000,1795.452,1534.926,,,,0.000,0,0,0,0,0,0,10,11.646,12.149,0.541,
30,-35,-5,0,0.000,1795.452,1534.926,,,,0.000,0,0,0,0,0,0,10,12.457,7.783,0.431,
30,-35,0,0,0.000,1795.452,1534.926,,,,0.000,0,0,0,0,0,0,10,10.847,11.646,0.481,
30,-35,5,0,0.000,1795.452,1534.926,,,,0.000,0,0,0,0,0,0,10,10.735,11.794,0.438,
30,-35,10,0,0.000,1795.452,1534.926,,,,0.000,0,0,0,0,0,0,10,12.609,9.164,0.494,
30,-35,15,0,0.000,1795.452,1534.926,,,,0.000,0,0,0,0,0,0,10,11.305,8.999,0.590,
30,-35,20,0,0.000,1795.452,1534.926,,,,0.000,0,0,0,0,0,0,8,13.325,10.807,0.294,
30,-35,25,0,0.000,1795.452,1534.926,,,,0.000,0,0,0,0,0,0,10,12.581,11.717,0.536,
30,-35,30,0,0.000,1795.452,1534.926,,,,0.000,0,0,0,0,0,0,10,11.085,11.588,0.615,
30,-35,35,0,0.000,1795.452,1534.926,,,,0.000,0,0,0,0,0,0,10,12.075,12.345,0.509,
30,-35,40,0,0.000,1795.452,1534.926,,,,0.000,0,0,0,0,0,0,9,8.590,12.274,0.422,
30,-35,45,0,0.000,1795.452,1534.926,,,,0.000,0,0,0,0,0,0,7,13.082,9.519,0.581,
30,-35,50,0,0.000,1795.452,1534.926,,,,0.000,0,0,0,0,0,0,8,12.069,11.065,0.530,
30,-35,55,0,0.000,1795.452,1534.926,,,,0.000,0,0,0,0,0,0,8,7.558,12.769,0.504,
30,-35,60,0,10.000,1795.452,1534.926,1795.152,1535.260,0.449,0.000,0,0,0,0,0,0,7,8.679,9.851,0.576,0.000
30,-35,65,0,0.000,1795.452,1534.926,,,,0.000,0,0,0,0,0,1,6,10.768,12.075,0.519,
30,-35,70,0,0.000,1795.452,1534.926,,,,0.000,0,0,0,0,0,0,5,11.138,7.276,0.469,
30,-35,75,0,0.000,1795.452,1534.926,,,,0.000,0,0,0,0,0,0,3,9.794,6.232,0.571,
30,-35,80,0,0.000,1795.452,1534.926,,,,0.000,0,0,0,0,0,2,5,14.284,9.657,0.531,
30,-35,85,0,10.000,1795.452,1534.926,1795.104,1535.287,0.502,0.000,0,0,0,0,0,1,2,9.450,9.498,0.450,0.000
30,-35,90,0,10.000,1795.452,1534.926,1795.098,1535.292,0.509,0.000,0,0,0,0,0,3,0,9.744,11.320,0.500,0.000
30,-35,95,0,30.000,1795.452,1534.926,1795.093,1535.289,0.511,0.000,0,0,0,0,0,0,2,11.933,12.586,0.560,0.000
30,-35,100,0,20.000,1795.452,1534.926,1795.092,1535.289,0.511,0.000,0,0,0,0,0,1,0,12.697,10.724,0.496,0.000
30,-35,105,0,30.000,1795.452,1534.926,1795.114,1535.272,0.484,0.000,0,0,0,0,0,1,1,9.961,13.063,0.509,0.000
30,-35,110,0,20.000,1795.452,1534.926,1795.111,1535.283,0.494,0.000,0,0,0,0,0,1,0,9.246,11.015,0.673,0.000
30,-35,115,0,20.000,1795.452,1534.926,1795.105,1535.287,0.501,0.000,0,0,0,0,0,3,0,9.556,11.057,0.707,0.000
30,-35,120,0,30.000,1795.452,1534.926,1795.091,1535.263,0.494,0.000,0,0,0,0,0,1,0,10.643,10.293,0.700,0.000
30,-35,125,0,20.000,1795.452,1534.926,1795.084,1535.259,0.496,0.000,0,0,0,0,0,6,0,9.486,12.147,0.614,0.000
30,-35,130,0,10.000,1795.452,1534.926,1795.095,1535.294,0.513,0.000,0,0,0,0,0,2,0,11.984,8.813,0.595,0.000
30,-35,135,0,40.000,1795.452,1534.926,1795.106,1535.256,0.478,0.000,0,0,0,0,0,3,0,10.385,10.857,0.582,0.000
30,-35,140,0,50.000,1795.452,1534.926,1795.104,1535.274,0.492,0.000,0,0,0,0,0,3,0,11.904,9.304,0.438,0.000
30,-35,145,0,60.000,1795.452,1534.926,1795.106,1535.264,0.484,0.000,0,0,0,0,0,3,0,10.534,10.666,0.474,0.000
30,-35,150,0,30.000,1795.452,1534.926,1795.123,1535.262,0.471,0.000,0,0,0,0,0,4,0,10.757,10.795,0.557,0.000
30,-35,155,0,30.000,1795.452,1534.926,1795.096,1535.277,0.499,0.000,0,0,0,0,0,2,0,11.683,10.808,0.710,0.000
30,-35,160,0,30.000,1795.452,1534.926,1795.087,1535.274,0.504,0.000,0,0,0,0,0,2,0,6.840,12.407,0.692,0.000
30,-35,165,0,30.000,1795.452,1534.926,1795.088,1535.271,0.501,0.000,0,0,0,0,0,5,0,10.693,12.159,0.622,0.000
30,-35,170,0,50.000,1795.452,1534.926,1795.114,1535.279,0.488,0.000,0,0,0,0,0,5,0,9.342,10.623,0.636,0.000
30,-35,175,0,80.000,1795.452,1534.926,1795.101,1535.264,0.487,0.000,0,0,0,0,0,2,0,10.483,8.976,0.563,0.000
30,-35,180,0,60.000,1795.452,1534.926,1795.187,1535.214,0.391,0.000,0,0,0,0,0,3,0,12.035,9.001,0.476,0.000
30,-35,185,0,60.000,1795.452,1534.926,1795.110,1535.257,0.476,0.000,0,0,0,0,0,4,0,10.173,13.102,0.507,0.000
30,-35,190,0,60.000,1795.452,1534.926,1795.336,1535.101,0.210,0.000,0,0,0,0,0,3,0,13.386,8.964,0.539,0.000
30,-35,195,0,80.000,1795.452,1534.926,1795.107,1535.267,0.485,0.000,0,0,0,0,0,2,0,9.799,11.578,0.318,0.000
30,-35,200,0,60.000,1795.452,1534.926,1795.103,1535.255,0.480,0.000,0,0,0,0,0,2,0,13.724,9.796,0.703,0.000
30,-35,205,0,30.000,1795.452,1534.926,1795.086,1535.204,0.459,0.000,0,0,0,0,0,6,0,9.953,13.344,0.456,0.000
30,-35,210,0,70.000,1795.452,1534.926,1795.102,1535.268,0.489,0.000,0,0,0,0,0,3,0,11.519,11.980,0.512,0.000
30,-35,215,0,60.000,1795.452,1534.926,1795.084,1535.249,0.489,0.000,0,0,0,0,0,4,0,11.406,9.955,0.591,0.000
30,-35,220,0,70.000,1795.452,1534.926,1795.099,1535.272,0.494,0.100,1,0,1,0,0,2,0,7.659,14.166,0.489,0.000
30,-35,225,0,40.000,1795.452,1534.926,1795.156,1535.213,0.412,0.000,0,0,0,0,0,6,0,9.570,12.599,0.384,0.000
30,-35,230,0,40.000,1795.452,1534.926,1795.087,1535.240,0.482,0.000,0,0,0,0,0,6,0,8.070,12.691,0.344,0.000
30,-35,235,0,40.000,1795.452,1534.926,1795.111,1535.247,0.468,0.000,0,0,0,0,0,5,0,12.620,11.658,0.553,0.000
30,-35,240,0,80.000,1795.452,1534.926,1795.503,1534.996,0.087,0.000,0,0,0,0,0,2,0,11.982,9.798,0.534,0.000
30,-35,245,0,40.000,1795.452,1534.926,1795.071,1535.228,0.486,0.100,1,0,1,0,0,5,0,11.242,8.115,0.630,0.000
30,-35,250,0,60.000,1795.452,1534.926,1796.033,1534.618,0.658,0.000,0,0,0,0,0,4,0,9.113,11.171,0.483,0.000
30,-35,255,0,70.000,1795.452,1534.926,1795.088,1535.255,0.491,0.000,0,0,0,0,0,3,0,11.837,8.911,0.434,0.000
30,-35,260,0,70.000,1795.452,1534.926,1795.105,1535.259,0.481,0.000,0,0,0,0,0,3,0,9.920,7.696,0.551,0.000
30,-35,265,0,50.000,1795.452,1534.926,1797.149,1533.797,2.038,0.100,1,0,1,0,0,4,0,11.340,8.333,0.463,0.000
30,-35,270,0,50.000,1795.452,1534.926,1795.622,1534.910,0.171,0.100,1,0,1,0,0,4,0,12.000,11.804,0.441,0.000
30,-35,275,0,70.000,1795.452,1534.926,1795.390,1535.045,0.134,0.000,0,0,0,0,0,3,0,10.768,10.474,0.588,0.000
30,-35,280,0,40.000,1795.452,1534.926,1795.088,1535.245,0.485,0.200,1,0,2,0,0,4,0,13.083,10.011,0.534,0.000
30,-35,285,0,60.000,1795.452,1534.926,1795.929,1534.640,0.556,0.200,1,0,2,0,0,2,0,10.603,10.181,0.461,0.000
30,-30,-10,0,0.000,1795.452,1534.926,,,,0.000,0,0,0,0,0,0,10,9.875,11.235,0.631,
30,-30,-5,0,0.000,1795.452,1534.926,,,,0.000,0,0,0,0,0,0,10,9.582,10.535,0.496,
30,-30,0,0,0.000,1795.452,1534.926,,,,0.000,0,0,0,0,0,0,10,13.095,10.858,0.635,
30,-30,5,0,0.000,1795.452,1534.926,,,,0.000,0,0,0,0,0,0,10,10.293,6.636,0.273,
30,-30,10,0,0.000,1795.452,1534.926,,,,0.000,0,0,0,0,0,0,10,10.896,11.392,0.511,
30,-30,15,0,0.000,1795.452,1534.926,,,,0.000,0,0,0,0,0,0,10,11.277,13.263,0.592,
30,-30,20,0,0.000,1795.452,1534.926,,,,0.000,0,0,0,0,0,0,9,11.863,10.345,0.699,
30,-30,25,0,10.000,1795.452,1534.926,1795.098,1535.292,0.509,0.000,0,0,0,0,0,0,9,10.585,11.599,0.599,0.000
30,-30,30,0,0.000,1795.452,1534.926,,,,0.000,0,0,0,0,0,0,8,11.842,10.008,0.587,
30,-30,35,0,0.000,1795.452,1534.926,,,,0.000,0,0,0,0,0,0,7,11.676,9.725,0.463,
30,-30,40,0,0.000,1795.452,1534.926,,,,0.000,0,0,0,0,0,1,6,13.522,10.853,0.509,
30,-30,45,0,0.000,1795.452,1534.926,,,,0.000,0,0,0,0,0,0,6,9.627,10.763,0.307,
30,-30,50,0,10.000,1795.452,1534.926,1795.097,1535.232,0.469,0.000,0,0,0,0,0,0,7,8.003,10.841,0.628,0.000
30,-30,55,0,20.000,1795.452,1534.926,1795.125,1535.236,0.450,0.000,0,0,0,0,0,0,4,11.562,13.308,0.574,0.000
30,-30,60,0,0.000,1795.452,1534.926,,,,0.000,0,0,0,0,0,2,3,8.795,12.041,0.640,
30,-30,65,0,10.000,1795.452,1534.926,1795.052,1535.219,0.496,0.000,0,0,0,0,0,0,4,11.755,7.190,0.531,0.000
30,-30,70,0,40.000,1795.452,1534.926,1795.088,1535.275,0.504,0.000,0,0,0,0,0,1,2,11.971,11.475,0.362,0.000
30,-30,75,0,10.000,1795.452,1534.926,1795.095,1535.293,0.512,0.000,0,0,0,0,0,0,4,7.863,9.716,0.517,0.000
30,-30,80,0,30.000,1795.452,1534.926,1795.095,1535.267,0.494,0.000,0,0,0,0,0,0,2,10.956,10.012,0.652,0.000
30,-30,85,0,10.000,1795.452,1534.926,1795.054,1535.223,0.497,0.000,0,0,0,0,0,0,1,11.253,11.178,0.598,0.000
30,-30,90,0,20.000,1795.452,1534.926,1795.100,1535.269,0.492,0.000,0,0,0,0,0,0,1,8.137,13.028,0.437,0.000
30,-30,95,0,20.000,1795.452,1534.926,1795.097,1535.286,0.506,0.000,0,0,0,0,0,0,0,9.171,10.458,0.508,0.000
30,-30,100,0,30.000,1795.452,1534.926,1795.105,1535.252,0.477,0.000,0,0,0,0,0,3,1,12.590,8.283,0.561,0.000
30,-30,105,0,40.000,1795.452,1534.926,1795.107,1535.286,0.498,0.000,0,0,0,0,0,1,0,11.211,10.784,0.503,0.000
30,-30,110,0,20.000,1795.452,1534.926,1795.072,1535.249,0.499,0.000,0,0,0,0,0,2,0,9.365,12.287,0.484,0.000
30,-30,115,0,30.000,1795.452,1534.926,1795.133,1535.269,0.469,0.000,0,0,0,0,0,2,0,11.890,12.476,0.507,0.000
30,-30,120,0,20.000,1795.452,1534.926,1795.119,1535.277,0.484,0.000,0,0,0,0,0,2,0,13.722,10.028,0.549,0.000
30,-30,125,0,40.000,1795.452,1534.926,1795.652,1534.866,0.209,0.000,0,0,0,0,0,3,0,12.055,10.208,0.290,0.000
30,-30,130,0,40.000,1795.452,1534.926,1795.109,1535.283,0.495,0.000,0,0,0,0,0,2,0,10.524,10.161,0.736,0.000
30,-30,135,0,40.000,1795.452,1534.926,1795.109,1535.257,0.477,0.000,0,0,0,0,0,3,0,13.217,10.764,0.388,0.000
30,-30,140,0,30.000,1795.452,1534.926,1795.139,1535.261,0.459,0.000,0,0,0,0,0,5,0,8.314,12.824,0.520,0.000
30,-30,145,0,40.000,1795.452,1534.926,1795.495,1534.978,0.068,0.000,0,0,0,0,0,2,0,12.783,13.246,0.664,0.000
30,-30,150,0,30.000,1795.452,1534.926,1795.077,1535.247,0.494,0.000,0,0,0,0,0,3,0,14.752,9.013,0.608,0.000
30,-30,155,0,40.000,1795.452,1534.926,1795.118,1535.242,0.460,0.000,0,0,0,0,0,4,0,9.766,5.049,0.380,0.000
30,-30,160,0,60.000,1795.452,1534.926,1795.215,1535.198,0.361,0.000,0,0,0,0,0,4,0,11.248,12.081,0.541,0.000
30,-30,165,0,40.000,1795.452,1534.926,1795.110,1535.284,0.495,0.000,0,0,0,0,0,4,0,10.683,11.816,0.418,0.000
30,-30,170,0,50.000,1795.452,1534.926,1795.393,1535.029,0.119,0.000,0,0,0,0,0,3,0,9.654,11.593,0.562,0.000
30,-30,175,0,80.000,1795.452,1534.926,1795.120,1535.276,0.483,0.000,0,0,0,0,0,2,0,9.678,6.363,0.565,0.000
30,-30,180,0,30.000,1795.452,1534.926,1795.117,1535.279,0.487,0.000,0,0,0,0,0,4,0,10.510,13.538,0.701,0.000
30,-30,185,0,70.000,1795.452,1534.926,1795.132,1535.253,0.458,0.000,0,0,0,0,0,3,0,9.898,12.645,0.327,0.000
30,-30,190,0,70.000,1795.452,1534.926,1795.106,1535.279,0.494,0.000,0,0,0,0,0,3,0,10.624,9.760,0.508,0.000
30,-30,195,0,70.000,1795.452,1534.926,1795.106,1535.286,0.500,0.000,0,0,0,0,0,2,0,10.411,11.608,0.515,0.000
30,-30,200,0,70.000,1795.452,1534.926,1796.568,1534.224,1.318,0.000,0,0,0,0,0,3,0,11.055,12.763,0.491,0.000
30,-30,205,0,50.000,1795.452,1534.926,1795.083,1535.246,0.488,0.100,1,0,1,0,0,4,0,9.199,11.832,0.579,0.000
30,-30,210,0,80.000,1795.452,1534.926,1795.284,1535.124,0.260,0.000,0,0,0,0,0,2,0,12.632,10.774,0.629,0.000
30,-30,215,0,60.000,1795.452,1534.926,1795.169,1535.203,0.396,0.000,0,0,0,0,0,4,0,8.847,9.285,0.475,0.000
30,-30,220,0,60.000,1795.452,1534.926,1795.094,1535.250,0.483,0.100,1,0,1,0,0,3,0,12.087,13.924,0.352,0.000
30,-30,225,0,50.000,1795.452,1534.926,1795.126,1535.263,0.469,0.000,0,0,0,0,0,5,0,9.371,11.007,0.420,0.000
30,-30,230,0,70.000,1795.452,1534.926,1795.561,1534.944,0.111,0.000,0,0,0,0,0,3,0,13.145,10.711,0.598,0.000
30,-30,235,0,50.000,1795.452,1534.926,1795.064,1535.208,0.480,0.000,0,0,0,0,0,5,0,8.970,12.440,0.394,0.000
30,-30,240,0,50.000,1795.452,1534.926,1795.145,1535.251,0.447,0.100,1,0,1,0,0,4,0,9.687,8.551,0.534,0.000
30,-30,245,0,70.000,1795.452,1534.926,1795.093,1535.273,0.499,0.100,1,0,1,0,0,2,0,11.503,11.011,0.502,0.000
30,-30,250,0,70.000,1795.452,1534.926,1795.144,1535.254,0.450,0.000,0,0,0,0,0,3,0,11.651,9.653,0.544,0.000
30,-30,255,0,60.000,1795.452,1534.926,1795.074,1535.228,0.484,0.200,1,0,2,0,0,2,0,9.448,11.134,0.650,0.000
30,-30,260,0,60.000,1795.452,1534.926,1795.083,1535.264,0.500,0.200,1,0,2,0,0,2,0,6.633,11.400,0.465,0.000
30,-30,265,0,50.000,1795.452,1534.926,1795.496,1534.951,0.051,0.100,1,0,1,0,0,4,0,11.524,12.591,0.608,0.000
30,-30,270,0,70.000,1795.452,1534.926,1795.106,1535.265,0.485,0.000,0,0,0,0,0,3,0,10.701,5.939,0.575,0.000
30,-30,275,0,50.000,1795.452,1534.926,1795.516,1534.960,0.073,0.200,1,0,2,0,0,3,0,11.144,11.026,0.435,0.000
30,-30,280,0,70.000,1795.452,1534.926,1795.136,1535.235,0.442,0.000,0,0,0,0,0,3,0,11.413,14.484,0.519,0.000
30,-30,285,0,60.000,1795.452,1534.926,1795.784,1534.767,0.368,0.100,1,0,1,0,0,3,0,8.882,13.946,0.705,0.000
30,-25,-10,0,0.000,1795.452,1534.926,,,,0.000,0,0,0,0,0,0,10,9.756,11.743,0.335,
30,-25,-5,0,0.000,1795.452,1534.926,,,,0.000,0,0,0,0,0,0,10,9.213,9.994,0.533,
30,-25,0,0,0.000,1795.452,1534.926,,,,0.000,0,0,0,0,0,0,10,8.335,11.645,0.638,
30,-25,5,0,0.000,1795.452,1534.926,,,,0.000,0,0,0,0,0,0,10,10.957,9.207,0.513,
30,-25,10,0,0.000,1795.452,1534.926,,,,0.000,0,0,0,0,0,0,9,13.517,9.838,0.599,
30,-25,15,0,0.000,1795.452,1534.926,,,,0.000,0,0,0,0,0,0,10,11.206,9.644,0.628,
30,-25,20,0,0.000,1795.452,1534.926,,,,0.000,0,0,0,0,0,1,9,10.966,12.485,0.511,
30,-25,25,0,0.000,1795.452,1534.926,,,,0.000,0,0,0,0,0,3,7,10.071,12.004,0.621,
30,-25,30,0,0.000,1795.452,1534.926,,,,0.000,0,0,0,0,0,0,9,10.417,7.687,0.630,
30,-25,35,0,20.000,1795.452,1534.926,1795.122,1535.275,0.481,0.000,0,0,0,0,0,1,6,9.995,12.348,0.553,0.000
30,-25,40,0,10.000,1795.452,1534.926,1795.095,1535.294,0.513,0.000,0,0,0,0,0,1,5,12.189,13.478,0.545,0.000
30,-25,45,0,0.000,1795.452,1534.926,,,,0.000,0,0,0,0,0,1,7,9.618,13.102,0.631,
30,-25,50,0,20.000,1795.452,1534.926,1795.106,1535.265,0.484,0.000,0,0,0,0,0,2,5,10.907,12.251,0.588,0.000
30,-25,55,0,20.000,1795.452,1534.926,1795.089,1535.209,0.460,0.000,0,0,0,0,0,2,5,10.536,13.188,0.486,0.000
30,-25,60,0,20.000,1795.452,1534.926,1795.089,1535.279,0.506,0.000,0,0,0,0,0,1,4,10.371,10.401,0.554,0.000
30,-25,65,0,0.000,1795.452,1534.926,,,,0.000,0,0,0,0,0,1,1,9.582,10.276,0.547,
30,-25,70,0,30.000,1795.452,1534.926,1795.138,1535.263,0.461,0.000,0,0,0,0,0,3,0,9.102,9.324,0.589,0.000
30,-25,75,0,30.000,1795.452,1534.926,1795.109,1535.284,0.496,0.000,0,0,0,0,0,2,1,11.676,5.187,0.598,0.000
30,-25,80,0,10.000,1795.452,1534.926,1795.046,1535.209,0.495,0.000,0,0,0,0,0,1,1,12.463,11.694,0.392,0.000
30,-25,85,0,10.000,1795.452,1534.926,1795.095,1535.294,0.513,0.000,0,0,0,0,0,0,2,10.275,13.238,0.568,0.000
30,-25,90,0,30.000,1795.452,1534.926,1795.077,1535.235,0.486,0.000,0,0,0,0,0,0,1,9.970,11.287,0.459,0.000
30,-25,95,0,50.000,1795.452,1534.926,1795.082,1535.255,0.495,0.000,0,0,0,0,0,1,0,11.830,9.842,0.620,0.000
30,-25,100,0,30.000,1795.452,1534.926,1795.090,1535.242,0.481,0.000,0,0,0,0,0,4,0,9.014,13.049,0.562,0.000
30,-25,105,0,20.000,1795.452,1534.926,1795.126,1535.271,0.475,0.000,0,0,0,0,0,0,0,12.597,9.494,0.455,0.000
30,-25,110,0,30.000,1795.452,1534.926,1795.146,1535.231,0.432,0.000,0,0,0,0,0,3,0,9.844,13.138,0.505,0.000
30,-25,115,0,40.000,1795.452,1534.926,1795.203,1535.189,0.362,0.000,0,0,0,0,0,2,0,11.786,9.741,0.484,0.000
30,-25,120,0,60.000,1795.452,1534.926,1795.100,1535.268,0.491,0.000,0,0,0,0,0,1,0,9.048,10.852,0.611,0.000
30,-25,125,0,50.000,1795.452,1534.926,1795.441,1535.009,0.084,0.000,0,0,0,0,0,4,0,10.353,5.898,0.459,0.000
30,-25,130,0,60.000,1795.452,1534.926,1795.308,1535.104,0.229,0.000,0,0,0,0,0,3,0,13.075,11.599,0.505,0.000
30,-25,135,0,50.000,1795.452,1534.926,1795.098,1535.285,0.504,0.000,0,0,0,0,0,2,0,9.669,7.805,0.574,0.000
30,-25,140,0,60.000,1795.452,1534.926,1795.394,1535.080,0.165,0.000,0,0,0,0,0,3,0,9.816,12.202,0.552,0.000
30,-25,145,0,80.000,1795.452,1534.926,1795.101,1535.258,0.483,0.000,0,0,0,0,0,1,0,7.811,11.228,0.744,0.000
30,-25,150,0,50.000,1795.452,1534.926,1795.755,1534.780,0.336,0.000,0,0,0,0,0,3,0,11.431,11.776,0.492,0.000
30,-25,155,0,20.000,1795.452,1534.926,1795.093,1535.273,0.500,0.000,0,0,0,0,0,6,0,7.997,10.445,0.537,0.000
30,-25,160,0,80.000,1795.452,1534.926,1795.342,1535.100,0.206,0.000,0,0,0,0,0,1,0,11.137,9.794,0.491,0.000
30,-25,165,0,50.000,1795.452,1534.926,1795.093,1535.248,0.482,0.000,0,0,0,0,0,5,0,10.612,9.402,0.563,0.000
30,-25,170,0,60.000,1795.452,1534.926,1796.664,1534.145,1.441,0.000,0,0,0,0,0,4,0,9.883,11.352,0.640,0.000
30,-25,175,0,40.000,1795.452,1534.926,1795.163,1535.245,0.430,0.000,0,0,0,0,0,6,0,10.598,8.402,0.450,0.000
30,-25,180,0,80.000,1795.452,1534.926,1795.100,1535.246,0.476,0.000,0,0,0,0,0,1,0,12.622,12.790,0.636,0.000
30,-25,185,0,50.000,1795.452,1534.926,1795.097,1535.275,0.498,0.100,1,0,1,0,0,4,0,9.788,6.330,0.545,0.000
30,-25,190,0,70.000,1795.452,1534.926,1795.098,1535.262,0.488,0.000,0,0,0,0,0,3,0,12.020,13.674,0.713,0.000
30,-25,195,0,70.000,1795.452,1534.926,1795.136,1535.219,0.431,0.100,1,0,1,0,0,2,0,13.219,9.164,0.407,0.000
30,-25,200,0,60.000,1795.452,1534.926,1795.890,1534.704,0.491,0.000,0,0,0,0,0,4,0,8.517,13.404,0.482,0.000
30,-25,205,0,80.000,1795.452,1534.926,1795.526,1534.954,0.080,0.000,0,0,0,0,0,2,0,8.180,14.629,0.581,0.000
30,-25,210,0,60.000,1795.452,1534.926,1795.087,1535.252,0.489,0.000,0,0,0,0,0,4,0,10.913,9.829,0.401,0.000
30,-25,215,0,40.000,1795.452,1534.926,1795.582,1534.880,0.138,0.300,1,0,3,0,0,3,0,9.948,12.392,0.363,0.000
30,-25,220,0,50.000,1795.452,1534.926,1795.163,1535.219,0.412,0.000,0,0,0,0,0,5,0,10.218,10.014,0.593,0.000
30,-25,225,0,80.000,1795.452,1534.926,1795.901,1534.681,0.512,0.200,1,0,2,0,0,0,0,10.596,13.265,0.389,0.000
30,-25,230,0,70.000,1795.452,1534.926,1795.699,1534.820,0.269,0.000,0,0,0,0,0,3,0,9.060,10.296,0.439,0.000
30,-25,235,0,50.000,1795.452,1534.926,1795.141,1535.248,0.448,0.100,1,0,1,0,0,4,0,9.626,9.322,0.420,0.000
30,-25,240,0,70.000,1795.452,1534.926,1795.595,1534.919,0.143,0.100,1,0,1,0,0,2,0,11.780,7.680,0.558,0.000
30,-25,245,0,50.000,1795.452,1534.926,1796.234,1534.453,0.914,0.100,1,0,1,0,0,4,0,10.232,11.611,0.612,0.000
30,-25,250,0,70.000,1795.452,1534.926,1795.185,1535.161,0.356,0.000,0,0,0,0,0,3,0,9.646,12.448,0.359,0.000
30,-25,255,0,70.000,1795.452,1534.926,1796.186,1534.502,0.848,0.200,1,0,2,0,0,1,0,9.401,10.899,0.481,0.000
30,-25,260,0,50.000,1795.452,1534.926,1796.889,1534.014,1.701,0.200,1,0,2,0,0,3,0,11.198,9.079,0.389,0.000
30,-25,265,0,50.000,1795.452,1534.926,1796.059,1534.569,0.704,0.000,0,0,0,0,0,5,0,9.871,10.786,0.580,0.000
30,-25,270,0,70.000,1795.452,1534.926,1795.515,1534.967,0.076,0.000,0,0,0,0,0,3,0,9.511,8.263,0.626,0.000
30,-25,275,0,40.000,1795.452,1534.926,1795.991,1534.621,0.619,0.500,1,0,5,0,0,1,0,10.924,12.156,0.423,0.000
30,-25,280,0,20.000,1795.452,1534.926,1795.171,1535.183,0.381,0.300,1,0,3,0,0,5,0,10.389,14.052,0.619,0.000
30,-25,285,0,80.000,1795.452,1534.926,1796.428,1534.317,1.151,0.100,1,0,1,0,0,1,0,14.317,9.625,0.419,0.000
30,-20,-10,0,0.000,1795.452,1534.926,,,,0.000,0,0,0,0,0,0,10,9.358,10.705,0.614,
30,-20,-5,0,0.000,1795.452,1534.926,,,,0.000,0,0,0,0,0,0,10,9.522,11.282,0.595,
30,-20,0,0,0.000,1795.452,1534.926,,,,0.000,0,0,0,0,0,0,10,10.629,10.887,0.450,
30,-20,5,0,10.000,1795.452,1534.926,1795.054,1535.224,0.497,0.000,0,0,0,0,0,0,9,12.063,9.945,0.414,0.000
30,-20,10,0,0.000,1795.452,1534.926,,,,0.000,0,0,0,0,0,2,8,12.577,10.736,0.409,
30,-20,15,0,10.000,1795.452,1534.926,1795.069,1535.248,0.501,0.000,0,0,0,0,0,0,9,11.388,10.091,0.617,0.000
30,-20,20,0,0.000,1795.452,1534.926,,,,0.000,0,0,0,0,0,1,9,10.716,9.194,0.599,
30,-20,25,0,0.000,1795.452,1534.926,,,,0.000,0,0,0,0,0,1,9,10.564,9.886,0.598,
30,-20,30,0,10.000,1795.452,1534.926,1795.097,1535.292,0.511,0.000,0,0,0,0,0,0,8,8.870,10.808,0.614,0.000
30,-20,35,0,0.000,1795.452,1534.926,,,,0.000,0,0,0,0,0,0,10,9.862,9.939,0.639,
30,-20,40,0,40.000,1795.452,1534.926,1795.078,1535.263,0.503,0.000,0,0,0,0,0,1,4,12.473,10.915,0.545,0.000
30,-20,45,0,20.000,1795.452,1534.926,1795.106,1535.285,0.499,0.000,0,0,0,0,0,4,3,9.669,9.413,0.571,0.000
30,-20,50,0,40.000,1795.452,1534.926,1795.134,1535.269,0.468,0.000,0,0,0,0,0,1,5,12.850,9.493,0.650,0.000
30,-20,55,0,20.000,1795.452,1534.926,1795.108,1535.234,0.462,0.000,0,0,0,0,0,1,4,10.752,13.429,0.723,0.000
30,-20,60,0,40.000,1795.452,1534.926,1795.280,1535.122,0.261,0.000,0,0,0,0,0,1,1,12.270,10.455,0.566,0.000
30,-20,65,0,10.000,1795.452,1534.926,1795.139,1535.264,0.461,0.000,0,0,0,0,0,2,0,6.222,9.915,0.613,0.000
30,-20,70,0,10.000,1795.452,1534.926,1795.078,1535.264,0.505,0.000,0,0,0,0,0,1,1,8.269,12.297,0.613,0.000
30,-20,75,0,20.000,1795.452,1534.926,1795.096,1535.293,0.511,0.000,0,0,0,0,0,0,4,10.229,7.517,0.623,0.000
30,-20,80,0,40.000,1795.452,1534.926,1795.082,1535.225,0.476,0.000,0,0,0,0,0,4,2,8.027,10.699,0.669,0.000
30,-20,85,0,30.000,1795.452,1534.926,1795.095,1535.274,0.499,0.000,0,0,0,0,0,2,0,8.911,8.008,0.436,0.000
30,-20,90,0,30.000,1795.452,1534.926,1795.106,1535.261,0.482,0.000,0,0,0,0,0,3,0,10.774,11.279,0.566,0.000
30,-20,95,0,50.000,1795.452,1534.926,1795.231,1535.164,0.325,0.000,0,0,0,0,0,1,0,10.958,8.915,0.710,0.000
30,-20,100,0,40.000,1795.452,1534.926,1795.482,1534.986,0.068,0.000,0,0,0,0,0,3,0,10.756,12.661,0.503,0.000
30,-20,105,0,40.000,1795.452,1534.926,1795.748,1534.780,0.330,0.000,0,0,0,0,0,0,0,12.004,12.588,0.456,0.000
30,-20,110,0,30.000,1795.452,1534.926,1795.114,1535.273,0.485,0.000,0,0,0,0,0,2,0,11.330,13.030,0.464,0.000
30,-20,115,0,60.000,1795.452,1534.926,1796.007,1534.629,0.630,0.000,0,0,0,0,0,1,0,14.462,13.217,0.615,0.000
30,-20,120,0,70.000,1795.452,1534.926,1795.396,1535.054,0.140,0.000,0,0,0,0,0,1,0,13.364,12.157,0.566,0.000
30,-20,125,0,50.000,1795.452,1534.926,1795.108,1535.271,0.487,0.000,0,0,0,0,0,2,0,9.952,9.098,0.558,0.000
30,-20,130,0,40.000,1795.452,1534.926,1795.162,1535.247,0.433,0.000,0,0,0,0,0,4,0,9.984,11.019,0.361,0.000
30,-20,135,0,40.000,1795.452,1534.926,1795.096,1535.263,0.490,0.000,0,0,0,0,0,5,0,8.343,7.621,0.615,0.000
30,-20,140,0,50.000,1795.452,1534.926,1795.106,1535.259,0.480,0.000,0,0,0,0,0,4,0,9.749,13.499,0.554,0.000
30,-20,145,0,40.000,1795.452,1534.926,1795.476,1534.973,0.053,0.000,0,0,0,0,0,3,0,14.072,9.354,0.470,0.000
30,-20,150,0,70.000,1795.452,1534.926,1795.633,1534.873,0.188,0.000,0,0,0,0,0,1,0,12.805,9.537,0.639,0.000
30,-20,155,0,50.000,1795.452,1534.926,1796.786,1534.045,1.598,0.000,0,0,0,0,0,3,0,13.695,7.855,0.528,0.000
30,-20,160,0,70.000,1795.452,1534.926,1795.093,1535.269,0.496,0.000,0,0,0,0,0,2,0,14.182,9.550,0.702,0.000
30,-20,165,0,50.000,1795.452,1534.926,1795.856,1534.727,0.450,0.000,0,0,0,0,0,5,0,12.487,10.651,0.564,0.000
30,-20,170,0,60.000,1795.452,1534.926,1795.132,1535.226,0.439,0.000,0,0,0,0,0,4,0,7.911,11.225,0.561,0.000
30,-20,175,0,80.000,1795.452,1534.926,1795.091,1535.265,0.495,0.000,0,0,0,0,0,2,0,10.268,12.058,0.674,0.000
30,-20,180,0,80.000,1795.452,1534.926,1795.104,1535.282,0.498,0.000,0,0,0,0,0,2,0,10.320,11.179,0.287,0.000
30,-20,185,0,60.000,1795.452,1534.926,1795.102,1535.261,0.485,0.000,0,0,0,0,0,4,0,12.600,13.299,0.692,0.000
30,-20,190,0,80.000,1795.452,1534.926,1795.870,1534.693,0.478,0.000,0,0,0,0,0,2,0,8.684,12.954,0.475,0.000
30,-20,195,0,50.000,1795.452,1534.926,1795.098,1535.271,0.495,0.000,0,0,0,0,0,5,0,9.794,9.095,0.672,0.000
30,-20,200,0,60.000,1795.452,1534.926,1795.095,1535.251,0.483,0.000,0,0,0,0,0,4,0,13.380,9.466,0.526,0.000
30,-20,205,0,80.000,1795.452,1534.926,1795.330,1535.087,0.202,0.000,0,0,0,0,0,2,0,9.545,11.764,0.425,0.000
30,-20,210,0,70.000,1795.452,1534.926,1795.437,1535.020,0.095,0.100,1,0,1,0,0,2,0,10.706,13.347,0.604,0.000
30,-20,215,0,80.000,1795.452,1534.926,1795.335,1535.061,0.179,0.000,0,0,0,0,0,2,0,10.889,10.271,0.622,0.000
30,-20,220,0,70.000,1795.452,1534.926,1795.422,1535.046,0.124,0.100,1,0,1,0,0,2,0,10.010,10.586,0.644,0.000
30,-20,225,0,50.000,1795.452,1534.926,1796.920,1533.996,1.737,0.100,1,0,1,0,0,4,0,12.321,11.944,0.515,0.000
30,-20,230,0,80.000,1795.452,1534.926,1795.471,1534.972,0.050,0.000,0,0,0,0,0,2,0,10.513,8.378,0.535,0.000
30,-20,235,0,60.000,1795.452,1534.926,1796.218,1534.477,0.888,0.000,0,0,0,0,0,4,0,15.955,11.856,0.634,0.000
30,-20,240,0,50.000,1795.452,1534.926,1795.163,1535.186,0.389,0.000,0,0,0,0,0,5,0,11.345,11.598,0.576,0.000
30,-20,245,0,80.000,1795.452,1534.926,1796.249,1534.444,0.932,0.000,0,0,0,0,0,2,0,11.772,10.244,0.632,0.000
30,-20,250,0,50.000,1795.452,1534.926,1795.402,1535.025,0.112,0.200,1,0,2,0,1,2,0,12.258,11.917,0.551,0.000
30,-20,255,0,70.000,1795.452,1534.926,1795.263,1535.137,0.283,0.100,1,0,1,0,0,2,0,9.443,12.011,0.595,0.000
30,-20,260,0,50.000,1795.452,1534.926,1795.115,1535.281,0.490,0.200,1,0,2,0,0,3,0,11.864,12.725,0.681,0.000
30,-20,265,0,70.000,1795.452,1534.926,1795.183,1535.209,0.391,0.100,1,0,1,0,0,2,0,11.465,11.501,0.762,0.000
30,-20,270,0,70.000,1795.452,1534.926,1795.121,1535.214,0.439,0.000,0,0,0,0,0,3,0,8.484,8.807,0.750,0.000
30,-20,275,0,50.000,1795.452,1534.926,1795.114,1535.228,0.454,0.300,1,0,3,0,0,2,0,13.293,10.681,0.537,0.000
30,-20,280,0,20.000,1795.452,1534.926,1795.900,1534.700,0.502,0.500,1,0,5,0,0,3,0,9.098,11.985,0.552,0.000
30,-20,285,0,60.000,1795.452,1534.926,1795.095,1535.254,0.485,0.100,1,0,1,0,0,3,0,8.014,11.407,0.635,0.000
30,-15,-10,0,10.000,1795.452,1534.926,1795.759,1534.784,0.338,0.000,0,0,0,0,0,0,9,8.454,9.188,0.589,0.000
30,-15,-5,0,0.000,1795.452,1534.926,,,,0.000,0,0,0,0,0,0,10,10.686,10.515,0.634,
30,-15,0,0,20.000,1795.452,1534.926,1795.060,1535.209,0.484,0.000,0,0,0,0,0,0,8,12.457,10.822,0.634,0.000
30,-15,5,0,40.000,1795.452,1534.926,1795.626,1534.875,0.182,0.000,0,0,0,0,0,0,6,13.641,11.135,0.409,0.000
30,-15,10,0,0.000,1795.452,1534.926,,,,0.000,0,0,0,0,0,0,10,9.224,8.987,0.658,
30,-15,15,0,10.000,1795.452,1534.926,1795.065,1535.242,0.500,0.000,0,0,0,0,0,0,9,10.490,10.805,0.614,0.000
30,-15,20,0,20.000,1795.452,1534.926,1795.491,1534.964,0.055,0.000,0,0,0,0,0,0,8,11.442,10.779,0.565,0.000
30,-15,25,0,10.000,1795.452,1534.926,1795.072,1535.228,0.486,0.000,0,0,0,0,0,0,8,10.939,11.171,0.463,0.000
30,-15,30,0,40.000,1795.452,1534.926,1795.618,1534.879,0.173,0.000,0,0,0,0,0,2,4,12.756,12.717,0.512,0.000
30,-15,35,0,50.000,1795.452,1534.926,1795.089,1535.239,0.480,0.000,0,0,0,0,0,2,3,9.453,11.287,0.570,0.000
30,-15,40,0,30.000,1795.452,1534.926,1795.437,1534.974,0.050,0.000,0,0,0,0,0,1,5,13.793,10.645,0.342,0.000
30,-15,45,0,30.000,1795.452,1534.926,1795.102,1535.240,0.471,0.000,0,0,0,0,0,2,3,9.172,10.286,0.520,0.000
30,-15,50,0,40.000,1795.452,1534.926,1795.238,1535.190,0.340,0.000,0,0,0,0,0,1,4,13.035,9.265,0.637,0.000
30,-15,55,0,20.000,1795.452,1534.926,1795.100,1535.290,0.506,0.000,0,0,0,0,0,2,3,10.054,10.511,0.588,0.000
30,-15,60,0,40.000,1795.452,1534.926,1795.170,1535.212,0.402,0.000,0,0,0,0,0,2,1,9.977,11.328,0.602,0.000
30,-15,65,0,20.000,1795.452,1534.926,1795.104,1535.284,0.500,0.000,0,0,0,0,0,4,0,6.263,12.195,0.709,0.000
30,-15,70,0,40.000,1795.452,1534.926,1795.400,1535.011,0.100,0.000,0,0,0,0,0,3,1,13.942,9.931,0.453,0.000
30,-15,75,0,20.000,1795.452,1534.926,1795.112,1535.203,0.438,0.000,0,0,0,0,0,1,0,11.738,9.552,0.676,0.000
30,-15,80,0,30.000,1795.452,1534.926,1795.479,1534.994,0.073,0.000,0,0,0,0,0,3,0,10.746,10.473,0.497,0.000
30,-15,85,0,50.000,1795.452,1534.926,1795.093,1535.264,0.493,0.000,0,0,0,0,0,1,0,12.581,13.731,0.709,0.000
30,-15,90,0,20.000,1795.452,1534.926,1795.106,1535.255,0.477,0.000,0,0,0,0,0,3,0,8.925,8.468,0.642,0.000
30,-15,95,0,80.000,1795.452,1534.926,1795.322,1535.084,0.205,0.000,0,0,0,0,0,1,0,11.322,11.317,0.344,0.000
30,-15,100,0,60.000,1795.452,1534.926,1795.149,1535.224,0.425,0.000,0,0,0,0,0,2,0,9.031,10.793,0.568,0.000
30,-15,105,0,70.000,1795.452,1534.926,1795.338,1535.104,0.212,0.000,0,0,0,0,0,2,0,7.166,13.663,0.478,0.000
30,-15,110,0,80.000,1795.452,1534.926,1795.178,1535.175,0.370,0.000,0,0,0,0,0,1,0,10.893,12.979,0.464,0.000
30,-15,115,0,60.000,1795.452,1534.926,1795.846,1534.746,0.433,0.000,0,0,0,0,0,3,0,10.420,9.552,0.624,0.000
30,-15,120,0,70.000,1795.452,1534.926,1795.221,1535.163,0.331,0.000,0,0,0,0,0,2,0,12.463,12.417,0.678,0.000
30,-15,125,0,50.000,1795.452,1534.926,1795.081,1535.250,0.493,0.000,0,0,0,0,0,4,0,10.653,13.992,0.497,0.000
30,-15,130,0,40.000,1795.452,1534.926,1795.110,1535.272,0.487,0.000,0,0,0,0,0,4,0,6.533,12.306,0.449,0.000
30,-15,135,0,70.000,1795.452,1534.926,1795.101,1535.249,0.477,0.000,0,0,0,0,0,3,0,9.762,12.067,0.501,0.000
30,-15,140,0,40.000,1795.452,1534.926,1795.103,1535.226,0.460,0.000,0,0,0,0,0,4,0,15.147,8.611,0.522,0.000
30,-15,145,0,90.000,1795.452,1534.926,1795.222,1535.183,0.345,0.000,0,0,0,0,0,1,0,11.791,11.149,0.324,0.000
30,-15,150,0,60.000,1795.452,1534.926,1795.180,1535.195,0.383,0.000,0,0,0,0,0,4,0,6.406,11.896,0.615,0.000
30,-15,155,0,70.000,1795.452,1534.926,1795.093,1535.251,0.485,0.000,0,0,0,0,0,3,0,11.657,7.852,0.491,0.000
30,-15,160,0,70.000,1795.452,1534.926,1795.313,1535.097,0.221,0.000,0,0,0,0,0,3,0,11.717,10.337,0.538,0.000
30,-15,165,0,70.000,1795.452,1534.926,1795.464,1535.011,0.086,0.000,0,0,0,0,0,3,0,11.388,12.455,0.719,0.000
30,-15,170,0,50.000,1795.452,1534.926,1795.492,1535.008,0.092,0.000,0,0,0,0,0,5,0,11.995,7.856,0.658,0.000
30,-15,175,0,70.000,1795.452,1534.926,1795.549,1534.939,0.098,0.000,0,0,0,0,0,3,0,13.543,10.202,0.527,0.000
30,-15,180,0,90.000,1795.452,1534.926,1795.076,1535.238,0.489,0.000,0,0,0,0,0,1,0,12.386,9.680,0.594,0.000
30,-15,185,0,80.000,1795.452,1534.926,1795.346,1535.067,0.176,0.000,0,0,0,0,0,2,0,10.881,11.959,0.570,0.000
30,-15,190,0,60.000,1795.452,1534.926,1795.398,1535.062,0.146,0.100,1,0,1,0,0,3,0,11.582,8.439,0.604,0.000
30,-15,195,0,60.000,1795.452,1534.926,1796.350,1534.383,1.050,0.000,0,0,0,0,0,4,0,7.915,12.653,0.455,0.000
30,-15,200,0,90.000,1795.452,1534.926,1795.361,1535.052,0.156,0.000,0,0,0,0,0,1,0,7.206,10.414,0.580,0.000
30,-15,205,0,70.000,1795.452,1534.926,1796.065,1534.560,0.714,0.000,0,0,0,0,0,3,0,11.878,8.045,0.584,0.000
30,-15,210,0,60.000,1795.452,1534.926,1795.092,1535.283,0.507,0.000,0,0,0,0,0,4,0,11.730,11.929,0.539,0.000
30,-15,215,0,70.000,1795.452,1534.926,1795.567,1534.902,0.117,0.200,1,0,2,0,0,1,0,10.619,12.610,0.533,0.000
30,-15,220,0,60.000,1795.452,1534.926,1795.807,1534.725,0.408,0.000,0,0,0,0,0,4,0,10.188,13.258,0.459,0.000
30,-15,225,0,50.000,1795.452,1534.926,1796.383,1534.333,1.103,0.000,0,0,0,0,1,4,0,11.791,10.573,0.523,0.000
30,-15,230,0,80.000,1795.452,1534.926,1795.823,1534.745,0.413,0.000,0,0,0,0,0,2,0,9.729,8.553,0.606,0.000
30,-15,235,0,80.000,1795.452,1534.926,1796.634,1534.171,1.402,0.200,1,0,2,0,0,0,0,10.681,8.641,0.393,0.000
30,-15,240,0,80.000,1795.452,1534.926,1795.296,1535.090,0.227,0.000,0,0,0,0,0,2,0,11.752,10.752,0.639,0.000
30,-15,245,0,50.000,1795.452,1534.926,1796.384,1534.353,1.094,0.300,1,0,3,0,0,2,0,10.027,8.183,0.599,0.000
30,-15,250,0,80.000,1795.452,1534.926,1796.062,1534.597,0.693,0.100,1,0,1,0,0,1,0,11.992,9.046,0.551,0.000
30,-15,255,0,80.000,1795.452,1534.926,1796.098,1534.526,0.760,0.100,1,0,1,0,0,1,0,11.061,12.119,0.475,0.000
30,-15,260,0,60.000,1795.452,1534.926,1795.836,1534.749,0.423,0.100,1,0,1,0,0,3,0,9.329,8.880,0.515,0.000
30,-15,265,0,70.000,1795.452,1534.926,1795.547,1534.951,0.098,0.300,1,0,3,0,0,0,0,10.865,12.612,0.483,0.000
30,-15,270,0,70.000,1795.452,1534.926,1795.447,1535.001,0.076,0.100,1,0,1,0,0,2,0,10.414,10.392,0.566,0.000
30,-15,275,0,70.000,1795.452,1534.926,1795.186,1535.185,0.371,0.100,1,0,1,0,0,2,0,11.985,12.494,0.462,0.000
30,-15,280,0,40.000,1795.452,1534.926,1795.785,1534.774,0.366,0.300,1,0,3,0,0,3,0,8.732,8.727,0.657,0.000
30,-15,285,0,80.000,1795.452,1534.926,1795.379,1535.049,0.143,0.000,0,0,0,0,0,2,0,15.011,10.344,0.674,0.000
30,-10,-10,0,0.000,1795.452,1534.926,,,,0.000,0,0,0,0,0,0,10,11.620,9.151,0.713,
30,-10,-5,0,10.000,1795.452,1534.926,1799.210,1532.369,4.545,0.000,0,0,0,0,0,0,9,13.815,10.555,0.443,0.000
30,-10,0,0,10.000,1795.452,1534.926,1795.063,1535.238,0.499,0.000,0,0,0,0,0,0,9,10.937,10.124,0.543,0.000
30,-10,5,0,20.000,1795.452,1534.926,1795.907,1534.711,0.503,0.000,0,0,0,0,0,0,8,9.971,10.831,0.581,0.000
30,-10,10,0,10.000,1795.452,1534.926,1796.566,1534.122,1.374,0.000,0,0,0,0,0,0,9,10.714,12.959,0.571,0.000
30,-10,15,0,20.000,1795.452,1534.926,1795.538,1534.925,0.086,0.000,0,0,0,0,0,0,8,13.341,12.054,0.684,0.000
30,-10,20,0,20.000,1795.452,1534.926,1795.078,1535.256,0.499,0.000,0,0,0,0,0,0,8,8.933,12.134,0.546,0.000
30,-10,25,0,60.000,1795.452,1534.926,1795.153,1535.227,0.425,0.000,0,0,0,0,0,0,3,9.064,11.032,0.365,0.000
30,-10,30,0,20.000,1795.452,1534.926,1795.277,1535.060,0.220,0.000,0,0,0,0,0,3,4,10.148,11.339,0.380,0.000
30,-10,35,0,20.000,1795.452,1534.926,1795.101,1535.272,0.493,0.100,1,0,1,0,0,0,7,13.945,11.396,0.710,0.000
30,-10,40,0,40.000,1795.452,1534.926,1795.817,1534.697,0.431,0.000,0,0,0,0,0,3,2,8.976,10.330,0.455,0.000
30,-10,45,0,30.000,1795.452,1534.926,1795.086,1535.239,0.482,0.000,0,0,0,0,0,4,3,11.323,9.477,0.674,0.000
30,-10,50,0,30.000,1795.452,1534.926,1796.376,1534.340,1.094,0.000,0,0,0,0,0,5,1,9.473,10.922,0.647,0.000
30,-10,55,0,40.000,1795.452,1534.926,1795.225,1535.164,0.329,0.000,0,0,0,0,0,4,0,8.847,9.720,0.535,0.000
30,-10,60,0,50.000,1795.452,1534.926,1795.083,1535.273,0.507,0.000,0,0,0,0,0,2,0,10.019,10.469,0.587,0.000
30,-10,65,0,30.000,1795.452,1534.926,1795.083,1535.259,0.497,0.000,0,0,0,0,0,3,0,10.000,12.354,0.462,0.000
30,-10,70,0,30.000,1795.452,1534.926,1795.080,1535.253,0.495,0.000,0,0,0,0,0,4,0,8.655,11.042,0.530,0.000
30,-10,75,0,70.000,1795.452,1534.926,1795.490,1535.010,0.093,0.000,0,0,0,0,0,0,0,10.818,9.884,0.334,0.000
30,-10,80,0,50.000,1795.452,1534.926,1795.081,1535.248,0.492,0.000,0,0,0,0,0,4,0,9.990,11.433,0.500,0.000
30,-10,85,0,50.000,1795.452,1534.926,1795.233,1535.171,0.329,0.000,0,0,0,0,0,1,0,11.799,7.823,0.659,0.000
30,-10,90,0,60.000,1795.452,1534.926,1795.289,1535.126,0.258,0.000,0,0,0,0,0,4,0,8.210,11.500,0.575,0.000
30,-10,95,0,70.000,1795.452,1534.926,1795.097,1535.266,0.491,0.000,0,0,0,0,0,3,0,11.543,7.004,0.525,0.000
30,-10,100,0,60.000,1795.452,1534.926,1795.276,1535.135,0.273,0.100,1,0,1,0,0,3,0,12.378,10.989,0.597,0.000
30,-10,105,0,80.000,1795.452,1534.926,1795.258,1535.154,0.299,0.000,0,0,0,0,0,1,0,11.236,8.657,0.529,0.000
30,-10,110,0,60.000,1795.452,1534.926,1795.318,1535.089,0.211,0.000,0,0,0,0,0,3,0,11.847,10.663,0.568,0.000
30,-10,115,0,70.000,1795.452,1534.926,1795.300,1535.117,0.245,0.000,0,0,0,0,0,3,0,10.820,8.578,0.558,0.000
30,-10,120,0,80.000,1795.452,1534.926,1795.080,1535.244,0.489,0.000,0,0,0,0,0,1,0,10.557,6.956,0.558,0.000
30,-10,125,0,90.000,1795.452,1534.926,1795.130,1535.221,0.437,0.000,0,0,0,0,0,1,0,9.170,13.765,0.509,0.000
30,-10,130,0,50.000,1795.452,1534.926,1795.274,1535.131,0.271,0.000,0,0,0,0,0,3,0,13.085,10.862,0.675,0.000
30,-10,135,0,60.000,1795.452,1534.926,1795.534,1534.957,0.088,0.000,0,0,0,0,0,4,0,7.235,10.194,0.397,0.000
30,-10,140,0,70.000,1795.452,1534.926,1795.460,1535.012,0.087,0.000,0,0,0,0,0,3,0,11.832,12.576,0.592,0.000
30,-10,145,0,90.000,1795.452,1534.926,1795.402,1535.065,0.148,0.000,0,0,0,0,0,1,0,11.455,10.547,0.552,0.000
30,-10,150,0,90.000,1795.452,1534.926,1796.285,1534.444,0.963,0.000,0,0,0,0,0,1,0,9.429,10.571,0.635,0.000
30,-10,155,0,80.000,1795.452,1534.926,1795.189,1535.197,0.378,0.000,0,0,0,0,0,1,0,8.587,11.506,0.355,0.000
30,-10,160,0,90.000,1795.452,1534.926,1795.655,1534.871,0.211,0.000,0,0,0,0,0,1,0,8.383,12.283,0.570,0.000
30,-10,165,0,60.000,1795.452,1534.926,1795.081,1535.258,0.498,0.100,1,0,1,0,0,3,0,11.931,9.182,0.564,0.000
30,-10,170,0,60.000,1795.452,1534.926,1795.101,1535.257,0.483,0.100,1,0,1,0,0,3,0,12.129,8.679,0.672,0.000
30,-10,175,0,80.000,1795.452,1534.926,1796.301,1534.427,0.985,0.000,0,0,0,0,0,2,0,10.061,9.333,0.437,0.000
30,-10,180,0,50.000,1795.452,1534.926,1796.960,1533.911,1.818,0.000,0,0,0,0,0,4,0,10.682,12.161,0.364,0.000
30,-10,185,0,70.000,1795.452,1534.926,1795.809,1534.731,0.406,0.200,1,0,2,0,0,1,0,11.137,11.282,0.472,0.000
30,-10,190,0,70.000,1795.452,1534.926,1795.268,1535.115,0.264,0.100,1,0,1,0,0,2,0,14.366,12.489,0.461,0.000
30,-10,195,0,60.000,1795.452,1534.926,1796.727,1534.118,1.509,0.100,1,0,1,0,0,3,0,11.842,9.276,0.596,0.000
30,-10,200,0,80.000,1795.452,1534.926,1795.578,1534.895,0.130,0.000,0,0,0,0,0,2,0,12.606,10.102,0.493,0.000
30,-10,205,0,90.000,1795.452,1534.926,1795.497,1534.990,0.079,0.000,0,0,0,0,0,1,0,13.264,8.271,0.544,0.000
30,-10,210,0,70.000,1795.452,1534.926,1795.137,1535.223,0.433,0.100,1,0,1,0,0,2,0,10.605,13.486,0.576,0.000
30,-10,215,0,80.000,1795.452,1534.926,1795.804,1534.742,0.397,0.100,1,0,1,0,0,1,0,10.777,11.391,0.587,0.000
30,-10,220,0,90.000,1795.452,1534.926,1796.773,1534.056,1.581,0.000,0,0,0,0,0,1,0,9.093,15.676,0.580,0.000
30,-10,225,0,60.000,1795.452,1534.926,1795.932,1534.651,0.553,0.200,1,0,2,0,0,2,0,8.015,8.220,0.461,0.000
30,-10,230,0,60.000,1795.452,1534.926,1795.547,1534.942,0.097,0.200,1,0,2,0,0,2,0,13.101,11.178,0.519,0.000
30,-10,235,0,70.000,1795.452,1534.926,1795.389,1535.069,0.157,0.100,1,0,1,0,0,2,0,11.156,12.267,0.572,0.000
30,-10,240,0,80.000,1795.452,1534.926,1795.399,1535.054,0.139,0.100,1,0,1,0,0,1,0,13.456,13.549,0.558,0.000
30,-10,245,0,60.000,1795.452,1534.926,1795.496,1534.978,0.069,0.000,0,0,0,0,0,4,0,9.703,8.274,0.631,0.000
30,-10,250,0,60.000,1795.452,1534.926,1795.302,1535.096,0.226,0.100,1,0,1,0,0,3,0,13.193,9.992,0.455,0.000
30,-10,255,0,60.000,1795.452,1534.926,1796.162,1534.483,0.837,0.200,1,0,2,0,0,2,0,10.776,10.590,0.614,0.000
30,-10,260,0,60.000,1795.452,1534.926,1796.956,1533.916,1.811,0.100,1,0,1,0,0,3,0,10.143,10.719,0.458,0.000
30,-10,265,0,90.000,1795.452,1534.926,1795.409,1535.025,0.108,0.000,0,0,0,0,0,0,0,12.927,8.988,0.627,0.000
30,-10,270,0,60.000,1795.452,1534.926,1795.105,1535.205,0.446,0.300,1,0,3,0,0,1,0,9.936,13.306,0.555,0.000
30,-10,275,0,80.000,1795.452,1534.926,1796.679,1534.159,1.447,0.100,1,0,1,0,0,1,0,8.521,10.388,0.540,0.000
30,-10,280,0,70.000,1795.452,1534.926,1795.388,1535.058,0.147,0.200,1,0,2,0,0,1,0,9.069,11.671,0.562,0.000
30,-10,285,0,50.000,1795.452,1534.926,1795.462,1534.996,0.071,0.200,1,0,2,0,0,2,0,13.339,10.812,0.634,0.000
30,-5,-10,0,10.000,1795.452,1534.926,1795.606,1534.841,0.176,0.000,0,0,0,0,0,0,9,10.631,13.716,0.535,0.000
30,-5,-5,0,10.000,1795.452,1534.926,1795.314,1535.142,0.256,0.100,1,0,1,0,0,0,8,7.978,12.414,0.568,0.000
30,-5,0,0,10.000,1795.452,1534.926,1795.072,1535.238,0.492,0.000,0,0,0,0,0,0,9,7.359,12.572,0.496,0.000
30,-5,5,0,30.000,1795.452,1534.926,1797.442,1533.595,2.394,0.000,0,0,0,0,0,1,6,10.282,11.647,0.640,0.000
30,-5,10,0,40.000,1795.452,1534.926,1795.144,1535.228,0.431,0.000,0,0,0,0,0,0,6,9.366,10.538,0.424,0.000
30,-5,15,0,50.000,1795.452,1534.926,1795.513,1534.939,0.063,0.000,0,0,0,0,0,0,5,11.579,12.532,0.703,0.000
30,-5,20,0,20.000,1795.452,1534.926,1795.131,1535.258,0.462,0.100,1,0,1,0,0,1,5,10.789,9.615,0.477,0.000
30,-5,25,0,50.000,1795.452,1534.926,1795.185,1535.163,0.357,0.100,1,0,1,0,0,1,3,9.029,12.100,0.455,0.000
30,-5,30,0,20.000,1795.452,1534.926,1795.103,1535.259,0.482,0.100,1,0,1,0,0,2,4,10.730,8.691,0.584,0.000
30,-5,35,0,50.000,1795.452,1534.926,1795.842,1534.724,0.439,0.000,0,0,0,0,0,1,3,12.127,11.905,0.580,0.000
30,-5,40,0,50.000,1795.452,1534.926,1795.234,1535.149,0.312,0.100,1,0,1,0,0,1,2,9.811,12.696,0.456,0.000
30,-5,45,0,10.000,1795.452,1534.926,1795.166,1535.221,0.411,0.200,1,0,2,0,0,2,2,12.758,10.535,0.670,0.000
30,-5,50,0,60.000,1795.452,1534.926,1795.232,1535.185,0.340,0.400,1,0,4,0,0,0,0,10.796,11.355,0.572,0.000
30,-5,55,0,40.000,1795.452,1534.926,1795.397,1535.077,0.161,0.000,0,0,0,0,0,5,0,7.087,8.706,0.473,0.000
30,-5,60,0,40.000,1795.452,1534.926,1795.786,1534.795,0.359,0.200,1,0,2,0,0,2,0,11.478,11.493,0.547,0.000
30,-5,65,0,50.000,1795.452,1534.926,1795.359,1535.056,0.160,0.300,1,0,3,0,0,0,0,11.654,8.887,0.598,0.000
30,-5,70,0,30.000,1795.452,1534.926,1795.534,1534.912,0.083,0.200,1,0,2,0,0,3,0,12.137,8.505,0.470,0.000
30,-5,75,0,50.000,1795.452,1534.926,1795.552,1534.937,0.101,0.300,1,0,3,0,0,2,0,13.641,12.313,0.523,0.000
30,-5,80,0,70.000,1795.452,1534.926,1795.066,1535.232,0.493,0.100,1,0,1,0,0,2,0,7.513,11.562,0.609,0.000
30,-5,85,0,70.000,1795.452,1534.926,1795.195,1535.187,0.366,0.200,1,0,2,0,0,1,0,10.682,10.934,0.487,0.000
30,-5,90,0,70.000,1795.452,1534.926,1795.341,1535.090,0.198,0.100,1,0,1,0,0,2,0,8.338,9.758,0.420,0.000
30,-5,95,0,80.000,1795.452,1534.926,1795.749,1534.799,0.323,0.000,0,0,0,0,0,1,0,12.686,7.679,0.506,0.000
30,-5,100,0,100.000,1795.452,1534.926,1795.313,1535.092,0.217,0.000,0,0,0,0,0,0,0,8.118,8.640,0.320,0.000
30,-5,105,0,50.000,1795.452,1534.926,1795.210,1535.181,0.352,0.200,1,0,2,0,0,1,0,11.739,14.841,0.714,0.000
30,-5,110,0,90.000,1795.452,1534.926,1795.223,1535.194,0.353,0.000,0,0,0,0,0,1,0,9.098,9.205,0.591,0.000
30,-5,115,0,70.000,1795.452,1534.926,1795.222,1535.190,0.350,0.000,0,0,0,0,0,2,0,9.089,6.539,0.644,0.000
30,-5,120,0,70.000,1795.452,1534.926,1795.228,1535.146,0.314,0.100,1,0,1,0,0,2,0,11.429,12.586,0.533,0.000
30,-5,125,0,70.000,1795.452,1534.926,1795.778,1534.804,0.348,0.300,1,0,3,0,0,0,0,11.683,13.585,0.451,0.000
30,-5,130,0,60.000,1795.452,1534.926,1795.231,1535.179,0.336,0.000,0,0,0,0,0,3,0,8.930,11.818,0.574,0.000
30,-5,135,0,50.000,1795.452,1534.926,1795.205,1535.193,0.364,0.300,1,0,3,0,0,2,0,13.438,13.120,0.547,0.000
30,-5,140,0,80.000,1795.452,1534.926,1795.613,1534.904,0.162,0.100,1,0,1,0,0,1,0,9.520,11.875,0.421,0.000
30,-5,145,0,80.000,1795.452,1534.926,1795.452,1534.995,0.069,0.100,1,0,1,0,0,1,0,13.659,11.872,0.625,0.000
30,-5,150,0,60.000,1795.452,1534.926,1795.236,1535.184,0.336,0.400,1,0,4,0,0,0,0,9.537,12.058,0.577,0.000
30,-5,155,0,70.000,1795.452,1534.926,1796.389,1534.336,1.107,0.000,0,0,0,0,0,3,0,9.475,11.147,0.557,0.000
30,-5,160,0,50.000,1795.452,1534.926,1795.100,1535.252,0.480,0.200,1,0,2,0,0,3,0,12.681,10.797,0.621,0.000
30,-5,165,0,60.000,1795.452,1534.926,1795.209,1535.164,0.340,0.100,1,0,1,0,0,2,0,10.773,10.141,0.574,0.000
30,-5,170,0,30.000,1795.452,1534.926,1795.878,1534.722,0.472,0.500,1,0,5,0,0,2,0,11.094,11.001,0.653,0.000
30,-5,175,0,80.000,1795.452,1534.926,1796.335,1534.376,1.040,0.000,0,0,0,0,0,2,0,11.760,11.770,0.520,0.000
30,-5,180,0,50.000,1795.452,1534.926,1795.970,1534.622,0.601,0.100,1,0,1,0,0,3,0,11.226,6.910,0.568,0.000
30,-5,185,0,60.000,1795.452,1534.926,1795.865,1534.711,0.466,0.100,1,0,1,0,0,3,0,10.180,10.497,0.693,0.000
30,-5,190,0,60.000,1795.452,1534.926,1797.072,1533.845,1.948,0.300,1,0,3,0,0,1,0,12.356,7.944,0.626,0.000
30,-5,195,0,80.000,1795.452,1534.926,1795.920,1534.637,0.550,0.100,1,0,1,0,0,1,0,9.119,10.824,0.545,0.000
30,-5,200,0,80.000,1795.452,1534.926,1795.275,1535.119,0.262,0.100,1,0,1,0,0,1,0,12.564,11.476,0.462,0.000
30,-5,205,0,90.000,1795.452,1534.926,1795.370,1535.084,0.178,0.100,1,0,1,0,0,0,0,9.601,8.085,0.494,0.000
30,-5,210,0,70.000,1795.452,1534.926,1795.322,1535.085,0.205,0.100,1,0,1,0,0,2,0,11.513,12.100,0.497,0.000
30,-5,215,0,60.000,1795.452,1534.926,1795.329,1535.094,0.208,0.300,1,0,3,0,0,1,0,5.979,13.378,0.625,0.000
30,-5,220,0,50.000,1795.452,1534.926,1795.094,1535.275,0.500,0.100,1,0,1,0,1,3,0,12.507,12.708,0.661,0.000
30,-5,225,0,60.000,1795.452,1534.926,1795.463,1534.995,0.070,0.100,1,0,1,0,0,3,0,12.158,7.577,0.563,0.000
30,-5,230,0,70.000,1795.452,1534.926,1796.034,1534.596,0.669,0.200,1,0,2,0,0,1,0,11.231,12.372,0.575,0.000
30,-5,235,0,50.000,1795.452,1534.926,1796.705,1534.136,1.481,0.400,1,0,4,0,0,1,0,10.320,11.172,0.656,0.000
30,-5,240,0,80.000,1795.452,1534.926,1795.351,1535.066,0.172,0.200,1,0,2,0,0,0,0,12.474,12.958,0.540,0.000
30,-5,245,0,50.000,1795.452,1534.926,1795.210,1535.162,0.338,0.400,1,0,4,0,0,0,0,13.031,13.161,0.648,0.000
30,-5,250,0,60.000,1795.452,1534.926,1795.426,1535.025,0.103,0.300,1,0,3,0,0,1,0,12.264,9.828,0.655,0.000
30,-5,255,0,30.000,1795.452,1534.926,1795.538,1534.918,0.087,0.600,1,0,6,0,0,1,0,14.284,9.474,0.623,0.000
30,-5,260,0,80.000,1795.452,1534.926,1795.714,1534.831,0.279,0.100,1,0,1,0,1,0,0,9.619,11.566,0.666,0.000
30,-5,265,0,30.000,1795.452,1534.926,1795.226,1535.185,0.344,0.500,1,0,5,0,0,2,0,10.677,11.302,0.587,0.000
30,-5,270,0,60.000,1795.452,1534.926,1795.364,1535.072,0.170,0.300,1,0,3,0,0,1,0,9.778,10.842,0.560,0.000
30,-5,275,0,50.000,1795.452,1534.926,1797.086,1533.860,1.951,0.400,1,0,4,0,0,1,0,10.893,8.849,0.600,0.000
30,-5,280,0,40.000,1795.452,1534.926,1795.631,1534.882,0.184,0.500,1,0,5,0,0,0,0,14.322,11.589,0.529,0.000
30,-5,285,0,40.000,1795.452,1534.926,1795.869,1534.710,0.469,0.500,1,0,5,0,0,1,0,10.858,13.984,0.511,0.000
30,0,-10,0,0.000,1795.452,1534.926,,,,0.000,0,0,0,0,0,0,10,12.623,7.194,0.494,
30,0,-5,0,30.000,1795.452,1534.926,1796.682,1534.137,1.461,0.200,1,0,2,0,0,0,5,10.029,11.956,0.655,0.000
30,0,0,0,0.000,1795.452,1534.926,,,,0.100,1,0,1,0,0,0,9,14.045,10.729,0.643,
30,0,5,0,10.000,1795.452,1534.926,1797.566,1533.470,2.567,0.300,1,0,3,0,0,0,6,11.752,12.157,0.598,0.000
30,0,10,0,20.000,1795.452,1534.926,1795.099,1535.247,0.477,0.000,0,0,0,0,0,0,8,4.860,11.069,0.526,0.000
30,0,15,0,0.000,1795.452,1534.926,,,,0.200,1,0,2,0,0,0,8,12.121,7.843,0.587,
30,0,20,0,20.000,1795.452,1534.926,1795.107,1535.180,0.429,0.200,1,0,2,0,0,1,5,13.303,10.136,0.593,0.000
30,0,25,0,20.000,1795.452,1534.926,1795.914,1534.708,0.510,0.300,1,0,3,0,0,2,3,9.493,10.499,0.615,0.000
30,0,30,0,30.000,1795.452,1534.926,1796.102,1534.519,0.767,0.300,1,0,3,0,0,1,3,10.830,9.161,0.694,0.000
30,0,35,0,30.000,1795.452,1534.926,1795.073,1535.229,0.486,0.300,1,0,3,0,0,1,2,12.835,11.888,0.613,0.000
30,0,40,0,20.000,1795.452,1534.926,1795.106,1535.235,0.464,0.300,1,0,3,0,0,4,0,12.610,9.339,0.472,0.000
30,0,45,0,30.000,1795.452,1534.926,1795.138,1535.228,0.436,0.300,1,0,3,0,0,1,0,13.392,8.781,0.270,0.000
30,0,50,0,60.000,1795.452,1534.926,1795.085,1535.249,0.489,0.300,1,0,3,0,0,1,0,6.907,11.233,0.582,0.000
30,0,55,0,30.000,1795.452,1534.926,1795.262,1535.178,0.316,0.500,1,0,5,0,0,1,0,12.890,8.427,0.610,0.000
30,0,60,0,30.000,1795.452,1534.926,1795.089,1535.283,0.510,0.300,1,0,3,0,0,3,0,11.375,11.358,0.535,0.000
30,0,65,0,30.000,1795.452,1534.926,1795.094,1535.262,0.491,0.200,1,0,2,0,0,4,0,12.221,9.390,0.555,0.000
30,0,70,0,50.000,1795.452,1534.926,1795.760,1534.815,0.328,0.200,1,0,2,0,0,2,0,11.376,11.934,0.543,0.000
30,0,75,0,50.000,1795.452,1534.926,1795.535,1534.966,0.092,0.300,1,0,3,0,0,2,0,12.702,10.820,0.610,0.000
30,0,80,0,50.000,1795.452,1534.926,1795.133,1535.233,0.443,0.200,1,0,2,0,0,2,0,12.579,11.906,0.445,0.000
30,0,85,0,30.000,1795.452,1534.926,1795.085,1535.235,0.480,0.400,1,0,4,0,0,2,0,11.099,9.501,0.616,0.000
30,0,90,0,30.000,1795.452,1534.926,1795.714,1534.819,0.283,0.400,1,0,4,0,0,2,0,12.469,12.151,0.601,0.000
30,0,95,0,60.000,1795.452,1534.926,1795.211,1535.165,0.339,0.200,1,0,2,0,0,2,0,10.590,6.867,0.459,0.000
30,0,100,0,70.000,1795.452,1534.926,1795.199,1535.174,0.354,0.100,1,0,1,0,0,2,0,10.442,11.908,0.687,0.000
30,0,105,0,80.000,1795.452,1534.926,1795.168,1535.212,0.403,0.200,1,0,2,0,0,0,0,8.956,12.653,0.521,0.000
30,0,110,0,80.000,1795.452,1534.926,1795.446,1535.015,0.089,0.100,1,0,1,0,0,1,0,8.369,11.232,0.606,0.000
30,0,115,0,30.000,1795.452,1534.926,1796.086,1534.551,0.736,0.300,1,0,3,0,0,4,0,10.700,11.178,0.619,0.000
30,0,120,0,40.000,1795.452,1534.926,1795.089,1535.273,0.502,0.500,1,0,5,0,0,1,0,13.122,10.055,0.562,0.000
30,0,125,0,40.000,1795.452,1534.926,1795.115,1535.261,0.475,0.200,1,0,2,0,0,4,0,11.641,11.972,0.556,0.000
30,0,130,0,80.000,1795.452,1534.926,1795.634,1534.907,0.184,0.200,1,0,2,0,0,0,0,11.787,12.418,0.497,0.000
30,0,135,0,50.000,1795.452,1534.926,1795.578,1534.933,0.127,0.300,1,0,3,0,0,1,0,10.862,12.996,0.716,0.000
30,0,140,0,60.000,1795.452,1534.926,1795.574,1534.937,0.122,0.300,1,0,3,0,0,1,0,11.660,11.105,0.576,0.000
30,0,145,0,60.000,1795.452,1534.926,1795.526,1534.952,0.079,0.300,1,0,3,0,0,1,0,12.798,12.368,0.526,0.000
30,0,150,0,60.000,1795.452,1534.926,1795.212,1535.198,0.363,0.300,1,0,3,0,0,1,0,12.906,12.678,0.642,0.000
30,0,155,0,70.000,1795.452,1534.926,1795.408,1535.008,0.093,0.100,1,0,1,0,0,2,0,10.765,9.324,0.570,0.000
30,0,160,0,60.000,1795.452,1534.926,1795.231,1535.155,0.318,0.400,1,0,4,0,0,0,0,11.254,11.316,0.675,0.000
30,0,165,0,10.000,1795.452,1534.926,1798.378,1532.956,3.527,0.700,1,0,7,0,0,1,0,11.285,8.241,0.620,0.000
30,0,170,0,50.000,1795.452,1534.926,1796.287,1534.420,0.976,0.400,1,0,4,0,0,1,0,11.149,14.474,0.734,0.000
30,0,175,0,70.000,1795.452,1534.926,1796.261,1534.433,0.947,0.200,1,0,2,0,0,1,0,8.768,11.369,0.506,0.000
30,0,180,0,40.000,1795.452,1534.926,1795.303,1535.076,0.212,0.400,1,0,4,0,0,2,0,13.729,9.657,0.566,0.000
30,0,185,0,80.000,1795.452,1534.926,1795.770,1534.784,0.348,0.200,1,0,2,0,0,0,0,9.592,9.727,0.556,0.000
30,0,190,0,60.000,1795.452,1534.926,1795.708,1534.826,0.275,0.200,1,0,2,0,0,2,0,12.657,10.863,0.557,0.000
30,0,195,0,70.000,1795.452,1534.926,1796.120,1534.524,0.779,0.100,1,0,1,0,0,1,0,9.321,10.022,0.501,0.000
30,0,200,0,60.000,1795.452,1534.926,1796.131,1534.547,0.777,0.200,1,0,2,0,1,1,0,11.070,12.715,0.462,0.000
30,0,205,0,30.000,1795.452,1534.926,1795.597,1534.919,0.145,0.700,1,0,7,0,0,0,0,9.718,11.953,0.485,0.000
30,0,210,0,30.000,1795.452,1534.926,1796.777,1534.035,1.597,0.300,1,0,3,0,0,3,0,13.680,8.189,0.637,0.000
30,0,215,0,30.000,1795.452,1534.926,1795.089,1535.224,0.470,0.600,1,0,6,0,0,1,0,12.312,12.564,0.547,0.000
30,0,220,0,60.000,1795.452,1534.926,1795.469,1535.020,0.096,0.200,1,0,2,0,0,2,0,12.653,9.129,0.639,0.000
30,0,225,0,80.000,1795.452,1534.926,1795.601,1534.887,0.154,0.200,1,0,2,0,0,0,0,10.383,12.335,0.607,0.000
30,0,230,0,50.000,1795.452,1534.926,1796.302,1534.418,0.991,0.300,1,0,3,0,0,2,0,10.860,6.561,0.410,0.000
30,0,235,0,80.000,1795.452,1534.926,1796.745,1534.100,1.534,0.100,1,0,1,0,0,1,0,6.582,10.051,0.518,0.000
30,0,240,0,60.000,1795.452,1534.926,1795.464,1534.983,0.058,0.100,1,0,1,0,0,3,0,11.449,11.287,0.462,0.000
30,0,245,0,70.000,1795.452,1534.926,1795.340,1535.076,0.187,0.200,1,0,2,0,0,1,0,8.846,7.949,0.653,0.000
30,0,250,0,100.000,1795.452,1534.926,1797.040,1533.892,1.895,0.000,0,0,0,0,0,0,0,8.142,7.929,0.656,0.000
30,0,255,0,50.000,1795.452,1534.926,1795.316,1535.108,0.227,0.400,1,0,4,0,0,1,0,11.916,11.239,0.601,0.000
30,0,260,0,50.000,1795.452,1534.926,1795.087,1535.245,0.485,0.400,1,0,4,0,0,1,0,13.807,10.098,0.605,0.000
30,0,265,0,60.000,1795.452,1534.926,1795.926,1534.665,0.541,0.300,1,0,3,0,0,1,0,13.783,6.795,0.553,0.000
30,0,270,0,40.000,1795.452,1534.926,1795.601,1534.867,0.160,0.500,1,0,5,0,0,1,0,12.281,8.056,0.601,0.000
30,0,275,0,40.000,1795.452,1534.926,1796.121,1534.501,0.792,0.600,1,0,6,0,0,0,0,8.634,11.058,0.540,0.000
30,0,280,0,50.000,1795.452,1534.926,1795.881,1534.686,0.492,0.400,1,0,4,0,0,1,0,8.169,12.679,0.491,0.000
30,0,285,0,50.000,1795.452,1534.926,1795.769,1534.773,0.351,0.500,1,0,5,0,0,0,0,9.579,13.807,0.645,0.000
30,5,-10,0,0.000,1795.452,1534.926,,,,0.000,0,0,0,0,0,0,10,11.726,12.842,0.560,
30,5,-5,0,10.000,1795.452,1534.926,1795.123,1535.275,0.480,0.000,0,0,0,0,0,0,9,9.529,13.708,0.629,0.000
30,5,0,0,0.000,1795.452,1534.926,,,,0.100,1,0,1,0,0,0,9,8.714,7.647,0.482,
30,5,5,0,40.000,1795.452,1534.926,1795.109,1535.217,0.450,0.200,1,0,2,0,0,0,4,9.945,13.320,0.582,0.000
30,5,10,0,20.000,1795.452,1534.926,1797.191,1533.786,2.080,0.200,1,0,2,0,0,3,3,12.372,11.661,0.477,0.000
30,5,15,0,40.000,1795.452,1534.926,1795.794,1534.750,0.385,0.300,1,0,3,0,0,0,3,12.618,10.857,0.541,0.000
30,5,20,0,20.000,1795.452,1534.926,1795.285,1535.097,0.239,0.400,1,0,4,0,0,0,4,11.074,10.517,0.561,0.000
30,5,25,0,20.000,1795.452,1534.926,1795.086,1535.240,0.482,0.500,1,0,5,0,0,2,1,9.371,7.998,0.545,0.000
30,5,30,0,40.000,1795.452,1534.926,1795.277,1535.106,0.251,0.300,1,0,3,0,0,3,0,10.982,11.045,0.457,0.000
30,5,35,0,40.000,1795.452,1534.926,1796.484,1534.281,1.217,0.400,1,0,4,0,0,0,1,11.870,11.227,0.596,0.000
30,5,40,0,30.000,1795.452,1534.926,1795.108,1535.260,0.479,0.600,1,0,6,0,0,1,0,10.329,12.024,0.561,0.000
30,5,45,0,40.000,1795.452,1534.926,1795.096,1535.235,0.472,0.300,1,0,3,0,0,2,0,10.641,11.122,0.423,0.000
30,5,50,0,10.000,1795.452,1534.926,1795.095,1535.294,0.513,0.500,1,0,5,0,0,4,0,10.913,11.598,0.552,0.000
30,5,55,0,40.000,1795.452,1534.926,1795.164,1535.227,0.417,0.400,1,0,4,0,0,2,0,12.746,8.486,0.623,0.000
30,5,60,0,30.000,1795.452,1534.926,1796.307,1534.404,1.001,0.500,1,0,5,0,0,2,0,11.774,12.888,0.522,0.000
30,5,65,0,70.000,1795.452,1534.926,1795.082,1535.245,0.489,0.300,1,0,3,0,0,0,0,11.668,12.835,0.538,0.000
30,5,70,0,30.000,1795.452,1534.926,1795.084,1535.274,0.507,0.500,1,0,5,0,0,2,0,11.136,10.364,0.502,0.000
30,5,75,0,50.000,1795.452,1534.926,1795.164,1535.225,0.415,0.300,1,0,3,0,0,2,0,12.121,10.388,0.546,0.000
30,5,80,0,60.000,1795.452,1534.926,1795.088,1535.251,0.489,0.400,1,0,4,0,0,0,0,5.538,10.099,0.598,0.000
30,5,85,0,60.000,1795.452,1534.926,1795.550,1534.932,0.098,0.300,1,0,3,0,0,1,0,9.791,12.077,0.528,0.000
30,5,90,0,40.000,1795.452,1534.926,1795.166,1535.219,0.409,0.600,1,0,6,0,0,0,0,7.167,8.321,0.426,0.000
30,5,95,0,40.000,1795.452,1534.926,1795.167,1535.190,0.388,0.400,1,0,4,0,0,2,0,10.292,12.894,0.498,0.000
30,5,100,0,50.000,1795.452,1534.926,1795.178,1535.214,0.398,0.200,1,0,2,0,0,3,0,11.913,9.250,0.428,0.000
30,5,105,0,70.000,1795.452,1534.926,1795.117,1535.238,0.457,0.200,1,0,2,0,0,1,0,9.038,13.687,0.579,0.000
30,5,110,0,40.000,1795.452,1534.926,1795.125,1535.246,0.457,0.500,1,0,5,0,0,1,0,9.003,10.061,0.585,0.000
30,5,115,0,50.000,1795.452,1534.926,1795.464,1535.009,0.085,0.400,1,0,4,0,0,1,0,12.954,10.804,0.552,0.000
30,5,120,0,50.000,1795.452,1534.926,1796.456,1534.299,1.184,0.200,1,0,2,0,0,3,0,8.082,13.301,0.632,0.000
30,5,125,0,70.000,1795.452,1534.926,1795.288,1535.127,0.260,0.200,1,0,2,0,0,1,0,12.676,10.905,0.525,0.000
30,5,130,0,70.000,1795.452,1534.926,1795.793,1534.774,0.374,0.300,1,0,3,0,0,0,0,9.950,12.340,0.737,0.000
30,5,135,0,80.000,1795.452,1534.926,1795.971,1534.637,0.595,0.100,1,0,1,0,0,1,0,8.092,11.619,0.580,0.000
30,5,140,0,80.000,1795.452,1534.926,1795.271,1535.143,0.283,0.200,1,0,2,0,0,0,0,13.022,11.442,0.529,0.000
30,5,145,0,60.000,1795.452,1534.926,1795.671,1534.845,0.234,0.300,1,0,3,0,0,1,0,10.158,14.935,0.456,0.000
30,5,150,0,60.000,1795.452,1534.926,1796.042,1534.586,0.681,0.300,1,0,3,0,0,1,0,10.882,12.209,0.468,0.000
30,5,155,0,80.000,1795.452,1534.926,1796.330,1534.386,1.031,0.200,1,0,2,0,0,0,0,9.767,11.526,0.528,0.000
30,5,160,0,40.000,1795.452,1534.926,1795.199,1535.194,0.368,0.400,1,0,4,0,0,2,0,11.114,11.690,0.629,0.000
30,5,165,0,70.000,1795.452,1534.926,1796.106,1534.536,0.762,0.300,1,0,3,0,0,0,0,7.830,11.227,0.408,0.000
30,5,170,0,80.000,1795.452,1534.926,1796.081,1534.570,0.723,0.200,1,0,2,0,0,0,0,11.564,11.239,0.619,0.000
30,5,175,0,50.000,1795.452,1534.926,1795.338,1535.078,0.190,0.500,1,0,5,0,0,0,0,11.762,8.980,0.508,0.000
30,5,180,0,60.000,1795.452,1534.926,1795.389,1535.028,0.120,0.300,1,0,3,0,0,1,0,12.324,7.013,0.432,0.000
30,5,185,0,40.000,1795.452,1534.926,1795.503,1534.972,0.069,0.500,1,0,5,0,0,0,0,8.427,12.637,0.568,0.000
30,5,190,0,50.000,1795.452,1534.926,1795.376,1535.072,0.165,0.400,1,0,4,0,0,1,0,11.326,12.657,0.533,0.000
30,5,195,0,80.000,1795.452,1534.926,1797.300,1533.674,2.233,0.200,1,0,2,0,0,0,0,11.860,13.061,0.439,0.000
30,5,200,0,30.000,1795.452,1534.926,1795.852,1534.730,0.446,0.700,1,0,7,0,0,0,0,11.808,10.493,0.564,0.000
30,5,205,0,30.000,1795.452,1534.926,1795.194,1535.228,0.397,0.600,1,0,6,0,0,1,0,11.980,13.352,0.522,0.000
30,5,210,0,60.000,1795.452,1534.926,1796.042,1534.585,0.681,0.400,1,0,4,0,0,0,0,10.232,9.919,0.459,0.000
30,5,215,0,50.000,1795.452,1534.926,1795.256,1535.107,0.267,0.500,1,0,5,0,0,0,0,9.709,10.986,0.650,0.000
30,5,220,0,50.000,1795.452,1534.926,1797.333,1533.658,2.269,0.500,1,0,5,0,0,0,0,14.100,8.918,0.519,0.000
30,5,225,0,30.000,1795.452,1534.926,1795.140,1535.247,0.447,0.700,1,0,7,0,0,0,0,7.609,11.503,0.463,0.000
30,5,230,0,50.000,1795.452,1534.926,1795.239,1535.167,0.322,0.300,1,0,3,0,0,2,0,11.813,6.881,0.628,0.000
30,5,235,0,20.000,1795.452,1534.926,1796.097,1534.533,0.755,0.700,1,0,7,0,0,1,0,11.980,10.587,0.621,0.000
30,5,240,0,50.000,1795.452,1534.926,1796.338,1534.393,1.033,0.500,1,0,5,0,0,0,0,9.438,11.439,0.617,0.000
30,5,245,0,50.000,1795.452,1534.926,1795.235,1535.128,0.296,0.500,1,0,5,0,0,0,0,13.622,9.779,0.535,0.000
30,5,250,0,50.000,1795.452,1534.926,1795.930,1534.654,0.550,0.400,1,0,4,0,1,0,0,13.081,9.397,0.400,0.000
30,5,255,0,70.000,1795.452,1534.926,1795.625,1534.859,0.186,0.300,1,0,3,0,0,0,0,9.944,9.657,0.500,0.000
30,5,260,0,60.000,1795.452,1534.926,1796.187,1534.486,0.856,0.400,1,0,4,0,0,0,0,6.614,8.883,0.470,0.000
30,5,265,0,30.000,1795.452,1534.926,1795.295,1535.128,0.256,0.700,1,0,7,0,0,0,0,14.178,11.901,0.663,0.000
30,5,270,0,50.000,1795.452,1534.926,1795.575,1534.890,0.128,0.500,1,0,5,0,0,0,0,10.446,11.276,0.515,0.000
30,5,275,0,40.000,1795.452,1534.926,1795.803,1534.761,0.387,0.500,1,0,5,0,1,0,0,9.285,10.492,0.448,0.000
30,5,280,0,40.000,1795.452,1534.926,1796.328,1534.371,1.037,0.500,1,0,5,0,0,1,0,13.937,12.427,0.509,0.000
30,5,285,0,30.000,1795.452,1534.926,1795.084,1535.267,0.502,0.700,1,0,7,0,0,0,0,11.917,11.428,0.594,0.000
30,10,-10,0,0.000,1795.452,1534.926,,,,0.000,0,0,0,0,0,0,10,5.265,12.076,0.563,
30,10,-5,0,0.000,1795.452,1534.926,,,,0.100,1,0,1,0,0,0,9,7.789,8.578,0.551,
30,10,0,0,20.000,1795.452,1534.926,1797.344,1533.651,2.281,0.100,1,0,1,0,0,0,7,9.734,10.500,0.451,0.000
30,10,5,0,30.000,1795.452,1534.926,1795.090,1535.228,0.472,0.200,1,0,2,0,0,0,5,10.178,12.755,0.609,0.000
30,10,10,0,10.000,1795.452,1534.926,1795.098,1535.292,0.509,0.000,0,0,0,0,0,1,8,10.559,12.008,0.534,0.000
30,10,15,0,30.000,1795.452,1534.926,1795.092,1535.272,0.500,0.100,1,0,1,0,0,1,5,11.715,9.318,0.501,0.000
30,10,20,0,50.000,1795.452,1534.926,1795.613,1534.884,0.166,0.200,1,0,2,0,0,0,3,9.743,12.600,0.629,0.000
30,10,25,0,40.000,1795.452,1534.926,1795.721,1534.820,0.289,0.300,1,0,3,0,0,1,2,10.855,8.641,0.660,0.000
30,10,30,0,30.000,1795.452,1534.926,1795.066,1535.245,0.500,0.400,1,0,4,0,0,3,0,10.795,8.362,0.550,0.000
30,10,35,0,40.000,1795.452,1534.926,1795.246,1535.134,0.293,0.400,1,0,4,0,0,1,1,10.349,11.084,0.498,0.000
30,10,40,0,30.000,1795.452,1534.926,1795.063,1535.239,0.499,0.500,1,0,5,0,0,2,0,10.501,7.461,0.571,0.000
30,10,45,0,30.000,1795.452,1534.926,1795.200,1535.204,0.376,0.600,1,0,6,0,0,1,0,10.861,8.751,0.505,0.000
30,10,50,0,50.000,1795.452,1534.926,1795.141,1535.231,0.436,0.300,1,0,3,0,0,2,0,10.794,7.078,0.523,0.000
30,10,55,0,60.000,1795.452,1534.926,1795.654,1534.891,0.206,0.200,1,0,2,0,0,2,0,8.158,11.940,0.425,0.000
30,10,60,0,30.000,1795.452,1534.926,1795.094,1535.269,0.496,0.600,1,0,6,0,0,1,0,12.607,8.780,0.589,0.000
30,10,65,0,40.000,1795.452,1534.926,1795.372,1535.057,0.153,0.500,1,0,5,0,0,1,0,13.068,10.474,0.590,0.000
30,10,70,0,40.000,1795.452,1534.926,1795.127,1535.221,0.439,0.400,1,0,4,0,0,2,0,12.607,12.365,0.628,0.000
30,10,75,0,50.000,1795.452,1534.926,1795.365,1535.074,0.172,0.400,1,0,4,0,0,1,0,15.881,11.017,0.603,0.000
30,10,80,0,30.000,1795.452,1534.926,1795.096,1535.218,0.461,0.600,1,0,6,0,0,1,0,11.486,12.867,0.671,0.000
30,10,85,0,40.000,1795.452,1534.926,1795.068,1535.239,0.496,0.600,1,0,6,0,0,0,0,12.852,12.701,0.659,0.000
30,10,90,0,10.000,1795.452,1534.926,1795.104,1535.216,0.453,0.800,1,0,8,0,0,1,0,12.562,9.506,0.514,0.000
30,10,95,0,50.000,1795.452,1534.926,1795.269,1535.139,0.281,0.500,1,0,5,0,0,0,0,9.898,13.265,0.624,0.000
30,10,100,0,40.000,1795.452,1534.926,1795.489,1534.950,0.044,0.400,1,0,4,0,0,2,0,11.179,10.831,0.499,0.000
30,10,105,0,30.000,1795.452,1534.926,1795.639,1534.879,0.193,0.700,1,0,7,0,0,0,0,10.253,12.223,0.500,0.000
30,10,110,0,30.000,1795.452,1534.926,1796.052,1534.551,0.708,0.600,1,0,6,0,0,1,0,12.231,10.599,0.621,0.000
30,10,115,0,40.000,1795.452,1534.926,1795.092,1535.240,0.478,0.600,1,0,6,0,0,0,0,12.067,8.590,0.534,0.000
30,10,120,0,60.000,1795.452,1534.926,1795.283,1535.146,0.277,0.400,1,0,4,0,0,0,0,11.422,5.908,0.499,0.000
30,10,125,0,50.000,1795.452,1534.926,1795.185,1535.172,0.363,0.400,1,0,4,0,0,1,0,11.551,7.121,0.628,0.000
30,10,130,0,60.000,1795.452,1534.926,1795.527,1534.948,0.078,0.400,1,0,4,0,0,0,0,10.564,10.467,0.351,0.000
30,10,135,0,50.000,1795.452,1534.926,1795.787,1534.799,0.359,0.500,1,0,5,0,0,0,0,13.246,9.174,0.318,0.000
30,10,140,0,30.000,1795.452,1534.926,1795.410,1535.039,0.121,0.600,1,0,6,0,0,1,0,8.303,8.696,0.484,0.000
30,10,145,0,70.000,1795.452,1534.926,1796.490,1534.260,1.234,0.300,1,0,3,0,0,0,0,10.725,9.924,0.522,0.000
30,10,150,0,50.000,1795.452,1534.926,1795.941,1534.637,0.568,0.400,1,0,4,0,0,1,0,11.821,12.374,0.614,0.000
30,10,155,0,50.000,1795.452,1534.926,1796.860,1534.030,1.669,0.400,1,0,4,0,0,1,0,8.297,9.810,0.606,0.000
30,10,160,0,20.000,1795.452,1534.926,1795.238,1535.191,0.341,0.600,1,0,6,0,0,2,0,11.572,8.172,0.484,0.000
30,10,165,0,50.000,1795.452,1534.926,1796.821,1534.040,1.631,0.500,1,0,5,0,0,0,0,10.828,11.263,0.309,0.000
30,10,170,0,60.000,1795.452,1534.926,1795.671,1534.803,0.251,0.400,1,0,4,0,0,0,0,14.423,11.229,0.536,0.000
30,10,175,0,50.000,1795.452,1534.926,1796.710,1534.126,1.491,0.300,1,0,3,0,0,2,0,12.780,12.338,0.475,0.000
30,10,180,0,30.000,1795.452,1534.926,1797.158,1533.812,2.037,0.600,1,0,6,0,0,1,0,13.257,13.911,0.462,0.000
30,10,185,0,40.000,1795.452,1534.926,1796.701,1534.113,1.490,0.600,1,0,6,0,0,0,0,10.394,7.193,0.651,0.000
30,10,190,0,50.000,1795.452,1534.926,1795.646,1534.859,0.205,0.400,1,0,4,0,0,1,0,8.806,10.027,0.345,0.000
30,10,195,0,30.000,1795.452,1534.926,1795.753,1534.823,0.318,0.600,1,0,6,0,0,0,0,10.555,11.532,0.484,0.000
30,10,200,0,40.000,1795.452,1534.926,1795.401,1535.017,0.105,0.500,1,0,5,0,0,1,0,13.043,12.222,0.615,0.000
30,10,205,0,30.000,1795.452,1534.926,1795.363,1535.060,0.161,0.700,1,0,7,0,0,0,0,7.069,12.584,0.509,0.000
30,10,210,0,30.000,1795.452,1534.926,1795.094,1535.232,0.471,0.500,1,0,5,0,0,1,0,10.687,12.240,0.558,0.000
30,10,215,0,30.000,1795.452,1534.926,1795.282,1535.130,0.266,0.500,1,0,5,0,0,2,0,11.150,11.824,0.638,0.000
30,10,220,0,30.000,1795.452,1534.926,1796.002,1534.585,0.647,0.700,1,0,7,0,0,0,0,10.571,11.656,0.522,0.000
30,10,225,0,60.000,1795.452,1534.926,1795.820,1534.767,0.401,0.400,1,0,4,0,0,0,0,8.717,9.577,0.448,0.000
30,10,230,0,50.000,1795.452,1534.926,1795.362,1535.040,0.146,0.500,1,0,5,0,0,0,0,11.202,10.821,0.630,0.000
30,10,235,0,30.000,1795.452,1534.926,1796.115,1534.498,0.789,0.600,1,0,6,0,0,1,0,13.780,11.503,0.556,0.000
30,10,240,0,60.000,1795.452,1534.926,1796.736,1534.092,1.531,0.400,1,0,4,0,0,0,0,11.671,13.524,0.411,0.000
30,10,245,0,50.000,1795.452,1534.926,1795.688,1534.818,0.259,0.500,1,0,5,0,0,0,0,10.843,10.139,0.576,0.000
30,10,250,0,50.000,1795.452,1534.926,1795.583,1534.905,0.132,0.400,1,0,4,0,0,1,0,11.459,10.113,0.485,0.000
30,10,255,0,40.000,1795.452,1534.926,1795.083,1535.249,0.491,0.500,1,0,5,0,0,1,0,11.764,12.516,0.476,0.000
30,10,260,0,70.000,1795.452,1534.926,1795.764,1534.779,0.345,0.200,1,0,2,0,0,1,0,12.127,11.213,0.364,0.000
30,10,265,0,30.000,1795.452,1534.926,1796.380,1534.317,1.110,0.700,1,0,7,0,0,0,0,14.145,12.403,0.496,0.000
30,10,270,0,40.000,1795.452,1534.926,1796.070,1534.576,0.710,0.600,1,0,6,0,0,0,0,12.353,11.055,0.699,0.000
30,10,275,0,50.000,1795.452,1534.926,1795.630,1534.858,0.190,0.500,1,0,5,0,0,0,0,13.154,11.807,0.663,0.000
30,10,280,0,20.000,1795.452,1534.926,1795.337,1535.119,0.225,0.800,1,0,8,0,0,0,0,11.180,7.738,0.680,0.000
30,10,285,0,10.000,1795.452,1534.926,1795.306,1535.066,0.202,0.700,1,0,7,0,0,1,0,11.270,13.664,0.528,0.000
30,15,-10,0,0.000,1795.452,1534.926,,,,0.000,0,0,0,0,0,0,10,5.416,10.187,0.575,
30,15,-5,0,0.000,1795.452,1534.926,,,,0.000,0,0,0,0,0,0,10,11.363,8.717,0.618,
30,15,0,0,20.000,1795.452,1534.926,1796.536,1534.263,1.270,0.000,0,0,0,0,0,0,8,11.038,10.019,0.635,0.000
30,15,5,0,40.000,1795.452,1534.926,1796.955,1533.944,1.795,0.000,0,0,0,0,0,1,5,2.194,10.798,0.661,0.000
30,15,10,0,20.000,1795.452,1534.926,1795.426,1535.046,0.123,0.300,1,0,3,0,0,1,4,9.887,8.549,0.585,0.000
30,15,15,0,10.000,1795.452,1534.926,1800.722,1531.299,6.397,0.200,1,0,2,0,0,2,5,9.827,15.607,0.524,0.000
30,15,20,0,10.000,1795.452,1534.926,1795.095,1535.294,0.513,0.800,1,0,8,0,0,0,1,8.133,8.101,0.500,0.000
30,15,25,0,40.000,1795.452,1534.926,1795.139,1535.233,0.438,0.500,1,0,5,0,0,0,1,9.279,10.192,0.488,0.000
30,15,30,0,0.000,1795.452,1534.926,,,,0.900,1,0,9,0,0,1,0,8.500,8.626,0.432,
30,15,35,0,20.000,1795.452,1534.926,1797.421,1533.588,2.380,0.800,1,0,8,0,0,0,0,8.676,10.834,0.417,0.000
30,15,40,0,10.000,1795.452,1534.926,1801.608,1530.681,7.478,0.800,1,0,8,0,0,1,0,10.539,7.053,0.625,0.000
30,15,45,0,10.000,1795.452,1534.926,1795.420,1535.053,0.131,0.800,1,0,8,0,0,1,0,10.215,10.858,0.657,0.000
30,15,50,0,30.000,1795.452,1534.926,1795.694,1534.864,0.250,0.700,1,0,7,0,0,0,0,10.694,11.376,0.604,0.000
30,15,55,0,60.000,1795.452,1534.926,1795.608,1534.878,0.163,0.400,1,0,4,0,0,0,0,14.354,8.838,0.448,0.000
30,15,60,0,0.000,1795.452,1534.926,,,,0.800,1,0,8,0,0,2,0,10.331,12.433,0.462,
30,15,65,0,80.000,1795.452,1534.926,1795.880,1534.690,0.489,0.200,1,0,2,0,0,0,0,7.850,10.131,0.487,0.000
30,15,70,0,30.000,1795.452,1534.926,1795.618,1534.920,0.166,0.700,1,0,7,0,0,0,0,8.517,10.097,0.490,0.000
30,15,75,0,20.000,1795.452,1534.926,1795.700,1534.835,0.265,0.700,1,0,7,0,0,1,0,10.710,10.456,0.611,0.000
30,15,80,0,40.000,1795.452,1534.926,1795.346,1535.081,0.188,0.600,1,0,6,0,0,0,0,13.762,11.307,0.562,0.000
30,15,85,0,10.000,1795.452,1534.926,1796.757,1534.101,1.544,0.900,1,0,9,0,0,0,0,10.766,11.858,0.586,0.000
30,15,90,0,10.000,1795.452,1534.926,1795.930,1534.619,0.568,0.700,1,0,7,0,0,2,0,10.256,7.798,0.418,0.000
30,15,95,0,50.000,1795.452,1534.926,1795.204,1535.162,0.342,0.500,1,0,5,0,0,0,0,10.887,9.285,0.568,0.000
30,15,100,0,30.000,1795.452,1534.926,1795.769,1534.749,0.364,0.700,1,0,7,0,0,0,0,10.190,10.676,0.557,0.000
30,15,105,0,30.000,1795.452,1534.926,1795.092,1535.278,0.503,0.600,1,0,6,0,0,1,0,11.896,9.752,0.619,0.000
30,15,110,0,60.000,1795.452,1534.926,1795.393,1535.078,0.163,0.400,1,0,4,0,0,0,0,10.152,12.496,0.651,0.000
30,15,115,0,50.000,1795.452,1534.926,1795.205,1535.188,0.360,0.500,1,0,5,0,0,0,0,10.861,9.473,0.575,0.000
30,15,120,0,50.000,1795.452,1534.926,1796.015,1534.619,0.641,0.500,1,0,5,0,0,0,0,13.109,11.001,0.402,0.000
30,15,125,0,20.000,1795.452,1534.926,1795.099,1535.253,0.482,0.700,1,0,7,0,0,1,0,10.122,12.252,0.556,0.000
30,15,130,0,40.000,1795.452,1534.926,1795.489,1534.992,0.076,0.600,1,0,6,0,0,0,0,10.001,10.472,0.597,0.000
30,15,135,0,40.000,1795.452,1534.926,1795.234,1535.167,0.325,0.600,1,0,6,0,0,0,0,11.792,11.970,0.593,0.000
30,15,140,0,40.000,1795.452,1534.926,1795.320,1535.132,0.245,0.600,1,0,6,0,0,0,0,7.597,9.557,0.645,0.000
30,15,145,0,50.000,1795.452,1534.926,1796.603,1534.205,1.358,0.300,1,0,3,0,0,1,0,10.466,12.451,0.533,0.000
30,15,150,0,30.000,1795.452,1534.926,1795.958,1534.637,0.583,0.600,1,0,6,0,0,0,0,12.318,11.530,0.695,0.000
30,15,155,0,60.000,1795.452,1534.926,1795.820,1534.745,0.410,0.400,1,0,4,0,0,0,0,8.535,12.809,0.634,0.000
30,15,160,0,20.000,1795.452,1534.926,1796.044,1534.579,0.686,0.700,1,0,7,0,0,1,0,14.903,15.216,0.489,0.000
30,15,165,0,10.000,1795.452,1534.926,1795.126,1535.271,0.475,0.700,1,0,7,0,0,1,0,10.892,11.358,0.667,0.000
30,15,170,0,60.000,1795.452,1534.926,1795.707,1534.827,0.274,0.400,1,0,4,0,0,0,0,13.505,6.179,0.495,0.000
30,15,175,0,60.000,1795.452,1534.926,1795.437,1534.974,0.050,0.300,1,0,3,0,0,1,0,10.167,11.358,0.553,0.000
30,15,180,0,40.000,1795.452,1534.926,1795.719,1534.770,0.309,0.500,1,0,5,0,0,1,0,11.180,13.752,0.528,0.000
30,15,185,0,30.000,1795.452,1534.926,1796.814,1534.006,1.644,0.700,1,0,7,0,0,0,0,12.008,13.545,0.529,0.000
30,15,190,0,20.000,1795.452,1534.926,1796.129,1534.554,0.772,0.700,1,0,7,0,0,1,0,9.164,9.061,0.396,0.000
30,15,195,0,20.000,1795.452,1534.926,1795.113,1535.281,0.491,0.800,1,0,8,0,0,0,0,10.766,12.309,0.536,0.000
30,15,200,0,20.000,1795.452,1534.926,1795.083,1535.274,0.507,0.800,1,0,8,0,0,0,0,10.221,9.358,0.546,0.000
30,15,205,0,10.000,1795.452,1534.926,1795.062,1535.236,0.499,0.800,1,0,8,0,1,0,0,10.736,6.737,0.716,0.000
30,15,210,0,40.000,1795.452,1534.926,1795.568,1534.904,0.118,0.600,1,0,6,0,0,0,0,12.318,9.590,0.364,0.000
30,15,215,0,20.000,1795.452,1534.926,1795.703,1534.822,0.271,0.700,1,0,7,0,0,1,0,11.495,12.910,0.570,0.000
30,15,220,0,10.000,1795.452,1534.926,1795.118,1535.277,0.485,0.800,1,0,8,0,0,1,0,11.301,11.855,0.563,0.000
30,15,225,0,40.000,1795.452,1534.926,1796.650,1534.131,1.437,0.500,1,0,5,0,0,1,0,12.061,8.650,0.557,0.000
30,15,230,0,20.000,1795.452,1534.926,1795.947,1534.682,0.552,0.700,1,0,7,0,0,1,0,10.873,13.019,0.524,0.000
30,15,235,0,50.000,1795.452,1534.926,1795.598,1534.890,0.151,0.500,1,0,5,0,0,0,0,11.996,10.819,0.496,0.000
30,15,240,0,70.000,1795.452,1534.926,1796.059,1534.598,0.690,0.300,1,0,3,0,0,0,0,8.892,11.543,0.290,0.000
30,15,245,0,50.000,1795.452,1534.926,1795.760,1534.816,0.327,0.500,1,0,5,0,0,0,0,10.521,9.302,0.508,0.000
30,15,250,0,30.000,1795.452,1534.926,1795.672,1534.833,0.239,0.700,1,0,7,0,0,0,0,12.071,11.204,0.453,0.000
30,15,255,0,30.000,1795.452,1534.926,1795.447,1535.011,0.086,0.700,1,0,7,0,0,0,0,11.721,9.782,0.536,0.000
30,15,260,0,20.000,1795.452,1534.926,1795.244,1535.086,0.262,0.800,1,0,8,0,0,0,0,8.235,9.240,0.611,0.000
30,15,265,0,40.000,1795.452,1534.926,1795.144,1535.248,0.446,0.600,1,0,6,0,0,0,0,10.091,10.817,0.357,0.000
30,15,270,0,30.000,1795.452,1534.926,1796.340,1534.384,1.041,0.600,1,0,6,0,0,1,0,9.355,11.969,0.393,0.000
30,15,275,0,20.000,1795.452,1534.926,1797.316,1533.700,2.231,0.700,1,0,7,0,0,0,0,9.211,13.097,0.638,0.000
30,15,280,0,20.000,1795.452,1534.926,1796.288,1534.396,0.990,0.600,1,0,6,0,0,1,0,7.955,10.550,0.440,0.000
30,15,285,0,40.000,1795.452,1534.926,1796.294,1534.423,0.981,0.600,1,0,6,0,0,0,0,10.446,12.253,0.663,0.000
30,20,-10,0,0.000,1795.452,1534.926,,,,0.000,0,0,0,0,0,0,10,11.194,10.031,0.693,
30,20,-5,0,20.000,1795.452,1534.926,1796.019,1534.591,0.658,0.100,1,0,1,0,0,0,7,13.790,13.047,0.522,0.000
30,20,0,0,20.000,1795.452,1534.926,1795.910,1534.709,0.507,0.100,1,0,1,0,0,0,7,10.468,9.479,0.444,0.000
30,20,5,0,10.000,1795.452,1534.926,1798.484,1532.811,3.697,0.100,1,0,1,0,0,0,8,11.573,12.505,0.531,0.000
30,20,10,0,10.000,1795.452,1534.926,1795.076,1535.190,0.460,0.500,1,0,5,0,0,0,4,10.456,13.661,0.633,0.000
30,20,15,0,40.000,1795.452,1534.926,1795.201,1535.194,0.367,0.100,1,0,1,0,0,0,5,13.771,8.361,0.641,0.000
30,20,20,0,10.000,1795.452,1534.926,1795.095,1535.294,0.513,0.500,1,0,5,0,0,0,4,9.770,12.454,0.705,0.000
30,20,25,0,0.000,1795.452,1534.926,,,,0.400,1,0,4,0,0,1,5,13.931,13.851,0.525,
30,20,30,0,30.000,1795.452,1534.926,1796.518,1534.197,1.292,0.500,1,0,5,0,0,1,1,11.385,13.403,0.589,0.000
30,20,35,0,20.000,1795.452,1534.926,1795.111,1535.266,0.482,0.700,1,0,7,0,0,0,1,11.473,9.990,0.593,0.000
30,20,40,0,0.000,1795.452,1534.926,,,,1.000,1,0,10,0,0,0,0,10.348,8.864,0.596,
30,20,45,0,30.000,1795.452,1534.926,1795.135,1535.212,0.427,0.700,1,0,7,0,0,0,0,10.291,8.743,0.638,0.000
30,20,50,0,30.000,1795.452,1534.926,1795.106,1535.286,0.499,0.700,1,0,7,0,0,0,0,13.274,9.591,0.357,0.000
30,20,55,0,20.000,1795.452,1534.926,1796.983,1533.938,1.822,0.800,1,0,8,0,0,0,0,10.956,7.697,0.520,0.000
30,20,60,0,10.000,1795.452,1534.926,1795.252,1535.127,0.284,0.800,1,0,8,0,0,1,0,12.152,12.029,0.578,0.000
30,20,65,0,30.000,1795.452,1534.926,1795.190,1535.184,0.368,0.700,1,0,7,0,0,0,0,9.524,10.514,0.503,0.000
30,20,70,0,10.000,1795.452,1534.926,1795.095,1535.294,0.513,0.900,1,0,9,0,0,0,0,10.627,7.578,0.600,0.000
30,20,75,0,20.000,1795.452,1534.926,1796.517,1534.277,1.247,0.800,1,0,8,0,0,0,0,11.356,11.437,0.575,0.000
30,20,80,0,20.000,1795.452,1534.926,1796.265,1534.456,0.939,0.800,1,0,8,0,0,0,0,11.757,12.592,0.519,0.000
30,20,85,0,30.000,1795.452,1534.926,1795.549,1534.948,0.100,0.600,1,0,6,0,0,1,0,13.771,12.254,0.337,0.000
30,20,90,0,30.000,1795.452,1534.926,1795.084,1535.267,0.502,0.700,1,0,7,0,0,0,0,10.254,11.812,0.514,0.000
30,20,95,0,20.000,1795.452,1534.926,1795.243,1535.176,0.326,0.700,1,0,7,0,0,1,0,9.613,11.308,0.496,0.000
30,20,100,0,20.000,1795.452,1534.926,1795.110,1535.283,0.495,0.600,1,0,6,0,0,2,0,14.855,11.178,0.375,0.000
30,20,105,0,20.000,1795.452,1534.926,1795.302,1535.145,0.266,0.800,1,0,8,0,0,0,0,10.705,13.152,0.641,0.000
30,20,110,0,0.000,1795.452,1534.926,,,,1.000,1,0,10,0,0,0,0,8.622,9.613,0.455,
30,20,115,0,20.000,1795.452,1534.926,1796.842,1533.994,1.674,0.800,1,0,8,0,0,0,0,5.708,9.613,0.568,0.000
30,20,120,0,10.000,1795.452,1534.926,1795.114,1535.262,0.477,0.900,1,0,9,0,0,0,0,12.821,12.508,0.531,0.000
30,20,125,0,30.000,1795.452,1534.926,1796.654,1534.162,1.424,0.700,1,0,7,0,0,0,0,12.395,10.969,0.542,0.000
30,20,130,0,10.000,1795.452,1534.926,1795.045,1535.208,0.495,0.900,1,0,9,0,0,0,0,8.339,9.210,0.636,0.000
30,20,135,0,10.000,1795.452,1534.926,1795.095,1535.294,0.513,0.800,1,0,8,0,0,1,0,10.695,11.856,0.477,0.000
30,20,140,0,10.000,1795.452,1534.926,1795.073,1535.195,0.465,0.900,1,0,9,0,0,0,0,9.098,8.419,0.576,0.000
30,20,145,0,20.000,1795.452,1534.926,1795.646,1534.867,0.202,0.600,1,0,6,0,0,1,0,10.729,11.580,0.504,0.000
30,20,150,0,30.000,1795.452,1534.926,1795.085,1535.260,0.496,0.700,1,0,7,0,0,0,0,7.020,9.463,0.522,0.000
30,20,155,0,20.000,1795.452,1534.926,1795.111,1535.227,0.455,0.700,1,0,7,0,0,1,0,13.741,9.982,0.640,0.000
30,20,160,0,20.000,1795.452,1534.926,1796.813,1534.065,1.610,0.700,1,0,7,0,0,1,0,7.947,9.273,0.415,0.000
30,20,165,0,20.000,1795.452,1534.926,1795.095,1535.294,0.513,0.800,1,0,8,0,0,0,0,10.115,9.928,0.596,0.000
30,20,170,0,30.000,1795.452,1534.926,1795.943,1534.685,0.547,0.700,1,0,7,0,0,0,0,9.080,11.115,0.554,0.000
30,20,175,0,30.000,1795.452,1534.926,1796.244,1534.473,0.912,0.700,1,0,7,0,0,0,0,12.503,10.827,0.590,0.000
30,20,180,0,20.000,1795.452,1534.926,1796.831,1534.012,1.654,0.800,1,0,8,0,0,0,0,10.889,10.822,0.541,0.000
30,20,185,0,0.000,1795.452,1534.926,,,,1.000,1,0,10,0,0,0,0,9.178,8.473,0.622,
30,20,190,0,30.000,1795.452,1534.926,1795.100,1535.256,0.483,0.700,1,0,7,0,0,0,0,8.172,11.133,0.545,0.000
30,20,195,0,30.000,1795.452,1534.926,1795.594,1534.939,0.143,0.600,1,0,6,0,0,1,0,11.399,11.544,0.572,0.000
30,20,200,0,20.000,1795.452,1534.926,1795.085,1535.251,0.490,0.800,1,0,8,0,0,0,0,11.541,12.713,0.549,0.000
30,20,205,0,10.000,1795.452,1534.926,1795.526,1534.960,0.081,0.900,1,0,9,0,0,0,0,10.142,11.541,0.513,0.000
30,20,210,0,30.000,1795.452,1534.926,1795.667,1534.843,0.231,0.700,1,0,7,0,0,0,0,9.849,10.077,0.585,0.000
30,20,215,0,20.000,1795.452,1534.926,1795.115,1535.279,0.489,0.800,1,0,8,0,0,0,0,8.405,13.476,0.423,0.000
30,20,220,0,30.000,1795.452,1534.926,1796.113,1534.564,0.754,0.700,1,0,7,0,0,0,0,12.522,10.119,0.547,0.000
30,20,225,0,60.000,1795.452,1534.926,1795.515,1534.937,0.065,0.400,1,0,4,0,0,0,0,8.342,12.917,0.528,0.000
30,20,230,0,40.000,1795.452,1534.926,1795.086,1535.243,0.484,0.600,1,0,6,0,0,0,0,10.878,8.667,0.493,0.000
30,20,235,0,20.000,1795.452,1534.926,1795.058,1535.229,0.498,0.700,1,0,7,0,0,1,0,13.477,14.839,0.310,0.000
30,20,240,0,10.000,1795.452,1534.926,1795.750,1534.755,0.343,0.800,1,0,8,0,0,1,0,11.206,7.702,0.555,0.000
30,20,245,0,10.000,1795.452,1534.926,1795.105,1535.236,0.465,0.800,1,0,8,0,0,1,0,10.461,10.140,0.685,0.000
30,20,250,0,20.000,1795.452,1534.926,1796.718,1534.099,1.512,0.800,1,0,8,0,0,0,0,9.669,12.564,0.630,0.000
30,20,255,0,20.000,1795.452,1534.926,1796.743,1534.121,1.522,0.800,1,0,8,0,0,0,0,12.721,9.980,0.479,0.000
30,20,260,0,50.000,1795.452,1534.926,1795.107,1535.263,0.483,0.500,1,0,5,0,0,0,0,10.302,9.455,0.575,0.000
30,20,265,0,20.000,1795.452,1534.926,1796.099,1534.515,0.767,0.700,1,0,7,0,0,0,0,7.157,9.580,0.633,0.000
30,20,270,0,0.000,1795.452,1534.926,,,,1.000,1,0,10,0,0,0,0,9.255,11.966,0.536,
30,20,275,0,0.000,1795.452,1534.926,,,,1.000,1,0,10,0,0,0,0,10.073,10.642,0.525,
30,20,280,0,20.000,1795.452,1534.926,1795.194,1535.175,0.358,0.800,1,0,8,0,0,0,0,10.590,10.544,0.693,0.000
30,20,285,0,10.000,1795.452,1534.926,1795.407,1535.069,0.151,0.900,1,0,9,0,0,0,0,7.382,9.122,0.530,0.000
30,25,-10,0,0.000,1795.452,1534.926,,,,0.100,1,0,1,0,0,0,9,11.010,11.236,0.376,
30,25,-5,0,0.000,1795.452,1534.926,,,,0.100,1,0,1,0,0,0,9,8.549,14.276,0.514,
30,25,0,0,10.000,1795.452,1534.926,1795.352,1535.109,0.209,0.100,1,0,1,0,0,0,8,9.357,9.818,0.634,0.000
30,25,5,0,20.000,1795.452,1534.926,1796.897,1533.970,1.733,0.000,0,0,0,0,0,0,8,11.914,10.835,0.396,0.000
30,25,10,0,10.000,1795.452,1534.926,1795.536,1534.915,0.085,0.100,1,0,1,0,0,0,8,12.014,2.643,0.356,0.000
30,25,15,0,10.000,1795.452,1534.926,1795.171,1535.142,0.354,0.500,1,0,5,0,0,0,4,9.427,9.662,0.562,0.000
30,25,20,0,0.000,1795.452,1534.926,,,,0.600,1,0,6,0,0,0,4,9.069,8.947,0.386,
30,25,25,0,10.000,1795.452,1534.926,1800.538,1531.334,6.226,0.600,1,0,6,0,0,0,3,13.210,12.718,0.624,0.000
30,25,30,0,20.000,1795.452,1534.926,1797.116,1533.812,2.003,0.600,1,0,6,0,0,0,2,12.016,11.012,0.359,0.000
30,25,35,0,20.000,1795.452,1534.926,1798.765,1532.676,4.005,0.800,1,0,8,0,0,0,0,12.957,6.443,0.539,0.000
30,25,40,0,10.000,1795.452,1534.926,1795.087,1535.281,0.509,0.900,1,0,9,0,0,0,0,12.011,11.136,0.652,0.000
30,25,45,0,0.000,1795.452,1534.926,,,,1.000,1,0,10,0,0,0,0,8.571,9.801,0.468,
30,25,50,0,10.000,1795.452,1534.926,1798.520,1532.858,3.700,0.900,1,0,9,0,0,0,0,11.422,13.648,0.551,0.000
30,25,55,0,10.000,1795.452,1534.926,1795.579,1534.946,0.128,0.900,1,0,9,0,0,0,0,10.376,12.696,0.483,0.000
30,25,60,0,10.000,1795.452,1534.926,1800.224,1531.648,5.789,0.900,1,0,9,0,0,0,0,7.880,11.287,0.622,0.000
30,25,65,0,0.000,1795.452,1534.926,,,,1.000,1,0,10,0,0,0,0,8.577,11.900,0.464,
30,25,70,0,0.000,1795.452,1534.926,,,,1.000,1,0,10,0,0,0,0,7.969,11.697,0.462,
30,25,75,0,0.000,1795.452,1534.926,,,,1.000,1,0,10,0,0,0,0,10.757,14.314,0.419,
30,25,80,0,0.000,1795.452,1534.926,,,,1.000,1,0,10,0,0,0,0,9.482,11.999,0.685,
30,25,85,0,10.000,1795.452,1534.926,1795.625,1534.906,0.174,0.900,1,0,9,0,0,0,0,10.766,7.372,0.651,0.000
30,25,90,0,10.000,1795.452,1534.926,1795.895,1534.718,0.489,0.900,1,0,9,0,0,0,0,8.357,13.486,0.593,0.000
30,25,95,0,50.000,1795.452,1534.926,1797.313,1533.680,2.240,0.500,1,0,5,0,0,0,0,11.403,12.670,0.605,0.000
30,25,100,0,0.000,1795.452,1534.926,,,,1.000,1,0,10,0,0,0,0,10.297,11.746,0.542,
30,25,105,0,10.000,1795.452,1534.926,1796.819,1534.057,1.620,0.800,1,0,8,0,0,1,0,11.426,9.588,0.612,0.000
30,25,110,0,20.000,1795.452,1534.926,1795.144,1535.219,0.425,0.800,1,0,8,0,0,0,0,13.019,10.382,0.615,0.000
30,25,115,0,0.000,1795.452,1534.926,,,,1.000,1,0,10,0,0,0,0,10.526,7.879,0.525,
30,25,120,0,10.000,1795.452,1534.926,1795.046,1535.209,0.495,0.900,1,0,9,0,0,0,0,12.851,12.100,0.588,0.000
30,25,125,0,0.000,1795.452,1534.926,,,,1.000,1,0,10,0,0,0,0,8.341,12.372,0.603,
30,25,130,0,20.000,1795.452,1534.926,1796.711,1534.105,1.503,0.700,1,0,7,0,0,1,0,11.002,14.497,0.466,0.000
30,25,135,0,30.000,1795.452,1534.926,1798.374,1532.949,3.528,0.700,1,0,7,0,0,0,0,9.994,7.561,0.649,0.000
30,25,140,0,0.000,1795.452,1534.926,,,,1.000,1,0,10,0,0,0,0,8.676,10.030,0.246,
30,25,145,0,0.000,1795.452,1534.926,,,,1.000,1,0,10,0,0,0,0,10.185,10.991,0.653,
30,25,150,0,10.000,1795.452,1534.926,1796.550,1534.172,1.332,0.900,1,0,9,0,0,0,0,10.611,13.669,0.584,0.000
30,25,155,0,20.000,1795.452,1534.926,1798.720,1532.715,3.946,0.800,1,0,8,0,0,0,0,12.290,10.279,0.515,0.000
30,25,160,0,10.000,1795.452,1534.926,1795.074,1535.257,0.503,0.900,1,0,9,0,0,0,0,12.187,9.319,0.555,0.000
30,25,165,0,0.000,1795.452,1534.926,,,,1.000,1,0,10,0,0,0,0,10.503,10.793,0.610,
30,25,170,0,0.000,1795.452,1534.926,,,,1.000,1,0,10,0,0,0,0,9.149,6.286,0.596,
30,25,175,0,10.000,1795.452,1534.926,1795.075,1535.259,0.503,0.900,1,0,9,0,0,0,0,12.245,9.408,0.420,0.000
30,25,180,0,30.000,1795.452,1534.926,1795.475,1535.013,0.090,0.600,1,0,6,0,0,1,0,14.557,10.301,0.430,0.000
30,25,185,0,10.000,1795.452,1534.926,1795.793,1534.792,0.367,0.900,1,0,9,0,0,0,0,12.114,11.240,0.564,0.000
30,25,190,0,0.000,1795.452,1534.926,,,,0.900,1,0,9,0,0,1,0,13.148,9.460,0.675,
30,25,195,0,10.000,1795.452,1534.926,1795.075,1535.248,0.496,0.900,1,0,9,0,0,0,0,11.369,9.769,0.617,0.000
30,25,200,0,10.000,1795.452,1534.926,1795.108,1535.240,0.466,0.900,1,0,9,0,0,0,0,12.123,11.115,0.449,0.000
30,25,205,0,10.000,1795.452,1534.926,1795.564,1534.911,0.113,0.900,1,0,9,0,0,0,0,12.461,10.367,0.496,0.000
30,25,210,0,10.000,1795.452,1534.926,1795.600,1534.931,0.148,0.900,1,0,9,0,0,0,0,11.085,12.898,0.422,0.000
30,25,215,0,20.000,1795.452,1534.926,1795.182,1535.177,0.369,0.800,1,0,8,0,0,0,0,14.136,9.335,0.567,0.000
30,25,220,0,0.000,1795.452,1534.926,,,,1.000,1,0,10,0,0,0,0,10.072,11.005,0.593,
30,25,225,0,10.000,1795.452,1534.926,1795.722,1534.844,0.282,0.900,1,0,9,0,0,0,0,11.339,11.420,0.612,0.000
30,25,230,0,20.000,1795.452,1534.926,1795.290,1535.101,0.239,0.800,1,0,8,0,0,0,0,11.498,10.926,0.536,0.000
30,25,235,0,30.000,1795.452,1534.926,1795.162,1535.243,0.430,0.700,1,0,7,0,0,0,0,13.128,11.405,0.471,0.000
30,25,240,0,20.000,1795.452,1534.926,1796.667,1534.174,1.429,0.800,1,0,8,0,0,0,0,8.166,12.108,0.550,0.000
30,25,245,0,0.000,1795.452,1534.926,,,,1.000,1,0,10,0,0,0,0,11.102,10.077,0.451,
30,25,250,0,0.000,1795.452,1534.926,,,,1.000,1,0,10,0,0,0,0,9.834,7.656,0.488,
30,25,255,0,0.000,1795.452,1534.926,,,,1.000,1,0,10,0,0,0,0,6.487,13.006,0.487,
30,25,260,0,20.000,1795.452,1534.926,1795.091,1535.250,0.485,0.800,1,0,8,0,0,0,0,11.988,11.356,0.754,0.000
30,25,265,0,0.000,1795.452,1534.926,,,,1.000,1,0,10,0,0,0,0,8.073,12.847,0.525,
30,25,270,0,10.000,1795.452,1534.926,1797.167,1533.814,2.044,0.900,1,0,9,0,0,0,0,13.487,11.931,0.450,0.000
30,25,275,0,0.000,1795.452,1534.926,,,,1.000,1,0,10,0,0,0,0,7.387,9.421,0.628,
30,25,280,0,10.000,1795.452,1534.926,1795.516,1534.996,0.095,0.900,1,0,9,0,0,0,0,9.063,10.349,0.432,0.000
30,25,285,0,20.000,1795.452,1534.926,1795.081,1535.266,0.503,0.800,1,0,8,0,0,0,0,13.368,9.423,0.615,0.000
30,30,-10,0,0.000,1795.452,1534.926,,,,0.000,0,0,0,0,0,0,10,11.148,10.949,0.578,
30,30,-5,0,0.000,1795.452,1534.926,,,,0.000,0,0,0,0,0,0,10,11.863,11.045,0.583,
30,30,0,0,0.000,1795.452,1534.926,,,,0.200,1,0,2,0,0,0,8,12.508,13.367,0.666,
30,30,5,0,0.000,1795.452,1534.926,,,,0.100,1,0,1,0,0,0,9,11.901,10.970,0.468,
30,30,10,0,0.000,1795.452,1534.926,,,,0.400,1,0,4,0,0,0,6,11.167,13.514,0.507,
30,30,15,0,0.000,1795.452,1534.926,,,,0.600,1,0,6,0,0,0,4,11.584,11.244,0.453,
30,30,20,0,0.000,1795.452,1534.926,,,,0.600,1,0,6,0,0,0,4,13.397,10.483,0.464,
30,30,25,0,0.000,1795.452,1534.926,,,,0.700,1,0,7,0,0,0,3,9.469,12.557,0.516,
30,30,30,0,0.000,1795.452,1534.926,,,,0.800,1,0,8,0,0,0,2,8.352,6.860,0.658,
30,30,35,0,0.000,1795.452,1534.926,,,,0.600,1,0,6,0,0,0,4,12.389,15.518,0.581,
30,30,40,0,0.000,1795.452,1534.926,,,,0.900,1,0,9,0,0,0,1,9.712,10.978,0.480,
30,30,45,0,0.000,1795.452,1534.926,,,,1.000,1,0,10,0,0,0,0,11.165,14.187,0.501,
30,30,50,0,0.000,1795.452,1534.926,,,,1.000,1,0,10,0,0,0,0,10.782,12.131,0.690,
30,30,55,0,0.000,1795.452,1534.926,,,,1.000,1,0,10,0,0,0,0,12.335,13.094,0.710,
30,30,60,0,0.000,1795.452,1534.926,,,,1.000,1,0,10,0,0,0,0,10.686,11.749,0.647,
30,30,65,0,0.000,1795.452,1534.926,,,,1.000,1,0,10,0,0,0,0,12.060,14.058,0.633,
30,30,70,0,0.000,1795.452,1534.926,,,,1.000,1,0,10,0,0,0,0,10.694,9.811,0.478,
30,30,75,0,0.000,1795.452,1534.926,,,,1.000,1,0,10,0,0,0,0,9.912,11.136,0.519,
30,30,80,0,0.000,1795.452,1534.926,,,,1.000,1,0,10,0,0,0,0,10.887,7.818,0.631,
30,30,85,0,0.000,1795.452,1534.926,,,,1.000,1,0,10,0,0,0,0,13.307,12.206,0.604,
30,30,90,0,0.000,1795.452,1534.926,,,,1.000,1,0,10,0,0,0,0,11.600,11.317,0.594,
30,30,95,0,0.000,1795.452,1534.926,,,,1.000,1,0,10,0,0,0,0,11.562,10.650,0.477,
30,30,100,0,0.000,1795.452,1534.926,,,,1.000,1,0,10,0,0,0,0,9.712,12.350,0.618,
30,30,105,0,0.000,1795.452,1534.926,,,,1.000,1,0,10,0,0,0,0,13.080,11.086,0.530,
30,30,110,0,0.000,1795.452,1534.926,,,,1.000,1,0,10,0,0,0,0,11.850,11.626,0.662,
30,30,115,0,0.000,1795.452,1534.926,,,,1.000,1,0,10,0,0,0,0,11.056,10.416,0.655,
30,30,120,0,0.000,1795.452,1534.926,,,,1.000,1,0,10,0,0,0,0,8.860,8.882,0.639,
30,30,125,0,0.000,1795.452,1534.926,,,,1.000,1,0,10,0,0,0,0,7.379,8.809,0.479,
30,30,130,0,0.000,1795.452,1534.926,,,,1.000,1,0,10,0,0,0,0,11.323,8.879,0.544,
30,30,135,0,0.000,1795.452,1534.926,,,,1.000,1,0,10,0,0,0,0,9.877,11.888,0.444,
30,30,140,0,0.000,1795.452,1534.926,,,,1.000,1,0,10,0,0,0,0,8.650,13.162,0.466,
30,30,145,0,0.000,1795.452,1534.926,,,,1.000,1,0,10,0,0,0,0,9.426,10.698,0.516,
30,30,150,0,0.000,1795.452,1534.926,,,,1.000,1,0,10,0,0,0,0,9.401,9.855,0.534,
30,30,155,0,0.000,1795.452,1534.926,,,,1.000,1,0,10,0,0,0,0,10.075,11.695,0.488,
30,30,160,0,0.000,1795.452,1534.926,,,,1.000,1,0,10,0,0,0,0,12.030,10.742,0.590,
30,30,165,0,0.000,1795.452,1534.926,,,,1.000,1,0,10,0,0,0,0,12.863,8.847,0.593,
30,30,170,0,0.000,1795.452,1534.926,,,,1.000,1,0,10,0,0,0,0,12.201,9.759,0.668,
30,30,175,0,0.000,1795.452,1534.926,,,,1.000,1,0,10,0,0,0,0,9.100,8.168,0.612,
30,30,180,0,0.000,1795.452,1534.926,,,,1.000,1,0,10,0,0,0,0,10.770,8.816,0.644,
30,30,185,0,0.000,1795.452,1534.926,,,,1.000,1,0,10,0,0,0,0,10.420,13.437,0.582,
30,30,190,0,0.000,1795.452,1534.926,,,,1.000,1,0,10,0,0,0,0,12.585,10.699,0.619,
30,30,195,0,0.000,1795.452,1534.926,,,,1.000,1,0,10,0,0,0,0,8.299,10.437,0.365,
30,30,200,0,0.000,1795.452,1534.926,,,,1.000,1,0,10,0,0,0,0,11.274,11.409,0.588,
30,30,205,0,0.000,1795.452,1534.926,,,,1.000,1,0,10,0,0,0,0,12.189,9.597,0.598,
30,30,210,0,0.000,1795.452,1534.926,,,,1.000,1,0,10,0,0,0,0,13.535,7.220,0.674,
30,30,215,0,0.000,1795.452,1534.926,,,,1.000,1,0,10,0,0,0,0,13.676,10.612,0.724,
30,30,220,0,0.000,1795.452,1534.926,,,,1.000,1,0,10,0,0,0,0,10.260,8.974,0.634,
30,30,225,0,0.000,1795.452,1534.926,,,,1.000,1,0,10,0,0,0,0,9.013,11.546,0.446,
30,30,230,0,0.000,1795.452,1534.926,,,,1.000,1,0,10,0,0,0,0,9.479,11.973,0.570,
30,30,235,0,0.000,1795.452,1534.926,,,,1.000,1,0,10,0,0,0,0,12.814,12.149,0.485,
30,30,240,0,0.000,1795.452,1534.926,,,,1.000,1,0,10,0,0,0,0,13.679,9.759,0.513,
30,30,245,0,0.000,1795.452,1534.926,,,,1.000,1,0,10,0,0,0,0,8.843,11.710,0.476,
30,30,250,0,0.000,1795.452,1534.926,,,,1.000,1,0,10,0,0,0,0,8.280,8.307,0.448,
30,30,255,0,0.000,1795.452,1534.926,,,,1.000,1,0,10,0,0,0,0,10.165,11.476,0.455,
30,30,260,0,0.000,1795.452,1534.926,,,,1.000,1,0,10,0,0,0,0,9.979,12.103,0.334,
30,30,265,0,0.000,1795.452,1534.926,,,,1.000,1,0,10,0,0,0,0,11.712,8.618,0.604,
30,30,270,0,0.000,1795.452,1534.926,,,,1.000,1,0,10,0,0,0,0,9.582,10.910,0.604,
30,30,275,0,0.000,1795.452,1534.926,,,,1.000,1,0,10,0,0,0,0,13.577,9.556,0.552,
30,30,280,0,0.000,1795.452,1534.926,,,,1.000,1,0,10,0,0,0,0,6.648,9.616,0.675,
30,30,285,0,0.000,1795.452,1534.926,,,,1.000,1,0,10,0,0,0,0,10.485,9.906,0.707,
30,35,-10,0,0.000,1795.452,1534.926,,,,0.000,0,0,0,0,0,0,10,13.895,13.887,0.450,
30,35,-5,0,0.000,1795.452,1534.926,,,,0.000,0,0,0,0,0,0,10,8.991,10.093,0.604,
30,35,0,0,0.000,1795.452,1534.926,,,,0.100,1,0,1,0,0,0,9,13.427,11.017,0.634,
30,35,5,0,0.000,1795.452,1534.926,,,,0.200,1,0,2,0,0,0,8,11.385,9.638,0.474,
30,35,10,0,0.000,1795.452,1534.926,,,,0.300,1,0,3,0,0,0,7,8.770,10.216,0.513,
30,35,15,0,0.000,1795.452,1534.926,,,,0.700,1,0,7,0,0,0,3,9.426,11.262,0.735,
30,35,20,0,0.000,1795.452,1534.926,,,,0.300,1,0,3,0,0,0,7,11.534,11.106,0.593,
30,35,25,0,0.000,1795.452,1534.926,,,,0.500,1,0,5,0,0,0,5,11.162,12.510,0.509,
30,35,30,0,0.000,1795.452,1534.926,,,,0.700,1,0,7,0,0,0,3,8.099,9.357,0.531,
30,35,35,0,0.000,1795.452,1534.926,,,,0.900,1,0,9,0,0,0,1,9.951,8.590,0.735,
30,35,40,0,0.000,1795.452,1534.926,,,,1.000,1,0,10,0,0,0,0,12.281,11.456,0.494,
30,35,45,0,0.000,1795.452,1534.926,,,,0.800,1,0,8,0,0,0,2,9.676,12.392,0.640,
30,35,50,0,0.000,1795.452,1534.926,,,,1.000,1,0,10,0,0,0,0,14.312,8.826,0.734,
30,35,55,0,0.000,1795.452,1534.926,,,,1.000,1,0,10,0,0,0,0,11.240,9.013,0.492,
30,35,60,0,0.000,1795.452,1534.926,,,,1.000,1,0,10,0,0,0,0,9.768,12.581,0.579,
30,35,65,0,0.000,1795.452,1534.926,,,,1.000,1,0,10,0,0,0,0,12.613,11.410,0.467,
30,35,70,0,0.000,1795.452,1534.926,,,,1.000,1,0,10,0,0,0,0,11.719,12.248,0.529,
30,35,75,0,0.000,1795.452,1534.926,,,,1.000,1,0,10,0,0,0,0,13.150,12.599,0.678,
30,35,80,0,0.000,1795.452,1534.926,,,,1.000,1,0,10,0,0,0,0,11.508,11.044,0.468,
30,35,85,0,0.000,1795.452,1534.926,,,,1.000,1,0,10,0,0,0,0,9.574,11.293,0.589,
30,35,90,0,0.000,1795.452,1534.926,,,,1.000,1,0,10,0,0,0,0,8.390,10.597,0.634,
30,35,95,0,0.000,1795.452,1534.926,,,,1.000,1,0,10,0,0,0,0,9.886,12.738,0.598,
30,35,100,0,0.000,1795.452,1534.926,,,,1.000,1,0,10,0,0,0,0,12.495,12.078,0.443,
30,35,105,0,0.000,1795.452,1534.926,,,,1.000,1,0,10,0,0,0,0,10.303,11.051,0.429,
30,35,110,0,0.000,1795.452,1534.926,,,,1.000,1,0,10,0,0,0,0,8.035,9.224,0.522,
30,35,115,0,0.000,1795.452,1534.926,,,,1.000,1,0,10,0,0,0,0,11.109,8.111,0.522,
30,35,120,0,0.000,1795.452,1534.926,,,,1.000,1,0,10,0,0,0,0,9.484,8.714,0.588,
30,35,125,0,0.000,1795.452,1534.926,,,,1.000,1,0,10,0,0,0,0,12.410,12.082,0.635,
30,35,130,0,0.000,1795.452,1534.926,,,,1.000,1,0,10,0,0,0,0,12.493,10.251,0.424,
30,35,135,0,0.000,1795.452,1534.926,,,,1.000,1,0,10,0,0,0,0,10.138,13.215,0.469,
30,35,140,0,0.000,1795.452,1534.926,,,,1.000,1,0,10,0,0,0,0,11.332,11.226,0.586,
30,35,145,0,0.000,1795.452,1534.926,,,,1.000,1,0,10,0,0,0,0,12.729,10.595,0.545,
30,35,150,0,0.000,1795.452,1534.926,,,,1.000,1,0,10,0,0,0,0,11.145,11.714,0.500,
30,35,155,0,0.000,1795.452,1534.926,,,,1.000,1,0,10,0,0,0,0,11.397,10.616,0.530,
30,35,160,0,0.000,1795.452,1534.926,,,,1.000,1,0,10,0,0,0,0,11.604,12.203,0.459,
30,35,165,0,0.000,1795.452,1534.926,,,,1.000,1,0,10,0,0,0,0,10.259,13.146,0.409,
30,35,170,0,0.000,1795.452,1534.926,,,,1.000,1,0,10,0,0,0,0,11.703,8.313,0.497,
30,35,175,0,0.000,1795.452,1534.926,,,,1.000,1,0,10,0,0,0,0,9.001,10.170,0.650,
30,35,180,0,0.000,1795.452,1534.926,,,,1.000,1,0,10,0,0,0,0,11.462,10.324,0.542,
30,35,185,0,0.000,1795.452,1534.926,,,,1.000,1,0,10,0,0,0,0,14.816,10.676,0.460,
30,35,190,0,0.000,1795.452,1534.926,,,,1.000,1,0,10,0,0,0,0,13.139,11.025,0.637,
30,35,195,0,0.000,1795.452,1534.926,,,,1.000,1,0,10,0,0,0,0,13.166,11.865,0.703,
30,35,200,0,0.000,1795.452,1534.926,,,,1.000,1,0,10,0,0,0,0,13.539,9.158,0.450,
30,35,205,0,0.000,1795.452,1534.926,,,,1.000,1,0,10,0,0,0,0,13.536,9.632,0.596,
30,35,210,0,0.000,1795.452,1534.926,,,,1.000,1,0,10,0,0,0,0,10.270,11.008,0.420,
30,35,215,0,0.000,1795.452,1534.926,,,,1.000,1,0,10,0,0,0,0,11.193,9.720,0.469,
30,35,220,0,0.000,1795.452,1534.926,,,,1.000,1,0,10,0,0,0,0,10.456,10.055,0.663,
30,35,225,0,0.000,1795.452,1534.926,,,,1.000,1,0,10,0,0,0,0,9.313,10.996,0.605,
30,35,230,0,0.000,1795.452,1534.926,,,,1.000,1,0,10,0,0,0,0,8.906,11.188,0.517,
30,35,235,0,0.000,1795.452,1534.926,,,,1.000,1,0,10,0,0,0,0,7.912,10.040,0.587,
30,35,240,0,0.000,1795.452,1534.926,,,,1.000,1,0,10,0,0,0,0,8.279,11.025,0.341,
30,35,245,0,0.000,1795.452,1534.926,,,,1.000,1,0,10,0,0,0,0,8.527,10.993,0.680,
30,35,250,0,0.000,1795.452,1534.926,,,,1.000,1,0,10,0,0,0,0,6.833,7.678,0.475,
30,35,255,0,0.000,1795.452,1534.926,,,,1.000,1,0,10,0,0,0,0,9.884,11.192,0.479,
30,35,260,0,0.000,1795.452,1534.926,,,,1.000,1,0,10,0,0,0,0,12.096,10.260,0.521,
30,35,265,0,0.000,1795.452,1534.926,,,,1.000,1,0,10,0,0,0,0,12.628,8.029,0.330,
30,35,270,0,0.000,1795.452,1534.926,,,,1.000,1,0,10,0,0,0,0,7.392,10.509,0.426,
30,35,275,0,0.000,1795.452,1534.926,,,,1.000,1,0,10,0,0,0,0,10.931,10.375,0.411,
30,35,280,0,0.000,1795.452,1534.926,,,,1.000,1,0,10,0,0,0,0,10.427,11.371,0.571,
30,35,285,0,0.000,1795.452,1534.926,,,,1.000,1,0,10,0,0,0,0,9.520,8.883,0.472,
30,40,-10,0,0.000,1795.452,1534.926,,,,0.000,0,0,0,0,0,0,10,11.645,10.613,0.490,
30,40,-5,0,0.000,1795.452,1534.926,,,,0.000,0,0,0,0,0,0,10,9.333,9.928,0.625,
30,40,0,0,0.000,1795.452,1534.926,,,,0.100,1,0,1,0,0,0,9,8.804,11.207,0.593,
30,40,5,0,0.000,1795.452,1534.926,,,,0.200,1,0,2,0,0,0,8,11.320,8.649,0.478,
30,40,10,0,0.000,1795.452,1534.926,,,,0.200,1,0,2,0,0,0,8,10.513,13.133,0.648,
30,40,15,0,0.000,1795.452,1534.926,,,,0.500,1,0,5,0,0,0,5,11.777,11.915,0.611,
30,40,20,0,0.000,1795.452,1534.926,,,,0.300,1,0,3,0,0,0,7,10.676,9.164,0.546,
30,40,25,0,0.000,1795.452,1534.926,,,,0.300,1,0,3,0,0,0,7,13.086,9.901,0.647,
30,40,30,0,0.000,1795.452,1534.926,,,,0.700,1,0,7,0,0,0,3,10.377,11.401,0.528,
30,40,35,0,0.000,1795.452,1534.926,,,,0.800,1,0,8,0,0,0,2,13.247,12.170,0.536,
30,40,40,0,0.000,1795.452,1534.926,,,,1.000,1,0,10,0,0,0,0,12.026,11.583,0.504,
30,40,45,0,0.000,1795.452,1534.926,,,,1.000,1,0,10,0,0,0,0,7.787,11.292,0.592,
30,40,50,0,0.000,1795.452,1534.926,,,,1.000,1,0,10,0,0,0,0,11.054,8.747,0.678,
30,40,55,0,0.000,1795.452,1534.926,,,,1.000,1,0,10,0,0,0,0,9.258,6.617,0.719,
30,40,60,0,0.000,1795.452,1534.926,,,,1.000,1,0,10,0,0,0,0,12.644,9.447,0.622,
30,40,65,0,0.000,1795.452,1534.926,,,,1.000,1,0,10,0,0,0,0,10.956,8.051,0.605,
30,40,70,0,0.000,1795.452,1534.926,,,,1.000,1,0,10,0,0,0,0,11.146,10.798,0.662,
30,40,75,0,0.000,1795.452,1534.926,,,,1.000,1,0,10,0,0,0,0,9.184,12.419,0.511,
30,40,80,0,0.000,1795.452,1534.926,,,,1.000,1,0,10,0,0,0,0,12.658,12.031,0.639,
30,40,85,0,0.000,1795.452,1534.926,,,,1.000,1,0,10,0,0,0,0,10.855,12.496,0.515,
30,40,90,0,0.000,1795.452,1534.926,,,,1.000,1,0,10,0,0,0,0,13.883,14.372,0.666,
30,40,95,0,0.000,1795.452,1534.926,,,,1.000,1,0,10,0,0,0,0,11.551,11.871,0.471,
30,40,100,0,0.000,1795.452,1534.926,,,,1.000,1,0,10,0,0,0,0,9.520,9.671,0.466,
30,40,105,0,0.000,1795.452,1534.926,,,,1.000,1,0,10,0,0,0,0,9.785,9.044,0.653,
30,40,110,0,0.000,1795.452,1534.926,,,,1.000,1,0,10,0,0,0,0,10.426,12.773,0.663,
30,40,115,0,0.000,1795.452,1534.926,,,,1.000,1,0,10,0,0,0,0,11.064,11.073,0.452,
30,40,120,0,0.000,1795.452,1534.926,,,,1.000,1,0,10,0,0,0,0,12.325,8.283,0.641,
30,40,125,0,0.000,1795.452,1534.926,,,,1.000,1,0,10,0,0,0,0,10.906,11.567,0.397,
30,40,130,0,0.000,1795.452,1534.926,,,,1.000,1,0,10,0,0,0,0,12.239,9.318,0.526,
30,40,135,0,0.000,1795.452,1534.926,,,,1.000,1,0,10,0,0,0,0,8.688,10.089,0.560,
30,40,140,0,0.000,1795.452,1534.926,,,,1.000,1,0,10,0,0,0,0,11.933,11.323,0.595,
30,40,145,0,0.000,1795.452,1534.926,,,,1.000,1,0,10,0,0,0,0,12.167,11.376,0.320,
30,40,150,0,0.000,1795.452,1534.926,,,,1.000,1,0,10,0,0,0,0,7.985,13.603,0.475,
30,40,155,0,0.000,1795.452,1534.926,,,,1.000,1,0,10,0,0,0,0,8.867,8.881,0.466,
30,40,160,0,0.000,1795.452,1534.926,,,,1.000,1,0,10,0,0,0,0,9.436,9.438,0.576,
30,40,165,0,0.000,1795.452,1534.926,,,,1.000,1,0,10,0,0,0,0,10.778,11.342,0.503,
30,40,170,0,0.000,1795.452,1534.926,,,,1.000,1,0,10,0,0,0,0,11.054,9.573,0.575,
30,40,175,0,0.000,1795.452,1534.926,,,,1.000,1,0,10,0,0,0,0,7.649,9.920,0.399,
30,40,180,0,0.000,1795.452,1534.926,,,,1.000,1,0,10,0,0,0,0,12.732,10.454,0.536,
30,40,185,0,0.000,1795.452,1534.926,,,,1.000,1,0,10,0,0,0,0,7.499,11.171,0.689,
30,40,190,0,0.000,1795.452,1534.926,,,,1.000,1,0,10,0,0,0,0,10.542,13.366,0.634,
30,40,195,0,0.000,1795.452,1534.926,,,,1.000,1,0,10,0,0,0,0,11.223,7.638,0.480,
30,40,200,0,0.000,1795.452,1534.926,,,,1.000,1,0,10,0,0,0,0,13.418,12.189,0.624,
30,40,205,0,0.000,1795.452,1534.926,,,,1.000,1,0,10,0,0,0,0,13.478,9.703,0.545,
30,40,210,0,0.000,1795.452,1534.926,,,,1.000,1,0,10,0,0,0,0,12.238,13.837,0.336,
30,40,215,0,0.000,1795.452,1534.926,,,,1.000,1,0,10,0,0,0,0,13.054,7.562,0.732,
30,40,220,0,0.000,1795.452,1534.926,,,,1.000,1,0,10,0,0,0,0,10.496,11.414,0.432,
30,40,225,0,0.000,1795.452,1534.926,,,,1.000,1,0,10,0,0,0,0,12.007,10.835,0.611,
30,40,230,0,0.000,1795.452,1534.926,,,,1.000,1,0,10,0,0,0,0,11.160,8.926,0.568,
30,40,235,0,0.000,1795.452,1534.926,,,,1.000,1,0,10,0,0,0,0,13.125,10.374,0.573,
30,40,240,0,0.000,1795.452,1534.926,,,,1.000,1,0,10,0,0,0,0,11.369,12.380,0.641,
30,40,245,0,0.000,1795.452,1534.926,,,,1.000,1,0,10,0,0,0,0,10.812,11.017,0.600,
30,40,250,0,0.000,1795.452,1534.926,,,,1.000,1,0,10,0,0,0,0,10.925,8.293,0.680,
30,40,255,0,0.000,1795.452,1534.926,,,,1.000,1,0,10,0,0,0,0,8.394,9.982,0.632,
30,40,260,0,0.000,1795.452,1534.926,,,,1.000,1,0,10,0,0,0,0,13.076,9.756,0.593,
30,40,265,0,0.000,1795.452,1534.926,,,,1.000,1,0,10,0,0,0,0,8.982,10.421,0.653,
30,40,270,0,0.000,1795.452,1534.926,,,,1.000,1,0,10,0,0,0,0,8.133,9.104,0.498,
30,40,275,0,0.000,1795.452,1534.926,,,,1.000,1,0,10,0,0,0,0,7.574,11.499,0.628,
30,40,280,0,0.000,1795.452,1534.926,,,,1.000,1,0,10,0,0,0,0,7.872,7.723,0.718,
30,40,285,0,0.000,1795.452,1534.926,,,,1.000,1,0,10,0,0,0,0,9.805,13.106,0.603,
30,45,-10,0,0.000,1795.452,1534.926,,,,0.000,0,0,0,0,0,0,10,12.165,8.053,0.569,
30,45,-5,0,0.000,1795.452,1534.926,,,,0.000,0,0,0,0,0,0,10,9.274,12.259,0.696,
30,45,0,0,0.000,1795.452,1534.926,,,,0.000,0,0,0,0,0,0,10,12.200,9.558,0.586,
30,45,5,0,0.000,1795.452,1534.926,,,,0.100,1,0,1,0,0,0,9,11.958,9.709,0.513,
30,45,10,0,0.000,1795.452,1534.926,,,,0.000,0,0,0,0,0,0,10,10.535,10.492,0.611,
30,45,15,0,0.000,1795.452,1534.926,,,,0.200,1,0,2,0,0,0,8,12.327,11.237,0.508,
30,45,20,0,0.000,1795.452,1534.926,,,,0.300,1,0,3,0,0,0,7,10.058,9.608,0.663,
30,45,25,0,0.000,1795.452,1534.926,,,,0.800,1,0,8,0,0,0,2,10.989,6.380,0.571,
30,45,30,0,0.000,1795.452,1534.926,,,,0.700,1,0,7,0,0,0,3,10.328,12.791,0.516,
30,45,35,0,0.000,1795.452,1534.926,,,,0.700,1,0,7,0,0,0,3,14.079,12.741,0.475,
30,45,40,0,0.000,1795.452,1534.926,,,,0.900,1,0,9,0,0,0,1,12.761,9.060,0.542,
30,45,45,0,0.000,1795.452,1534.926,,,,0.900,1,0,9,0,0,0,1,8.529,13.023,0.451,
30,45,50,0,0.000,1795.452,1534.926,,,,1.000,1,0,10,0,0,0,0,8.675,13.782,0.551,
30,45,55,0,0.000,1795.452,1534.926,,,,1.000,1,0,10,0,0,0,0,11.793,9.234,0.631,
30,45,60,0,0.000,1795.452,1534.926,,,,1.000,1,0,10,0,0,0,0,10.864,9.079,0.359,
30,45,65,0,0.000,1795.452,1534.926,,,,1.000,1,0,10,0,0,0,0,12.189,12.048,0.565,
30,45,70,0,0.000,1795.452,1534.926,,,,1.000,1,0,10,0,0,0,0,12.201,10.462,0.440,
30,45,75,0,0.000,1795.452,1534.926,,,,1.000,1,0,10,0,0,0,0,7.849,10.812,0.492,
30,45,80,0,0.000,1795.452,1534.926,,,,1.000,1,0,10,0,0,0,0,12.736,10.757,0.561,
30,45,85,0,0.000,1795.452,1534.926,,,,1.000,1,0,10,0,0,0,0,10.731,8.618,0.467,
30,45,90,0,0.000,1795.452,1534.926,,,,1.000,1,0,10,0,0,0,0,10.859,11.238,0.678,
30,45,95,0,0.000,1795.452,1534.926,,,,1.000,1,0,10,0,0,0,0,12.097,10.080,0.543,
30,45,100,0,0.000,1795.452,1534.926,,,,1.000,1,0,10,0,0,0,0,9.483,11.376,0.436,
30,45,105,0,0.000,1795.452,1534.926,,,,1.000,1,0,10,0,0,0,0,14.218,13.002,0.556,
30,45,110,0,0.000,1795.452,1534.926,,,,1.000,1,0,10,0,0,0,0,10.488,9.972,0.555,
30,45,115,0,0.000,1795.452,1534.926,,,,1.000,1,0,10,0,0,0,0,10.842,10.755,0.620,
30,45,120,0,0.000,1795.452,1534.926,,,,1.000,1,0,10,0,0,0,0,9.981,9.650,0.606,
30,45,125,0,0.000,1795.452,1534.926,,,,1.000,1,0,10,0,0,0,0,13.601,12.295,0.372,
30,45,130,0,0.000,1795.452,1534.926,,,,1.000,1,0,10,0,0,0,0,11.759,11.079,0.451,
30,45,135,0,0.000,1795.452,1534.926,,,,1.000,1,0,10,0,0,0,0,8.759,10.604,0.478,
30,45,140,0,0.000,1795.452,1534.926,,,,1.000,1,0,10,0,0,0,0,10.260,11.068,0.581,
30,45,145,0,0.000,1795.452,1534.926,,,,1.000,1,0,10,0,0,0,0,11.312,10.370,0.432,
30,45,150,0,0.000,1795.452,1534.926,,,,1.000,1,0,10,0,0,0,0,12.292,11.100,0.646,
30,45,155,0,0.000,1795.452,1534.926,,,,1.000,1,0,10,0,0,0,0,10.342,9.525,0.607,
30,45,160,0,0.000,1795.452,1534.926,,,,1.000,1,0,10,0,0,0,0,12.858,10.791,0.590,
30,45,165,0,0.000,1795.452,1534.926,,,,1.000,1,0,10,0,0,0,0,9.783,11.053,0.639,
30,45,170,0,0.000,1795.452,1534.926,,,,1.000,1,0,10,0,0,0,0,9.731,12.173,0.483,
30,45,175,0,0.000,1795.452,1534.926,,,,1.000,1,0,10,0,0,0,0,11.909,13.290,0.681,
30,45,180,0,0.000,1795.452,1534.926,,,,1.000,1,0,10,0,0,0,0,15.279,11.519,0.474,
30,45,185,0,0.000,1795.452,1534.926,,,,1.000,1,0,10,0,0,0,0,12.113,10.486,0.486,
30,45,190,0,0.000,1795.452,1534.926,,,,1.000,1,0,10,0,0,0,0,11.056,5.976,0.412,
30,45,195,0,0.000,1795.452,1534.926,,,,1.000,1,0,10,0,0,0,0,10.319,13.278,0.637,
30,45,200,0,0.000,1795.452,1534.926,,,,1.000,1,0,10,0,0,0,0,11.936,9.490,0.534,
30,45,205,0,0.000,1795.452,1534.926,,,,1.000,1,0,10,0,0,0,0,10.730,11.010,0.610,
30,45,210,0,0.000,1795.452,1534.926,,,,1.000,1,0,10,0,0,0,0,11.291,13.406,0.440,
30,45,215,0,0.000,1795.452,1534.926,,,,1.000,1,0,10,0,0,0,0,10.666,12.817,0.446,
30,45,220,0,0.000,1795.452,1534.926,,,,1.000,1,0,10,0,0,0,0,14.019,12.984,0.419,
30,45,225,0,0.000,1795.452,1534.926,,,,1.000,1,0,10,0,0,0,0,10.330,10.880,0.474,
30,45,230,0,0.000,1795.452,1534.926,,,,1.000,1,0,10,0,0,0,0,10.726,11.792,0.596,
30,45,235,0,0.000,1795.452,1534.926,,,,1.000,1,0,10,0,0,0,0,12.407,9.143,0.611,
30,45,240,0,0.000,1795.452,1534.926,,,,1.000,1,0,10,0,0,0,0,12.095,10.900,0.647,
30,45,245,0,0.000,1795.452,1534.926,,,,1.000,1,0,10,0,0,0,0,4.999,7.825,0.623,
30,45,250,0,0.000,1795.452,1534.926,,,,1.000,1,0,10,0,0,0,0,10.056,11.826,0.586,
30,45,255,0,0.000,1795.452,1534.926,,,,1.000,1,0,10,0,0,0,0,8.062,11.833,0.527,
30,45,260,0,0.000,1795.452,1534.926,,,,1.000,1,0,10,0,0,0,0,9.353,14.754,0.516,
30,45,265,0,0.000,1795.452,1534.926,,,,1.000,1,0,10,0,0,0,0,7.690,11.345,0.605,
30,45,270,0,0.000,1795.452,1534.926,,,,1.000,1,0,10,0,0,0,0,11.667,12.643,0.484,
30,45,275,0,0.000,1795.452,1534.926,,,,1.000,1,0,10,0,0,0,0,11.898,11.184,0.569,
30,45,280,0,0.000,1795.452,1534.926,,,,1.000,1,0,10,0,0,0,0,10.835,11.655,0.502,
30,45,285,0,0.000,1795.452,1534.926,,,,1.000,1,0,10,0,0,0,0,12.688,6.487,0.722,
30,50,-10,0,0.000,1795.452,1534.926,,,,0.000,0,0,0,0,0,0,10,10.660,8.383,0.537,
30,50,-5,0,0.000,1795.452,1534.926,,,,0.000,0,0,0,0,0,0,10,8.939,10.606,0.505,
30,50,0,0,0.000,1795.452,1534.926,,,,0.000,0,0,0,0,0,0,10,12.491,10.253,0.647,
30,50,5,0,0.000,1795.452,1534.926,,,,0.000,0,0,0,0,0,0,10,11.842,11.486,0.574,
30,50,10,0,0.000,1795.452,1534.926,,,,0.000,0,0,0,0,0,0,10,9.377,6.780,0.548,
30,50,15,0,0.000,1795.452,1534.926,,,,0.300,1,0,3,0,0,0,7,11.002,11.666,0.337,
30,50,20,0,0.000,1795.452,1534.926,,,,0.100,1,0,1,0,0,0,9,12.198,9.816,0.549,
30,50,25,0,0.000,1795.452,1534.926,,,,0.300,1,0,3,0,0,0,7,10.085,9.436,0.514,
30,50,30,0,0.000,1795.452,1534.926,,,,0.600,1,0,6,0,0,0,4,9.928,8.745,0.579,
30,50,35,0,0.000,1795.452,1534.926,,,,0.400,1,0,4,0,0,0,6,10.178,10.020,0.550,
30,50,40,0,0.000,1795.452,1534.926,,,,0.700,1,0,7,0,0,0,3,9.822,11.231,0.443,
30,50,45,0,0.000,1795.452,1534.926,,,,0.800,1,0,8,0,0,0,2,8.048,12.583,0.546,
30,50,50,0,0.000,1795.452,1534.926,,,,1.000,1,0,10,0,0,0,0,10.698,8.708,0.646,
30,50,55,0,0.000,1795.452,1534.926,,,,1.000,1,0,10,0,0,0,0,8.581,10.654,0.540,
30,50,60,0,0.000,1795.452,1534.926,,,,1.000,1,0,10,0,0,0,0,11.262,9.815,0.659,
30,50,65,0,0.000,1795.452,1534.926,,,,1.000,1,0,10,0,0,0,0,13.971,13.291,0.542,
30,50,70,0,0.000,1795.452,1534.926,,,,1.000,1,0,10,0,0,0,0,10.363,11.410,0.572,
30,50,75,0,0.000,1795.452,1534.926,,,,1.000,1,0,10,0,0,0,0,10.174,9.082,0.541,
30,50,80,0,0.000,1795.452,1534.926,,,,1.000,1,0,10,0,0,0,0,9.797,8.928,0.544,
30,50,85,0,0.000,1795.452,1534.926,,,,1.000,1,0,10,0,0,0,0,7.491,10.979,0.484,
30,50,90,0,0.000,1795.452,1534.926,,,,1.000,1,0,10,0,0,0,0,10.816,13.766,0.415,
30,50,95,0,0.000,1795.452,1534.926,,,,1.000,1,0,10,0,0,0,0,9.529,10.398,0.477,
30,50,100,0,0.000,1795.452,1534.926,,,,1.000,1,0,10,0,0,0,0,9.632,9.092,0.650,
30,50,105,0,0.000,1795.452,1534.926,,,,1.000,1,0,10,0,0,0,0,9.525,11.714,0.437,
30,50,110,0,0.000,1795.452,1534.926,,,,1.000,1,0,10,0,0,0,0,11.604,9.582,0.612,
30,50,115,0,0.000,1795.452,1534.926,,,,1.000,1,0,10,0,0,0,0,7.352,8.728,0.505,
30,50,120,0,0.000,1795.452,1534.926,,,,1.000,1,0,10,0,0,0,0,9.523,9.514,0.542,
30,50,125,0,0.000,1795.452,1534.926,,,,1.000,1,0,10,0,0,0,0,13.610,10.435,0.416,
30,50,130,0,0.000,1795.452,1534.926,,,,1.000,1,0,10,0,0,0,0,9.739,8.904,0.403,
30,50,135,0,0.000,1795.452,1534.926,,,,1.000,1,0,10,0,0,0,0,10.230,13.017,0.624,
30,50,140,0,0.000,1795.452,1534.926,,,,1.000,1,0,10,0,0,0,0,10.966,11.364,0.603,
30,50,145,0,0.000,1795.452,1534.926,,,,1.000,1,0,10,0,0,0,0,10.705,10.597,0.498,
30,50,150,0,0.000,1795.452,1534.926,,,,1.000,1,0,10,0,0,0,0,12.118,9.925,0.443,
30,50,155,0,0.000,1795.452,1534.926,,,,1.000,1,0,10,0,0,0,0,8.821,11.570,0.444,
30,50,160,0,0.000,1795.452,1534.926,,,,1.000,1,0,10,0,0,0,0,12.644,11.100,0.440,
30,50,165,0,0.000,1795.452,1534.926,,,,1.000,1,0,10,0,0,0,0,7.697,11.164,0.551,
30,50,170,0,0.000,1795.452,1534.926,,,,1.000,1,0,10,0,0,0,0,10.129,8.939,0.398,
30,50,175,0,0.000,1795.452,1534.926,,,,1.000,1,0,10,0,0,0,0,8.379,12.643,0.591,
30,50,180,0,0.000,1795.452,1534.926,,,,1.000,1,0,10,0,0,0,0,12.024,13.340,0.549,
30,50,185,0,0.000,1795.452,1534.926,,,,1.000,1,0,10,0,0,0,0,12.243,12.419,0.346,
30,50,190,0,0.000,1795.452,1534.926,,,,1.000,1,0,10,0,0,0,0,9.777,10.623,0.465,
30,50,195,0,0.000,1795.452,1534.926,,,,1.000,1,0,10,0,0,0,0,12.290,12.561,0.538,
30,50,200,0,0.000,1795.452,1534.926,,,,1.000,1,0,10,0,0,0,0,11.210,10.749,0.500,
30,50,205,0,0.000,1795.452,1534.926,,,,1.000,1,0,10,0,0,0,0,9.920,10.583,0.575,
30,50,210,0,0.000,1795.452,1534.926,,,,1.000,1,0,10,0,0,0,0,10.755,12.095,0.384,
30,50,215,0,0.000,1795.452,1534.926,,,,1.000,1,0,10,0,0,0,0,8.927,11.055,0.393,
30,50,220,0,0.000,1795.452,1534.926,,,,1.000,1,0,10,0,0,0,0,10.974,11.851,0.598,
30,50,225,0,0.000,1795.452,1534.926,,,,1.000,1,0,10,0,0,0,0,7.440,10.110,0.596,
30,50,230,0,0.000,1795.452,1534.926,,,,1.000,1,0,10,0,0,0,0,13.041,6.702,0.397,
30,50,235,0,0.000,1795.452,1534.926,,,,1.000,1,0,10,0,0,0,0,10.386,10.281,0.549,
30,50,240,0,0.000,1795.452,1534.926,,,,1.000,1,0,10,0,0,0,0,8.478,12.859,0.430,
30,50,245,0,0.000,1795.452,1534.926,,,,1.000,1,0,10,0,0,0,0,13.359,11.027,0.767,
30,50,250,0,0.000,1795.452,1534.926,,,,1.000,1,0,10,0,0,0,0,10.067,10.203,0.613,
30,50,255,0,0.000,1795.452,1534.926,,,,1.000,1,0,10,0,0,0,0,8.482,10.263,0.453,
30,50,260,0,0.000,1795.452,1534.926,,,,1.000,1,0,10,0,0,0,0,6.972,10.034,0.398,
30,50,265,0,0.000,1795.452,1534.926,,,,1.000,1,0,10,0,0,0,0,14.096,9.134,0.685,
30,50,270,0,0.000,1795.452,1534.926,,,,1.000,1,0,10,0,0,0,0,9.467,10.535,0.595,
30,50,275,0,0.000,1795.452,1534.926,,,,1.000,1,0,10,0,0,0,0,11.943,8.893,0.499,
30,50,280,0,0.000,1795.452,1534.926,,,,1.000,1,0,10,0,0,0,0,12.943,10.346,0.490,
30,50,285,0,0.000,1795.452,1534.926,,,,1.000,1,0,10,0,0,0,0,7.545,11.190,0.586,
30,55,-10,0,0.000,1795.452,1534.926,,,,0.000,0,0,0,0,0,0,10,12.286,11.406,0.562,
30,55,-5,0,0.000,1795.452,1534.926,,,,0.000,0,0,0,0,0,0,10,10.669,10.568,0.513,
30,55,0,0,0.000,1795.452,1534.926,,,,0.000,0,0,0,0,0,0,10,10.508,10.133,0.556,
30,55,5,0,0.000,1795.452,1534.926,,,,0.000,0,0,0,0,0,0,10,12.092,7.525,0.731,
30,55,10,0,0.000,1795.452,1534.926,,,,0.100,1,0,1,0,0,0,9,11.746,6.687,0.447,
30,55,15,0,0.000,1795.452,1534.926,,,,0.300,1,0,3,0,0,0,7,12.726,7.641,0.510,
30,55,20,0,0.000,1795.452,1534.926,,,,0.100,1,0,1,0,0,0,9,10.818,10.956,0.688,
30,55,25,0,0.000,1795.452,1534.926,,,,0.400,1,0,4,0,0,0,6,11.800,13.617,0.368,
30,55,30,0,0.000,1795.452,1534.926,,,,0.500,1,0,5,0,0,0,5,11.339,9.724,0.465,
30,55,35,0,0.000,1795.452,1534.926,,,,0.200,1,0,2,0,0,0,8,12.076,8.532,0.529,
30,55,40,0,0.000,1795.452,1534.926,,,,0.900,1,0,9,0,0,0,1,7.853,9.218,0.643,
30,55,45,0,0.000,1795.452,1534.926,,,,0.800,1,0,8,0,0,0,2,10.311,11.216,0.575,
30,55,50,0,0.000,1795.452,1534.926,,,,1.000,1,0,10,0,0,0,0,12.167,12.384,0.549,
30,55,55,0,0.000,1795.452,1534.926,,,,1.000,1,0,10,0,0,0,0,11.502,12.842,0.545,
30,55,60,0,0.000,1795.452,1534.926,,,,1.000,1,0,10,0,0,0,0,10.196,10.556,0.706,
30,55,65,0,0.000,1795.452,1534.926,,,,1.000,1,0,10,0,0,0,0,12.725,13.561,0.580,
30,55,70,0,0.000,1795.452,1534.926,,,,1.000,1,0,10,0,0,0,0,10.003,11.611,0.475,
30,55,75,0,0.000,1795.452,1534.926,,,,1.000,1,0,10,0,0,0,0,10.961,9.265,0.671,
30,55,80,0,0.000,1795.452,1534.926,,,,1.000,1,0,10,0,0,0,0,11.294,11.355,0.483,
30,55,85,0,0.000,1795.452,1534.926,,,,1.000,1,0,10,0,0,0,0,10.872,10.574,0.415,
30,55,90,0,0.000,1795.452,1534.926,,,,1.000,1,0,10,0,0,0,0,6.834,11.477,0.561,
30,55,95,0,0.000,1795.452,1534.926,,,,1.000,1,0,10,0,0,0,0,11.653,8.708,0.602,
30,55,100,0,0.000,1795.452,1534.926,,,,1.000,1,0,10,0,0,0,0,6.075,13.862,0.590,
30,55,105,0,0.000,1795.452,1534.926,,,,1.000,1,0,10,0,0,0,0,6.985,10.342,0.665,
30,55,110,0,0.000,1795.452,1534.926,,,,1.000,1,0,10,0,0,0,0,11.795,11.338,0.675,
30,55,115,0,0.000,1795.452,1534.926,,,,1.000,1,0,10,0,0,0,0,11.358,8.867,0.420,
30,55,120,0,0.000,1795.452,1534.926,,,,1.000,1,0,10,0,0,0,0,9.158,8.649,0.547,
30,55,125,0,0.000,1795.452,1534.926,,,,1.000,1,0,10,0,0,0,0,13.518,9.878,0.520,
30,55,130,0,0.000,1795.452,1534.926,,,,1.000,1,0,10,0,0,0,0,10.786,12.306,0.434,
30,55,135,0,0.000,1795.452,1534.926,,,,1.000,1,0,10,0,0,0,0,8.857,9.479,0.403,
30,55,140,0,0.000,1795.452,1534.926,,,,1.000,1,0,10,0,0,0,0,11.932,11.733,0.525,
30,55,145,0,0.000,1795.452,1534.926,,,,1.000,1,0,10,0,0,0,0,14.205,10.309,0.455,
30,55,150,0,0.000,1795.452,1534.926,,,,1.000,1,0,10,0,0,0,0,10.916,9.457,0.604,
30,55,155,0,0.000,1795.452,1534.926,,,,1.000,1,0,10,0,0,0,0,7.233,11.512,0.530,
30,55,160,0,0.000,1795.452,1534.926,,,,1.000,1,0,10,0,0,0,0,8.658,13.035,0.509,
30,55,165,0,0.000,1795.452,1534.926,,,,1.000,1,0,10,0,0,0,0,10.752,9.672,0.492,
30,55,170,0,0.000,1795.452,1534.926,,,,1.000,1,0,10,0,0,0,0,15.067,8.101,0.588,
30,55,175,0,0.000,1795.452,1534.926,,,,1.000,1,0,10,0,0,0,0,13.932,10.265,0.360,
30,55,180,0,0.000,1795.452,1534.926,,,,1.000,1,0,10,0,0,0,0,12.365,11.301,0.465,
30,55,185,0,0.000,1795.452,1534.926,,,,1.000,1,0,10,0,0,0,0,12.581,9.880,0.556,
30,55,190,0,0.000,1795.452,1534.926,,,,1.000,1,0,10,0,0,0,0,9.987,7.280,0.515,
30,55,195,0,0.000,1795.452,1534.926,,,,1.000,1,0,10,0,0,0,0,10.229,11.286,0.567,
30,55,200,0,0.000,1795.452,1534.926,,,,1.000,1,0,10,0,0,0,0,11.754,8.490,0.372,
30,55,205,0,0.000,1795.452,1534.926,,,,1.000,1,0,10,0,0,0,0,10.571,11.120,0.498,
30,55,210,0,0.000,1795.452,1534.926,,,,1.000,1,0,10,0,0,0,0,9.023,9.053,0.477,
30,55,215,0,0.000,1795.452,1534.926,,,,1.000,1,0,10,0,0,0,0,12.817,10.119,0.499,
30,55,220,0,0.000,1795.452,1534.926,,,,1.000,1,0,10,0,0,0,0,11.878,12.859,0.456,
30,55,225,0,0.000,1795.452,1534.926,,,,1.000,1,0,10,0,0,0,0,11.121,9.139,0.548,
30,55,230,0,0.000,1795.452,1534.926,,,,1.000,1,0,10,0,0,0,0,7.584,8.238,0.426,
30,55,235,0,0.000,1795.452,1534.926,,,,1.000,1,0,10,0,0,0,0,11.996,13.958,0.381,
30,55,240,0,0.000,1795.452,1534.926,,,,1.000,1,0,10,0,0,0,0,12.268,8.953,0.413,
30,55,245,0,0.000,1795.452,1534.926,,,,1.000,1,0,10,0,0,0,0,9.159,10.245,0.338,
30,55,250,0,0.000,1795.452,1534.926,,,,1.000,1,0,10,0,0,0,0,9.382,12.182,0.624,
30,55,255,0,0.000,1795.452,1534.926,,,,1.000,1,0,10,0,0,0,0,11.019,11.821,0.611,
30,55,260,0,0.000,1795.452,1534.926,,,,1.000,1,0,10,0,0,0,0,8.792,11.885,0.565,
30,55,265,0,0.000,1795.452,1534.926,,,,1.000,1,0,10,0,0,0,0,12.808,7.540,0.555,
30,55,270,0,0.000,1795.452,1534.926,,,,1.000,1,0,10,0,0,0,0,8.994,12.104,0.605,
30,55,275,0,0.000,1795.452,1534.926,,,,1.000,1,0,10,0,0,0,0,12.884,12.644,0.678,
30,55,280,0,0.000,1795.452,1534.926,,,,1.000,1,0,10,0,0,0,0,9.872,12.581,0.610,
30,55,285,0,0.000,1795.452,1534.926,,,,1.000,1,0,10,0,0,0,0,11.790,11.447,0.702,
30,60,-10,0,0.000,1795.452,1534.926,,,,0.000,0,0,0,0,0,0,10,10.458,9.842,0.448,
30,60,-5,0,0.000,1795.452,1534.926,,,,0.000,0,0,0,0,0,0,10,12.649,9.619,0.522,
30,60,0,0,0.000,1795.452,1534.926,,,,0.000,0,0,0,0,0,0,10,11.096,9.033,0.623,
30,60,5,0,0.000,1795.452,1534.926,,,,0.000,0,0,0,0,0,0,10,11.114,10.827,0.612,
30,60,10,0,0.000,1795.452,1534.926,,,,0.000,0,0,0,0,0,0,10,13.408,10.933,0.522,
30,60,15,0,0.000,1795.452,1534.926,,,,0.000,0,0,0,0,0,0,10,9.404,8.391,0.552,
30,60,20,0,0.000,1795.452,1534.926,,,,0.000,0,0,0,0,0,0,10,9.298,11.847,0.586,
30,60,25,0,0.000,1795.452,1534.926,,,,0.200,1,0,2,0,0,0,8,10.767,8.217,0.447,
30,60,30,0,0.000,1795.452,1534.926,,,,0.100,1,0,1,0,0,0,9,12.033,9.276,0.509,
30,60,35,0,0.000,1795.452,1534.926,,,,0.700,1,0,7,0,0,0,3,5.964,9.437,0.576,
30,60,40,0,0.000,1795.452,1534.926,,,,0.600,1,0,6,0,0,0,4,10.616,10.482,0.590,
30,60,45,0,0.000,1795.452,1534.926,,,,0.900,1,0,9,0,0,0,1,13.617,10.452,0.570,
30,60,50,0,0.000,1795.452,1534.926,,,,0.800,1,0,8,0,0,0,2,10.945,11.707,0.551,
30,60,55,0,0.000,1795.452,1534.926,,,,1.000,1,0,10,0,0,0,0,10.380,9.486,0.465,
30,60,60,0,0.000,1795.452,1534.926,,,,1.000,1,0,10,0,0,0,0,11.183,8.901,0.634,
30,60,65,0,0.000,1795.452,1534.926,,,,1.000,1,0,10,0,0,0,0,13.822,10.804,0.550,
30,60,70,0,0.000,1795.452,1534.926,,,,1.000,1,0,10,0,0,0,0,10.772,11.874,0.539,
30,60,75,0,0.000,1795.452,1534.926,,,,1.000,1,0,10,0,0,0,0,10.481,10.151,0.520,
30,60,80,0,0.000,1795.452,1534.926,,,,1.000,1,0,10,0,0,0,0,9.827,10.672,0.620,
30,60,85,0,0.000,1795.452,1534.926,,,,1.000,1,0,10,0,0,0,0,10.207,13.802,0.575,
30,60,90,0,0.000,1795.452,1534.926,,,,1.000,1,0,10,0,0,0,0,13.239,14.623,0.427,
30,60,95,0,0.000,1795.452,1534.926,,,,1.000,1,0,10,0,0,0,0,8.924,6.849,0.608,
30,60,100,0,0.000,1795.452,1534.926,,,,1.000,1,0,10,0,0,0,0,12.269,8.252,0.572,
30,60,105,0,0.000,1795.452,1534.926,,,,1.000,1,0,10,0,0,0,0,9.566,8.590,0.442,
30,60,110,0,0.000,1795.452,1534.926,,,,1.000,1,0,10,0,0,0,0,14.637,14.665,0.580,
30,60,115,0,0.000,1795.452,1534.926,,,,1.000,1,0,10,0,0,0,0,8.148,9.116,0.273,
30,60,120,0,0.000,1795.452,1534.926,,,,1.000,1,0,10,0,0,0,0,14.879,11.565,0.605,
30,60,125,0,0.000,1795.452,1534.926,,,,1.000,1,0,10,0,0,0,0,9.093,10.530,0.452,
30,60,130,0,0.000,1795.452,1534.926,,,,1.000,1,0,10,0,0,0,0,8.641,12.650,0.379,
30,60,135,0,0.000,1795.452,1534.926,,,,1.000,1,0,10,0,0,0,0,10.324,10.564,0.581,
30,60,140,0,0.000,1795.452,1534.926,,,,1.000,1,0,10,0,0,0,0,8.402,9.945,0.521,
30,60,145,0,0.000,1795.452,1534.926,,,,1.000,1,0,10,0,0,0,0,5.770,9.220,0.532,
30,60,150,0,0.000,1795.452,1534.926,,,,1.000,1,0,10,0,0,0,0,10.736,12.188,0.305,
30,60,155,0,0.000,1795.452,1534.926,,,,1.000,1,0,10,0,0,0,0,13.811,10.996,0.401,
30,60,160,0,0.000,1795.452,1534.926,,,,1.000,1,0,10,0,0,0,0,12.238,7.414,0.643,
30,60,165,0,0.000,1795.452,1534.926,,,,1.000,1,0,10,0,0,0,0,10.425,12.779,0.465,
30,60,170,0,0.000,1795.452,1534.926,,,,1.000,1,0,10,0,0,0,0,12.764,12.046,0.664,
30,60,175,0,0.000,1795.452,1534.926,,,,1.000,1,0,10,0,0,0,0,11.604,11.726,0.674,
30,60,180,0,0.000,1795.452,1534.926,,,,1.000,1,0,10,0,0,0,0,6.543,11.194,0.659,
30,60,185,0,0.000,1795.452,1534.926,,,,1.000,1,0,10,0,0,0,0,12.121,10.445,0.554,
30,60,190,0,0.000,1795.452,1534.926,,,,1.000,1,0,10,0,0,0,0,10.508,13.229,0.232,
30,60,195,0,0.000,1795.452,1534.926,,,,1.000,1,0,10,0,0,0,0,10.680,8.019,0.447,
30,60,200,0,0.000,1795.452,1534.926,,,,1.000,1,0,10,0,0,0,0,6.579,11.438,0.552,
30,60,205,0,0.000,1795.452,1534.926,,,,1.000,1,0,10,0,0,0,0,7.420,7.712,0.548,
30,60,210,0,0.000,1795.452,1534.926,,,,1.000,1,0,10,0,0,0,0,9.401,10.061,0.543,
30,60,215,0,0.000,1795.452,1534.926,,,,1.000,1,0,10,0,0,0,0,11.091,9.656,0.596,
30,60,220,0,0.000,1795.452,1534.926,,,,1.000,1,0,10,0,0,0,0,12.088,11.496,0.534,
30,60,225,0,0.000,1795.452,1534.926,,,,1.000,1,0,10,0,0,0,0,7.512,11.861,0.647,
30,60,230,0,0.000,1795.452,1534.926,,,,1.000,1,0,10,0,0,0,0,10.694,11.212,0.556,
30,60,235,0,0.000,1795.452,1534.926,,,,1.000,1,0,10,0,0,0,0,13.254,9.790,0.467,
30,60,240,0,0.000,1795.452,1534.926,,,,1.000,1,0,10,0,0,0,0,10.453,10.017,0.519,
30,60,245,0,0.000,1795.452,1534.926,,,,1.000,1,0,10,0,0,0,0,12.726,12.418,0.435,
30,60,250,0,0.000,1795.452,1534.926,,,,1.000,1,0,10,0,0,0,0,10.143,10.613,0.510,
30,60,255,0,0.000,1795.452,1534.926,,,,1.000,1,0,10,0,0,0,0,9.638,7.987,0.561,
30,60,260,0,0.000,1795.452,1534.926,,,,1.000,1,0,10,0,0,0,0,12.068,10.488,0.646,
30,60,265,0,0.000,1795.452,1534.926,,,,1.000,1,0,10,0,0,0,0,11.183,11.353,0.580,
30,60,270,0,0.000,1795.452,1534.926,,,,1.000,1,0,10,0,0,0,0,11.230,12.616,0.452,
30,60,275,0,0.000,1795.452,1534.926,,,,1.000,1,0,10,0,0,0,0,8.074,11.024,0.466,
30,60,280,0,0.000,1795.452,1534.926,,,,1.000,1,0,10,0,0,0,0,12.453,12.405,0.726,
30,60,285,0,0.000,1795.452,1534.926,,,,1.000,1,0,10,0,0,0,0,8.647,9.436,0.397,
30,65,-10,0,0.000,1795.452,1534.926,,,,0.000,0,0,0,0,0,0,10,7.390,7.482,0.549,
30,65,-5,0,0.000,1795.452,1534.926,,,,0.000,0,0,0,0,0,0,10,7.644,10.123,0.596,
30,65,0,0,0.000,1795.452,1534.926,,,,0.000,0,0,0,0,0,0,10,12.458,12.299,0.523,
30,65,5,0,0.000,1795.452,1534.926,,,,0.000,0,0,0,0,0,0,10,9.322,11.867,0.654,
30,65,10,0,0.000,1795.452,1534.926,,,,0.000,0,0,0,0,0,0,10,8.803,13.223,0.585,
30,65,15,0,0.000,1795.452,1534.926,,,,0.000,0,0,0,0,0,0,10,11.818,12.114,0.502,
30,65,20,0,0.000,1795.452,1534.926,,,,0.100,1,0,1,0,0,0,9,9.534,10.775,0.428,
30,65,25,0,0.000,1795.452,1534.926,,,,0.100,1,0,1,0,0,0,9,8.497,11.380,0.657,
30,65,30,0,0.000,1795.452,1534.926,,,,0.200,1,0,2,0,0,0,8,10.696,11.657,0.686,
30,65,35,0,0.000,1795.452,1534.926,,,,0.300,1,0,3,0,0,0,7,9.279,11.994,0.736,
30,65,40,0,0.000,1795.452,1534.926,,,,0.700,1,0,7,0,0,0,3,8.603,9.576,0.557,
30,65,45,0,0.000,1795.452,1534.926,,,,0.500,1,0,5,0,0,0,5,9.800,12.686,0.566,
30,65,50,0,0.000,1795.452,1534.926,,,,0.800,1,0,8,0,0,0,2,13.917,11.410,0.635,
30,65,55,0,0.000,1795.452,1534.926,,,,0.700,1,0,7,0,0,0,3,10.540,10.855,0.403,
30,65,60,0,0.000,1795.452,1534.926,,,,1.000,1,0,10,0,0,0,0,8.804,6.378,0.338,
30,65,65,0,0.000,1795.452,1534.926,,,,0.900,1,0,9,0,0,0,1,11.515,9.906,0.494,
30,65,70,0,0.000,1795.452,1534.926,,,,1.000,1,0,10,0,0,0,0,8.103,9.625,0.595,
30,65,75,0,0.000,1795.452,1534.926,,,,1.000,1,0,10,0,0,0,0,10.203,9.999,0.589,
30,65,80,0,0.000,1795.452,1534.926,,,,1.000,1,0,10,0,0,0,0,10.793,10.706,0.603,
30,65,85,0,0.000,1795.452,1534.926,,,,1.000,1,0,10,0,0,0,0,8.868,12.232,0.494,
30,65,90,0,0.000,1795.452,1534.926,,,,1.000,1,0,10,0,0,0,0,7.319,13.807,0.495,
30,65,95,0,0.000,1795.452,1534.926,,,,1.000,1,0,10,0,0,0,0,12.111,13.831,0.590,
30,65,100,0,0.000,1795.452,1534.926,,,,1.000,1,0,10,0,0,0,0,9.408,13.887,0.600,
30,65,105,0,0.000,1795.452,1534.926,,,,1.000,1,0,10,0,0,0,0,12.987,13.791,0.489,
30,65,110,0,0.000,1795.452,1534.926,,,,1.000,1,0,10,0,0,0,0,11.871,12.996,0.563,
30,65,115,0,0.000,1795.452,1534.926,,,,1.000,1,0,10,0,0,0,0,10.754,6.971,0.530,
30,65,120,0,0.000,1795.452,1534.926,,,,1.000,1,0,10,0,0,0,0,8.490,11.829,0.579,
30,65,125,0,0.000,1795.452,1534.926,,,,1.000,1,0,10,0,0,0,0,8.940,10.966,0.541,
30,65,130,0,0.000,1795.452,1534.926,,,,1.000,1,0,10,0,0,0,0,7.591,13.581,0.479,
30,65,135,0,0.000,1795.452,1534.926,,,,1.000,1,0,10,0,0,0,0,11.928,8.558,0.542,
30,65,140,0,0.000,1795.452,1534.926,,,,1.000,1,0,10,0,0,0,0,9.982,8.486,0.498,
30,65,145,0,0.000,1795.452,1534.926,,,,1.000,1,0,10,0,0,0,0,14.679,10.015,0.592,
30,65,150,0,0.000,1795.452,1534.926,,,,1.000,1,0,10,0,0,0,0,10.974,10.664,0.619,
30,65,155,0,0.000,1795.452,1534.926,,,,1.000,1,0,10,0,0,0,0,8.712,12.468,0.632,
30,65,160,0,0.000,1795.452,1534.926,,,,1.000,1,0,10,0,0,0,0,12.437,7.245,0.574,
30,65,165,0,0.000,1795.452,1534.926,,,,1.000,1,0,10,0,0,0,0,13.476,12.173,0.542,
30,65,170,0,0.000,1795.452,1534.926,,,,1.000,1,0,10,0,0,0,0,8.923,7.713,0.522,
30,65,175,0,0.000,1795.452,1534.926,,,,1.000,1,0,10,0,0,0,0,12.164,9.336,0.450,
30,65,180,0,0.000,1795.452,1534.926,,,,1.000,1,0,10,0,0,0,0,10.440,11.611,0.584,
30,65,185,0,0.000,1795.452,1534.926,,,,1.000,1,0,10,0,0,0,0,12.313,10.077,0.722,
30,65,190,0,0.000,1795.452,1534.926,,,,1.000,1,0,10,0,0,0,0,11.216,11.199,0.381,
30,65,195,0,0.000,1795.452,1534.926,,,,1.000,1,0,10,0,0,0,0,10.711,10.724,0.642,
30,65,200,0,0.000,1795.452,1534.926,,,,1.000,1,0,10,0,0,0,0,12.921,12.454,0.414,
30,65,205,0,0.000,1795.452,1534.926,,,,1.000,1,0,10,0,0,0,0,10.714,12.565,0.486,
30,65,210,0,0.000,1795.452,1534.926,,,,1.000,1,0,10,0,0,0,0,12.907,9.703,0.535,
30,65,215,0,0.000,1795.452,1534.926,,,,1.000,1,0,10,0,0,0,0,12.678,14.778,0.691,
30,65,220,0,0.000,1795.452,1534.926,,,,1.000,1,0,10,0,0,0,0,9.675,10.488,0.569,
30,65,225,0,0.000,1795.452,1534.926,,,,1.000,1,0,10,0,0,0,0,10.562,10.515,0.664,
30,65,230,0,0.000,1795.452,1534.926,,,,1.000,1,0,10,0,0,0,0,11.184,10.425,0.529,
30,65,235,0,0.000,1795.452,1534.926,,,,1.000,1,0,10,0,0,0,0,7.970,9.636,0.566,
30,65,240,0,0.000,1795.452,1534.926,,,,1.000,1,0,10,0,0,0,0,8.171,12.472,0.556,
30,65,245,0,0.000,1795.452,1534.926,,,,1.000,1,0,10,0,0,0,0,11.200,10.865,0.572,
30,65,250,0,0.000,1795.452,1534.926,,,,1.000,1,0,10,0,0,0,0,7.845,11.370,0.412,
30,65,255,0,0.000,1795.452,1534.926,,,,1.000,1,0,10,0,0,0,0,12.416,13.851,0.580,
30,65,260,0,0.000,1795.452,1534.926,,,,1.000,1,0,10,0,0,0,0,8.629,11.198,0.394,
30,65,265,0,0.000,1795.452,1534.926,,,,1.000,1,0,10,0,0,0,0,8.021,9.086,0.489,
30,65,270,0,0.000,1795.452,1534.926,,,,1.000,1,0,10,0,0,0,0,10.371,9.208,0.577,
30,65,275,0,0.000,1795.452,1534.926,,,,1.000,1,0,10,0,0,0,0,10.844,12.026,0.388,
30,65,280,0,0.000,1795.452,1534.926,,,,1.000,1,0,10,0,0,0,0,11.070,12.103,0.516,
30,65,285,0,0.000,1795.452,1534.926,,,,1.000,1,0,10,0,0,0,0,8.165,9.495,0.527,
30,70,-10,0,0.000,1795.452,1534.926,,,,0.000,0,0,0,0,0,0,10,10.173,10.267,0.665,
30,70,-5,0,0.000,1795.452,1534.926,,,,0.000,0,0,0,0,0,0,10,9.823,10.772,0.438,
30,70,0,0,0.000,1795.452,1534.926,,,,0.000,0,0,0,0,0,0,10,11.848,9.983,0.487,
30,70,5,0,0.000,1795.452,1534.926,,,,0.000,0,0,0,0,0,0,10,10.410,10.023,0.650,
30,70,10,0,0.000,1795.452,1534.926,,,,0.000,0,0,0,0,0,0,10,8.042,11.690,0.531,
30,70,15,0,0.000,1795.452,1534.926,,,,0.100,1,0,1,0,0,0,9,11.655,14.758,0.573,
30,70,20,0,0.000,1795.452,1534.926,,,,0.000,0,0,0,0,0,0,10,10.527,10.672,0.487,
30,70,25,0,0.000,1795.452,1534.926,,,,0.200,1,0,2,0,0,0,8,12.781,10.291,0.434,
30,70,30,0,0.000,1795.452,1534.926,,,,0.200,1,0,2,0,0,0,8,10.386,11.049,0.564,
30,70,35,0,0.000,1795.452,1534.926,,,,0.500,1,0,5,0,0,0,5,9.022,9.291,0.552,
30,70,40,0,0.000,1795.452,1534.926,,,,0.500,1,0,5,0,0,0,5,10.718,8.098,0.558,
30,70,45,0,0.000,1795.452,1534.926,,,,0.400,1,0,4,0,0,0,6,9.023,14.844,0.614,
30,70,50,0,0.000,1795.452,1534.926,,,,0.800,1,0,8,0,0,0,2,12.015,12.390,0.528,
30,70,55,0,0.000,1795.452,1534.926,,,,0.900,1,0,9,0,0,0,1,13.771,10.630,0.530,
30,70,60,0,0.000,1795.452,1534.926,,,,1.000,1,0,10,0,0,0,0,9.550,10.298,0.508,
30,70,65,0,0.000,1795.452,1534.926,,,,0.800,1,0,8,0,0,0,2,12.305,12.990,0.494,
30,70,70,0,0.000,1795.452,1534.926,,,,1.000,1,0,10,0,0,0,0,10.546,8.747,0.520,
30,70,75,0,0.000,1795.452,1534.926,,,,1.000,1,0,10,0,0,0,0,6.784,12.657,0.584,
30,70,80,0,0.000,1795.452,1534.926,,,,1.000,1,0,10,0,0,0,0,10.530,11.680,0.700,
30,70,85,0,0.000,1795.452,1534.926,,,,1.000,1,0,10,0,0,0,0,6.942,10.362,0.514,
30,70,90,0,0.000,1795.452,1534.926,,,,1.000,1,0,10,0,0,0,0,12.375,13.008,0.307,
30,70,95,0,0.000,1795.452,1534.926,,,,1.000,1,0,10,0,0,0,0,8.599,10.645,0.502,
30,70,100,0,0.000,1795.452,1534.926,,,,1.000,1,0,10,0,0,0,0,10.016,11.329,0.520,
30,70,105,0,0.000,1795.452,1534.926,,,,1.000,1,0,10,0,0,0,0,7.442,8.136,0.630,
30,70,110,0,0.000,1795.452,1534.926,,,,1.000,1,0,10,0,0,0,0,11.653,6.816,0.529,
30,70,115,0,0.000,1795.452,1534.926,,,,1.000,1,0,10,0,0,0,0,9.313,10.635,0.616,
30,70,120,0,0.000,1795.452,1534.926,,,,1.000,1,0,10,0,0,0,0,12.830,7.596,0.766,
30,70,125,0,0.000,1795.452,1534.926,,,,1.000,1,0,10,0,0,0,0,15.157,14.276,0.624,
30,70,130,0,0.000,1795.452,1534.926,,,,1.000,1,0,10,0,0,0,0,10.550,10.227,0.516,
30,70,135,0,0.000,1795.452,1534.926,,,,1.000,1,0,10,0,0,0,0,7.058,13.206,0.418,
30,70,140,0,0.000,1795.452,1534.926,,,,1.000,1,0,10,0,0,0,0,9.286,12.003,0.514,
30,70,145,0,0.000,1795.452,1534.926,,,,1.000,1,0,10,0,0,0,0,11.015,11.512,0.553,
30,70,150,0,0.000,1795.452,1534.926,,,,1.000,1,0,10,0,0,0,0,12.799,10.355,0.490,
30,70,155,0,0.000,1795.452,1534.926,,,,1.000,1,0,10,0,0,0,0,10.678,11.153,0.670,
30,70,160,0,0.000,1795.452,1534.926,,,,1.000,1,0,10,0,0,0,0,12.102,12.588,0.614,
30,70,165,0,0.000,1795.452,1534.926,,,,1.000,1,0,10,0,0,0,0,12.611,10.927,0.619,
30,70,170,0,0.000,1795.452,1534.926,,,,1.000,1,0,10,0,0,0,0,10.434,12.332,0.636,
30,70,175,0,0.000,1795.452,1534.926,,,,1.000,1,0,10,0,0,0,0,8.575,11.091,0.266,
30,70,180,0,0.000,1795.452,1534.926,,,,1.000,1,0,10,0,0,0,0,11.839,12.611,0.574,
30,70,185,0,0.000,1795.452,1534.926,,,,1.000,1,0,10,0,0,0,0,12.026,12.660,0.569,
30,70,190,0,0.000,1795.452,1534.926,,,,1.000,1,0,10,0,0,0,0,10.488,8.234,0.640,
30,70,195,0,0.000,1795.452,1534.926,,,,1.000,1,0,10,0,0,0,0,7.051,9.758,0.570,
30,70,200,0,0.000,1795.452,1534.926,,,,1.000,1,0,10,0,0,0,0,12.614,13.100,0.640,
30,70,205,0,0.000,1795.452,1534.926,,,,1.000,1,0,10,0,0,0,0,12.572,9.194,0.485,
30,70,210,0,0.000,1795.452,1534.926,,,,1.000,1,0,10,0,0,0,0,8.662,9.659,0.533,
30,70,215,0,0.000,1795.452,1534.926,,,,1.000,1,0,10,0,0,0,0,12.267,12.686,0.398,
30,70,220,0,0.000,1795.452,1534.926,,,,1.000,1,0,10,0,0,0,0,12.818,13.216,0.390,
30,70,225,0,0.000,1795.452,1534.926,,,,1.000,1,0,10,0,0,0,0,8.158,12.807,0.523,
30,70,230,0,0.000,1795.452,1534.926,,,,1.000,1,0,10,0,0,0,0,9.499,11.970,0.479,
30,70,235,0,0.000,1795.452,1534.926,,,,1.000,1,0,10,0,0,0,0,9.909,12.406,0.483,
30,70,240,0,0.000,1795.452,1534.926,,,,1.000,1,0,10,0,0,0,0,11.970,11.773,0.344,
30,70,245,0,0.000,1795.452,1534.926,,,,1.000,1,0,10,0,0,0,0,9.411,12.998,0.591,
30,70,250,0,0.000,1795.452,1534.926,,,,1.000,1,0,10,0,0,0,0,11.576,11.722,0.501,
30,70,255,0,0.000,1795.452,1534.926,,,,1.000,1,0,10,0,0,0,0,10.659,13.629,0.592,
30,70,260,0,0.000,1795.452,1534.926,,,,1.000,1,0,10,0,0,0,0,11.125,8.141,0.490,
30,70,265,0,0.000,1795.452,1534.926,,,,1.000,1,0,10,0,0,0,0,10.156,10.567,0.577,
30,70,270,0,0.000,1795.452,1534.926,,,,1.000,1,0,10,0,0,0,0,12.359,7.410,0.513,
30,70,275,0,0.000,1795.452,1534.926,,,,1.000,1,0,10,0,0,0,0,8.707,10.290,0.591,
30,70,280,0,0.000,1795.452,1534.926,,,,1.000,1,0,10,0,0,0,0,9.255,10.945,0.497,
30,70,285,0,0.000,1795.452,1534.926,,,,1.000,1,0,10,0,0,0,0,13.942,8.365,0.512,
30,75,-10,0,0.000,1795.452,1534.926,,,,0.000,0,0,0,0,0,0,10,9.539,13.427,0.512,
30,75,-5,0,0.000,1795.452,1534.926,,,,0.000,0,0,0,0,0,0,10,9.656,9.577,0.635,
30,75,0,0,0.000,1795.452,1534.926,,,,0.000,0,0,0,0,0,0,10,9.693,10.305,0.706,
30,75,5,0,0.000,1795.452,1534.926,,,,0.000,0,0,0,0,0,0,10,8.155,11.958,0.558,
30,75,10,0,0.000,1795.452,1534.926,,,,0.000,0,0,0,0,0,0,10,10.681,12.053,0.437,
30,75,15,0,0.000,1795.452,1534.926,,,,0.000,0,0,0,0,0,0,10,15.004,8.327,0.473,
30,75,20,0,0.000,1795.452,1534.926,,,,0.000,0,0,0,0,0,0,10,9.933,11.936,0.410,
30,75,25,0,0.000,1795.452,1534.926,,,,0.200,1,0,2,0,0,0,8,11.220,11.683,0.378,
30,75,30,0,0.000,1795.452,1534.926,,,,0.000,0,0,0,0,0,0,10,10.066,11.710,0.632,
30,75,35,0,0.000,1795.452,1534.926,,,,0.300,1,0,3,0,0,0,7,9.830,10.718,0.584,
30,75,40,0,0.000,1795.452,1534.926,,,,0.500,1,0,5,0,0,0,5,9.706,13.269,0.460,
30,75,45,0,0.000,1795.452,1534.926,,,,0.400,1,0,4,0,0,0,6,10.569,8.356,0.488,
30,75,50,0,0.000,1795.452,1534.926,,,,0.700,1,0,7,0,0,0,3,9.917,10.137,0.497,
30,75,55,0,0.000,1795.452,1534.926,,,,0.800,1,0,8,0,0,0,2,11.997,12.168,0.587,
30,75,60,0,0.000,1795.452,1534.926,,,,0.900,1,0,9,0,0,0,1,12.941,13.460,0.578,
30,75,65,0,0.000,1795.452,1534.926,,,,1.000,1,0,10,0,0,0,0,7.678,7.995,0.595,
30,75,70,0,0.000,1795.452,1534.926,,,,0.900,1,0,9,0,0,0,1,11.821,12.901,0.564,
30,75,75,0,0.000,1795.452,1534.926,,,,1.000,1,0,10,0,0,0,0,9.076,7.217,0.688,
30,75,80,0,0.000,1795.452,1534.926,,,,1.000,1,0,10,0,0,0,0,10.314,8.910,0.433,
30,75,85,0,0.000,1795.452,1534.926,,,,1.000,1,0,10,0,0,0,0,11.993,13.753,0.705,
30,75,90,0,0.000,1795.452,1534.926,,,,1.000,1,0,10,0,0,0,0,10.584,14.056,0.581,
30,75,95,0,0.000,1795.452,1534.926,,,,1.000,1,0,10,0,0,0,0,12.148,7.735,0.538,
30,75,100,0,0.000,1795.452,1534.926,,,,1.000,1,0,10,0,0,0,0,10.449,14.209,0.586,
30,75,105,0,0.000,1795.452,1534.926,,,,1.000,1,0,10,0,0,0,0,11.257,8.789,0.605,
30,75,110,0,0.000,1795.452,1534.926,,,,1.000,1,0,10,0,0,0,0,12.235,11.047,0.465,
30,75,115,0,0.000,1795.452,1534.926,,,,1.000,1,0,10,0,0,0,0,14.351,13.142,0.663,
30,75,120,0,0.000,1795.452,1534.926,,,,1.000,1,0,10,0,0,0,0,5.777,11.343,0.622,
30,75,125,0,0.000,1795.452,1534.926,,,,1.000,1,0,10,0,0,0,0,10.358,13.949,0.496,
30,75,130,0,0.000,1795.452,1534.926,,,,1.000,1,0,10,0,0,0,0,10.864,8.328,0.362,
30,75,135,0,0.000,1795.452,1534.926,,,,1.000,1,0,10,0,0,0,0,11.500,8.636,0.500,
30,75,140,0,0.000,1795.452,1534.926,,,,1.000,1,0,10,0,0,0,0,12.227,12.916,0.406,
30,75,145,0,0.000,1795.452,1534.926,,,,1.000,1,0,10,0,0,0,0,14.259,10.434,0.595,
30,75,150,0,0.000,1795.452,1534.926,,,,1.000,1,0,10,0,0,0,0,10.314,11.133,0.538,
30,75,155,0,0.000,1795.452,1534.926,,,,1.000,1,0,10,0,0,0,0,8.615,10.460,0.622,
30,75,160,0,0.000,1795.452,1534.926,,,,1.000,1,0,10,0,0,0,0,12.695,14.500,0.374,
30,75,165,0,0.000,1795.452,1534.926,,,,1.000,1,0,10,0,0,0,0,10.721,11.471,0.612,
30,75,170,0,0.000,1795.452,1534.926,,,,1.000,1,0,10,0,0,0,0,10.099,9.193,0.321,
30,75,175,0,0.000,1795.452,1534.926,,,,1.000,1,0,10,0,0,0,0,7.121,10.176,0.301,
30,75,180,0,0.000,1795.452,1534.926,,,,1.000,1,0,10,0,0,0,0,8.623,10.363,0.549,
30,75,185,0,0.000,1795.452,1534.926,,,,1.000,1,0,10,0,0,0,0,11.424,9.983,0.455,
30,75,190,0,0.000,1795.452,1534.926,,,,1.000,1,0,10,0,0,0,0,10.978,8.019,0.552,
30,75,195,0,0.000,1795.452,1534.926,,,,1.000,1,0,10,0,0,0,0,9.439,7.277,0.545,
30,75,200,0,0.000,1795.452,1534.926,,,,1.000,1,0,10,0,0,0,0,15.175,9.919,0.566,
30,75,205,0,0.000,1795.452,1534.926,,,,1.000,1,0,10,0,0,0,0,11.354,11.239,0.585,
30,75,210,0,0.000,1795.452,1534.926,,,,1.000,1,0,10,0,0,0,0,12.370,7.024,0.779,
30,75,215,0,0.000,1795.452,1534.926,,,,1.000,1,0,10,0,0,0,0,8.366,12.663,0.446,
30,75,220,0,0.000,1795.452,1534.926,,,,1.000,1,0,10,0,0,0,0,5.208,11.706,0.470,
30,75,225,0,0.000,1795.452,1534.926,,,,1.000,1,0,10,0,0,0,0,10.550,11.216,0.473,
30,75,230,0,0.000,1795.452,1534.926,,,,1.000,1,0,10,0,0,0,0,12.718,11.892,0.609,
30,75,235,0,0.000,1795.452,1534.926,,,,1.000,1,0,10,0,0,0,0,9.520,15.284,0.561,
30,75,240,0,0.000,1795.452,1534.926,,,,1.000,1,0,10,0,0,0,0,10.209,7.867,0.471,
30,75,245,0,0.000,1795.452,1534.926,,,,1.000,1,0,10,0,0,0,0,11.692,10.580,0.253,
30,75,250,0,0.000,1795.452,1534.926,,,,1.000,1,0,10,0,0,0,0,10.982,14.018,0.430,
30,75,255,0,0.000,1795.452,1534.926,,,,1.000,1,0,10,0,0,0,0,11.265,9.064,0.594,
30,75,260,0,0.000,1795.452,1534.926,,,,1.000,1,0,10,0,0,0,0,12.090,14.068,0.433,
30,75,265,0,0.000,1795.452,1534.926,,,,1.000,1,0,10,0,0,0,0,11.696,11.897,0.536,
30,75,270,0,0.000,1795.452,1534.926,,,,1.000,1,0,10,0,0,0,0,9.367,12.120,0.498,
30,75,275,0,0.000,1795.452,1534.926,,,,1.000,1,0,10,0,0,0,0,9.355,7.681,0.601,
30,75,280,0,0.000,1795.452,1534.926,,,,1.000,1,0,10,0,0,0,0,11.889,13.240,0.426,
30,75,285,0,0.000,1795.452,1534.926,,,,1.000,1,0,10,0,0,0,0,7.671,9.565,0.592,
30,80,-10,0,0.000,1795.452,1534.926,,,,0.000,0,0,0,0,0,0,10,8.277,11.819,0.365,
30,80,-5,0,0.000,1795.452,1534.926,,,,0.000,0,0,0,0,0,0,10,9.737,10.006,0.589,
30,80,0,0,0.000,1795.452,1534.926,,,,0.000,0,0,0,0,0,0,10,10.631,11.316,0.658,
30,80,5,0,0.000,1795.452,1534.926,,,,0.000,0,0,0,0,0,0,10,11.128,11.042,0.442,
30,80,10,0,0.000,1795.452,1534.926,,,,0.000,0,0,0,0,0,0,10,8.935,9.508,0.577,
30,80,15,0,0.000,1795.452,1534.926,,,,0.000,0,0,0,0,0,0,10,11.404,11.967,0.285,
30,80,20,0,0.000,1795.452,1534.926,,,,0.100,1,0,1,0,0,0,9,12.015,11.496,0.588,
30,80,25,0,0.000,1795.452,1534.926,,,,0.000,0,0,0,0,0,0,10,14.545,11.220,0.622,
30,80,30,0,0.000,1795.452,1534.926,,,,0.100,1,0,1,0,0,0,9,12.045,9.220,0.589,
30,80,35,0,0.000,1795.452,1534.926,,,,0.300,1,0,3,0,0,0,7,12.983,13.078,0.424,
30,80,40,0,0.000,1795.452,1534.926,,,,0.500,1,0,5,0,0,0,5,9.981,8.896,0.453,
30,80,45,0,0.000,1795.452,1534.926,,,,0.300,1,0,3,0,0,0,7,12.293,9.460,0.444,
30,80,50,0,0.000,1795.452,1534.926,,,,0.600,1,0,6,0,0,0,4,10.820,9.889,0.326,
30,80,55,0,0.000,1795.452,1534.926,,,,0.900,1,0,9,0,0,0,1,11.087,10.732,0.624,
30,80,60,0,0.000,1795.452,1534.926,,,,0.800,1,0,8,0,0,0,2,11.265,10.664,0.553,
30,80,65,0,0.000,1795.452,1534.926,,,,0.900,1,0,9,0,0,0,1,12.517,11.829,0.573,
30,80,70,0,0.000,1795.452,1534.926,,,,1.000,1,0,10,0,0,0,0,9.681,10.160,0.553,
30,80,75,0,0.000,1795.452,1534.926,,,,1.000,1,0,10,0,0,0,0,12.732,11.023,0.283,
30,80,80,0,0.000,1795.452,1534.926,,,,1.000,1,0,10,0,0,0,0,9.775,11.359,0.418,
30,80,85,0,0.000,1795.452,1534.926,,,,1.000,1,0,10,0,0,0,0,8.954,11.468,0.363,
30,80,90,0,0.000,1795.452,1534.926,,,,1.000,1,0,10,0,0,0,0,6.267,7.957,0.693,
30,80,95,0,0.000,1795.452,1534.926,,,,1.000,1,0,10,0,0,0,0,12.747,11.921,0.557,
30,80,100,0,0.000,1795.452,1534.926,,,,1.000,1,0,10,0,0,0,0,7.110,9.380,0.629,
30,80,105,0,0.000,1795.452,1534.926,,,,1.000,1,0,10,0,0,0,0,14.645,12.305,0.577,
30,80,110,0,0.000,1795.452,1534.926,,,,1.000,1,0,10,0,0,0,0,14.701,10.603,0.505,
30,80,115,0,0.000,1795.452,1534.926,,,,1.000,1,0,10,0,0,0,0,9.700,11.607,0.726,
30,80,120,0,0.000,1795.452,1534.926,,,,1.000,1,0,10,0,0,0,0,12.707,12.329,0.413,
30,80,125,0,0.000,1795.452,1534.926,,,,1.000,1,0,10,0,0,0,0,8.558,11.638,0.500,
30,80,130,0,0.000,1795.452,1534.926,,,,1.000,1,0,10,0,0,0,0,9.971,9.889,0.336,
30,80,135,0,0.000,1795.452,1534.926,,,,1.000,1,0,10,0,0,0,0,11.145,8.697,0.531,
30,80,140,0,0.000,1795.452,1534.926,,,,1.000,1,0,10,0,0,0,0,10.501,9.972,0.625,
30,80,145,0,0.000,1795.452,1534.926,,,,1.000,1,0,10,0,0,0,0,12.621,13.286,0.639,
30,80,150,0,0.000,1795.452,1534.926,,,,1.000,1,0,10,0,0,0,0,11.596,12.529,0.562,
30,80,155,0,0.000,1795.452,1534.926,,,,1.000,1,0,10,0,0,0,0,11.256,12.568,0.542,
30,80,160,0,0.000,1795.452,1534.926,,,,1.000,1,0,10,0,0,0,0,10.721,12.229,0.631,
30,80,165,0,0.000,1795.452,1534.926,,,,1.000,1,0,10,0,0,0,0,12.147,10.480,0.624,
30,80,170,0,0.000,1795.452,1534.926,,,,1.000,1,0,10,0,0,0,0,10.695,8.258,0.609,
30,80,175,0,0.000,1795.452,1534.926,,,,1.000,1,0,10,0,0,0,0,10.951,10.800,0.511,
30,80,180,0,0.000,1795.452,1534.926,,,,1.000,1,0,10,0,0,0,0,11.290,10.970,0.427,
30,80,185,0,0.000,1795.452,1534.926,,,,1.000,1,0,10,0,0,0,0,8.741,10.870,0.558,
30,80,190,0,0.000,1795.452,1534.926,,,,1.000,1,0,10,0,0,0,0,6.635,10.314,0.521,
30,80,195,0,0.000,1795.452,1534.926,,,,1.000,1,0,10,0,0,0,0,13.531,9.557,0.431,
30,80,200,0,0.000,1795.452,1534.926,,,,1.000,1,0,10,0,0,0,0,8.401,9.752,0.397,
30,80,205,0,0.000,1795.452,1534.926,,,,1.000,1,0,10,0,0,0,0,10.315,11.080,0.411,
30,80,210,0,0.000,1795.452,1534.926,,,,1.000,1,0,10,0,0,0,0,12.144,9.578,0.495,
30,80,215,0,0.000,1795.452,1534.926,,,,1.000,1,0,10,0,0,0,0,12.816,12.823,0.542,
30,80,220,0,0.000,1795.452,1534.926,,,,1.000,1,0,10,0,0,0,0,8.709,12.159,0.464,
30,80,225,0,0.000,1795.452,1534.926,,,,1.000,1,0,10,0,0,0,0,10.180,13.817,0.535,
30,80,230,0,0.000,1795.452,1534.926,,,,1.000,1,0,10,0,0,0,0,10.806,11.485,0.474,
30,80,235,0,0.000,1795.452,1534.926,,,,1.000,1,0,10,0,0,0,0,6.851,10.860,0.501,
30,80,240,0,0.000,1795.452,1534.926,,,,1.000,1,0,10,0,0,0,0,13.443,13.154,0.573,
30,80,245,0,0.000,1795.452,1534.926,,,,1.000,1,0,10,0,0,0,0,10.732,11.554,0.516,
30,80,250,0,0.000,1795.452,1534.926,,,,1.000,1,0,10,0,0,0,0,12.382,6.830,0.362,
30,80,255,0,0.000,1795.452,1534.926,,,,1.000,1,0,10,0,0,0,0,15.262,8.373,0.556,
30,80,260,0,0.000,1795.452,1534.926,,,,1.000,1,0,10,0,0,0,0,11.299,11.334,0.559,
30,80,265,0,0.000,1795.452,1534.926,,,,1.000,1,0,10,0,0,0,0,11.508,11.378,0.619,
30,80,270,0,0.000,1795.452,1534.926,,,,1.000,1,0,10,0,0,0,0,11.962,6.030,0.594,
30,80,275,0,0.000,1795.452,1534.926,,,,1.000,1,0,10,0,0,0,0,12.687,14.242,0.517,
30,80,280,0,0.000,1795.452,1534.926,,,,1.000,1,0,10,0,0,0,0,8.781,8.638,0.483,
30,80,285,0,0.000,1795.452,1534.926,,,,1.000,1,0,10,0,0,0,0,9.693,10.039,0.564,
30,85,-10,0,0.000,1795.452,1534.926,,,,0.000,0,0,0,0,0,0,10,11.650,11.860,0.564,
30,85,-5,0,0.000,1795.452,1534.926,,,,0.000,0,0,0,0,0,0,10,10.598,9.616,0.612,
30,85,0,0,0.000,1795.452,1534.926,,,,0.000,0,0,0,0,0,0,10,14.153,8.452,0.658,
30,85,5,0,0.000,1795.452,1534.926,,,,0.000,0,0,0,0,0,0,10,9.817,10.001,0.271,
30,85,10,0,0.000,1795.452,1534.926,,,,0.000,0,0,0,0,0,0,10,14.317,10.472,0.478,
30,85,15,0,0.000,1795.452,1534.926,,,,0.000,0,0,0,0,0,0,10,10.844,10.931,0.563,
30,85,20,0,0.000,1795.452,1534.926,,,,0.000,0,0,0,0,0,0,10,14.034,11.466,0.601,
30,85,25,0,0.000,1795.452,1534.926,,,,0.000,0,0,0,0,0,0,10,11.651,9.785,0.449,
30,85,30,0,0.000,1795.452,1534.926,,,,0.200,1,0,2,0,0,0,8,10.310,12.805,0.439,
30,85,35,0,0.000,1795.452,1534.926,,,,0.200,1,0,2,0,0,0,8,8.332,12.986,0.491,
30,85,40,0,0.000,1795.452,1534.926,,,,0.400,1,0,4,0,0,0,6,8.335,12.041,0.669,
30,85,45,0,0.000,1795.452,1534.926,,,,0.200,1,0,2,0,0,0,8,12.311,10.113,0.533,
30,85,50,0,0.000,1795.452,1534.926,,,,0.500,1,0,5,0,0,0,5,6.983,9.755,0.540,
30,85,55,0,0.000,1795.452,1534.926,,,,0.500,1,0,5,0,0,0,5,9.388,12.587,0.629,
30,85,60,0,0.000,1795.452,1534.926,,,,1.000,1,0,10,0,0,0,0,14.338,11.477,0.450,
30,85,65,0,0.000,1795.452,1534.926,,,,0.900,1,0,9,0,0,0,1,14.013,9.519,0.448,
30,85,70,0,0.000,1795.452,1534.926,,,,1.000,1,0,10,0,0,0,0,13.032,9.603,0.538,
30,85,75,0,0.000,1795.452,1534.926,,,,1.000,1,0,10,0,0,0,0,12.383,9.766,0.594,
30,85,80,0,0.000,1795.452,1534.926,,,,1.000,1,0,10,0,0,0,0,12.293,12.472,0.375,
30,85,85,0,0.000,1795.452,1534.926,,,,1.000,1,0,10,0,0,0,0,8.130,7.904,0.544,
30,85,90,0,0.000,1795.452,1534.926,,,,1.000,1,0,10,0,0,0,0,13.270,13.635,0.523,
30,85,95,0,0.000,1795.452,1534.926,,,,1.000,1,0,10,0,0,0,0,13.045,12.775,0.546,
30,85,100,0,0.000,1795.452,1534.926,,,,1.000,1,0,10,0,0,0,0,13.442,10.811,0.539,
30,85,105,0,0.000,1795.452,1534.926,,,,1.000,1,0,10,0,0,0,0,10.212,13.116,0.434,
30,85,110,0,0.000,1795.452,1534.926,,,,1.000,1,0,10,0,0,0,0,12.260,12.267,0.541,
30,85,115,0,0.000,1795.452,1534.926,,,,1.000,1,0,10,0,0,0,0,11.246,9.642,0.577,
30,85,120,0,0.000,1795.452,1534.926,,,,1.000,1,0,10,0,0,0,0,12.308,11.210,0.571,
30,85,125,0,0.000,1795.452,1534.926,,,,1.000,1,0,10,0,0,0,0,12.681,10.379,0.592,
30,85,130,0,0.000,1795.452,1534.926,,,,1.000,1,0,10,0,0,0,0,11.288,13.579,0.605,
30,85,135,0,0.000,1795.452,1534.926,,,,1.000,1,0,10,0,0,0,0,11.182,10.191,0.563,
30,85,140,0,0.000,1795.452,1534.926,,,,1.000,1,0,10,0,0,0,0,11.355,9.991,0.521,
30,85,145,0,0.000,1795.452,1534.926,,,,1.000,1,0,10,0,0,0,0,10.531,6.635,0.578,
30,85,150,0,0.000,1795.452,1534.926,,,,1.000,1,0,10,0,0,0,0,13.023,9.103,0.472,
30,85,155,0,0.000,1795.452,1534.926,,,,1.000,1,0,10,0,0,0,0,11.895,11.605,0.597,
30,85,160,0,0.000,1795.452,1534.926,,,,1.000,1,0,10,0,0,0,0,10.733,8.966,0.569,
30,85,165,0,0.000,1795.452,1534.926,,,,1.000,1,0,10,0,0,0,0,10.963,11.219,0.609,
30,85,170,0,0.000,1795.452,1534.926,,,,1.000,1,0,10,0,0,0,0,7.271,10.812,0.632,
30,85,175,0,0.000,1795.452,1534.926,,,,1.000,1,0,10,0,0,0,0,6.620,11.588,0.430,
30,85,180,0,0.000,1795.452,1534.926,,,,1.000,1,0,10,0,0,0,0,9.163,10.110,0.510,
30,85,185,0,0.000,1795.452,1534.926,,,,1.000,1,0,10,0,0,0,0,13.615,11.179,0.483,
30,85,190,0,0.000,1795.452,1534.926,,,,1.000,1,0,10,0,0,0,0,10.046,11.220,0.483,
30,85,195,0,0.000,1795.452,1534.926,,,,1.000,1,0,10,0,0,0,0,11.466,10.870,0.592,
30,85,200,0,0.000,1795.452,1534.926,,,,1.000,1,0,10,0,0,0,0,8.694,10.815,0.583,
30,85,205,0,0.000,1795.452,1534.926,,,,1.000,1,0,10,0,0,0,0,7.824,10.228,0.714,
30,85,210,0,0.000,1795.452,1534.926,,,,1.000,1,0,10,0,0,0,0,8.990,9.943,0.476,
30,85,215,0,0.000,1795.452,1534.926,,,,1.000,1,0,10,0,0,0,0,14.114,12.121,0.529,
30,85,220,0,0.000,1795.452,1534.926,,,,1.000,1,0,10,0,0,0,0,12.260,11.676,0.561,
30,85,225,0,0.000,1795.452,1534.926,,,,1.000,1,0,10,0,0,0,0,9.248,10.891,0.399,
30,85,230,0,0.000,1795.452,1534.926,,,,1.000,1,0,10,0,0,0,0,9.629,11.223,0.461,
30,85,235,0,0.000,1795.452,1534.926,,,,1.000,1,0,10,0,0,0,0,11.111,7.063,0.460,
30,85,240,0,0.000,1795.452,1534.926,,,,1.000,1,0,10,0,0,0,0,11.369,10.306,0.672,
30,85,245,0,0.000,1795.452,1534.926,,,,1.000,1,0,10,0,0,0,0,9.974,13.033,0.686,
30,85,250,0,0.000,1795.452,1534.926,,,,1.000,1,0,10,0,0,0,0,10.804,5.886,0.434,
30,85,255,0,0.000,1795.452,1534.926,,,,1.000,1,0,10,0,0,0,0,12.429,12.051,0.384,
30,85,260,0,0.000,1795.452,1534.926,,,,1.000,1,0,10,0,0,0,0,11.006,10.638,0.573,
30,85,265,0,0.000,1795.452,1534.926,,,,1.000,1,0,10,0,0,0,0,10.680,12.704,0.507,
30,85,270,0,0.000,1795.452,1534.926,,,,1.000,1,0,10,0,0,0,0,13.225,8.932,0.457,
30,85,275,0,0.000,1795.452,1534.926,,,,1.000,1,0,10,0,0,0,0,13.241,13.161,0.574,
30,85,280,0,0.000,1795.452,1534.926,,,,1.000,1,0,10,0,0,0,0,6.973,9.431,0.429,
30,85,285,0,0.000,1795.452,1534.926,,,,1.000,1,0,10,0,0,0,0,10.191,9.722,0.587,
30,90,-10,0,0.000,1795.452,1534.926,,,,0.000,0,0,0,0,0,0,10,10.364,12.661,0.521,
30,90,-5,0,0.000,1795.452,1534.926,,,,0.000,0,0,0,0,0,0,10,11.880,8.666,0.653,
30,90,0,0,0.000,1795.452,1534.926,,,,0.000,0,0,0,0,0,0,10,13.415,8.481,0.506,
30,90,5,0,0.000,1795.452,1534.926,,,,0.000,0,0,0,0,0,0,10,10.360,11.272,0.538,
30,90,10,0,0.000,1795.452,1534.926,,,,0.000,0,0,0,0,0,0,10,10.102,10.508,0.608,
30,90,15,0,0.000,1795.452,1534.926,,,,0.000,0,0,0,0,0,0,10,9.919,12.048,0.497,
30,90,20,0,0.000,1795.452,1534.926,,,,0.000,0,0,0,0,0,0,10,8.271,8.162,0.619,
30,90,25,0,0.000,1795.452,1534.926,,,,0.000,0,0,0,0,0,0,10,10.197,10.633,0.736,
30,90,30,0,0.000,1795.452,1534.926,,,,0.100,1,0,1,0,0,0,9,13.224,9.162,0.501,
30,90,35,0,0.000,1795.452,1534.926,,,,0.100,1,0,1,0,0,0,9,11.691,11.427,0.513,
30,90,40,0,0.000,1795.452,1534.926,,,,0.000,0,0,0,0,0,0,10,12.526,8.244,0.405,
30,90,45,0,0.000,1795.452,1534.926,,,,0.100,1,0,1,0,0,0,9,9.712,9.507,0.510,
30,90,50,0,0.000,1795.452,1534.926,,,,0.700,1,0,7,0,0,0,3,7.418,10.093,0.605,
30,90,55,0,0.000,1795.452,1534.926,,,,0.400,1,0,4,0,0,0,6,8.526,8.383,0.618,
30,90,60,0,0.000,1795.452,1534.926,,,,0.400,1,0,4,0,0,0,6,11.483,8.828,0.563,
30,90,65,0,0.000,1795.452,1534.926,,,,0.700,1,0,7,0,0,0,3,9.798,10.764,0.540,
30,90,70,0,0.000,1795.452,1534.926,,,,0.800,1,0,8,0,0,0,2,8.744,12.915,0.600,
30,90,75,0,0.000,1795.452,1534.926,,,,1.000,1,0,10,0,0,0,0,13.156,5.776,0.578,
30,90,80,0,0.000,1795.452,1534.926,,,,1.000,1,0,10,0,0,0,0,8.802,9.248,0.661,
30,90,85,0,0.000,1795.452,1534.926,,,,1.000,1,0,10,0,0,0,0,11.175,12.039,0.738,
30,90,90,0,0.000,1795.452,1534.926,,,,1.000,1,0,10,0,0,0,0,8.519,12.609,0.476,
30,90,95,0,0.000,1795.452,1534.926,,,,1.000,1,0,10,0,0,0,0,8.038,8.320,0.488,
30,90,100,0,0.000,1795.452,1534.926,,,,1.000,1,0,10,0,0,0,0,8.835,7.301,0.442,
30,90,105,0,0.000,1795.452,1534.926,,,,1.000,1,0,10,0,0,0,0,9.542,11.144,0.444,
30,90,110,0,0.000,1795.452,1534.926,,,,1.000,1,0,10,0,0,0,0,11.055,11.745,0.578,
30,90,115,0,0.000,1795.452,1534.926,,,,1.000,1,0,10,0,0,0,0,8.592,11.285,0.549,
30,90,120,0,0.000,1795.452,1534.926,,,,1.000,1,0,10,0,0,0,0,11.454,12.521,0.630,
30,90,125,0,0.000,1795.452,1534.926,,,,1.000,1,0,10,0,0,0,0,9.910,9.511,0.482,
30,90,130,0,0.000,1795.452,1534.926,,,,1.000,1,0,10,0,0,0,0,8.003,10.940,0.529,
30,90,135,0,0.000,1795.452,1534.926,,,,1.000,1,0,10,0,0,0,0,12.850,13.226,0.561,
30,90,140,0,0.000,1795.452,1534.926,,,,1.000,1,0,10,0,0,0,0,13.461,12.246,0.592,
30,90,145,0,0.000,1795.452,1534.926,,,,1.000,1,0,10,0,0,0,0,12.827,10.620,0.563,
30,90,150,0,0.000,1795.452,1534.926,,,,1.000,1,0,10,0,0,0,0,9.928,8.519,0.586,
30,90,155,0,0.000,1795.452,1534.926,,,,1.000,1,0,10,0,0,0,0,9.388,11.403,0.583,
30,90,160,0,0.000,1795.452,1534.926,,,,1.000,1,0,10,0,0,0,0,12.300,7.633,0.482,
30,90,165,0,0.000,1795.452,1534.926,,,,1.000,1,0,10,0,0,0,0,9.512,9.714,0.556,
30,90,170,0,0.000,1795.452,1534.926,,,,1.000,1,0,10,0,0,0,0,10.066,14.197,0.624,
30,90,175,0,0.000,1795.452,1534.926,,,,1.000,1,0,10,0,0,0,0,10.402,11.966,0.635,
30,90,180,0,0.000,1795.452,1534.926,,,,1.000,1,0,10,0,0,0,0,13.683,12.002,0.628,
30,90,185,0,0.000,1795.452,1534.926,,,,1.000,1,0,10,0,0,0,0,13.688,9.003,0.488,
30,90,190,0,0.000,1795.452,1534.926,,,,1.000,1,0,10,0,0,0,0,11.877,8.805,0.528,
30,90,195,0,0.000,1795.452,1534.926,,,,1.000,1,0,10,0,0,0,0,14.881,14.787,0.494,
30,90,200,0,0.000,1795.452,1534.926,,,,1.000,1,0,10,0,0,0,0,9.998,13.156,0.448,
30,90,205,0,0.000,1795.452,1534.926,,,,1.000,1,0,10,0,0,0,0,8.696,11.703,0.565,
30,90,210,0,0.000,1795.452,1534.926,,,,1.000,1,0,10,0,0,0,0,10.499,10.929,0.462,
30,90,215,0,0.000,1795.452,1534.926,,,,1.000,1,0,10,0,0,0,0,7.587,12.070,0.556,
30,90,220,0,0.000,1795.452,1534.926,,,,1.000,1,0,10,0,0,0,0,9.987,10.124,0.633,
30,90,225,0,0.000,1795.452,1534.926,,,,1.000,1,0,10,0,0,0,0,12.754,11.013,0.392,
30,90,230,0,0.000,1795.452,1534.926,,,,1.000,1,0,10,0,0,0,0,9.267,9.124,0.483,
30,90,235,0,0.000,1795.452,1534.926,,,,1.000,1,0,10,0,0,0,0,11.388,8.203,0.546,
30,90,240,0,0.000,1795.452,1534.926,,,,1.000,1,0,10,0,0,0,0,8.798,10.211,0.586,
30,90,245,0,0.000,1795.452,1534.926,,,,1.000,1,0,10,0,0,0,0,6.088,11.397,0.453,
30,90,250,0,0.000,1795.452,1534.926,,,,1.000,1,0,10,0,0,0,0,14.220,9.259,0.436,
30,90,255,0,0.000,1795.452,1534.926,,,,1.000,1,0,10,0,0,0,0,9.753,10.519,0.550,
30,90,260,0,0.000,1795.452,1534.926,,,,1.000,1,0,10,0,0,0,0,10.355,11.167,0.588,
30,90,265,0,0.000,1795.452,1534.926,,,,1.000,1,0,10,0,0,0,0,10.404,14.526,0.604,
30,90,270,0,0.000,1795.452,1534.926,,,,1.000,1,0,10,0,0,0,0,10.893,13.978,0.517,
30,90,275,0,0.000,1795.452,1534.926,,,,1.000,1,0,10,0,0,0,0,8.387,10.734,0.538,
30,90,280,0,0.000,1795.452,1534.926,,,,1.000,1,0,10,0,0,0,0,11.330,9.637,0.634,
30,90,285,0,0.000,1795.452,1534.926,,,,1.000,1,0,10,0,0,0,0,12.484,10.909,0.571,
30,95,-10,0,0.000,1795.452,1534.926,,,,0.000,0,0,0,0,0,0,10,13.803,8.397,0.420,
30,95,-5,0,0.000,1795.452,1534.926,,,,0.000,0,0,0,0,0,0,10,11.179,10.125,0.694,
30,95,0,0,0.000,1795.452,1534.926,,,,0.000,0,0,0,0,0,0,10,10.591,12.419,0.538,
30,95,5,0,0.000,1795.452,1534.926,,,,0.000,0,0,0,0,0,0,10,10.820,10.738,0.697,
30,95,10,0,0.000,1795.452,1534.926,,,,0.000,0,0,0,0,0,0,10,8.095,11.751,0.616,
30,95,15,0,0.000,1795.452,1534.926,,,,0.000,0,0,0,0,0,0,10,9.595,12.352,0.465,
30,95,20,0,0.000,1795.452,1534.926,,,,0.000,0,0,0,0,0,0,10,11.676,10.630,0.570,
30,95,25,0,0.000,1795.452,1534.926,,,,0.000,0,0,0,0,0,0,10,11.415,9.288,0.606,
30,95,30,0,0.000,1795.452,1534.926,,,,0.000,0,0,0,0,0,0,10,11.218,11.573,0.423,
30,95,35,0,0.000,1795.452,1534.926,,,,0.000,0,0,0,0,0,0,10,12.150,10.168,0.559,
30,95,40,0,0.000,1795.452,1534.926,,,,0.100,1,0,1,0,0,0,9,10.127,10.202,0.565,
30,95,45,0,0.000,1795.452,1534.926,,,,0.300,1,0,3,0,0,0,7,9.390,11.858,0.567,
30,95,50,0,0.000,1795.452,1534.926,,,,0.100,1,0,1,0,0,0,9,9.360,9.383,0.468,
30,95,55,0,0.000,1795.452,1534.926,,,,0.900,1,0,9,0,0,0,1,10.386,8.573,0.561,
30,95,60,0,0.000,1795.452,1534.926,,,,0.400,1,0,4,0,0,0,6,11.923,6.749,0.412,
30,95,65,0,0.000,1795.452,1534.926,,,,1.000,1,0,10,0,0,0,0,10.020,7.222,0.461,
30,95,70,0,0.000,1795.452,1534.926,,,,1.000,1,0,10,0,0,0,0,9.878,8.505,0.549,
30,95,75,0,0.000,1795.452,1534.926,,,,0.900,1,0,9,0,0,0,1,12.692,10.526,0.585,
30,95,80,0,0.000,1795.452,1534.926,,,,1.000,1,0,10,0,0,0,0,9.192,9.132,0.523,
30,95,85,0,0.000,1795.452,1534.926,,,,1.000,1,0,10,0,0,0,0,10.897,10.284,0.588,
30,95,90,0,0.000,1795.452,1534.926,,,,1.000,1,0,10,0,0,0,0,11.463,9.948,0.516,
30,95,95,0,0.000,1795.452,1534.926,,,,1.000,1,0,10,0,0,0,0,8.347,10.522,0.557,
30,95,100,0,0.000,1795.452,1534.926,,,,1.000,1,0,10,0,0,0,0,11.671,9.676,0.520,
30,95,105,0,0.000,1795.452,1534.926,,,,1.000,1,0,10,0,0,0,0,12.173,9.830,0.626,
30,95,110,0,0.000,1795.452,1534.926,,,,1.000,1,0,10,0,0,0,0,9.198,11.607,0.610,
30,95,115,0,0.000,1795.452,1534.926,,,,1.000,1,0,10,0,0,0,0,10.393,11.257,0.389,
30,95,120,0,0.000,1795.452,1534.926,,,,1.000,1,0,10,0,0,0,0,10.476,12.994,0.577,
30,95,125,0,0.000,1795.452,1534.926,,,,1.000,1,0,10,0,0,0,0,10.779,10.232,0.512,
30,95,130,0,0.000,1795.452,1534.926,,,,1.000,1,0,10,0,0,0,0,9.542,8.821,0.671,
30,95,135,0,0.000,1795.452,1534.926,,,,1.000,1,0,10,0,0,0,0,11.018,10.342,0.594,
30,95,140,0,0.000,1795.452,1534.926,,,,1.000,1,0,10,0,0,0,0,9.765,9.456,0.701,
30,95,145,0,0.000,1795.452,1534.926,,,,1.000,1,0,10,0,0,0,0,8.132,13.100,0.463,
30,95,150,0,0.000,1795.452,1534.926,,,,1.000,1,0,10,0,0,0,0,10.387,10.013,0.544,
30,95,155,0,0.000,1795.452,1534.926,,,,1.000,1,0,10,0,0,0,0,13.994,12.270,0.476,
30,95,160,0,0.000,1795.452,1534.926,,,,1.000,1,0,10,0,0,0,0,11.849,9.731,0.396,
30,95,165,0,0.000,1795.452,1534.926,,,,1.000,1,0,10,0,0,0,0,10.199,8.839,0.544,
30,95,170,0,0.000,1795.452,1534.926,,,,1.000,1,0,10,0,0,0,0,11.367,9.048,0.643,
30,95,175,0,0.000,1795.452,1534.926,,,,1.000,1,0,10,0,0,0,0,9.408,11.106,0.464,
30,95,180,0,0.000,1795.452,1534.926,,,,1.000,1,0,10,0,0,0,0,12.499,10.859,0.320,
30,95,185,0,0.000,1795.452,1534.926,,,,1.000,1,0,10,0,0,0,0,10.589,11.300,0.584,
30,95,190,0,0.000,1795.452,1534.926,,,,1.000,1,0,10,0,0,0,0,11.512,12.151,0.431,
30,95,195,0,0.000,1795.452,1534.926,,,,1.000,1,0,10,0,0,0,0,9.309,12.207,0.703,
30,95,200,0,0.000,1795.452,1534.926,,,,1.000,1,0,10,0,0,0,0,12.181,10.295,0.374,
30,95,205,0,0.000,1795.452,1534.926,,,,1.000,1,0,10,0,0,0,0,11.028,6.356,0.563,
30,95,210,0,0.000,1795.452,1534.926,,,,1.000,1,0,10,0,0,0,0,13.659,5.895,0.433,
30,95,215,0,0.000,1795.452,1534.926,,,,1.000,1,0,10,0,0,0,0,9.352,12.514,0.463,
30,95,220,0,0.000,1795.452,1534.926,,,,1.000,1,0,10,0,0,0,0,10.242,13.113,0.504,
30,95,225,0,0.000,1795.452,1534.926,,,,1.000,1,0,10,0,0,0,0,8.243,9.408,0.601,
30,95,230,0,0.000,1795.452,1534.926,,,,1.000,1,0,10,0,0,0,0,11.230,11.445,0.665,
30,95,235,0,0.000,1795.452,1534.926,,,,1.000,1,0,10,0,0,0,0,10.914,6.940,0.559,
30,95,240,0,0.000,1795.452,1534.926,,,,1.000,1,0,10,0,0,0,0,8.868,11.616,0.498,
30,95,245,0,0.000,1795.452,1534.926,,,,1.000,1,0,10,0,0,0,0,10.102,12.691,0.615,
30,95,250,0,0.000,1795.452,1534.926,,,,1.000,1,0,10,0,0,0,0,10.072,11.276,0.522,
30,95,255,0,0.000,1795.452,1534.926,,,,1.000,1,0,10,0,0,0,0,7.390,12.117,0.547,
30,95,260,0,0.000,1795.452,1534.926,,,,1.000,1,0,10,0,0,0,0,10.834,11.654,0.355,
30,95,265,0,0.000,1795.452,1534.926,,,,1.000,1,0,10,0,0,0,0,13.456,13.787,0.580,
30,95,270,0,0.000,1795.452,1534.926,,,,1.000,1,0,10,0,0,0,0,11.303,11.828,0.553,
30,95,275,0,0.000,1795.452,1534.926,,,,1.000,1,0,10,0,0,0,0,9.283,10.064,0.419,
30,95,280,0,0.000,1795.452,1534.926,,,,1.000,1,0,10,0,0,0,0,13.146,8.954,0.626,
30,95,285,0,0.000,1795.452,1534.926,,,,1.000,1,0,10,0,0,0,0,9.779,12.067,0.474,
30,100,-10,0,0.000,1795.452,1534.926,,,,0.000,0,0,0,0,0,0,10,11.617,6.848,0.391,
30,100,-5,0,0.000,1795.452,1534.926,,,,0.000,0,0,0,0,0,0,10,14.208,12.743,0.636,
30,100,0,0,0.000,1795.452,1534.926,,,,0.000,0,0,0,0,0,0,10,11.005,8.464,0.546,
30,100,5,0,0.000,1795.452,1534.926,,,,0.000,0,0,0,0,0,0,10,9.544,6.062,0.544,
30,100,10,0,0.000,1795.452,1534.926,,,,0.000,0,0,0,0,0,0,10,11.348,11.289,0.672,
30,100,15,0,0.000,1795.452,1534.926,,,,0.000,0,0,0,0,0,0,10,13.130,8.341,0.578,
30,100,20,0,0.000,1795.452,1534.926,,,,0.000,0,0,0,0,0,0,10,8.063,10.025,0.485,
30,100,25,0,0.000,1795.452,1534.926,,,,0.000,0,0,0,0,0,0,10,10.803,8.223,0.468,
30,100,30,0,0.000,1795.452,1534.926,,,,0.000,0,0,0,0,0,0,10,10.395,11.970,0.424,
30,100,35,0,0.000,1795.452,1534.926,,,,0.000,0,0,0,0,0,0,10,6.188,9.347,0.398,
30,100,40,0,0.000,1795.452,1534.926,,,,0.000,0,0,0,0,0,0,10,12.585,10.747,0.744,
30,100,45,0,0.000,1795.452,1534.926,,,,0.100,1,0,1,0,0,0,9,12.511,12.375,0.486,
30,100,50,0,0.000,1795.452,1534.926,,,,0.100,1,0,1,0,0,0,9,10.053,9.192,0.618,
30,100,55,0,0.000,1795.452,1534.926,,,,0.200,1,0,2,0,0,0,8,11.029,10.957,0.549,
30,100,60,0,0.000,1795.452,1534.926,,,,0.500,1,0,5,0,0,0,5,6.478,9.107,0.513,
30,100,65,0,0.000,1795.452,1534.926,,,,0.700,1,0,7,0,0,0,3,10.768,9.751,0.526,
30,100,70,0,0.000,1795.452,1534.926,,,,1.000,1,0,10,0,0,0,0,11.036,10.070,0.515,
30,100,75,0,0.000,1795.452,1534.926,,,,1.000,1,0,10,0,0,0,0,10.480,9.972,0.380,
30,100,80,0,0.000,1795.452,1534.926,,,,0.900,1,0,9,0,0,0,1,11.261,10.231,0.557,
30,100,85,0,0.000,1795.452,1534.926,,,,1.000,1,0,10,0,0,0,0,11.093,12.904,0.631,
30,100,90,0,0.000,1795.452,1534.926,,,,1.000,1,0,10,0,0,0,0,12.019,10.089,0.612,
30,100,95,0,0.000,1795.452,1534.926,,,,1.000,1,0,10,0,0,0,0,10.178,7.149,0.428,
30,100,100,0,0.000,1795.452,1534.926,,,,1.000,1,0,10,0,0,0,0,15.418,10.683,0.584,
30,100,105,0,0.000,1795.452,1534.926,,,,1.000,1,0,10,0,0,0,0,9.729,13.875,0.597,
30,100,110,0,0.000,1795.452,1534.926,,,,1.000,1,0,10,0,0,0,0,13.233,12.299,0.580,
30,100,115,0,0.000,1795.452,1534.926,,,,1.000,1,0,10,0,0,0,0,12.171,9.420,0.593,
30,100,120,0,0.000,1795.452,1534.926,,,,1.000,1,0,10,0,0,0,0,9.489,9.042,0.590,
30,100,125,0,0.000,1795.452,1534.926,,,,1.000,1,0,10,0,0,0,0,11.699,8.992,0.577,
30,100,130,0,0.000,1795.452,1534.926,,,,1.000,1,0,10,0,0,0,0,6.153,11.284,0.572,
30,100,135,0,0.000,1795.452,1534.926,,,,1.000,1,0,10,0,0,0,0,11.413,12.033,0.297,
30,100,140,0,0.000,1795.452,1534.926,,,,1.000,1,0,10,0,0,0,0,11.877,12.367,0.532,
30,100,145,0,0.000,1795.452,1534.926,,,,1.000,1,0,10,0,0,0,0,11.543,12.374,0.527,
30,100,150,0,0.000,1795.452,1534.926,,,,1.000,1,0,10,0,0,0,0,9.677,9.611,0.385,
30,100,155,0,0.000,1795.452,1534.926,,,,1.000,1,0,10,0,0,0,0,8.408,9.504,0.446,
30,100,160,0,0.000,1795.452,1534.926,,,,1.000,1,0,10,0,0,0,0,8.900,9.022,0.516,
30,100,165,0,0.000,1795.452,1534.926,,,,1.000,1,0,10,0,0,0,0,12.671,7.362,0.669,
30,100,170,0,0.000,1795.452,1534.926,,,,1.000,1,0,10,0,0,0,0,9.181,11.326,0.637,
30,100,175,0,0.000,1795.452,1534.926,,,,1.000,1,0,10,0,0,0,0,10.747,11.622,0.753,
30,100,180,0,0.000,1795.452,1534.926,,,,1.000,1,0,10,0,0,0,0,9.952,12.266,0.718,
30,100,185,0,0.000,1795.452,1534.926,,,,1.000,1,0,10,0,0,0,0,10.561,13.220,0.700,
30,100,190,0,0.000,1795.452,1534.926,,,,1.000,1,0,10,0,0,0,0,11.483,9.883,0.525,
30,100,195,0,0.000,1795.452,1534.926,,,,1.000,1,0,10,0,0,0,0,10.817,10.725,0.412,
30,100,200,0,0.000,1795.452,1534.926,,,,1.000,1,0,10,0,0,0,0,9.886,11.559,0.666,
30,100,205,0,0.000,1795.452,1534.926,,,,1.000,1,0,10,0,0,0,0,9.581,11.150,0.624,
30,100,210,0,0.000,1795.452,1534.926,,,,1.000,1,0,10,0,0,0,0,12.872,12.467,0.551,
30,100,215,0,0.000,1795.452,1534.926,,,,1.000,1,0,10,0,0,0,0,7.852,7.513,0.506,
30,100,220,0,0.000,1795.452,1534.926,,,,1.000,1,0,10,0,0,0,0,11.890,9.465,0.485,
30,100,225,0,0.000,1795.452,1534.926,,,,1.000,1,0,10,0,0,0,0,11.237,9.462,0.467,
30,100,230,0,0.000,1795.452,1534.926,,,,1.000,1,0,10,0,0,0,0,9.870,10.769,0.486,
30,100,235,0,0.000,1795.452,1534.926,,,,1.000,1,0,10,0,0,0,0,9.001,13.637,0.609,
30,100,240,0,0.000,1795.452,1534.926,,,,1.000,1,0,10,0,0,0,0,9.992,9.879,0.422,
30,100,245,0,0.000,1795.452,1534.926,,,,1.000,1,0,10,0,0,0,0,14.262,7.095,0.587,
30,100,250,0,0.000,1795.452,1534.926,,,,1.000,1,0,10,0,0,0,0,9.280,10.623,0.536,
30,100,255,0,0.000,1795.452,1534.926,,,,1.000,1,0,10,0,0,0,0,10.401,9.733,0.554,
30,100,260,0,0.000,1795.452,1534.926,,,,1.000,1,0,10,0,0,0,0,11.883,9.530,0.501,
30,100,265,0,0.000,1795.452,1534.926,,,,1.000,1,0,10,0,0,0,0,11.530,14.227,0.685,
30,100,270,0,0.000,1795.452,1534.926,,,,1.000,1,0,10,0,0,0,0,11.719,9.056,0.470,
30,100,275,0,0.000,1795.452,1534.926,,,,1.000,1,0,10,0,0,0,0,11.562,8.534,0.409,
30,100,280,0,0.000,1795.452,1534.926,,,,1.000,1,0,10,0,0,0,0,12.159,14.316,0.722,
30,100,285,0,0.000,1795.452,1534.926,,,,1.000,1,0,10,0,0,0,0,7.811,11.476,0.350,
30,105,-10,0,0.000,1795.452,1534.926,,,,0.000,0,0,0,0,0,0,10,9.466,5.008,0.667,
30,105,-5,0,0.000,1795.452,1534.926,,,,0.000,0,0,0,0,0,0,10,9.669,9.769,0.474,
30,105,0,0,0.000,1795.452,1534.926,,,,0.000,0,0,0,0,0,0,10,10.117,6.038,0.596,
30,105,5,0,0.000,1795.452,1534.926,,,,0.000,0,0,0,0,0,0,10,8.457,12.636,0.619,
30,105,10,0,0.000,1795.452,1534.926,,,,0.000,0,0,0,0,0,0,10,7.094,11.459,0.438,
30,105,15,0,0.000,1795.452,1534.926,,,,0.000,0,0,0,0,0,0,10,14.703,10.591,0.415,
30,105,20,0,0.000,1795.452,1534.926,,,,0.000,0,0,0,0,0,0,10,9.626,12.569,0.660,
30,105,25,0,0.000,1795.452,1534.926,,,,0.000,0,0,0,0,0,0,10,12.282,10.945,0.561,
30,105,30,0,0.000,1795.452,1534.926,,,,0.000,0,0,0,0,0,0,10,7.797,12.810,0.564,
30,105,35,0,0.000,1795.452,1534.926,,,,0.000,0,0,0,0,0,0,10,11.783,9.909,0.557,
30,105,40,0,0.000,1795.452,1534.926,,,,0.000,0,0,0,0,0,0,10,8.559,12.060,0.599,
30,105,45,0,0.000,1795.452,1534.926,,,,0.300,1,0,3,0,0,0,7,12.875,9.569,0.701,
30,105,50,0,0.000,1795.452,1534.926,,,,0.100,1,0,1,0,0,0,9,5.376,11.016,0.574,
30,105,55,0,0.000,1795.452,1534.926,,,,0.100,1,0,1,0,0,0,9,10.859,10.241,0.533,
30,105,60,0,0.000,1795.452,1534.926,,,,0.500,1,0,5,0,0,0,5,9.740,7.940,0.540,
30,105,65,0,0.000,1795.452,1534.926,,,,0.600,1,0,6,0,0,0,4,9.778,13.101,0.536,
30,105,70,0,0.000,1795.452,1534.926,,,,0.700,1,0,7,0,0,0,3,9.732,14.502,0.495,
30,105,75,0,0.000,1795.452,1534.926,,,,0.900,1,0,9,0,0,0,1,11.656,11.875,0.604,
30,105,80,0,0.000,1795.452,1534.926,,,,1.000,1,0,10,0,0,0,0,8.035,11.517,0.605,
30,105,85,0,0.000,1795.452,1534.926,,,,1.000,1,0,10,0,0,0,0,12.233,8.754,0.344,
30,105,90,0,0.000,1795.452,1534.926,,,,1.000,1,0,10,0,0,0,0,9.795,8.309,0.564,
30,105,95,0,0.000,1795.452,1534.926,,,,1.000,1,0,10,0,0,0,0,9.161,10.105,0.658,
30,105,100,0,0.000,1795.452,1534.926,,,,1.000,1,0,10,0,0,0,0,11.185,8.533,0.535,
30,105,105,0,0.000,1795.452,1534.926,,,,1.000,1,0,10,0,0,0,0,8.658,8.251,0.613,
30,105,110,0,0.000,1795.452,1534.926,,,,1.000,1,0,10,0,0,0,0,12.251,11.286,0.557,
30,105,115,0,0.000,1795.452,1534.926,,,,1.000,1,0,10,0,0,0,0,8.078,12.172,0.571,
30,105,120,0,0.000,1795.452,1534.926,,,,1.000,1,0,10,0,0,0,0,10.301,10.831,0.605,
30,105,125,0,0.000,1795.452,1534.926,,,,1.000,1,0,10,0,0,0,0,8.331,12.431,0.583,
30,105,130,0,0.000,1795.452,1534.926,,,,1.000,1,0,10,0,0,0,0,11.621,10.646,0.435,
30,105,135,0,0.000,1795.452,1534.926,,,,1.000,1,0,10,0,0,0,0,13.256,12.517,0.644,
30,105,140,0,0.000,1795.452,1534.926,,,,1.000,1,0,10,0,0,0,0,11.044,12.171,0.494,
30,105,145,0,0.000,1795.452,1534.926,,,,1.000,1,0,10,0,0,0,0,10.356,12.415,0.542,
30,105,150,0,0.000,1795.452,1534.926,,,,1.000,1,0,10,0,0,0,0,8.694,9.339,0.619,
30,105,155,0,0.000,1795.452,1534.926,,,,1.000,1,0,10,0,0,0,0,8.842,6.982,0.585,
30,105,160,0,0.000,1795.452,1534.926,,,,1.000,1,0,10,0,0,0,0,7.122,10.513,0.460,
30,105,165,0,0.000,1795.452,1534.926,,,,1.000,1,0,10,0,0,0,0,14.077,8.116,0.437,
30,105,170,0,0.000,1795.452,1534.926,,,,1.000,1,0,10,0,0,0,0,9.305,8.030,0.597,
30,105,175,0,0.000,1795.452,1534.926,,,,1.000,1,0,10,0,0,0,0,10.834,9.856,0.595,
30,105,180,0,0.000,1795.452,1534.926,,,,1.000,1,0,10,0,0,0,0,9.394,11.586,0.625,
30,105,185,0,0.000,1795.452,1534.926,,,,1.000,1,0,10,0,0,0,0,9.862,10.528,0.423,
30,105,190,0,0.000,1795.452,1534.926,,,,1.000,1,0,10,0,0,0,0,11.446,10.168,0.650,
30,105,195,0,0.000,1795.452,1534.926,,,,1.000,1,0,10,0,0,0,0,12.588,10.452,0.483,
30,105,200,0,0.000,1795.452,1534.926,,,,1.000,1,0,10,0,0,0,0,10.369,12.620,0.497,
30,105,205,0,0.000,1795.452,1534.926,,,,1.000,1,0,10,0,0,0,0,9.211,8.852,0.396,
30,105,210,0,0.000,1795.452,1534.926,,,,1.000,1,0,10,0,0,0,0,10.902,14.876,0.460,
30,105,215,0,0.000,1795.452,1534.926,,,,1.000,1,0,10,0,0,0,0,7.812,8.916,0.460,
30,105,220,0,0.000,1795.452,1534.926,,,,1.000,1,0,10,0,0,0,0,9.380,11.875,0.301,
30,105,225,0,0.000,1795.452,1534.926,,,,1.000,1,0,10,0,0,0,0,13.576,9.576,0.526,
30,105,230,0,0.000,1795.452,1534.926,,,,1.000,1,0,10,0,0,0,0,11.304,12.629,0.401,
30,105,235,0,0.000,1795.452,1534.926,,,,1.000,1,0,10,0,0,0,0,8.104,9.946,0.571,
30,105,240,0,0.000,1795.452,1534.926,,,,1.000,1,0,10,0,0,0,0,9.765,12.565,0.467,
30,105,245,0,0.000,1795.452,1534.926,,,,1.000,1,0,10,0,0,0,0,11.817,10.470,0.489,
30,105,250,0,0.000,1795.452,1534.926,,,,1.000,1,0,10,0,0,0,0,10.386,10.360,0.534,
30,105,255,0,0.000,1795.452,1534.926,,,,1.000,1,0,10,0,0,0,0,13.620,10.530,0.718,
30,105,260,0,0.000,1795.452,1534.926,,,,1.000,1,0,10,0,0,0,0,9.847,12.885,0.626,
30,105,265,0,0.000,1795.452,1534.926,,,,1.000,1,0,10,0,0,0,0,10.960,8.691,0.595,
30,105,270,0,0.000,1795.452,1534.926,,,,1.000,1,0,10,0,0,0,0,13.294,11.667,0.521,
30,105,275,0,0.000,1795.452,1534.926,,,,1.000,1,0,10,0,0,0,0,10.270,11.984,0.630,
30,105,280,0,0.000,1795.452,1534.926,,,,1.000,1,0,10,0,0,0,0,10.793,13.054,0.555,
30,105,285,0,0.000,1795.452,1534.926,,,,1.000,1,0,10,0,0,0,0,10.071,8.237,0.537,
30,110,-10,0,0.000,1795.452,1534.926,,,,0.000,0,0,0,0,0,0,10,12.050,8.187,0.451,
30,110,-5,0,0.000,1795.452,1534.926,,,,0.000,0,0,0,0,0,0,10,9.590,11.186,0.535,
30,110,0,0,0.000,1795.452,1534.926,,,,0.000,0,0,0,0,0,0,10,10.772,11.632,0.682,
30,110,5,0,0.000,1795.452,1534.926,,,,0.000,0,0,0,0,0,0,10,12.352,8.317,0.476,
30,110,10,0,0.000,1795.452,1534.926,,,,0.000,0,0,0,0,0,0,10,12.329,13.965,0.588,
30,110,15,0,0.000,1795.452,1534.926,,,,0.000,0,0,0,0,0,0,10,8.137,8.123,0.604,
30,110,20,0,0.000,1795.452,1534.926,,,,0.000,0,0,0,0,0,0,10,11.126,10.130,0.489,
30,110,25,0,0.000,1795.452,1534.926,,,,0.000,0,0,0,0,0,0,10,10.784,13.612,0.470,
30,110,30,0,0.000,1795.452,1534.926,,,,0.000,0,0,0,0,0,0,10,13.297,9.000,0.553,
30,110,35,0,0.000,1795.452,1534.926,,,,0.100,1,0,1,0,0,0,9,11.892,7.793,0.416,
30,110,40,0,0.000,1795.452,1534.926,,,,0.000,0,0,0,0,0,0,10,15.409,13.515,0.597,
30,110,45,0,0.000,1795.452,1534.926,,,,0.000,0,0,0,0,0,0,10,10.123,7.688,0.478,
30,110,50,0,0.000,1795.452,1534.926,,,,0.200,1,0,2,0,0,0,8,12.802,11.294,0.441,
30,110,55,0,0.000,1795.452,1534.926,,,,0.400,1,0,4,0,0,0,6,11.604,11.178,0.418,
30,110,60,0,0.000,1795.452,1534.926,,,,0.200,1,0,2,0,0,0,8,6.349,8.343,0.402,
30,110,65,0,0.000,1795.452,1534.926,,,,0.600,1,0,6,0,0,0,4,9.576,13.301,0.433,
30,110,70,0,0.000,1795.452,1534.926,,,,0.500,1,0,5,0,0,0,5,6.238,15.270,0.436,
30,110,75,0,0.000,1795.452,1534.926,,,,0.800,1,0,8,0,0,0,2,11.191,8.687,0.612,
30,110,80,0,0.000,1795.452,1534.926,,,,0.900,1,0,9,0,0,0,1,10.970,10.564,0.467,
30,110,85,0,0.000,1795.452,1534.926,,,,0.800,1,0,8,0,0,0,2,12.454,13.421,0.492,
30,110,90,0,0.000,1795.452,1534.926,,,,1.000,1,0,10,0,0,0,0,13.360,10.345,0.631,
30,110,95,0,0.000,1795.452,1534.926,,,,1.000,1,0,10,0,0,0,0,12.202,10.008,0.340,
30,110,100,0,0.000,1795.452,1534.926,,,,1.000,1,0,10,0,0,0,0,10.979,10.429,0.511,
30,110,105,0,0.000,1795.452,1534.926,,,,1.000,1,0,10,0,0,0,0,11.411,8.681,0.555,
30,110,110,0,0.000,1795.452,1534.926,,,,1.000,1,0,10,0,0,0,0,13.460,10.433,0.595,
30,110,115,0,0.000,1795.452,1534.926,,,,1.000,1,0,10,0,0,0,0,12.713,11.360,0.417,
30,110,120,0,0.000,1795.452,1534.926,,,,1.000,1,0,10,0,0,0,0,12.357,10.958,0.579,
30,110,125,0,0.000,1795.452,1534.926,,,,1.000,1,0,10,0,0,0,0,12.281,7.801,0.669,
30,110,130,0,0.000,1795.452,1534.926,,,,1.000,1,0,10,0,0,0,0,9.741,12.394,0.467,
30,110,135,0,0.000,1795.452,1534.926,,,,1.000,1,0,10,0,0,0,0,10.137,13.488,0.493,
30,110,140,0,0.000,1795.452,1534.926,,,,1.000,1,0,10,0,0,0,0,13.095,10.921,0.502,
30,110,145,0,0.000,1795.452,1534.926,,,,1.000,1,0,10,0,0,0,0,8.472,12.126,0.580,
30,110,150,0,0.000,1795.452,1534.926,,,,1.000,1,0,10,0,0,0,0,11.974,10.490,0.541,
30,110,155,0,0.000,1795.452,1534.926,,,,1.000,1,0,10,0,0,0,0,12.591,8.594,0.584,
30,110,160,0,0.000,1795.452,1534.926,,,,1.000,1,0,10,0,0,0,0,12.486,10.673,0.626,
30,110,165,0,0.000,1795.452,1534.926,,,,1.000,1,0,10,0,0,0,0,11.435,8.630,0.635,
30,110,170,0,0.000,1795.452,1534.926,,,,1.000,1,0,10,0,0,0,0,9.866,11.416,0.471,
30,110,175,0,0.000,1795.452,1534.926,,,,1.000,1,0,10,0,0,0,0,10.449,11.218,0.594,
30,110,180,0,0.000,1795.452,1534.926,,,,1.000,1,0,10,0,0,0,0,12.923,7.669,0.462,
30,110,185,0,0.000,1795.452,1534.926,,,,1.000,1,0,10,0,0,0,0,12.819,11.723,0.626,
30,110,190,0,0.000,1795.452,1534.926,,,,1.000,1,0,10,0,0,0,0,12.491,8.313,0.598,
30,110,195,0,0.000,1795.452,1534.926,,,,1.000,1,0,10,0,0,0,0,14.726,8.461,0.565,
30,110,200,0,0.000,1795.452,1534.926,,,,1.000,1,0,10,0,0,0,0,7.516,10.777,0.450,
30,110,205,0,0.000,1795.452,1534.926,,,,1.000,1,0,10,0,0,0,0,12.266,11.916,0.635,
30,110,210,0,0.000,1795.452,1534.926,,,,1.000,1,0,10,0,0,0,0,12.609,11.871,0.658,
30,110,215,0,0.000,1795.452,1534.926,,,,1.000,1,0,10,0,0,0,0,8.481,11.208,0.559,
30,110,220,0,0.000,1795.452,1534.926,,,,1.000,1,0,10,0,0,0,0,9.214,10.467,0.471,
30,110,225,0,0.000,1795.452,1534.926,,,,1.000,1,0,10,0,0,0,0,11.978,12.163,0.573,
30,110,230,0,0.000,1795.452,1534.926,,,,1.000,1,0,10,0,0,0,0,11.757,12.290,0.659,
30,110,235,0,0.000,1795.452,1534.926,,,,1.000,1,0,10,0,0,0,0,9.143,10.957,0.605,
30,110,240,0,0.000,1795.452,1534.926,,,,1.000,1,0,10,0,0,0,0,9.704,11.133,0.494,
30,110,245,0,0.000,1795.452,1534.926,,,,1.000,1,0,10,0,0,0,0,11.509,12.585,0.532,
30,110,250,0,0.000,1795.452,1534.926,,,,1.000,1,0,10,0,0,0,0,12.829,9.445,0.410,
30,110,255,0,0.000,1795.452,1534.926,,,,1.000,1,0,10,0,0,0,0,12.110,11.451,0.534,
30,110,260,0,0.000,1795.452,1534.926,,,,1.000,1,0,10,0,0,0,0,10.319,10.027,0.540,
30,110,265,0,0.000,1795.452,1534.926,,,,1.000,1,0,10,0,0,0,0,11.076,13.114,0.550,
30,110,270,0,0.000,1795.452,1534.926,,,,1.000,1,0,10,0,0,0,0,9.707,10.086,0.686,
30,110,275,0,0.000,1795.452,1534.926,,,,1.000,1,0,10,0,0,0,0,10.544,8.890,0.626,
30,110,280,0,0.000,1795.452,1534.926,,,,1.000,1,0,10,0,0,0,0,9.781,12.877,0.497,
30,110,285,0,0.000,1795.452,1534.926,,,,1.000,1,0,10,0,0,0,0,10.439,11.193,0.512,
30,115,-10,0,0.000,1795.452,1534.926,,,,0.000,0,0,0,0,0,0,10,10.394,9.072,0.642,
30,115,-5,0,0.000,1795.452,1534.926,,,,0.000,0,0,0,0,0,0,10,13.633,10.733,0.576,
30,115,0,0,0.000,1795.452,1534.926,,,,0.000,0,0,0,0,0,0,10,11.702,12.862,0.550,
30,115,5,0,0.000,1795.452,1534.926,,,,0.000,0,0,0,0,0,0,10,11.253,8.346,0.561,
30,115,10,0,0.000,1795.452,1534.926,,,,0.000,0,0,0,0,0,0,10,11.249,9.388,0.582,
30,115,15,0,0.000,1795.452,1534.926,,,,0.000,0,0,0,0,0,0,10,10.614,10.100,0.437,
30,115,20,0,0.000,1795.452,1534.926,,,,0.000,0,0,0,0,0,0,10,12.359,12.382,0.457,
30,115,25,0,0.000,1795.452,1534.926,,,,0.000,0,0,0,0,0,0,10,9.805,11.597,0.476,
30,115,30,0,0.000,1795.452,1534.926,,,,0.000,0,0,0,0,0,0,10,12.168,13.646,0.473,
30,115,35,0,0.000,1795.452,1534.926,,,,0.000,0,0,0,0,0,0,10,10.934,11.926,0.520,
30,115,40,0,0.000,1795.452,1534.926,,,,0.100,1,0,1,0,0,0,9,11.854,12.263,0.568,
30,115,45,0,0.000,1795.452,1534.926,,,,0.200,1,0,2,0,0,0,8,7.872,12.144,0.618,
30,115,50,0,0.000,1795.452,1534.926,,,,0.100,1,0,1,0,0,0,9,13.522,8.996,0.557,
30,115,55,0,0.000,1795.452,1534.926,,,,0.400,1,0,4,0,0,0,6,12.449,11.952,0.674,
30,115,60,0,0.000,1795.452,1534.926,,,,0.300,1,0,3,0,0,0,7,12.996,11.318,0.584,
30,115,65,0,0.000,1795.452,1534.926,,,,0.700,1,0,7,0,0,0,3,9.081,11.042,0.708,
30,115,70,0,0.000,1795.452,1534.926,,,,0.400,1,0,4,0,0,0,6,10.259,11.442,0.499,
30,115,75,0,0.000,1795.452,1534.926,,,,0.800,1,0,8,0,0,0,2,11.577,9.857,0.608,
30,115,80,0,0.000,1795.452,1534.926,,,,0.800,1,0,8,0,0,0,2,13.359,13.628,0.525,
30,115,85,0,0.000,1795.452,1534.926,,,,1.000,1,0,10,0,0,0,0,11.317,10.538,0.594,
30,115,90,0,0.000,1795.452,1534.926,,,,1.000,1,0,10,0,0,0,0,8.755,11.561,0.573,
30,115,95,0,0.000,1795.452,1534.926,,,,1.000,1,0,10,0,0,0,0,10.972,11.034,0.579,
30,115,100,0,0.000,1795.452,1534.926,,,,1.000,1,0,10,0,0,0,0,9.289,5.204,0.603,
30,115,105,0,0.000,1795.452,1534.926,,,,1.000,1,0,10,0,0,0,0,7.902,9.345,0.648,
30,115,110,0,0.000,1795.452,1534.926,,,,1.000,1,0,10,0,0,0,0,12.960,12.582,0.388,
30,115,115,0,0.000,1795.452,1534.926,,,,1.000,1,0,10,0,0,0,0,11.208,10.071,0.525,
30,115,120,0,0.000,1795.452,1534.926,,,,1.000,1,0,10,0,0,0,0,13.034,7.619,0.488,
30,115,125,0,0.000,1795.452,1534.926,,,,1.000,1,0,10,0,0,0,0,11.278,12.619,0.597,
30,115,130,0,0.000,1795.452,1534.926,,,,1.000,1,0,10,0,0,0,0,12.058,10.371,0.559,
30,115,135,0,0.000,1795.452,1534.926,,,,1.000,1,0,10,0,0,0,0,7.875,11.488,0.472,
30,115,140,0,0.000,1795.452,1534.926,,,,1.000,1,0,10,0,0,0,0,12.754,10.265,0.556,
30,115,145,0,0.000,1795.452,1534.926,,,,1.000,1,0,10,0,0,0,0,14.104,12.934,0.613,
30,115,150,0,0.000,1795.452,1534.926,,,,1.000,1,0,10,0,0,0,0,10.120,9.877,0.458,
30,115,155,0,0.000,1795.452,1534.926,,,,1.000,1,0,10,0,0,0,0,10.487,8.697,0.555,
30,115,160,0,0.000,1795.452,1534.926,,,,1.000,1,0,10,0,0,0,0,10.447,12.235,0.623,
30,115,165,0,0.000,1795.452,1534.926,,,,1.000,1,0,10,0,0,0,0,12.611,11.736,0.560,
30,115,170,0,0.000,1795.452,1534.926,,,,1.000,1,0,10,0,0,0,0,13.485,8.856,0.412,
30,115,175,0,0.000,1795.452,1534.926,,,,1.000,1,0,10,0,0,0,0,10.887,9.506,0.538,
30,115,180,0,0.000,1795.452,1534.926,,,,1.000,1,0,10,0,0,0,0,9.910,9.895,0.604,
30,115,185,0,0.000,1795.452,1534.926,,,,1.000,1,0,10,0,0,0,0,11.594,8.388,0.570,
30,115,190,0,0.000,1795.452,1534.926,,,,1.000,1,0,10,0,0,0,0,8.512,13.070,0.591,
30,115,195,0,0.000,1795.452,1534.926,,,,1.000,1,0,10,0,0,0,0,10.816,11.031,0.556,
30,115,200,0,0.000,1795.452,1534.926,,,,1.000,1,0,10,0,0,0,0,12.300,9.784,0.446,
30,115,205,0,0.000,1795.452,1534.926,,,,1.000,1,0,10,0,0,0,0,9.919,7.253,0.569,
30,115,210,0,0.000,1795.452,1534.926,,,,1.000,1,0,10,0,0,0,0,8.553,10.332,0.656,
30,115,215,0,0.000,1795.452,1534.926,,,,1.000,1,0,10,0,0,0,0,12.959,10.613,0.547,
30,115,220,0,0.000,1795.452,1534.926,,,,1.000,1,0,10,0,0,0,0,10.288,11.265,0.533,
30,115,225,0,0.000,1795.452,1534.926,,,,1.000,1,0,10,0,0,0,0,13.664,13.124,0.610,
30,115,230,0,0.000,1795.452,1534.926,,,,1.000,1,0,10,0,0,0,0,12.238,10.009,0.669,
30,115,235,0,0.000,1795.452,1534.926,,,,1.000,1,0,10,0,0,0,0,10.794,9.113,0.476,
30,115,240,0,0.000,1795.452,1534.926,,,,1.000,1,0,10,0,0,0,0,9.963,11.763,0.514,
30,115,245,0,0.000,1795.452,1534.926,,,,1.000,1,0,10,0,0,0,0,8.956,9.915,0.480,
30,115,250,0,0.000,1795.452,1534.926,,,,1.000,1,0,10,0,0,0,0,11.630,13.793,0.423,
30,115,255,0,0.000,1795.452,1534.926,,,,1.000,1,0,10,0,0,0,0,12.792,6.441,0.782,
30,115,260,0,0.000,1795.452,1534.926,,,,1.000,1,0,10,0,0,0,0,5.005,8.502,0.548,
30,115,265,0,0.000,1795.452,1534.926,,,,1.000,1,0,10,0,0,0,0,10.118,11.524,0.555,
30,115,270,0,0.000,1795.452,1534.926,,,,1.000,1,0,10,0,0,0,0,10.865,11.049,0.581,
30,115,275,0,0.000,1795.452,1534.926,,,,1.000,1,0,10,0,0,0,0,9.151,8.423,0.641,
30,115,280,0,0.000,1795.452,1534.926,,,,1.000,1,0,10,0,0,0,0,10.529,9.898,0.617,
30,115,285,0,0.000,1795.452,1534.926,,,,1.000,1,0,10,0,0,0,0,9.829,5.587,0.463,
30,120,-10,0,0.000,1795.452,1534.926,,,,0.000,0,0,0,0,0,0,10,11.147,8.170,0.679,
30,120,-5,0,0.000,1795.452,1534.926,,,,0.000,0,0,0,0,0,0,10,12.145,10.800,0.400,
30,120,0,0,0.000,1795.452,1534.926,,,,0.000,0,0,0,0,0,0,10,10.461,11.838,0.474,
30,120,5,0,0.000,1795.452,1534.926,,,,0.000,0,0,0,0,0,0,10,7.998,11.097,0.498,
30,120,10,0,0.000,1795.452,1534.926,,,,0.000,0,0,0,0,0,0,10,9.706,13.075,0.696,
30,120,15,0,0.000,1795.452,1534.926,,,,0.000,0,0,0,0,0,0,10,11.761,9.663,0.563,
30,120,20,0,0.000,1795.452,1534.926,,,,0.000,0,0,0,0,0,0,10,14.449,12.190,0.514,
30,120,25,0,0.000,1795.452,1534.926,,,,0.000,0,0,0,0,0,0,10,12.340,11.269,0.493,
30,120,30,0,0.000,1795.452,1534.926,,,,0.000,0,0,0,0,0,0,10,11.096,11.704,0.654,
30,120,35,0,0.000,1795.452,1534.926,,,,0.000,0,0,0,0,0,0,10,13.033,10.705,0.589,
30,120,40,0,0.000,1795.452,1534.926,,,,0.000,0,0,0,0,0,0,10,11.026,11.638,0.532,
30,120,45,0,0.000,1795.452,1534.926,,,,0.000,0,0,0,0,0,0,10,12.658,10.144,0.580,
30,120,50,0,0.000,1795.452,1534.926,,,,0.000,0,0,0,0,0,0,10,10.609,11.460,0.500,
30,120,55,0,0.000,1795.452,1534.926,,,,0.200,1,0,2,0,0,0,8,9.082,9.566,0.519,
30,120,60,0,0.000,1795.452,1534.926,,,,0.600,1,0,6,0,0,0,4,10.862,10.973,0.550,
30,120,65,0,0.000,1795.452,1534.926,,,,0.400,1,0,4,0,0,0,6,8.121,9.837,0.564,
30,120,70,0,0.000,1795.452,1534.926,,,,0.700,1,0,7,0,0,0,3,12.079,8.672,0.586,
30,120,75,0,0.000,1795.452,1534.926,,,,0.800,1,0,8,0,0,0,2,9.080,9.076,0.724,
30,120,80,0,0.000,1795.452,1534.926,,,,0.800,1,0,8,0,0,0,2,7.091,13.113,0.520,
30,120,85,0,0.000,1795.452,1534.926,,,,0.900,1,0,9,0,0,0,1,10.124,8.562,0.660,
30,120,90,0,0.000,1795.452,1534.926,,,,0.900,1,0,9,0,0,0,1,12.389,8.962,0.521,
30,120,95,0,0.000,1795.452,1534.926,,,,1.000,1,0,10,0,0,0,0,8.140,12.607,0.550,
30,120,100,0,0.000,1795.452,1534.926,,,,1.000,1,0,10,0,0,0,0,12.643,12.629,0.563,
30,120,105,0,0.000,1795.452,1534.926,,,,1.000,1,0,10,0,0,0,0,10.775,10.521,0.423,
30,120,110,0,0.000,1795.452,1534.926,,,,1.000,1,0,10,0,0,0,0,11.414,11.042,0.558,
30,120,115,0,0.000,1795.452,1534.926,,,,1.000,1,0,10,0,0,0,0,11.485,9.823,0.631,
30,120,120,0,0.000,1795.452,1534.926,,,,1.000,1,0,10,0,0,0,0,10.851,10.870,0.574,
30,120,125,0,0.000,1795.452,1534.926,,,,1.000,1,0,10,0,0,0,0,8.417,8.014,0.471,
30,120,130,0,0.000,1795.452,1534.926,,,,1.000,1,0,10,0,0,0,0,11.668,13.415,0.517,
30,120,135,0,0.000,1795.452,1534.926,,,,1.000,1,0,10,0,0,0,0,9.949,11.438,0.591,
30,120,140,0,0.000,1795.452,1534.926,,,,1.000,1,0,10,0,0,0,0,13.673,8.041,0.647,
30,120,145,0,0.000,1795.452,1534.926,,,,1.000,1,0,10,0,0,0,0,13.849,9.383,0.483,
30,120,150,0,0.000,1795.452,1534.926,,,,1.000,1,0,10,0,0,0,0,13.391,10.312,0.482,
30,120,155,0,0.000,1795.452,1534.926,,,,1.000,1,0,10,0,0,0,0,11.138,11.753,0.645,
30,120,160,0,0.000,1795.452,1534.926,,,,1.000,1,0,10,0,0,0,0,8.291,7.941,0.551,
30,120,165,0,0.000,1795.452,1534.926,,,,1.000,1,0,10,0,0,0,0,9.452,10.114,0.660,
30,120,170,0,0.000,1795.452,1534.926,,,,1.000,1,0,10,0,0,0,0,10.819,10.161,0.573,
30,120,175,0,0.000,1795.452,1534.926,,,,1.000,1,0,10,0,0,0,0,10.407,7.287,0.530,
30,120,180,0,0.000,1795.452,1534.926,,,,1.000,1,0,10,0,0,0,0,10.591,10.835,0.481,
30,120,185,0,0.000,1795.452,1534.926,,,,1.000,1,0,10,0,0,0,0,10.960,10.990,0.633,
30,120,190,0,0.000,1795.452,1534.926,,,,1.000,1,0,10,0,0,0,0,11.573,8.262,0.408,
30,120,195,0,0.000,1795.452,1534.926,,,,1.000,1,0,10,0,0,0,0,9.604,8.626,0.584,
30,120,200,0,0.000,1795.452,1534.926,,,,1.000,1,0,10,0,0,0,0,7.721,10.483,0.398,
30,120,205,0,0.000,1795.452,1534.926,,,,1.000,1,0,10,0,0,0,0,12.595,9.784,0.633,
30,120,210,0,0.000,1795.452,1534.926,,,,1.000,1,0,10,0,0,0,0,13.778,11.692,0.473,
30,120,215,0,0.000,1795.452,1534.926,,,,1.000,1,0,10,0,0,0,0,9.863,7.702,0.542,
30,120,220,0,0.000,1795.452,1534.926,,,,1.000,1,0,10,0,0,0,0,13.180,9.650,0.585,
30,120,225,0,0.000,1795.452,1534.926,,,,1.000,1,0,10,0,0,0,0,10.323,9.586,0.482,
30,120,230,0,0.000,1795.452,1534.926,,,,1.000,1,0,10,0,0,0,0,13.712,10.227,0.246,
30,120,235,0,0.000,1795.452,1534.926,,,,1.000,1,0,10,0,0,0,0,12.324,11.382,0.654,
30,120,240,0,0.000,1795.452,1534.926,,,,1.000,1,0,10,0,0,0,0,12.032,11.062,0.351,
30,120,245,0,0.000,1795.452,1534.926,,,,1.000,1,0,10,0,0,0,0,11.805,11.416,0.482,
30,120,250,0,0.000,1795.452,1534.926,,,,1.000,1,0,10,0,0,0,0,11.058,11.719,0.462,
30,120,255,0,0.000,1795.452,1534.926,,,,1.000,1,0,10,0,0,0,0,5.896,11.139,0.479,
30,120,260,0,0.000,1795.452,1534.926,,,,1.000,1,0,10,0,0,0,0,11.642,9.656,0.523,
30,120,265,0,0.000,1795.452,1534.926,,,,1.000,1,0,10,0,0,0,0,11.757,9.577,0.487,
30,120,270,0,0.000,1795.452,1534.926,,,,1.000,1,0,10,0,0,0,0,12.423,10.391,0.510,
30,120,275,0,0.000,1795.452,1534.926,,,,1.000,1,0,10,0,0,0,0,9.735,10.759,0.546,
30,120,280,0,0.000,1795.452,1534.926,,,,1.000,1,0,10,0,0,0,0,12.849,12.547,0.535,
30,120,285,0,0.000,1795.452,1534.926,,,,1.000,1,0,10,0,0,0,0,10.509,8.078,0.506,
30,125,-10,0,0.000,1795.452,1534.926,,,,0.000,0,0,0,0,0,0,10,11.253,12.048,0.558,
30,125,-5,0,0.000,1795.452,1534.926,,,,0.000,0,0,0,0,0,0,10,8.514,9.315,0.554,
30,125,0,0,0.000,1795.452,1534.926,,,,0.000,0,0,0,0,0,0,10,11.861,8.748,0.593,
30,125,5,0,0.000,1795.452,1534.926,,,,0.000,0,0,0,0,0,0,10,8.818,9.425,0.588,
30,125,10,0,0.000,1795.452,1534.926,,,,0.000,0,0,0,0,0,0,10,10.375,10.263,0.425,
30,125,15,0,0.000,1795.452,1534.926,,,,0.000,0,0,0,0,0,0,10,8.270,9.206,0.601,
30,125,20,0,0.000,1795.452,1534.926,,,,0.000,0,0,0,0,0,0,10,8.870,11.024,0.578,
30,125,25,0,0.000,1795.452,1534.926,,,,0.000,0,0,0,0,0,0,10,11.009,10.999,0.492,
30,125,30,0,0.000,1795.452,1534.926,,,,0.000,0,0,0,0,0,0,10,8.078,11.389,0.538,
30,125,35,0,0.000,1795.452,1534.926,,,,0.000,0,0,0,0,0,0,10,11.704,10.895,0.530,
30,125,40,0,0.000,1795.452,1534.926,,,,0.000,0,0,0,0,0,0,10,12.594,10.564,0.460,
30,125,45,0,0.000,1795.452,1534.926,,,,0.000,0,0,0,0,0,0,10,11.226,11.486,0.380,
30,125,50,0,0.000,1795.452,1534.926,,,,0.100,1,0,1,0,0,0,9,13.356,13.832,0.598,
30,125,55,0,0.000,1795.452,1534.926,,,,0.100,1,0,1,0,0,0,9,13.619,13.885,0.346,
30,125,60,0,0.000,1795.452,1534.926,,,,0.100,1,0,1,0,0,0,9,8.304,11.839,0.589,
30,125,65,0,0.000,1795.452,1534.926,,,,0.100,1,0,1,0,0,0,9,12.441,10.407,0.617,
30,125,70,0,0.000,1795.452,1534.926,,,,0.300,1,0,3,0,0,0,7,10.002,8.864,0.543,
30,125,75,0,0.000,1795.452,1534.926,,,,0.500,1,0,5,0,0,0,5,11.922,10.756,0.556,
30,125,80,0,0.000,1795.452,1534.926,,,,0.800,1,0,8,0,0,0,2,7.044,9.931,0.567,
30,125,85,0,0.000,1795.452,1534.926,,,,1.000,1,0,10,0,0,0,0,10.842,10.596,0.700,
30,125,90,0,0.000,1795.452,1534.926,,,,1.000,1,0,10,0,0,0,0,10.167,9.580,0.661,
30,125,95,0,0.000,1795.452,1534.926,,,,1.000,1,0,10,0,0,0,0,9.526,11.944,0.551,
30,125,100,0,0.000,1795.452,1534.926,,,,1.000,1,0,10,0,0,0,0,10.314,11.308,0.450,
30,125,105,0,0.000,1795.452,1534.926,,,,1.000,1,0,10,0,0,0,0,5.851,10.873,0.642,
30,125,110,0,0.000,1795.452,1534.926,,,,1.000,1,0,10,0,0,0,0,11.848,9.813,0.556,
30,125,115,0,0.000,1795.452,1534.926,,,,1.000,1,0,10,0,0,0,0,12.430,14.552,0.530,
30,125,120,0,0.000,1795.452,1534.926,,,,1.000,1,0,10,0,0,0,0,9.770,12.284,0.485,
30,125,125,0,0.000,1795.452,1534.926,,,,1.000,1,0,10,0,0,0,0,11.984,10.012,0.379,
30,125,130,0,0.000,1795.452,1534.926,,,,1.000,1,0,10,0,0,0,0,11.832,13.916,0.548,
30,125,135,0,0.000,1795.452,1534.926,,,,1.000,1,0,10,0,0,0,0,11.146,12.959,0.462,
30,125,140,0,0.000,1795.452,1534.926,,,,1.000,1,0,10,0,0,0,0,12.468,9.297,0.504,
30,125,145,0,0.000,1795.452,1534.926,,,,1.000,1,0,10,0,0,0,0,11.106,12.711,0.610,
30,125,150,0,0.000,1795.452,1534.926,,,,1.000,1,0,10,0,0,0,0,12.975,9.921,0.661,
30,125,155,0,0.000,1795.452,1534.926,,,,1.000,1,0,10,0,0,0,0,11.871,11.454,0.569,
30,125,160,0,0.000,1795.452,1534.926,,,,1.000,1,0,10,0,0,0,0,12.768,9.053,0.404,
30,125,165,0,0.000,1795.452,1534.926,,,,1.000,1,0,10,0,0,0,0,11.088,10.899,0.616,
30,125,170,0,0.000,1795.452,1534.926,,,,1.000,1,0,10,0,0,0,0,11.789,9.573,0.521,
30,125,175,0,0.000,1795.452,1534.926,,,,1.000,1,0,10,0,0,0,0,8.146,11.194,0.521,
30,125,180,0,0.000,1795.452,1534.926,,,,1.000,1,0,10,0,0,0,0,12.308,12.745,0.593,
30,125,185,0,0.000,1795.452,1534.926,,,,1.000,1,0,10,0,0,0,0,9.123,13.256,0.451,
30,125,190,0,0.000,1795.452,1534.926,,,,1.000,1,0,10,0,0,0,0,9.468,12.752,0.601,
30,125,195,0,0.000,1795.452,1534.926,,,,1.000,1,0,10,0,0,0,0,10.856,10.724,0.581,
30,125,200,0,0.000,1795.452,1534.926,,,,1.000,1,0,10,0,0,0,0,11.282,10.299,0.408,
30,125,205,0,0.000,1795.452,1534.926,,,,1.000,1,0,10,0,0,0,0,12.145,11.045,0.493,
30,125,210,0,0.000,1795.452,1534.926,,,,1.000,1,0,10,0,0,0,0,8.338,8.678,0.420,
30,125,215,0,0.000,1795.452,1534.926,,,,1.000,1,0,10,0,0,0,0,9.716,7.068,0.672,
30,125,220,0,0.000,1795.452,1534.926,,,,1.000,1,0,10,0,0,0,0,15.128,9.966,0.645,
30,125,225,0,0.000,1795.452,1534.926,,,,1.000,1,0,10,0,0,0,0,11.827,8.015,0.539,
30,125,230,0,0.000,1795.452,1534.926,,,,1.000,1,0,10,0,0,0,0,6.514,10.855,0.538,
30,125,235,0,0.000,1795.452,1534.926,,,,1.000,1,0,10,0,0,0,0,13.227,8.325,0.756,
30,125,240,0,0.000,1795.452,1534.926,,,,1.000,1,0,10,0,0,0,0,10.899,7.481,0.517,
30,125,245,0,0.000,1795.452,1534.926,,,,1.000,1,0,10,0,0,0,0,5.463,8.789,0.581,
30,125,250,0,0.000,1795.452,1534.926,,,,1.000,1,0,10,0,0,0,0,9.042,9.576,0.464,
30,125,255,0,0.000,1795.452,1534.926,,,,1.000,1,0,10,0,0,0,0,10.297,10.287,0.568,
30,125,260,0,0.000,1795.452,1534.926,,,,1.000,1,0,10,0,0,0,0,12.162,10.256,0.542,
30,125,265,0,0.000,1795.452,1534.926,,,,1.000,1,0,10,0,0,0,0,9.524,10.620,0.496,
30,125,270,0,0.000,1795.452,1534.926,,,,1.000,1,0,10,0,0,0,0,13.220,11.865,0.500,
30,125,275,0,0.000,1795.452,1534.926,,,,1.000,1,0,10,0,0,0,0,10.344,8.401,0.465,
30,125,280,0,0.000,1795.452,1534.926,,,,1.000,1,0,10,0,0,0,0,9.373,11.566,0.529,
30,125,285,0,0.000,1795.452,1534.926,,,,1.000,1,0,10,0,0,0,0,10.029,12.314,0.590,
30,130,-10,0,0.000,1795.452,1534.926,,,,0.000,0,0,0,0,0,0,10,6.892,11.401,0.567,
30,130,-5,0,0.000,1795.452,1534.926,,,,0.000,0,0,0,0,0,0,10,9.740,7.994,0.385,
30,130,0,0,0.000,1795.452,1534.926,,,,0.000,0,0,0,0,0,0,10,10.930,8.004,0.385,
30,130,5,0,0.000,1795.452,1534.926,,,,0.000,0,0,0,0,0,0,10,11.809,8.637,0.473,
30,130,10,0,0.000,1795.452,1534.926,,,,0.000,0,0,0,0,0,0,10,10.205,10.453,0.472,
30,130,15,0,0.000,1795.452,1534.926,,,,0.000,0,0,0,0,0,0,10,10.338,10.885,0.571,
30,130,20,0,0.000,1795.452,1534.926,,,,0.000,0,0,0,0,0,0,10,9.679,10.870,0.497,
30,130,25,0,0.000,1795.452,1534.926,,,,0.000,0,0,0,0,0,0,10,11.070,12.322,0.435,
30,130,30,0,0.000,1795.452,1534.926,,,,0.000,0,0,0,0,0,0,10,9.567,12.526,0.567,
30,130,35,0,0.000,1795.452,1534.926,,,,0.000,0,0,0,0,0,0,10,13.180,8.765,0.512,
30,130,40,0,0.000,1795.452,1534.926,,,,0.000,0,0,0,0,0,0,10,10.952,12.722,0.468,
30,130,45,0,0.000,1795.452,1534.926,,,,0.000,0,0,0,0,0,0,10,11.272,12.421,0.592,
30,130,50,0,0.000,1795.452,1534.926,,,,0.100,1,0,1,0,0,0,9,10.447,13.822,0.619,
30,130,55,0,0.000,1795.452,1534.926,,,,0.100,1,0,1,0,0,0,9,9.761,10.023,0.564,
30,130,60,0,0.000,1795.452,1534.926,,,,0.000,0,0,0,0,0,0,10,11.738,8.989,0.560,
30,130,65,0,0.000,1795.452,1534.926,,,,0.300,1,0,3,0,0,0,7,9.793,8.563,0.415,
30,130,70,0,0.000,1795.452,1534.926,,,,0.300,1,0,3,0,0,0,7,13.120,7.470,0.595,
30,130,75,0,0.000,1795.452,1534.926,,,,0.400,1,0,4,0,0,0,6,11.180,11.528,0.577,
30,130,80,0,0.000,1795.452,1534.926,,,,0.500,1,0,5,0,0,0,5,8.529,15.182,0.466,
30,130,85,0,0.000,1795.452,1534.926,,,,0.800,1,0,8,0,0,0,2,12.452,10.701,0.538,
30,130,90,0,0.000,1795.452,1534.926,,,,0.900,1,0,9,0,0,0,1,8.878,11.354,0.573,
30,130,95,0,0.000,1795.452,1534.926,,,,1.000,1,0,10,0,0,0,0,9.878,10.615,0.511,
30,130,100,0,0.000,1795.452,1534.926,,,,1.000,1,0,10,0,0,0,0,11.726,10.923,0.608,
30,130,105,0,0.000,1795.452,1534.926,,,,1.000,1,0,10,0,0,0,0,10.494,12.745,0.595,
30,130,110,0,0.000,1795.452,1534.926,,,,1.000,1,0,10,0,0,0,0,8.140,9.166,0.448,
30,130,115,0,0.000,1795.452,1534.926,,,,1.000,1,0,10,0,0,0,0,9.974,11.048,0.533,
30,130,120,0,0.000,1795.452,1534.926,,,,1.000,1,0,10,0,0,0,0,12.404,8.804,0.583,
30,130,125,0,0.000,1795.452,1534.926,,,,1.000,1,0,10,0,0,0,0,12.727,10.028,0.369,
30,130,130,0,0.000,1795.452,1534.926,,,,1.000,1,0,10,0,0,0,0,11.663,10.898,0.657,
30,130,135,0,0.000,1795.452,1534.926,,,,1.000,1,0,10,0,0,0,0,10.662,8.085,0.654,
30,130,140,0,0.000,1795.452,1534.926,,,,1.000,1,0,10,0,0,0,0,10.726,11.815,0.562,
30,130,145,0,0.000,1795.452,1534.926,,,,1.000,1,0,10,0,0,0,0,12.951,8.230,0.330,
30,130,150,0,0.000,1795.452,1534.926,,,,1.000,1,0,10,0,0,0,0,9.147,10.160,0.510,
30,130,155,0,0.000,1795.452,1534.926,,,,1.000,1,0,10,0,0,0,0,6.213,9.328,0.428,
30,130,160,0,0.000,1795.452,1534.926,,,,1.000,1,0,10,0,0,0,0,9.451,11.508,0.476,
30,130,165,0,0.000,1795.452,1534.926,,,,1.000,1,0,10,0,0,0,0,10.303,13.999,0.472,
30,130,170,0,0.000,1795.452,1534.926,,,,1.000,1,0,10,0,0,0,0,11.028,6.899,0.651,
30,130,175,0,0.000,1795.452,1534.926,,,,1.000,1,0,10,0,0,0,0,8.149,10.027,0.731,
30,130,180,0,0.000,1795.452,1534.926,,,,1.000,1,0,10,0,0,0,0,9.655,12.453,0.457,
30,130,185,0,0.000,1795.452,1534.926,,,,1.000,1,0,10,0,0,0,0,12.565,10.505,0.553,
30,130,190,0,0.000,1795.452,1534.926,,,,1.000,1,0,10,0,0,0,0,13.591,13.786,0.666,
30,130,195,0,0.000,1795.452,1534.926,,,,1.000,1,0,10,0,0,0,0,11.174,13.398,0.501,
30,130,200,0,0.000,1795.452,1534.926,,,,1.000,1,0,10,0,0,0,0,13.288,11.966,0.600,
30,130,205,0,0.000,1795.452,1534.926,,,,1.000,1,0,10,0,0,0,0,7.370,11.551,0.317,
30,130,210,0,0.000,1795.452,1534.926,,,,1.000,1,0,10,0,0,0,0,13.893,8.082,0.509,
30,130,215,0,0.000,1795.452,1534.926,,,,1.000,1,0,10,0,0,0,0,9.142,9.932,0.605,
30,130,220,0,0.000,1795.452,1534.926,,,,1.000,1,0,10,0,0,0,0,9.362,10.980,0.587,
30,130,225,0,0.000,1795.452,1534.926,,,,1.000,1,0,10,0,0,0,0,9.122,11.274,0.557,
30,130,230,0,0.000,1795.452,1534.926,,,,1.000,1,0,10,0,0,0,0,9.473,9.774,0.580,
30,130,235,0,0.000,1795.452,1534.926,,,,1.000,1,0,10,0,0,0,0,10.893,10.073,0.610,
30,130,240,0,0.000,1795.452,1534.926,,,,1.000,1,0,10,0,0,0,0,12.299,7.523,0.522,
30,130,245,0,0.000,1795.452,1534.926,,,,1.000,1,0,10,0,0,0,0,12.915,7.909,0.582,
30,130,250,0,0.000,1795.452,1534.926,,,,1.000,1,0,10,0,0,0,0,10.827,6.575,0.579,
30,130,255,0,0.000,1795.452,1534.926,,,,1.000,1,0,10,0,0,0,0,11.640,10.572,0.465,
30,130,260,0,0.000,1795.452,1534.926,,,,1.000,1,0,10,0,0,0,0,8.649,11.623,0.511,
30,130,265,0,0.000,1795.452,1534.926,,,,1.000,1,0,10,0,0,0,0,9.821,13.170,0.513,
30,130,270,0,0.000,1795.452,1534.926,,,,1.000,1,0,10,0,0,0,0,11.904,10.429,0.413,
30,130,275,0,0.000,1795.452,1534.926,,,,1.000,1,0,10,0,0,0,0,13.087,13.478,0.647,
30,130,280,0,0.000,1795.452,1534.926,,,,1.000,1,0,10,0,0,0,0,8.773,11.392,0.626,
30,130,285,0,0.000,1795.452,1534.926,,,,1.000,1,0,10,0,0,0,0,11.862,10.958,0.495,
30,135,-10,0,0.000,1795.452,1534.926,,,,0.000,0,0,0,0,0,0,10,8.880,11.404,0.539,
30,135,-5,0,0.000,1795.452,1534.926,,,,0.000,0,0,0,0,0,0,10,11.977,10.496,0.491,
30,135,0,0,0.000,1795.452,1534.926,,,,0.000,0,0,0,0,0,0,10,10.685,10.745,0.609,
30,135,5,0,0.000,1795.452,1534.926,,,,0.000,0,0,0,0,0,0,10,14.034,13.410,0.638,
30,135,10,0,0.000,1795.452,1534.926,,,,0.000,0,0,0,0,0,0,10,10.361,12.156,0.598,
30,135,15,0,0.000,1795.452,1534.926,,,,0.000,0,0,0,0,0,0,10,9.768,9.157,0.537,
30,135,20,0,0.000,1795.452,1534.926,,,,0.000,0,0,0,0,0,0,10,8.388,9.525,0.384,
30,135,25,0,0.000,1795.452,1534.926,,,,0.000,0,0,0,0,0,0,10,11.049,10.981,0.603,
30,135,30,0,0.000,1795.452,1534.926,,,,0.000,0,0,0,0,0,0,10,11.569,9.751,0.442,
30,135,35,0,0.000,1795.452,1534.926,,,,0.000,0,0,0,0,0,0,10,12.227,10.909,0.637,
30,135,40,0,0.000,1795.452,1534.926,,,,0.000,0,0,0,0,0,0,10,9.290,11.429,0.517,
30,135,45,0,0.000,1795.452,1534.926,,,,0.000,0,0,0,0,0,0,10,9.833,12.008,0.662,
30,135,50,0,0.000,1795.452,1534.926,,,,0.000,0,0,0,0,0,0,10,11.195,13.330,0.637,
30,135,55,0,0.000,1795.452,1534.926,,,,0.000,0,0,0,0,0,0,10,8.669,12.719,0.442,
30,135,60,0,0.000,1795.452,1534.926,,,,0.000,0,0,0,0,0,0,10,11.638,12.027,0.593,
30,135,65,0,0.000,1795.452,1534.926,,,,0.500,1,0,5,0,0,0,5,13.050,11.418,0.627,
30,135,70,0,0.000,1795.452,1534.926,,,,0.300,1,0,3,0,0,0,7,11.207,7.105,0.538,
30,135,75,0,0.000,1795.452,1534.926,,,,0.200,1,0,2,0,0,0,8,10.472,11.956,0.603,
30,135,80,0,0.000,1795.452,1534.926,,,,0.500,1,0,5,0,0,0,5,11.184,12.568,0.538,
30,135,85,0,0.000,1795.452,1534.926,,,,0.900,1,0,9,0,0,0,1,12.760,6.543,0.638,
30,135,90,0,0.000,1795.452,1534.926,,,,0.800,1,0,8,0,0,0,2,10.691,13.882,0.449,
30,135,95,0,0.000,1795.452,1534.926,,,,1.000,1,0,10,0,0,0,0,12.750,10.346,0.461,
30,135,100,0,0.000,1795.452,1534.926,,,,0.900,1,0,9,0,0,0,1,14.208,11.908,0.469,
30,135,105,0,0.000,1795.452,1534.926,,,,1.000,1,0,10,0,0,0,0,10.063,7.507,0.450,
30,135,110,0,0.000,1795.452,1534.926,,,,1.000,1,0,10,0,0,0,0,7.967,13.367,0.637,
30,135,115,0,0.000,1795.452,1534.926,,,,1.000,1,0,10,0,0,0,0,10.604,13.356,0.667,
30,135,120,0,0.000,1795.452,1534.926,,,,1.000,1,0,10,0,0,0,0,6.244,12.537,0.589,
30,135,125,0,0.000,1795.452,1534.926,,,,1.000,1,0,10,0,0,0,0,11.745,10.559,0.514,
30,135,130,0,0.000,1795.452,1534.926,,,,1.000,1,0,10,0,0,0,0,8.319,14.136,0.451,
30,135,135,0,0.000,1795.452,1534.926,,,,1.000,1,0,10,0,0,0,0,11.179,10.089,0.457,
30,135,140,0,0.000,1795.452,1534.926,,,,1.000,1,0,10,0,0,0,0,12.568,11.790,0.713,
30,135,145,0,0.000,1795.452,1534.926,,,,1.000,1,0,10,0,0,0,0,12.548,10.053,0.618,
30,135,150,0,0.000,1795.452,1534.926,,,,1.000,1,0,10,0,0,0,0,9.064,11.726,0.520,
30,135,155,0,0.000,1795.452,1534.926,,,,1.000,1,0,10,0,0,0,0,7.999,13.684,0.482,
30,135,160,0,0.000,1795.452,1534.926,,,,1.000,1,0,10,0,0,0,0,9.107,11.006,0.596,
30,135,165,0,0.000,1795.452,1534.926,,,,1.000,1,0,10,0,0,0,0,12.423,8.689,0.633,
30,135,170,0,0.000,1795.452,1534.926,,,,1.000,1,0,10,0,0,0,0,13.778,11.161,0.535,
30,135,175,0,0.000,1795.452,1534.926,,,,1.000,1,0,10,0,0,0,0,10.318,8.897,0.587,
30,135,180,0,0.000,1795.452,1534.926,,,,1.000,1,0,10,0,0,0,0,13.878,11.128,0.606,
30,135,185,0,0.000,1795.452,1534.926,,,,1.000,1,0,10,0,0,0,0,13.313,14.441,0.647,
30,135,190,0,0.000,1795.452,1534.926,,,,1.000,1,0,10,0,0,0,0,14.963,6.757,0.442,
30,135,195,0,0.000,1795.452,1534.926,,,,1.000,1,0,10,0,0,0,0,12.649,13.604,0.443,
30,135,200,0,0.000,1795.452,1534.926,,,,1.000,1,0,10,0,0,0,0,11.308,9.659,0.589,
30,135,205,0,0.000,1795.452,1534.926,,,,1.000,1,0,10,0,0,0,0,11.050,9.950,0.534,
30,135,210,0,0.000,1795.452,1534.926,,,,1.000,1,0,10,0,0,0,0,13.064,10.550,0.565,
30,135,215,0,0.000,1795.452,1534.926,,,,1.000,1,0,10,0,0,0,0,8.005,11.833,0.544,
30,135,220,0,0.000,1795.452,1534.926,,,,1.000,1,0,10,0,0,0,0,10.056,9.395,0.522,
30,135,225,0,0.000,1795.452,1534.926,,,,1.000,1,0,10,0,0,0,0,13.366,11.250,0.643,
30,135,230,0,0.000,1795.452,1534.926,,,,1.000,1,0,10,0,0,0,0,8.549,10.629,0.538,
30,135,235,0,0.000,1795.452,1534.926,,,,1.000,1,0,10,0,0,0,0,12.482,10.381,0.686,
30,135,240,0,0.000,1795.452,1534.926,,,,1.000,1,0,10,0,0,0,0,8.423,8.672,0.599,
30,135,245,0,0.000,1795.452,1534.926,,,,1.000,1,0,10,0,0,0,0,14.175,6.616,0.493,
30,135,250,0,0.000,1795.452,1534.926,,,,1.000,1,0,10,0,0,0,0,9.947,10.365,0.414,
30,135,255,0,0.000,1795.452,1534.926,,,,1.000,1,0,10,0,0,0,0,11.812,10.531,0.601,
30,135,260,0,0.000,1795.452,1534.926,,,,1.000,1,0,10,0,0,0,0,8.598,12.438,0.572,
30,135,265,0,0.000,1795.452,1534.926,,,,1.000,1,0,10,0,0,0,0,10.578,6.853,0.638,
30,135,270,0,0.000,1795.452,1534.926,,,,1.000,1,0,10,0,0,0,0,11.261,9.327,0.498,
30,135,275,0,0.000,1795.452,1534.926,,,,1.000,1,0,10,0,0,0,0,9.456,10.886,0.566,
30,135,280,0,0.000,1795.452,1534.926,,,,1.000,1,0,10,0,0,0,0,8.876,8.373,0.514,
30,135,285,0,0.000,1795.452,1534.926,,,,1.000,1,0,10,0,0,0,0,9.258,10.349,0.471,
30,140,-10,0,0.000,1795.452,1534.926,,,,0.000,0,0,0,0,0,0,10,12.528,8.891,0.613,
30,140,-5,0,0.000,1795.452,1534.926,,,,0.000,0,0,0,0,0,0,10,13.694,11.496,0.556,
30,140,0,0,0.000,1795.452,1534.926,,,,0.000,0,0,0,0,0,0,10,12.045,13.468,0.498,
30,140,5,0,0.000,1795.452,1534.926,,,,0.000,0,0,0,0,0,0,10,13.430,10.717,0.643,
30,140,10,0,0.000,1795.452,1534.926,,,,0.000,0,0,0,0,0,0,10,9.820,10.544,0.599,
30,140,15,0,0.000,1795.452,1534.926,,,,0.000,0,0,0,0,0,0,10,11.922,9.577,0.515,
30,140,20,0,0.000,1795.452,1534.926,,,,0.000,0,0,0,0,0,0,10,13.835,11.225,0.529,
30,140,25,0,0.000,1795.452,1534.926,,,,0.000,0,0,0,0,0,0,10,7.547,9.257,0.556,
30,140,30,0,0.000,1795.452,1534.926,,,,0.000,0,0,0,0,0,0,10,13.907,11.789,0.408,
30,140,35,0,0.000,1795.452,1534.926,,,,0.000,0,0,0,0,0,0,10,7.686,11.189,0.581,
30,140,40,0,0.000,1795.452,1534.926,,,,0.000,0,0,0,0,0,0,10,11.596,13.372,0.538,
30,140,45,0,0.000,1795.452,1534.926,,,,0.000,0,0,0,0,0,0,10,11.733,10.826,0.670,
30,140,50,0,0.000,1795.452,1534.926,,,,0.000,0,0,0,0,0,0,10,11.369,8.671,0.402,
30,140,55,0,0.000,1795.452,1534.926,,,,0.000,0,0,0,0,0,0,10,11.536,7.755,0.538,
30,140,60,0,0.000,1795.452,1534.926,,,,0.100,1,0,1,0,0,0,9,10.219,12.391,0.507,
30,140,65,0,0.000,1795.452,1534.926,,,,0.000,0,0,0,0,0,0,10,11.774,11.953,0.634,
30,140,70,0,0.000,1795.452,1534.926,,,,0.300,1,0,3,0,0,0,7,10.115,10.342,0.508,
30,140,75,0,0.000,1795.452,1534.926,,,,0.400,1,0,4,0,0,0,6,11.969,12.881,0.507,
30,140,80,0,0.000,1795.452,1534.926,,,,0.400,1,0,4,0,0,0,6,8.216,9.944,0.351,
30,140,85,0,0.000,1795.452,1534.926,,,,0.400,1,0,4,0,0,0,6,12.615,11.208,0.581,
30,140,90,0,0.000,1795.452,1534.926,,,,0.600,1,0,6,0,0,0,4,10.374,10.371,0.479,
30,140,95,0,0.000,1795.452,1534.926,,,,0.800,1,0,8,0,0,0,2,8.013,12.496,0.568,
30,140,100,0,0.000,1795.452,1534.926,,,,1.000,1,0,10,0,0,0,0,12.439,7.971,0.559,
30,140,105,0,0.000,1795.452,1534.926,,,,1.000,1,0,10,0,0,0,0,10.228,13.558,0.556,
30,140,110,0,0.000,1795.452,1534.926,,,,1.000,1,0,10,0,0,0,0,9.964,12.335,0.467,
30,140,115,0,0.000,1795.452,1534.926,,,,1.000,1,0,10,0,0,0,0,12.461,11.607,0.577,
30,140,120,0,0.000,1795.452,1534.926,,,,1.000,1,0,10,0,0,0,0,12.654,9.813,0.447,
30,140,125,0,0.000,1795.452,1534.926,,,,1.000,1,0,10,0,0,0,0,8.238,10.850,0.448,
30,140,130,0,0.000,1795.452,1534.926,,,,1.000,1,0,10,0,0,0,0,9.590,12.481,0.509,
30,140,135,0,0.000,1795.452,1534.926,,,,1.000,1,0,10,0,0,0,0,11.574,14.210,0.591,
30,140,140,0,0.000,1795.452,1534.926,,,,1.000,1,0,10,0,0,0,0,8.411,12.635,0.574,
30,140,145,0,0.000,1795.452,1534.926,,,,1.000,1,0,10,0,0,0,0,8.942,11.608,0.343,
30,140,150,0,0.000,1795.452,1534.926,,,,1.000,1,0,10,0,0,0,0,11.385,12.971,0.416,
30,140,155,0,0.000,1795.452,1534.926,,,,1.000,1,0,10,0,0,0,0,9.575,8.688,0.608,
30,140,160,0,0.000,1795.452,1534.926,,,,1.000,1,0,10,0,0,0,0,8.447,10.230,0.589,
30,140,165,0,0.000,1795.452,1534.926,,,,1.000,1,0,10,0,0,0,0,5.374,12.820,0.584,
30,140,170,0,0.000,1795.452,1534.926,,,,1.000,1,0,10,0,0,0,0,10.294,11.844,0.648,
30,140,175,0,0.000,1795.452,1534.926,,,,1.000,1,0,10,0,0,0,0,12.129,11.744,0.651,
30,140,180,0,0.000,1795.452,1534.926,,,,1.000,1,0,10,0,0,0,0,12.019,11.168,0.501,
30,140,185,0,0.000,1795.452,1534.926,,,,1.000,1,0,10,0,0,0,0,15.806,14.563,0.640,
30,140,190,0,0.000,1795.452,1534.926,,,,1.000,1,0,10,0,0,0,0,9.985,9.364,0.615,
30,140,195,0,0.000,1795.452,1534.926,,,,1.000,1,0,10,0,0,0,0,11.039,12.548,0.463,
30,140,200,0,0.000,1795.452,1534.926,,,,1.000,1,0,10,0,0,0,0,7.424,9.575,0.528,
30,140,205,0,0.000,1795.452,1534.926,,,,1.000,1,0,10,0,0,0,0,7.471,8.821,0.521,
30,140,210,0,0.000,1795.452,1534.926,,,,1.000,1,0,10,0,0,0,0,9.899,8.140,0.448,
30,140,215,0,0.000,1795.452,1534.926,,,,1.000,1,0,10,0,0,0,0,12.945,8.757,0.499,
30,140,220,0,0.000,1795.452,1534.926,,,,1.000,1,0,10,0,0,0,0,7.927,12.104,0.656,
30,140,225,0,0.000,1795.452,1534.926,,,,1.000,1,0,10,0,0,0,0,6.011,12.192,0.603,
30,140,230,0,0.000,1795.452,1534.926,,,,1.000,1,0,10,0,0,0,0,12.669,8.997,0.465,
30,140,235,0,0.000,1795.452,1534.926,,,,1.000,1,0,10,0,0,0,0,12.405,13.486,0.487,
30,140,240,0,0.000,1795.452,1534.926,,,,1.000,1,0,10,0,0,0,0,9.475,8.277,0.697,
30,140,245,0,0.000,1795.452,1534.926,,,,1.000,1,0,10,0,0,0,0,11.239,9.230,0.548,
30,140,250,0,0.000,1795.452,1534.926,,,,1.000,1,0,10,0,0,0,0,12.645,8.728,0.501,
30,140,255,0,0.000,1795.452,1534.926,,,,1.000,1,0,10,0,0,0,0,11.981,11.239,0.484,
30,140,260,0,0.000,1795.452,1534.926,,,,1.000,1,0,10,0,0,0,0,8.001,7.875,0.657,
30,140,265,0,0.000,1795.452,1534.926,,,,1.000,1,0,10,0,0,0,0,11.402,13.154,0.459,
30,140,270,0,0.000,1795.452,1534.926,,,,1.000,1,0,10,0,0,0,0,6.549,11.746,0.534,
30,140,275,0,0.000,1795.452,1534.926,,,,1.000,1,0,10,0,0,0,0,13.758,9.658,0.673,
30,140,280,0,0.000,1795.452,1534.926,,,,1.000,1,0,10,0,0,0,0,11.586,11.150,0.569,
30,140,285,0,0.000,1795.452,1534.926,,,,1.000,1,0,10,0,0,0,0,9.045,11.315,0.621,
30,145,-10,0,0.000,1795.452,1534.926,,,,0.000,0,0,0,0,0,0,10,13.377,11.517,0.475,
30,145,-5,0,0.000,1795.452,1534.926,,,,0.000,0,0,0,0,0,0,10,10.487,11.696,0.577,
30,145,0,0,0.000,1795.452,1534.926,,,,0.000,0,0,0,0,0,0,10,8.153,8.455,0.468,
30,145,5,0,0.000,1795.452,1534.926,,,,0.000,0,0,0,0,0,0,10,13.885,13.432,0.444,
30,145,10,0,0.000,1795.452,1534.926,,,,0.000,0,0,0,0,0,0,10,10.773,10.328,0.497,
30,145,15,0,0.000,1795.452,1534.926,,,,0.000,0,0,0,0,0,0,10,9.788,12.937,0.545,
30,145,20,0,0.000,1795.452,1534.926,,,,0.000,0,0,0,0,0,0,10,11.149,10.866,0.620,
30,145,25,0,0.000,1795.452,1534.926,,,,0.000,0,0,0,0,0,0,10,9.795,7.569,0.642,
30,145,30,0,0.000,1795.452,1534.926,,,,0.000,0,0,0,0,0,0,10,13.001,8.155,0.475,
30,145,35,0,0.000,1795.452,1534.926,,,,0.000,0,0,0,0,0,0,10,10.899,9.960,0.534,
30,145,40,0,0.000,1795.452,1534.926,,,,0.000,0,0,0,0,0,0,10,10.764,11.104,0.589,
30,145,45,0,0.000,1795.452,1534.926,,,,0.000,0,0,0,0,0,0,10,12.019,10.600,0.451,
30,145,50,0,0.000,1795.452,1534.926,,,,0.000,0,0,0,0,0,0,10,9.699,11.306,0.533,
30,145,55,0,0.000,1795.452,1534.926,,,,0.000,0,0,0,0,0,0,10,11.026,10.588,0.304,
30,145,60,0,0.000,1795.452,1534.926,,,,0.000,0,0,0,0,0,0,10,11.077,12.991,0.587,
30,145,65,0,0.000,1795.452,1534.926,,,,0.000,0,0,0,0,0,0,10,8.950,8.512,0.429,
30,145,70,0,0.000,1795.452,1534.926,,,,0.000,0,0,0,0,0,0,10,8.578,7.832,0.604,
30,145,75,0,0.000,1795.452,1534.926,,,,0.200,1,0,2,0,0,0,8,8.954,8.433,0.547,
30,145,80,0,0.000,1795.452,1534.926,,,,0.400,1,0,4,0,0,0,6,8.356,14.409,0.513,
30,145,85,0,0.000,1795.452,1534.926,,,,0.700,1,0,7,0,0,0,3,10.985,11.234,0.596,
30,145,90,0,0.000,1795.452,1534.926,,,,0.700,1,0,7,0,0,0,3,7.505,7.926,0.551,
30,145,95,0,0.000,1795.452,1534.926,,,,0.900,1,0,9,0,0,0,1,12.758,9.890,0.494,
30,145,100,0,0.000,1795.452,1534.926,,,,0.900,1,0,9,0,0,0,1,8.335,8.296,0.419,
30,145,105,0,0.000,1795.452,1534.926,,,,0.900,1,0,9,0,0,0,1,14.470,11.179,0.538,
30,145,110,0,0.000,1795.452,1534.926,,,,1.000,1,0,10,0,0,0,0,8.726,9.942,0.458,
30,145,115,0,0.000,1795.452,1534.926,,,,1.000,1,0,10,0,0,0,0,10.357,11.013,0.558,
30,145,120,0,0.000,1795.452,1534.926,,,,1.000,1,0,10,0,0,0,0,11.534,11.404,0.545,
30,145,125,0,0.000,1795.452,1534.926,,,,1.000,1,0,10,0,0,0,0,10.289,12.894,0.559,
30,145,130,0,0.000,1795.452,1534.926,,,,1.000,1,0,10,0,0,0,0,9.547,11.940,0.556,
30,145,135,0,0.000,1795.452,1534.926,,,,1.000,1,0,10,0,0,0,0,8.008,10.734,0.423,
30,145,140,0,0.000,1795.452,1534.926,,,,1.000,1,0,10,0,0,0,0,13.473,8.396,0.421,
30,145,145,0,0.000,1795.452,1534.926,,,,1.000,1,0,10,0,0,0,0,11.896,11.029,0.518,
30,145,150,0,0.000,1795.452,1534.926,,,,1.000,1,0,10,0,0,0,0,13.248,10.407,0.620,
30,145,155,0,0.000,1795.452,1534.926,,,,1.000,1,0,10,0,0,0,0,7.792,10.189,0.556,
30,145,160,0,0.000,1795.452,1534.926,,,,1.000,1,0,10,0,0,0,0,12.713,12.784,0.513,
30,145,165,0,0.000,1795.452,1534.926,,,,1.000,1,0,10,0,0,0,0,6.913,11.743,0.359,
30,145,170,0,0.000,1795.452,1534.926,,,,1.000,1,0,10,0,0,0,0,8.535,13.398,0.504,
30,145,175,0,0.000,1795.452,1534.926,,,,1.000,1,0,10,0,0,0,0,11.454,9.301,0.608,
30,145,180,0,0.000,1795.452,1534.926,,,,1.000,1,0,10,0,0,0,0,7.429,11.145,0.568,
30,145,185,0,0.000,1795.452,1534.926,,,,1.000,1,0,10,0,0,0,0,13.812,10.758,0.609,
30,145,190,0,0.000,1795.452,1534.926,,,,1.000,1,0,10,0,0,0,0,10.565,14.105,0.552,
30,145,195,0,0.000,1795.452,1534.926,,,,1.000,1,0,10,0,0,0,0,9.100,10.789,0.458,
30,145,200,0,0.000,1795.452,1534.926,,,,1.000,1,0,10,0,0,0,0,8.273,8.767,0.696,
30,145,205,0,0.000,1795.452,1534.926,,,,1.000,1,0,10,0,0,0,0,10.769,10.825,0.510,
30,145,210,0,0.000,1795.452,1534.926,,,,1.000,1,0,10,0,0,0,0,11.882,10.894,0.634,
30,145,215,0,0.000,1795.452,1534.926,,,,1.000,1,0,10,0,0,0,0,9.690,12.505,0.523,
30,145,220,0,0.000,1795.452,1534.926,,,,1.000,1,0,10,0,0,0,0,8.702,9.292,0.522,
30,145,225,0,0.000,1795.452,1534.926,,,,1.000,1,0,10,0,0,0,0,13.259,11.692,0.484,
30,145,230,0,0.000,1795.452,1534.926,,,,1.000,1,0,10,0,0,0,0,12.006,10.858,0.562,
30,145,235,0,0.000,1795.452,1534.926,,,,1.000,1,0,10,0,0,0,0,12.079,10.146,0.437,
30,145,240,0,0.000,1795.452,1534.926,,,,1.000,1,0,10,0,0,0,0,8.810,11.556,0.532,
30,145,245,0,0.000,1795.452,1534.926,,,,1.000,1,0,10,0,0,0,0,11.347,7.249,0.416,
30,145,250,0,0.000,1795.452,1534.926,,,,1.000,1,0,10,0,0,0,0,10.214,11.398,0.580,
30,145,255,0,0.000,1795.452,1534.926,,,,1.000,1,0,10,0,0,0,0,11.262,11.838,0.518,
30,145,260,0,0.000,1795.452,1534.926,,,,1.000,1,0,10,0,0,0,0,10.325,10.019,0.615,
30,145,265,0,0.000,1795.452,1534.926,,,,1.000,1,0,10,0,0,0,0,9.227,10.079,0.461,
30,145,270,0,0.000,1795.452,1534.926,,,,1.000,1,0,10,0,0,0,0,10.997,10.579,0.584,
30,145,275,0,0.000,1795.452,1534.926,,,,1.000,1,0,10,0,0,0,0,14.223,9.400,0.534,
30,145,280,0,0.000,1795.452,1534.926,,,,1.000,1,0,10,0,0,0,0,12.090,11.293,0.528,
30,145,285,0,0.000,1795.452,1534.926,,,,1.000,1,0,10,0,0,0,0,13.292,13.710,0.674,
30,150,-10,0,0.000,1795.452,1534.926,,,,0.000,0,0,0,0,0,0,10,8.601,9.857,0.607,
30,150,-5,0,0.000,1795.452,1534.926,,,,0.000,0,0,0,0,0,0,10,11.618,10.920,0.448,
30,150,0,0,0.000,1795.452,1534.926,,,,0.000,0,0,0,0,0,0,10,7.860,13.146,0.535,
30,150,5,0,0.000,1795.452,1534.926,,,,0.000,0,0,0,0,0,0,10,11.099,13.102,0.417,
30,150,10,0,0.000,1795.452,1534.926,,,,0.000,0,0,0,0,0,0,10,11.299,11.815,0.428,
30,150,15,0,0.000,1795.452,1534.926,,,,0.000,0,0,0,0,0,0,10,12.155,10.453,0.596,
30,150,20,0,0.000,1795.452,1534.926,,,,0.000,0,0,0,0,0,0,10,12.586,10.722,0.505,
30,150,25,0,0.000,1795.452,1534.926,,,,0.000,0,0,0,0,0,0,10,11.185,9.044,0.388,
30,150,30,0,0.000,1795.452,1534.926,,,,0.000,0,0,0,0,0,0,10,10.867,11.434,0.416,
30,150,35,0,0.000,1795.452,1534.926,,,,0.000,0,0,0,0,0,0,10,13.798,11.944,0.719,
30,150,40,0,0.000,1795.452,1534.926,,,,0.000,0,0,0,0,0,0,10,8.195,11.151,0.678,
30,150,45,0,0.000,1795.452,1534.926,,,,0.000,0,0,0,0,0,0,10,11.367,13.595,0.517,
30,150,50,0,0.000,1795.452,1534.926,,,,0.000,0,0,0,0,0,0,10,14.274,11.509,0.724,
30,150,55,0,0.000,1795.452,1534.926,,,,0.000,0,0,0,0,0,0,10,9.168,9.607,0.581,
30,150,60,0,0.000,1795.452,1534.926,,,,0.100,1,0,1,0,0,0,9,11.680,11.769,0.301,
30,150,65,0,0.000,1795.452,1534.926,,,,0.200,1,0,2,0,0,0,8,11.567,12.426,0.620,
30,150,70,0,0.000,1795.452,1534.926,,,,0.100,1,0,1,0,0,0,9,9.315,11.514,0.554,
30,150,75,0,0.000,1795.452,1534.926,,,,0.200,1,0,2,0,0,0,8,12.017,7.183,0.516,
30,150,80,0,0.000,1795.452,1534.926,,,,0.600,1,0,6,0,0,0,4,8.593,13.436,0.512,
30,150,85,0,0.000,1795.452,1534.926,,,,0.000,0,0,0,0,0,0,10,11.271,9.988,0.381,
30,150,90,0,0.000,1795.452,1534.926,,,,0.800,1,0,8,0,0,0,2,10.917,10.978,0.554,
30,150,95,0,0.000,1795.452,1534.926,,,,0.600,1,0,6,0,0,0,4,12.268,12.638,0.610,
30,150,100,0,0.000,1795.452,1534.926,,,,0.900,1,0,9,0,0,0,1,8.612,8.496,0.545,
30,150,105,0,0.000,1795.452,1534.926,,,,0.800,1,0,8,0,0,0,2,12.459,7.788,0.669,
30,150,110,0,0.000,1795.452,1534.926,,,,1.000,1,0,10,0,0,0,0,11.706,8.488,0.489,
30,150,115,0,0.000,1795.452,1534.926,,,,1.000,1,0,10,0,0,0,0,9.175,9.899,0.594,
30,150,120,0,0.000,1795.452,1534.926,,,,1.000,1,0,10,0,0,0,0,13.940,12.197,0.577,
30,150,125,0,0.000,1795.452,1534.926,,,,1.000,1,0,10,0,0,0,0,10.278,12.700,0.618,
30,150,130,0,0.000,1795.452,1534.926,,,,1.000,1,0,10,0,0,0,0,10.006,13.191,0.621,
30,150,135,0,0.000,1795.452,1534.926,,,,1.000,1,0,10,0,0,0,0,12.464,11.550,0.590,
30,150,140,0,0.000,1795.452,1534.926,,,,1.000,1,0,10,0,0,0,0,10.138,9.578,0.584,
30,150,145,0,0.000,1795.452,1534.926,,,,1.000,1,0,10,0,0,0,0,10.735,15.521,0.541,
30,150,150,0,0.000,1795.452,1534.926,,,,1.000,1,0,10,0,0,0,0,9.954,13.953,0.407,
30,150,155,0,0.000,1795.452,1534.926,,,,1.000,1,0,10,0,0,0,0,9.874,12.108,0.578,
30,150,160,0,0.000,1795.452,1534.926,,,,1.000,1,0,10,0,0,0,0,11.928,12.387,0.563,
30,150,165,0,0.000,1795.452,1534.926,,,,1.000,1,0,10,0,0,0,0,9.888,10.796,0.407,
30,150,170,0,0.000,1795.452,1534.926,,,,1.000,1,0,10,0,0,0,0,9.860,13.173,0.559,
30,150,175,0,0.000,1795.452,1534.926,,,,1.000,1,0,10,0,0,0,0,9.621,9.487,0.490,
30,150,180,0,0.000,1795.452,1534.926,,,,1.000,1,0,10,0,0,0,0,11.677,8.811,0.487,
30,150,185,0,0.000,1795.452,1534.926,,,,1.000,1,0,10,0,0,0,0,10.528,11.205,0.657,
30,150,190,0,0.000,1795.452,1534.926,,,,1.000,1,0,10,0,0,0,0,12.785,11.403,0.551,
30,150,195,0,0.000,1795.452,1534.926,,,,1.000,1,0,10,0,0,0,0,9.699,11.845,0.487,
30,150,200,0,0.000,1795.452,1534.926,,,,1.000,1,0,10,0,0,0,0,14.196,13.330,0.500,
30,150,205,0,0.000,1795.452,1534.926,,,,1.000,1,0,10,0,0,0,0,11.806,11.378,0.618,
30,150,210,0,0.000,1795.452,1534.926,,,,1.000,1,0,10,0,0,0,0,13.567,10.272,0.517,
30,150,215,0,0.000,1795.452,1534.926,,,,1.000,1,0,10,0,0,0,0,12.135,10.608,0.709,
30,150,220,0,0.000,1795.452,1534.926,,,,1.000,1,0,10,0,0,0,0,9.176,15.177,0.567,
30,150,225,0,0.000,1795.452,1534.926,,,,1.000,1,0,10,0,0,0,0,11.418,9.216,0.612,
30,150,230,0,0.000,1795.452,1534.926,,,,1.000,1,0,10,0,0,0,0,11.665,14.163,0.423,
30,150,235,0,0.000,1795.452,1534.926,,,,1.000,1,0,10,0,0,0,0,11.348,7.402,0.552,
30,150,240,0,0.000,1795.452,1534.926,,,,1.000,1,0,10,0,0,0,0,10.725,8.936,0.491,
30,150,245,0,0.000,1795.452,1534.926,,,,1.000,1,0,10,0,0,0,0,6.973,10.712,0.573,
30,150,250,0,0.000,1795.452,1534.926,,,,1.000,1,0,10,0,0,0,0,10.616,13.776,0.567,
30,150,255,0,0.000,1795.452,1534.926,,,,1.000,1,0,10,0,0,0,0,8.948,12.484,0.601,
30,150,260,0,0.000,1795.452,1534.926,,,,1.000,1,0,10,0,0,0,0,11.540,13.989,0.447,
30,150,265,0,0.000,1795.452,1534.926,,,,1.000,1,0,10,0,0,0,0,9.841,6.754,0.338,
30,150,270,0,0.000,1795.452,1534.926,,,,1.000,1,0,10,0,0,0,0,11.300,9.573,0.560,
30,150,275,0,0.000,1795.452,1534.926,,,,1.000,1,0,10,0,0,0,0,9.558,12.522,0.453,
30,150,280,0,0.000,1795.452,1534.926,,,,1.000,1,0,10,0,0,0,0,13.127,7.643,0.574,
30,150,285,0,0.000,1795.452,1534.926,,,,1.000,1,0,10,0,0,0,0,14.242,8.644,0.575,
30,155,-10,0,0.000,1795.452,1534.926,,,,0.000,0,0,0,0,0,0,10,8.174,11.947,0.556,
30,155,-5,0,0.000,1795.452,1534.926,,,,0.000,0,0,0,0,0,0,10,10.360,11.829,0.519,
30,155,0,0,0.000,1795.452,1534.926,,,,0.000,0,0,0,0,0,0,10,12.276,8.655,0.707,
30,155,5,0,0.000,1795.452,1534.926,,,,0.000,0,0,0,0,0,0,10,13.426,11.272,0.665,
30,155,10,0,0.000,1795.452,1534.926,,,,0.000,0,0,0,0,0,0,10,12.638,12.570,0.410,
30,155,15,0,0.000,1795.452,1534.926,,,,0.000,0,0,0,0,0,0,10,9.707,10.578,0.443,
30,155,20,0,0.000,1795.452,1534.926,,,,0.000,0,0,0,0,0,0,10,12.389,9.417,0.613,
30,155,25,0,0.000,1795.452,1534.926,,,,0.000,0,0,0,0,0,0,10,10.612,12.919,0.539,
30,155,30,0,0.000,1795.452,1534.926,,,,0.000,0,0,0,0,0,0,10,10.374,13.704,0.637,
30,155,35,0,0.000,1795.452,1534.926,,,,0.000,0,0,0,0,0,0,10,11.822,12.079,0.582,
30,155,40,0,0.000,1795.452,1534.926,,,,0.000,0,0,0,0,0,0,10,12.969,11.752,0.487,
30,155,45,0,0.000,1795.452,1534.926,,,,0.000,0,0,0,0,0,0,10,12.448,14.571,0.485,
30,155,50,0,0.000,1795.452,1534.926,,,,0.000,0,0,0,0,0,0,10,10.633,9.329,0.633,
30,155,55,0,0.000,1795.452,1534.926,,,,0.000,0,0,0,0,0,0,10,9.427,7.183,0.441,
30,155,60,0,0.000,1795.452,1534.926,,,,0.000,0,0,0,0,0,0,10,9.474,8.556,0.534,
30,155,65,0,0.000,1795.452,1534.926,,,,0.100,1,0,1,0,0,0,9,10.747,10.248,0.406,
30,155,70,0,0.000,1795.452,1534.926,,,,0.200,1,0,2,0,0,0,8,10.920,13.523,0.338,
30,155,75,0,0.000,1795.452,1534.926,,,,0.100,1,0,1,0,0,0,9,9.260,8.605,0.653,
30,155,80,0,0.000,1795.452,1534.926,,,,0.500,1,0,5,0,0,0,5,11.970,14.337,0.455,
30,155,85,0,0.000,1795.452,1534.926,,,,0.400,1,0,4,0,0,0,6,7.763,9.405,0.633,
30,155,90,0,0.000,1795.452,1534.926,,,,0.300,1,0,3,0,0,0,7,9.925,8.769,0.549,
30,155,95,0,0.000,1795.452,1534.926,,,,0.600,1,0,6,0,0,0,4,11.752,8.313,0.656,
30,155,100,0,0.000,1795.452,1534.926,,,,0.400,1,0,4,0,0,0,6,13.434,10.437,0.634,
30,155,105,0,0.000,1795.452,1534.926,,,,0.700,1,0,7,0,0,0,3,12.349,10.936,0.618,
30,155,110,0,0.000,1795.452,1534.926,,,,1.000,1,0,10,0,0,0,0,8.161,13.805,0.655,
30,155,115,0,0.000,1795.452,1534.926,,,,1.000,1,0,10,0,0,0,0,11.127,11.427,0.508,
30,155,120,0,0.000,1795.452,1534.926,,,,1.000,1,0,10,0,0,0,0,11.516,10.928,0.607,
30,155,125,0,0.000,1795.452,1534.926,,,,1.000,1,0,10,0,0,0,0,10.185,11.997,0.597,
30,155,130,0,0.000,1795.452,1534.926,,,,1.000,1,0,10,0,0,0,0,9.278,11.920,0.538,
30,155,135,0,0.000,1795.452,1534.926,,,,1.000,1,0,10,0,0,0,0,12.082,10.537,0.587,
30,155,140,0,0.000,1795.452,1534.926,,,,1.000,1,0,10,0,0,0,0,8.594,11.334,0.493,
30,155,145,0,0.000,1795.452,1534.926,,,,1.000,1,0,10,0,0,0,0,7.967,14.599,0.594,
30,155,150,0,0.000,1795.452,1534.926,,,,1.000,1,0,10,0,0,0,0,9.754,8.208,0.638,
30,155,155,0,0.000,1795.452,1534.926,,,,1.000,1,0,10,0,0,0,0,13.041,10.730,0.417,
30,155,160,0,0.000,1795.452,1534.926,,,,1.000,1,0,10,0,0,0,0,12.874,10.864,0.390,
30,155,165,0,0.000,1795.452,1534.926,,,,1.000,1,0,10,0,0,0,0,8.670,9.546,0.541,
30,155,170,0,0.000,1795.452,1534.926,,,,1.000,1,0,10,0,0,0,0,11.592,8.869,0.586,
30,155,175,0,0.000,1795.452,1534.926,,,,1.000,1,0,10,0,0,0,0,10.515,12.414,0.528,
30,155,180,0,0.000,1795.452,1534.926,,,,1.000,1,0,10,0,0,0,0,12.782,9.470,0.481,
30,155,185,0,0.000,1795.452,1534.926,,,,1.000,1,0,10,0,0,0,0,8.279,8.285,0.537,
30,155,190,0,0.000,1795.452,1534.926,,,,1.000,1,0,10,0,0,0,0,10.619,12.250,0.452,
30,155,195,0,0.000,1795.452,1534.926,,,,1.000,1,0,10,0,0,0,0,11.663,11.192,0.495,
30,155,200,0,0.000,1795.452,1534.926,,,,1.000,1,0,10,0,0,0,0,10.405,10.106,0.421,
30,155,205,0,0.000,1795.452,1534.926,,,,1.000,1,0,10,0,0,0,0,6.329,13.138,0.574,
30,155,210,0,0.000,1795.452,1534.926,,,,1.000,1,0,10,0,0,0,0,13.177,11.977,0.582,
30,155,215,0,0.000,1795.452,1534.926,,,,1.000,1,0,10,0,0,0,0,8.620,11.080,0.700,
30,155,220,0,0.000,1795.452,1534.926,,,,1.000,1,0,10,0,0,0,0,14.509,11.461,0.555,
30,155,225,0,0.000,1795.452,1534.926,,,,1.000,1,0,10,0,0,0,0,14.497,9.368,0.638,
30,155,230,0,0.000,1795.452,1534.926,,,,1.000,1,0,10,0,0,0,0,9.600,11.140,0.319,
30,155,235,0,0.000,1795.452,1534.926,,,,1.000,1,0,10,0,0,0,0,12.202,8.438,0.502,
30,155,240,0,0.000,1795.452,1534.926,,,,1.000,1,0,10,0,0,0,0,9.684,11.985,0.562,
30,155,245,0,0.000,1795.452,1534.926,,,,1.000,1,0,10,0,0,0,0,9.634,8.208,0.482,
30,155,250,0,0.000,1795.452,1534.926,,,,1.000,1,0,10,0,0,0,0,9.827,8.042,0.495,
30,155,255,0,0.000,1795.452,1534.926,,,,1.000,1,0,10,0,0,0,0,9.850,11.121,0.583,
30,155,260,0,0.000,1795.452,1534.926,,,,1.000,1,0,10,0,0,0,0,10.294,10.170,0.412,
30,155,265,0,0.000,1795.452,1534.926,,,,1.000,1,0,10,0,0,0,0,12.722,12.945,0.611,
30,155,270,0,0.000,1795.452,1534.926,,,,1.000,1,0,10,0,0,0,0,11.625,11.744,0.284,
30,155,275,0,0.000,1795.452,1534.926,,,,1.000,1,0,10,0,0,0,0,10.138,9.776,0.531,
30,155,280,0,0.000,1795.452,1534.926,,,,1.000,1,0,10,0,0,0,0,12.453,10.063,0.518,
30,155,285,0,0.000,1795.452,1534.926,,,,1.000,1,0,10,0,0,0,0,11.585,13.804,0.426,
30,160,-10,0,0.000,1795.452,1534.926,,,,0.000,0,0,0,0,0,0,10,11.584,13.680,0.464,
30,160,-5,0,0.000,1795.452,1534.926,,,,0.000,0,0,0,0,0,0,10,9.191,9.517,0.634,
30,160,0,0,0.000,1795.452,1534.926,,,,0.000,0,0,0,0,0,0,10,10.277,10.880,0.507,
30,160,5,0,0.000,1795.452,1534.926,,,,0.000,0,0,0,0,0,0,10,9.906,10.079,0.619,
30,160,10,0,0.000,1795.452,1534.926,,,,0.000,0,0,0,0,0,0,10,8.527,12.801,0.627,
30,160,15,0,0.000,1795.452,1534.926,,,,0.000,0,0,0,0,0,0,10,7.007,12.444,0.565,
30,160,20,0,0.000,1795.452,1534.926,,,,0.000,0,0,0,0,0,0,10,7.784,6.999,0.676,
30,160,25,0,0.000,1795.452,1534.926,,,,0.000,0,0,0,0,0,0,10,9.356,9.374,0.439,
30,160,30,0,0.000,1795.452,1534.926,,,,0.000,0,0,0,0,0,0,10,13.086,12.043,0.639,
30,160,35,0,0.000,1795.452,1534.926,,,,0.000,0,0,0,0,0,0,10,13.096,11.420,0.571,
30,160,40,0,0.000,1795.452,1534.926,,,,0.000,0,0,0,0,0,0,10,11.356,12.044,0.464,
30,160,45,0,0.000,1795.452,1534.926,,,,0.000,0,0,0,0,0,0,10,10.711,12.233,0.624,
30,160,50,0,0.000,1795.452,1534.926,,,,0.000,0,0,0,0,0,0,10,9.415,10.903,0.449,
30,160,55,0,0.000,1795.452,1534.926,,,,0.000,0,0,0,0,0,0,10,10.275,9.265,0.634,
30,160,60,0,0.000,1795.452,1534.926,,,,0.000,0,0,0,0,0,0,10,10.282,12.837,0.565,
30,160,65,0,0.000,1795.452,1534.926,,,,0.100,1,0,1,0,0,0,9,13.473,11.297,0.475,
30,160,70,0,0.000,1795.452,1534.926,,,,0.100,1,0,1,0,0,0,9,9.746,12.556,0.613,
30,160,75,0,0.000,1795.452,1534.926,,,,0.200,1,0,2,0,0,0,8,11.563,11.905,0.592,
30,160,80,0,0.000,1795.452,1534.926,,,,0.100,1,0,1,0,0,0,9,12.589,11.410,0.640,
30,160,85,0,0.000,1795.452,1534.926,,,,0.300,1,0,3,0,0,0,7,11.558,10.969,0.427,
30,160,90,0,0.000,1795.452,1534.926,,,,0.300,1,0,3,0,0,0,7,12.945,11.409,0.411,
30,160,95,0,0.000,1795.452,1534.926,,,,0.800,1,0,8,0,0,0,2,10.417,12.091,0.616,
30,160,100,0,0.000,1795.452,1534.926,,,,0.500,1,0,5,0,0,0,5,12.891,12.350,0.540,
30,160,105,0,0.000,1795.452,1534.926,,,,0.500,1,0,5,0,0,0,5,8.634,10.211,0.492,
30,160,110,0,0.000,1795.452,1534.926,,,,0.900,1,0,9,0,0,0,1,7.441,10.414,0.673,
30,160,115,0,0.000,1795.452,1534.926,,,,1.000,1,0,10,0,0,0,0,13.137,11.398,0.395,
30,160,120,0,0.000,1795.452,1534.926,,,,1.000,1,0,10,0,0,0,0,8.765,12.424,0.419,
30,160,125,0,0.000,1795.452,1534.926,,,,1.000,1,0,10,0,0,0,0,11.967,10.111,0.406,
30,160,130,0,0.000,1795.452,1534.926,,,,1.000,1,0,10,0,0,0,0,12.848,9.798,0.470,
30,160,135,0,0.000,1795.452,1534.926,,,,1.000,1,0,10,0,0,0,0,11.129,9.036,0.438,
30,160,140,0,0.000,1795.452,1534.926,,,,1.000,1,0,10,0,0,0,0,6.173,12.141,0.560,
30,160,145,0,0.000,1795.452,1534.926,,,,1.000,1,0,10,0,0,0,0,11.356,12.065,0.450,
30,160,150,0,0.000,1795.452,1534.926,,,,1.000,1,0,10,0,0,0,0,10.018,10.575,0.589,
30,160,155,0,0.000,1795.452,1534.926,,,,1.000,1,0,10,0,0,0,0,9.596,8.225,0.634,
30,160,160,0,0.000,1795.452,1534.926,,,,1.000,1,0,10,0,0,0,0,9.779,9.903,0.624,
30,160,165,0,0.000,1795.452,1534.926,,,,1.000,1,0,10,0,0,0,0,11.367,8.830,0.577,
30,160,170,0,0.000,1795.452,1534.926,,,,1.000,1,0,10,0,0,0,0,9.994,11.623,0.601,
30,160,175,0,0.000,1795.452,1534.926,,,,1.000,1,0,10,0,0,0,0,10.662,8.184,0.551,
30,160,180,0,0.000,1795.452,1534.926,,,,1.000,1,0,10,0,0,0,0,14.424,9.879,0.402,
30,160,185,0,0.000,1795.452,1534.926,,,,1.000,1,0,10,0,0,0,0,9.138,10.747,0.512,
30,160,190,0,0.000,1795.452,1534.926,,,,1.000,1,0,10,0,0,0,0,11.606,12.094,0.537,
30,160,195,0,0.000,1795.452,1534.926,,,,1.000,1,0,10,0,0,0,0,11.559,10.133,0.464,
30,160,200,0,0.000,1795.452,1534.926,,,,1.000,1,0,10,0,0,0,0,11.772,9.774,0.600,
30,160,205,0,0.000,1795.452,1534.926,,,,1.000,1,0,10,0,0,0,0,8.722,9.425,0.574,
30,160,210,0,0.000,1795.452,1534.926,,,,1.000,1,0,10,0,0,0,0,12.392,9.632,0.670,
30,160,215,0,0.000,1795.452,1534.926,,,,1.000,1,0,10,0,0,0,0,11.724,15.584,0.612,
30,160,220,0,0.000,1795.452,1534.926,,,,1.000,1,0,10,0,0,0,0,12.292,7.570,0.386,
30,160,225,0,0.000,1795.452,1534.926,,,,1.000,1,0,10,0,0,0,0,7.498,9.173,0.714,
30,160,230,0,0.000,1795.452,1534.926,,,,1.000,1,0,10,0,0,0,0,12.212,11.869,0.565,
30,160,235,0,0.000,1795.452,1534.926,,,,1.000,1,0,10,0,0,0,0,8.199,8.066,0.448,
30,160,240,0,0.000,1795.452,1534.926,,,,1.000,1,0,10,0,0,0,0,9.874,12.746,0.589,
30,160,245,0,0.000,1795.452,1534.926,,,,1.000,1,0,10,0,0,0,0,12.720,11.450,0.501,
30,160,250,0,0.000,1795.452,1534.926,,,,1.000,1,0,10,0,0,0,0,8.580,9.625,0.515,
30,160,255,0,0.000,1795.452,1534.926,,,,1.000,1,0,10,0,0,0,0,10.032,12.630,0.484,
30,160,260,0,0.000,1795.452,1534.926,,,,1.000,1,0,10,0,0,0,0,9.693,12.893,0.551,
30,160,265,0,0.000,1795.452,1534.926,,,,1.000,1,0,10,0,0,0,0,7.937,11.655,0.703,
30,160,270,0,0.000,1795.452,1534.926,,,,1.000,1,0,10,0,0,0,0,7.831,13.308,0.431,
30,160,275,0,0.000,1795.452,1534.926,,,,1.000,1,0,10,0,0,0,0,12.761,8.835,0.487,
30,160,280,0,0.000,1795.452,1534.926,,,,1.000,1,0,10,0,0,0,0,13.460,9.970,0.608,
30,160,285,0,0.000,1795.452,1534.926,,,,1.000,1,0,10,0,0,0,0,10.310,8.414,0.458,
30,165,-10,0,0.000,1795.452,1534.926,,,,0.000,0,0,0,0,0,0,10,7.793,9.965,0.633,
30,165,-5,0,0.000,1795.452,1534.926,,,,0.000,0,0,0,0,0,0,10,13.169,11.072,0.617,
30,165,0,0,0.000,1795.452,1534.926,,,,0.000,0,0,0,0,0,0,10,9.974,5.888,0.595,
30,165,5,0,0.000,1795.452,1534.926,,,,0.000,0,0,0,0,0,0,10,10.620,7.936,0.639,
30,165,10,0,0.000,1795.452,1534.926,,,,0.000,0,0,0,0,0,0,10,10.108,9.552,0.483,
30,165,15,0,0.000,1795.452,1534.926,,,,0.000,0,0,0,0,0,0,10,13.295,8.512,0.578,
30,165,20,0,0.000,1795.452,1534.926,,,,0.000,0,0,0,0,0,0,10,12.333,10.723,0.761,
30,165,25,0,0.000,1795.452,1534.926,,,,0.000,0,0,0,0,0,0,10,11.245,8.918,0.542,
30,165,30,0,0.000,1795.452,1534.926,,,,0.000,0,0,0,0,0,0,10,12.919,10.851,0.785,
30,165,35,0,0.000,1795.452,1534.926,,,,0.000,0,0,0,0,0,0,10,10.689,9.525,0.635,
30,165,40,0,0.000,1795.452,1534.926,,,,0.000,0,0,0,0,0,0,10,9.847,6.436,0.652,
30,165,45,0,0.000,1795.452,1534.926,,,,0.000,0,0,0,0,0,0,10,11.737,12.093,0.631,
30,165,50,0,0.000,1795.452,1534.926,,,,0.000,0,0,0,0,0,0,10,13.390,9.405,0.612,
30,165,55,0,0.000,1795.452,1534.926,,,,0.000,0,0,0,0,0,0,10,12.780,10.039,0.468,
30,165,60,0,0.000,1795.452,1534.926,,,,0.000,0,0,0,0,0,0,10,11.762,10.093,0.564,
30,165,65,0,0.000,1795.452,1534.926,,,,0.000,0,0,0,0,0,0,10,7.541,10.379,0.511,
30,165,70,0,0.000,1795.452,1534.926,,,,0.000,0,0,0,0,0,0,10,12.914,12.101,0.561,
30,165,75,0,0.000,1795.452,1534.926,,,,0.000,0,0,0,0,0,0,10,10.723,12.542,0.556,
30,165,80,0,0.000,1795.452,1534.926,,,,0.000,0,0,0,0,0,0,10,11.261,9.208,0.507,
30,165,85,0,0.000,1795.452,1534.926,,,,0.100,1,0,1,0,0,0,9,6.582,9.409,0.687,
30,165,90,0,0.000,1795.452,1534.926,,,,0.400,1,0,4,0,0,0,6,11.762,6.686,0.368,
30,165,95,0,0.000,1795.452,1534.926,,,,0.600,1,0,6,0,0,0,4,7.817,10.129,0.485,
30,165,100,0,0.000,1795.452,1534.926,,,,0.500,1,0,5,0,0,0,5,9.461,10.557,0.571,
30,165,105,0,0.000,1795.452,1534.926,,,,0.700,1,0,7,0,0,0,3,8.890,11.624,0.586,
30,165,110,0,0.000,1795.452,1534.926,,,,0.800,1,0,8,0,0,0,2,9.773,12.203,0.566,
30,165,115,0,0.000,1795.452,1534.926,,,,1.000,1,0,10,0,0,0,0,11.773,10.287,0.593,
30,165,120,0,0.000,1795.452,1534.926,,,,1.000,1,0,10,0,0,0,0,10.139,8.532,0.519,
30,165,125,0,0.000,1795.452,1534.926,,,,1.000,1,0,10,0,0,0,0,11.041,11.332,0.597,
30,165,130,0,0.000,1795.452,1534.926,,,,1.000,1,0,10,0,0,0,0,12.496,12.017,0.493,
30,165,135,0,0.000,1795.452,1534.926,,,,1.000,1,0,10,0,0,0,0,9.313,9.957,0.539,
30,165,140,0,0.000,1795.452,1534.926,,,,1.000,1,0,10,0,0,0,0,11.772,10.316,0.437,
30,165,145,0,0.000,1795.452,1534.926,,,,1.000,1,0,10,0,0,0,0,10.753,10.103,0.508,
30,165,150,0,0.000,1795.452,1534.926,,,,1.000,1,0,10,0,0,0,0,11.272,12.550,0.543,
30,165,155,0,0.000,1795.452,1534.926,,,,1.000,1,0,10,0,0,0,0,11.743,11.912,0.573,
30,165,160,0,0.000,1795.452,1534.926,,,,1.000,1,0,10,0,0,0,0,12.288,11.713,0.602,
30,165,165,0,0.000,1795.452,1534.926,,,,1.000,1,0,10,0,0,0,0,11.143,12.075,0.633,
30,165,170,0,0.000,1795.452,1534.926,,,,1.000,1,0,10,0,0,0,0,9.046,11.792,0.475,
30,165,175,0,0.000,1795.452,1534.926,,,,1.000,1,0,10,0,0,0,0,11.966,10.606,0.592,
30,165,180,0,0.000,1795.452,1534.926,,,,1.000,1,0,10,0,0,0,0,14.536,10.166,0.541,
30,165,185,0,0.000,1795.452,1534.926,,,,1.000,1,0,10,0,0,0,0,11.932,13.104,0.516,
30,165,190,0,0.000,1795.452,1534.926,,,,1.000,1,0,10,0,0,0,0,8.452,14.502,0.640,
30,165,195,0,0.000,1795.452,1534.926,,,,1.000,1,0,10,0,0,0,0,3.604,9.470,0.510,
30,165,200,0,0.000,1795.452,1534.926,,,,1.000,1,0,10,0,0,0,0,10.616,11.104,0.623,
30,165,205,0,0.000,1795.452,1534.926,,,,1.000,1,0,10,0,0,0,0,11.443,7.950,0.579,
30,165,210,0,0.000,1795.452,1534.926,,,,1.000,1,0,10,0,0,0,0,11.061,10.169,0.521,
30,165,215,0,0.000,1795.452,1534.926,,,,1.000,1,0,10,0,0,0,0,12.359,8.962,0.434,
30,165,220,0,0.000,1795.452,1534.926,,,,1.000,1,0,10,0,0,0,0,8.359,13.194,0.451,
30,165,225,0,0.000,1795.452,1534.926,,,,1.000,1,0,10,0,0,0,0,7.648,12.095,0.491,
30,165,230,0,0.000,1795.452,1534.926,,,,1.000,1,0,10,0,0,0,0,10.813,11.540,0.700,
30,165,235,0,0.000,1795.452,1534.926,,,,1.000,1,0,10,0,0,0,0,8.605,12.090,0.561,
30,165,240,0,0.000,1795.452,1534.926,,,,1.000,1,0,10,0,0,0,0,11.288,11.396,0.592,
30,165,245,0,0.000,1795.452,1534.926,,,,1.000,1,0,10,0,0,0,0,11.681,13.571,0.514,
30,165,250,0,0.000,1795.452,1534.926,,,,1.000,1,0,10,0,0,0,0,7.680,10.247,0.629,
30,165,255,0,0.000,1795.452,1534.926,,,,1.000,1,0,10,0,0,0,0,11.646,13.997,0.385,
30,165,260,0,0.000,1795.452,1534.926,,,,1.000,1,0,10,0,0,0,0,12.014,14.195,0.517,
30,165,265,0,0.000,1795.452,1534.926,,,,1.000,1,0,10,0,0,0,0,12.361,9.657,0.618,
30,165,270,0,0.000,1795.452,1534.926,,,,1.000,1,0,10,0,0,0,0,11.307,8.199,0.461,
30,165,275,0,0.000,1795.452,1534.926,,,,1.000,1,0,10,0,0,0,0,10.732,11.116,0.527,
30,165,280,0,0.000,1795.452,1534.926,,,,1.000,1,0,10,0,0,0,0,11.993,12.297,0.458,
30,165,285,0,0.000,1795.452,1534.926,,,,1.000,1,0,10,0,0,0,0,7.958,6.913,0.623,
30,170,-10,0,0.000,1795.452,1534.926,,,,0.000,0,0,0,0,0,0,10,8.911,12.655,0.606,
30,170,-5,0,0.000,1795.452,1534.926,,,,0.000,0,0,0,0,0,0,10,9.063,9.104,0.526,
30,170,0,0,0.000,1795.452,1534.926,,,,0.000,0,0,0,0,0,0,10,14.251,11.812,0.547,
30,170,5,0,0.000,1795.452,1534.926,,,,0.000,0,0,0,0,0,0,10,9.307,10.920,0.537,
30,170,10,0,0.000,1795.452,1534.926,,,,0.000,0,0,0,0,0,0,10,9.637,9.157,0.520,
30,170,15,0,0.000,1795.452,1534.926,,,,0.000,0,0,0,0,0,0,10,9.190,12.827,0.475,
30,170,20,0,0.000,1795.452,1534.926,,,,0.000,0,0,0,0,0,0,10,10.648,11.079,0.606,
30,170,25,0,0.000,1795.452,1534.926,,,,0.000,0,0,0,0,0,0,10,11.363,10.118,0.490,
30,170,30,0,0.000,1795.452,1534.926,,,,0.000,0,0,0,0,0,0,10,13.998,11.471,0.541,
30,170,35,0,0.000,1795.452,1534.926,,,,0.000,0,0,0,0,0,0,10,10.524,10.009,0.599,
30,170,40,0,0.000,1795.452,1534.926,,,,0.000,0,0,0,0,0,0,10,13.294,9.326,0.512,
30,170,45,0,0.000,1795.452,1534.926,,,,0.000,0,0,0,0,0,0,10,12.588,8.752,0.522,
30,170,50,0,0.000,1795.452,1534.926,,,,0.000,0,0,0,0,0,0,10,7.364,9.026,0.623,
30,170,55,0,0.000,1795.452,1534.926,,,,0.000,0,0,0,0,0,0,10,9.933,11.112,0.623,
30,170,60,0,0.000,1795.452,1534.926,,,,0.000,0,0,0,0,0,0,10,7.122,8.053,0.638,
30,170,65,0,0.000,1795.452,1534.926,,,,0.000,0,0,0,0,0,0,10,11.842,12.379,0.569,
30,170,70,0,0.000,1795.452,1534.926,,,,0.000,0,0,0,0,0,0,10,9.528,11.980,0.591,
30,170,75,0,0.000,1795.452,1534.926,,,,0.000,0,0,0,0,0,0,10,8.045,10.617,0.665,
30,170,80,0,0.000,1795.452,1534.926,,,,0.000,0,0,0,0,0,0,10,7.916,9.525,0.640,
30,170,85,0,0.000,1795.452,1534.926,,,,0.200,1,0,2,0,0,0,8,6.439,13.092,0.577,
30,170,90,0,0.000,1795.452,1534.926,,,,0.400,1,0,4,0,0,0,6,14.078,11.660,0.616,
30,170,95,0,0.000,1795.452,1534.926,,,,0.400,1,0,4,0,0,0,6,8.450,11.761,0.483,
30,170,100,0,0.000,1795.452,1534.926,,,,0.400,1,0,4,0,0,0,6,12.660,11.471,0.692,
30,170,105,0,0.000,1795.452,1534.926,,,,0.700,1,0,7,0,0,0,3,12.337,12.100,0.592,
30,170,110,0,0.000,1795.452,1534.926,,,,0.800,1,0,8,0,0,0,2,12.643,11.617,0.522,
30,170,115,0,0.000,1795.452,1534.926,,,,1.000,1,0,10,0,0,0,0,10.031,10.871,0.660,
30,170,120,0,0.000,1795.452,1534.926,,,,0.900,1,0,9,0,0,0,1,11.804,13.589,0.600,
30,170,125,0,0.000,1795.452,1534.926,,,,1.000,1,0,10,0,0,0,0,12.012,10.156,0.515,
30,170,130,0,0.000,1795.452,1534.926,,,,1.000,1,0,10,0,0,0,0,12.651,10.891,0.586,
30,170,135,0,0.000,1795.452,1534.926,,,,1.000,1,0,10,0,0,0,0,12.065,11.499,0.590,
30,170,140,0,0.000,1795.452,1534.926,,,,1.000,1,0,10,0,0,0,0,14.198,10.152,0.454,
30,170,145,0,0.000,1795.452,1534.926,,,,1.000,1,0,10,0,0,0,0,12.478,8.551,0.501,
30,170,150,0,0.000,1795.452,1534.926,,,,1.000,1,0,10,0,0,0,0,8.813,9.299,0.614,
30,170,155,0,0.000,1795.452,1534.926,,,,1.000,1,0,10,0,0,0,0,11.021,11.259,0.537,
30,170,160,0,0.000,1795.452,1534.926,,,,1.000,1,0,10,0,0,0,0,13.380,10.361,0.398,
30,170,165,0,0.000,1795.452,1534.926,,,,1.000,1,0,10,0,0,0,0,11.896,9.543,0.419,
30,170,170,0,0.000,1795.452,1534.926,,,,1.000,1,0,10,0,0,0,0,9.769,8.659,0.614,
30,170,175,0,0.000,1795.452,1534.926,,,,1.000,1,0,10,0,0,0,0,6.567,11.493,0.666,
30,170,180,0,0.000,1795.452,1534.926,,,,1.000,1,0,10,0,0,0,0,12.268,9.513,0.503,
30,170,185,0,0.000,1795.452,1534.926,,,,1.000,1,0,10,0,0,0,0,7.384,11.984,0.556,
30,170,190,0,0.000,1795.452,1534.926,,,,1.000,1,0,10,0,0,0,0,14.913,11.951,0.481,
30,170,195,0,0.000,1795.452,1534.926,,,,1.000,1,0,10,0,0,0,0,11.320,8.389,0.593,
30,170,200,0,0.000,1795.452,1534.926,,,,1.000,1,0,10,0,0,0,0,8.376,10.280,0.482,
30,170,205,0,0.000,1795.452,1534.926,,,,1.000,1,0,10,0,0,0,0,7.299,13.892,0.520,
30,170,210,0,0.000,1795.452,1534.926,,,,1.000,1,0,10,0,0,0,0,13.806,10.056,0.563,
30,170,215,0,0.000,1795.452,1534.926,,,,1.000,1,0,10,0,0,0,0,9.024,11.718,0.574,
30,170,220,0,0.000,1795.452,1534.926,,,,1.000,1,0,10,0,0,0,0,10.298,11.871,0.628,
30,170,225,0,0.000,1795.452,1534.926,,,,1.000,1,0,10,0,0,0,0,10.755,10.808,0.548,
30,170,230,0,0.000,1795.452,1534.926,,,,1.000,1,0,10,0,0,0,0,11.086,12.993,0.535,
30,170,235,0,0.000,1795.452,1534.926,,,,1.000,1,0,10,0,0,0,0,7.424,12.735,0.614,
30,170,240,0,0.000,1795.452,1534.926,,,,1.000,1,0,10,0,0,0,0,11.560,11.100,0.499,
30,170,245,0,0.000,1795.452,1534.926,,,,1.000,1,0,10,0,0,0,0,11.456,10.154,0.541,
30,170,250,0,0.000,1795.452,1534.926,,,,1.000,1,0,10,0,0,0,0,9.295,11.059,0.596,
30,170,255,0,0.000,1795.452,1534.926,,,,1.000,1,0,10,0,0,0,0,11.027,7.718,0.473,
30,170,260,0,0.000,1795.452,1534.926,,,,1.000,1,0,10,0,0,0,0,12.439,9.893,0.656,
30,170,265,0,0.000,1795.452,1534.926,,,,1.000,1,0,10,0,0,0,0,8.417,9.111,0.496,
30,170,270,0,0.000,1795.452,1534.926,,,,1.000,1,0,10,0,0,0,0,13.764,11.098,0.513,
30,170,275,0,0.000,1795.452,1534.926,,,,1.000,1,0,10,0,0,0,0,10.156,12.516,0.632,
30,170,280,0,0.000,1795.452,1534.926,,,,1.000,1,0,10,0,0,0,0,14.582,12.402,0.422,
30,170,285,0,0.000,1795.452,1534.926,,,,1.000,1,0,10,0,0,0,0,11.979,9.104,0.486,
30,175,-10,0,0.000,1795.452,1534.926,,,,0.000,0,0,0,0,0,0,10,11.611,10.028,0.514,
30,175,-5,0,0.000,1795.452,1534.926,,,,0.000,0,0,0,0,0,0,10,9.720,10.957,0.422,
30,175,0,0,0.000,1795.452,1534.926,,,,0.000,0,0,0,0,0,0,10,12.312,11.301,0.503,
30,175,5,0,0.000,1795.452,1534.926,,,,0.000,0,0,0,0,0,0,10,11.846,9.675,0.492,
30,175,10,0,0.000,1795.452,1534.926,,,,0.000,0,0,0,0,0,0,10,9.627,12.137,0.495,
30,175,15,0,0.000,1795.452,1534.926,,,,0.000,0,0,0,0,0,0,10,12.465,9.298,0.659,
30,175,20,0,0.000,1795.452,1534.926,,,,0.000,0,0,0,0,0,0,10,14.361,10.855,0.449,
30,175,25,0,0.000,1795.452,1534.926,,,,0.000,0,0,0,0,0,0,10,9.522,11.571,0.545,
30,175,30,0,0.000,1795.452,1534.926,,,,0.000,0,0,0,0,0,0,10,10.266,11.252,0.523,
30,175,35,0,0.000,1795.452,1534.926,,,,0.000,0,0,0,0,0,0,10,9.921,11.826,0.536,
30,175,40,0,0.000,1795.452,1534.926,,,,0.000,0,0,0,0,0,0,10,12.993,9.620,0.449,
30,175,45,0,0.000,1795.452,1534.926,,,,0.000,0,0,0,0,0,0,10,11.764,11.360,0.624,
30,175,50,0,0.000,1795.452,1534.926,,,,0.000,0,0,0,0,0,0,10,10.740,11.131,0.573,
30,175,55,0,0.000,1795.452,1534.926,,,,0.000,0,0,0,0,0,0,10,11.540,10.412,0.568,
30,175,60,0,0.000,1795.452,1534.926,,,,0.000,0,0,0,0,0,0,10,9.134,10.282,0.482,
30,175,65,0,0.000,1795.452,1534.926,,,,0.000,0,0,0,0,0,0,10,11.385,12.446,0.638,
30,175,70,0,0.000,1795.452,1534.926,,,,0.000,0,0,0,0,0,0,10,9.387,11.654,0.467,
30,175,75,0,0.000,1795.452,1534.926,,,,0.000,0,0,0,0,0,0,10,14.764,7.865,0.628,
30,175,80,0,0.000,1795.452,1534.926,,,,0.200,1,0,2,0,0,0,8,11.693,12.008,0.572,
30,175,85,0,0.000,1795.452,1534.926,,,,0.100,1,0,1,0,0,0,9,12.148,13.088,0.545,
30,175,90,0,0.000,1795.452,1534.926,,,,0.100,1,0,1,0,0,0,9,9.032,12.526,0.648,
30,175,95,0,0.000,1795.452,1534.926,,,,0.100,1,0,1,0,0,0,9,13.223,8.968,0.481,
30,175,100,0,0.000,1795.452,1534.926,,,,0.600,1,0,6,0,0,0,4,9.473,11.803,0.393,
30,175,105,0,0.000,1795.452,1534.926,,,,0.700,1,0,7,0,0,0,3,12.355,8.486,0.642,
30,175,110,0,0.000,1795.452,1534.926,,,,0.700,1,0,7,0,0,0,3,8.310,10.280,0.334,
30,175,115,0,0.000,1795.452,1534.926,,,,1.000,1,0,10,0,0,0,0,10.699,11.534,0.554,
30,175,120,0,0.000,1795.452,1534.926,,,,0.900,1,0,9,0,0,0,1,10.208,9.606,0.666,
30,175,125,0,0.000,1795.452,1534.926,,,,1.000,1,0,10,0,0,0,0,11.371,12.054,0.541,
30,175,130,0,0.000,1795.452,1534.926,,,,1.000,1,0,10,0,0,0,0,9.181,8.236,0.608,
30,175,135,0,0.000,1795.452,1534.926,,,,1.000,1,0,10,0,0,0,0,12.457,11.554,0.600,
30,175,140,0,0.000,1795.452,1534.926,,,,1.000,1,0,10,0,0,0,0,10.901,13.040,0.619,
30,175,145,0,0.000,1795.452,1534.926,,,,1.000,1,0,10,0,0,0,0,11.068,12.269,0.360,
30,175,150,0,0.000,1795.452,1534.926,,,,1.000,1,0,10,0,0,0,0,13.068,11.034,0.618,
30,175,155,0,0.000,1795.452,1534.926,,,,1.000,1,0,10,0,0,0,0,11.533,9.444,0.389,
30,175,160,0,0.000,1795.452,1534.926,,,,1.000,1,0,10,0,0,0,0,11.445,9.859,0.607,
30,175,165,0,0.000,1795.452,1534.926,,,,1.000,1,0,10,0,0,0,0,10.135,10.341,0.576,
30,175,170,0,0.000,1795.452,1534.926,,,,1.000,1,0,10,0,0,0,0,10.441,7.569,0.598,
30,175,175,0,0.000,1795.452,1534.926,,,,1.000,1,0,10,0,0,0,0,11.402,10.338,0.535,
30,175,180,0,0.000,1795.452,1534.926,,,,1.000,1,0,10,0,0,0,0,11.747,8.123,0.454,
30,175,185,0,0.000,1795.452,1534.926,,,,1.000,1,0,10,0,0,0,0,8.542,13.127,0.609,
30,175,190,0,0.000,1795.452,1534.926,,,,1.000,1,0,10,0,0,0,0,7.613,9.978,0.601,
30,175,195,0,0.000,1795.452,1534.926,,,,1.000,1,0,10,0,0,0,0,10.092,8.633,0.705,
30,175,200,0,0.000,1795.452,1534.926,,,,1.000,1,0,10,0,0,0,0,10.580,12.068,0.508,
30,175,205,0,0.000,1795.452,1534.926,,,,1.000,1,0,10,0,0,0,0,5.702,13.443,0.490,
30,175,210,0,0.000,1795.452,1534.926,,,,1.000,1,0,10,0,0,0,0,10.341,8.632,0.536,
30,175,215,0,0.000,1795.452,1534.926,,,,1.000,1,0,10,0,0,0,0,9.837,12.073,0.494,
30,175,220,0,0.000,1795.452,1534.926,,,,1.000,1,0,10,0,0,0,0,12.895,9.938,0.567,
30,175,225,0,0.000,1795.452,1534.926,,,,1.000,1,0,10,0,0,0,0,10.164,14.054,0.550,
30,175,230,0,0.000,1795.452,1534.926,,,,1.000,1,0,10,0,0,0,0,10.632,12.236,0.566,
30,175,235,0,0.000,1795.452,1534.926,,,,1.000,1,0,10,0,0,0,0,12.168,12.761,0.451,
30,175,240,0,0.000,1795.452,1534.926,,,,1.000,1,0,10,0,0,0,0,7.344,14.321,0.572,
30,175,245,0,0.000,1795.452,1534.926,,,,1.000,1,0,10,0,0,0,0,11.427,10.121,0.516,
30,175,250,0,0.000,1795.452,1534.926,,,,1.000,1,0,10,0,0,0,0,8.673,9.444,0.647,
30,175,255,0,0.000,1795.452,1534.926,,,,1.000,1,0,10,0,0,0,0,11.819,7.640,0.507,
30,175,260,0,0.000,1795.452,1534.926,,,,1.000,1,0,10,0,0,0,0,7.921,15.976,0.563,
30,175,265,0,0.000,1795.452,1534.926,,,,1.000,1,0,10,0,0,0,0,11.629,9.277,0.377,
30,175,270,0,0.000,1795.452,1534.926,,,,1.000,1,0,10,0,0,0,0,10.689,10.138,0.533,
30,175,275,0,0.000,1795.452,1534.926,,,,1.000,1,0,10,0,0,0,0,12.526,9.524,0.493,
30,175,280,0,0.000,1795.452,1534.926,,,,1.000,1,0,10,0,0,0,0,12.155,8.719,0.449,
30,175,285,0,0.000,1795.452,1534.926,,,,1.000,1,0,10,0,0,0,0,13.469,12.647,0.310,
30,180,-10,0,0.000,1795.452,1534.926,,,,0.000,0,0,0,0,0,0,10,11.568,11.667,0.594,
30,180,-5,0,0.000,1795.452,1534.926,,,,0.000,0,0,0,0,0,0,10,8.803,12.207,0.584,
30,180,0,0,0.000,1795.452,1534.926,,,,0.000,0,0,0,0,0,0,10,10.799,11.317,0.548,
30,180,5,0,0.000,1795.452,1534.926,,,,0.000,0,0,0,0,0,0,10,10.709,9.553,0.601,
30,180,10,0,0.000,1795.452,1534.926,,,,0.000,0,0,0,0,0,0,10,12.722,9.406,0.632,
30,180,15,0,0.000,1795.452,1534.926,,,,0.000,0,0,0,0,0,0,10,13.292,10.863,0.509,
30,180,20,0,0.000,1795.452,1534.926,,,,0.000,0,0,0,0,0,0,10,11.146,11.646,0.450,
30,180,25,0,0.000,1795.452,1534.926,,,,0.000,0,0,0,0,0,0,10,10.356,11.056,0.613,
30,180,30,0,0.000,1795.452,1534.926,,,,0.000,0,0,0,0,0,0,10,10.265,12.794,0.394,
30,180,35,0,0.000,1795.452,1534.926,,,,0.000,0,0,0,0,0,0,10,13.574,10.915,0.581,
30,180,40,0,0.000,1795.452,1534.926,,,,0.000,0,0,0,0,0,0,10,8.596,10.913,0.508,
30,180,45,0,0.000,1795.452,1534.926,,,,0.000,0,0,0,0,0,0,10,8.340,10.083,0.505,
30,180,50,0,0.000,1795.452,1534.926,,,,0.000,0,0,0,0,0,0,10,11.003,9.926,0.590,
30,180,55,0,0.000,1795.452,1534.926,,,,0.000,0,0,0,0,0,0,10,11.956,10.790,0.642,
30,180,60,0,0.000,1795.452,1534.926,,,,0.000,0,0,0,0,0,0,10,9.819,10.255,0.464,
30,180,65,0,0.000,1795.452,1534.926,,,,0.000,0,0,0,0,0,0,10,9.511,11.074,0.560,
30,180,70,0,0.000,1795.452,1534.926,,,,0.000,0,0,0,0,0,0,10,11.778,9.946,0.561,
30,180,75,0,0.000,1795.452,1534.926,,,,0.000,0,0,0,0,0,0,10,12.624,13.031,0.658,
30,180,80,0,0.000,1795.452,1534.926,,,,0.000,0,0,0,0,0,0,10,12.790,8.501,0.392,
30,180,85,0,0.000,1795.452,1534.926,,,,0.000,0,0,0,0,0,0,10,10.266,11.574,0.584,
30,180,90,0,0.000,1795.452,1534.926,,,,0.000,0,0,0,0,0,0,10,11.801,8.780,0.437,
30,180,95,0,0.000,1795.452,1534.926,,,,0.200,1,0,2,0,0,0,8,10.946,11.281,0.480,
30,180,100,0,0.000,1795.452,1534.926,,,,0.500,1,0,5,0,0,0,5,11.619,11.596,0.302,
30,180,105,0,0.000,1795.452,1534.926,,,,0.400,1,0,4,0,0,0,6,12.649,12.470,0.346,
30,180,110,0,0.000,1795.452,1534.926,,,,0.500,1,0,5,0,0,0,5,11.997,13.285,0.479,
30,180,115,0,0.000,1795.452,1534.926,,,,0.700,1,0,7,0,0,0,3,11.329,12.057,0.677,
30,180,120,0,0.000,1795.452,1534.926,,,,1.000,1,0,10,0,0,0,0,8.914,12.918,0.566,
30,180,125,0,0.000,1795.452,1534.926,,,,1.000,1,0,10,0,0,0,0,12.417,12.636,0.689,
30,180,130,0,0.000,1795.452,1534.926,,,,1.000,1,0,10,0,0,0,0,7.322,9.326,0.393,
30,180,135,0,0.000,1795.452,1534.926,,,,1.000,1,0,10,0,0,0,0,9.562,7.282,0.627,
30,180,140,0,0.000,1795.452,1534.926,,,,1.000,1,0,10,0,0,0,0,11.015,10.446,0.497,
30,180,145,0,0.000,1795.452,1534.926,,,,1.000,1,0,10,0,0,0,0,12.100,11.843,0.616,
30,180,150,0,0.000,1795.452,1534.926,,,,1.000,1,0,10,0,0,0,0,13.820,12.088,0.564,
30,180,155,0,0.000,1795.452,1534.926,,,,1.000,1,0,10,0,0,0,0,10.270,10.375,0.399,
30,180,160,0,0.000,1795.452,1534.926,,,,1.000,1,0,10,0,0,0,0,12.838,11.082,0.471,
30,180,165,0,0.000,1795.452,1534.926,,,,1.000,1,0,10,0,0,0,0,12.885,11.406,0.545,
30,180,170,0,0.000,1795.452,1534.926,,,,1.000,1,0,10,0,0,0,0,11.722,10.710,0.454,
30,180,175,0,0.000,1795.452,1534.926,,,,1.000,1,0,10,0,0,0,0,11.476,11.729,0.382,
30,180,180,0,0.000,1795.452,1534.926,,,,1.000,1,0,10,0,0,0,0,8.786,11.597,0.367,
30,180,185,0,0.000,1795.452,1534.926,,,,1.000,1,0,10,0,0,0,0,11.541,8.052,0.575,
30,180,190,0,0.000,1795.452,1534.926,,,,1.000,1,0,10,0,0,0,0,9.840,7.808,0.407,
30,180,195,0,0.000,1795.452,1534.926,,,,1.000,1,0,10,0,0,0,0,12.525,10.173,0.729,
30,180,200,0,0.000,1795.452,1534.926,,,,1.000,1,0,10,0,0,0,0,8.784,12.787,0.510,
30,180,205,0,0.000,1795.452,1534.926,,,,1.000,1,0,10,0,0,0,0,10.168,10.429,0.602,
30,180,210,0,0.000,1795.452,1534.926,,,,1.000,1,0,10,0,0,0,0,10.712,9.174,0.545,
30,180,215,0,0.000,1795.452,1534.926,,,,1.000,1,0,10,0,0,0,0,12.607,12.032,0.392,
30,180,220,0,0.000,1795.452,1534.926,,,,1.000,1,0,10,0,0,0,0,10.005,10.893,0.539,
30,180,225,0,0.000,1795.452,1534.926,,,,1.000,1,0,10,0,0,0,0,11.188,11.731,0.468,
30,180,230,0,0.000,1795.452,1534.926,,,,1.000,1,0,10,0,0,0,0,11.144,11.322,0.466,
30,180,235,0,0.000,1795.452,1534.926,,,,1.000,1,0,10,0,0,0,0,11.994,12.706,0.608,
30,180,240,0,0.000,1795.452,1534.926,,,,1.000,1,0,10,0,0,0,0,9.786,12.090,0.437,
30,180,245,0,0.000,1795.452,1534.926,,,,1.000,1,0,10,0,0,0,0,11.507,12.086,0.481,
30,180,250,0,0.000,1795.452,1534.926,,,,1.000,1,0,10,0,0,0,0,8.598,11.856,0.694,
30,180,255,0,0.000,1795.452,1534.926,,,,1.000,1,0,10,0,0,0,0,13.681,9.385,0.376,
30,180,260,0,0.000,1795.452,1534.926,,,,1.000,1,0,10,0,0,0,0,9.429,12.423,0.637,
30,180,265,0,0.000,1795.452,1534.926,,,,1.000,1,0,10,0,0,0,0,12.869,6.103,0.456,
30,180,270,0,0.000,1795.452,1534.926,,,,1.000,1,0,10,0,0,0,0,12.197,10.524,0.434,
30,180,275,0,0.000,1795.452,1534.926,,,,1.000,1,0,10,0,0,0,0,7.178,9.138,0.393,
30,180,280,0,0.000,1795.452,1534.926,,,,1.000,1,0,10,0,0,0,0,13.289,10.462,0.655,
30,180,285,0,0.000,1795.452,1534.926,,,,1.000,1,0,10,0,0,0,0,9.485,10.042,0.495,
30,185,-10,0,0.000,1795.452,1534.926,,,,0.000,0,0,0,0,0,0,10,12.096,10.349,0.712,
30,185,-5,0,0.000,1795.452,1534.926,,,,0.000,0,0,0,0,0,0,10,10.606,9.354,0.362,
30,185,0,0,0.000,1795.452,1534.926,,,,0.000,0,0,0,0,0,0,10,13.132,11.253,0.641,
30,185,5,0,0.000,1795.452,1534.926,,,,0.000,0,0,0,0,0,0,10,12.893,9.854,0.660,
30,185,10,0,0.000,1795.452,1534.926,,,,0.000,0,0,0,0,0,0,10,9.976,11.958,0.491,
30,185,15,0,0.000,1795.452,1534.926,,,,0.000,0,0,0,0,0,0,10,13.146,11.453,0.615,
30,185,20,0,0.000,1795.452,1534.926,,,,0.000,0,0,0,0,0,0,10,8.981,5.733,0.683,
30,185,25,0,0.000,1795.452,1534.926,,,,0.000,0,0,0,0,0,0,10,12.580,12.336,0.580,
30,185,30,0,0.000,1795.452,1534.926,,,,0.000,0,0,0,0,0,0,10,11.737,12.119,0.682,
30,185,35,0,0.000,1795.452,1534.926,,,,0.000,0,0,0,0,0,0,10,9.473,11.136,0.388,
30,185,40,0,0.000,1795.452,1534.926,,,,0.000,0,0,0,0,0,0,10,9.501,11.578,0.581,
30,185,45,0,0.000,1795.452,1534.926,,,,0.000,0,0,0,0,0,0,10,10.746,14.019,0.474,
30,185,50,0,0.000,1795.452,1534.926,,,,0.000,0,0,0,0,0,0,10,10.766,11.102,0.625,
30,185,55,0,0.000,1795.452,1534.926,,,,0.000,0,0,0,0,0,0,10,12.239,12.690,0.665,
30,185,60,0,0.000,1795.452,1534.926,,,,0.000,0,0,0,0,0,0,10,9.959,12.497,0.653,
30,185,65,0,0.000,1795.452,1534.926,,,,0.000,0,0,0,0,0,0,10,11.404,11.421,0.573,
30,185,70,0,0.000,1795.452,1534.926,,,,0.000,0,0,0,0,0,0,10,8.214,7.706,0.626,
30,185,75,0,0.000,1795.452,1534.926,,,,0.000,0,0,0,0,0,0,10,14.796,11.165,0.480,
30,185,80,0,0.000,1795.452,1534.926,,,,0.000,0,0,0,0,0,0,10,10.862,12.847,0.498,
30,185,85,0,0.000,1795.452,1534.926,,,,0.100,1,0,1,0,0,0,9,10.939,11.534,0.534,
30,185,90,0,0.000,1795.452,1534.926,,,,0.000,0,0,0,0,0,0,10,11.451,11.526,0.501,
30,185,95,0,0.000,1795.452,1534.926,,,,0.200,1,0,2,0,0,0,8,12.174,10.732,0.241,
30,185,100,0,0.000,1795.452,1534.926,,,,0.300,1,0,3,0,0,0,7,12.030,12.002,0.593,
30,185,105,0,0.000,1795.452,1534.926,,,,0.300,1,0,3,0,0,0,7,6.919,13.301,0.531,
30,185,110,0,0.000,1795.452,1534.926,,,,0.300,1,0,3,0,0,0,7,13.102,11.610,0.488,
30,185,115,0,0.000,1795.452,1534.926,,,,0.500,1,0,5,0,0,0,5,12.445,10.506,0.646,
30,185,120,0,0.000,1795.452,1534.926,,,,0.900,1,0,9,0,0,0,1,8.404,13.854,0.435,
30,185,125,0,0.000,1795.452,1534.926,,,,0.800,1,0,8,0,0,0,2,10.859,11.367,0.532,
30,185,130,0,0.000,1795.452,1534.926,,,,1.000,1,0,10,0,0,0,0,11.726,9.007,0.546,
30,185,135,0,0.000,1795.452,1534.926,,,,1.000,1,0,10,0,0,0,0,9.519,10.812,0.546,
30,185,140,0,0.000,1795.452,1534.926,,,,1.000,1,0,10,0,0,0,0,11.328,9.448,0.547,
30,185,145,0,0.000,1795.452,1534.926,,,,1.000,1,0,10,0,0,0,0,10.915,10.551,0.674,
30,185,150,0,0.000,1795.452,1534.926,,,,1.000,1,0,10,0,0,0,0,9.463,10.710,0.561,
30,185,155,0,0.000,1795.452,1534.926,,,,1.000,1,0,10,0,0,0,0,12.363,11.336,0.495,
30,185,160,0,0.000,1795.452,1534.926,,,,1.000,1,0,10,0,0,0,0,8.242,13.094,0.607,
30,185,165,0,0.000,1795.452,1534.926,,,,1.000,1,0,10,0,0,0,0,8.943,12.237,0.573,
30,185,170,0,0.000,1795.452,1534.926,,,,1.000,1,0,10,0,0,0,0,13.558,11.099,0.601,
30,185,175,0,0.000,1795.452,1534.926,,,,1.000,1,0,10,0,0,0,0,11.232,10.983,0.514,
30,185,180,0,0.000,1795.452,1534.926,,,,1.000,1,0,10,0,0,0,0,10.176,9.802,0.440,
30,185,185,0,0.000,1795.452,1534.926,,,,1.000,1,0,10,0,0,0,0,10.239,13.131,0.434,
30,185,190,0,0.000,1795.452,1534.926,,,,1.000,1,0,10,0,0,0,0,9.239,9.605,0.626,
30,185,195,0,0.000,1795.452,1534.926,,,,1.000,1,0,10,0,0,0,0,11.519,7.673,0.481,
30,185,200,0,0.000,1795.452,1534.926,,,,1.000,1,0,10,0,0,0,0,10.941,8.098,0.436,
30,185,205,0,0.000,1795.452,1534.926,,,,1.000,1,0,10,0,0,0,0,10.336,11.538,0.513,
30,185,210,0,0.000,1795.452,1534.926,,,,1.000,1,0,10,0,0,0,0,10.307,5.609,0.713,
30,185,215,0,0.000,1795.452,1534.926,,,,1.000,1,0,10,0,0,0,0,12.560,8.860,0.433,
30,185,220,0,0.000,1795.452,1534.926,,,,1.000,1,0,10,0,0,0,0,10.106,13.392,0.419,
30,185,225,0,0.000,1795.452,1534.926,,,,1.000,1,0,10,0,0,0,0,12.242,14.458,0.652,
30,185,230,0,0.000,1795.452,1534.926,,,,1.000,1,0,10,0,0,0,0,8.165,9.704,0.532,
30,185,235,0,0.000,1795.452,1534.926,,,,1.000,1,0,10,0,0,0,0,12.772,5.019,0.485,
30,185,240,0,0.000,1795.452,1534.926,,,,1.000,1,0,10,0,0,0,0,11.199,12.469,0.502,
30,185,245,0,0.000,1795.452,1534.926,,,,1.000,1,0,10,0,0,0,0,11.440,11.249,0.432,
30,185,250,0,0.000,1795.452,1534.926,,,,1.000,1,0,10,0,0,0,0,13.152,13.341,0.587,
30,185,255,0,0.000,1795.452,1534.926,,,,1.000,1,0,10,0,0,0,0,10.060,10.023,0.509,
30,185,260,0,0.000,1795.452,1534.926,,,,1.000,1,0,10,0,0,0,0,6.604,12.316,0.473,
30,185,265,0,0.000,1795.452,1534.926,,,,1.000,1,0,10,0,0,0,0,13.697,10.455,0.646,
30,185,270,0,0.000,1795.452,1534.926,,,,1.000,1,0,10,0,0,0,0,11.165,10.363,0.512,
30,185,275,0,0.000,1795.452,1534.926,,,,1.000,1,0,10,0,0,0,0,10.226,8.089,0.497,
30,185,280,0,0.000,1795.452,1534.926,,,,1.000,1,0,10,0,0,0,0,11.773,11.844,0.487,
30,185,285,0,0.000,1795.452,1534.926,,,,1.000,1,0,10,0,0,0,0,6.683,11.673,0.523,
30,190,-10,0,0.000,1795.452,1534.926,,,,0.000,0,0,0,0,0,0,10,10.463,11.631,0.400,
30,190,-5,0,0.000,1795.452,1534.926,,,,0.000,0,0,0,0,0,0,10,11.325,7.949,0.503,
30,190,0,0,0.000,1795.452,1534.926,,,,0.000,0,0,0,0,0,0,10,11.545,11.748,0.609,
30,190,5,0,0.000,1795.452,1534.926,,,,0.000,0,0,0,0,0,0,10,9.205,11.623,0.608,
30,190,10,0,0.000,1795.452,1534.926,,,,0.000,0,0,0,0,0,0,10,11.558,10.254,0.611,
30,190,15,0,0.000,1795.452,1534.926,,,,0.000,0,0,0,0,0,0,10,8.294,8.557,0.504,
30,190,20,0,0.000,1795.452,1534.926,,,,0.000,0,0,0,0,0,0,10,11.170,11.085,0.516,
30,190,25,0,0.000,1795.452,1534.926,,,,0.000,0,0,0,0,0,0,10,12.465,11.688,0.388,
30,190,30,0,0.000,1795.452,1534.926,,,,0.000,0,0,0,0,0,0,10,11.775,8.728,0.526,
30,190,35,0,0.000,1795.452,1534.926,,,,0.000,0,0,0,0,0,0,10,9.034,9.298,0.448,
30,190,40,0,0.000,1795.452,1534.926,,,,0.000,0,0,0,0,0,0,10,8.562,9.005,0.504,
30,190,45,0,0.000,1795.452,1534.926,,,,0.000,0,0,0,0,0,0,10,12.250,10.330,0.506,
30,190,50,0,0.000,1795.452,1534.926,,,,0.000,0,0,0,0,0,0,10,10.658,11.890,0.587,
30,190,55,0,0.000,1795.452,1534.926,,,,0.000,0,0,0,0,0,0,10,7.874,10.266,0.570,
30,190,60,0,0.000,1795.452,1534.926,,,,0.000,0,0,0,0,0,0,10,9.217,11.368,0.519,
30,190,65,0,0.000,1795.452,1534.926,,,,0.000,0,0,0,0,0,0,10,9.273,10.710,0.495,
30,190,70,0,0.000,1795.452,1534.926,,,,0.000,0,0,0,0,0,0,10,10.259,11.505,0.497,
30,190,75,0,0.000,1795.452,1534.926,,,,0.000,0,0,0,0,0,0,10,11.860,8.344,0.526,
30,190,80,0,0.000,1795.452,1534.926,,,,0.000,0,0,0,0,0,0,10,7.409,7.342,0.605,
30,190,85,0,0.000,1795.452,1534.926,,,,0.000,0,0,0,0,0,0,10,9.875,11.216,0.550,
30,190,90,0,0.000,1795.452,1534.926,,,,0.200,1,0,2,0,0,0,8,9.012,13.115,0.525,
30,190,95,0,0.000,1795.452,1534.926,,,,0.200,1,0,2,0,0,0,8,12.532,8.825,0.579,
30,190,100,0,0.000,1795.452,1534.926,,,,0.100,1,0,1,0,0,0,9,11.165,9.560,0.597,
30,190,105,0,0.000,1795.452,1534.926,,,,0.700,1,0,7,0,0,0,3,12.989,10.814,0.616,
30,190,110,0,0.000,1795.452,1534.926,,,,0.500,1,0,5,0,0,0,5,11.601,11.858,0.545,
30,190,115,0,0.000,1795.452,1534.926,,,,0.700,1,0,7,0,0,0,3,9.863,8.109,0.529,
30,190,120,0,0.000,1795.452,1534.926,,,,0.900,1,0,9,0,0,0,1,5.427,9.028,0.637,
30,190,125,0,0.000,1795.452,1534.926,,,,1.000,1,0,10,0,0,0,0,9.232,6.470,0.439,
30,190,130,0,0.000,1795.452,1534.926,,,,1.000,1,0,10,0,0,0,0,9.627,13.434,0.490,
30,190,135,0,0.000,1795.452,1534.926,,,,1.000,1,0,10,0,0,0,0,9.645,12.224,0.645,
30,190,140,0,0.000,1795.452,1534.926,,,,1.000,1,0,10,0,0,0,0,9.121,13.595,0.528,
30,190,145,0,0.000,1795.452,1534.926,,,,1.000,1,0,10,0,0,0,0,11.733,12.651,0.647,
30,190,150,0,0.000,1795.452,1534.926,,,,1.000,1,0,10,0,0,0,0,8.913,8.984,0.529,
30,190,155,0,0.000,1795.452,1534.926,,,,1.000,1,0,10,0,0,0,0,10.223,6.737,0.500,
30,190,160,0,0.000,1795.452,1534.926,,,,1.000,1,0,10,0,0,0,0,9.670,13.375,0.530,
30,190,165,0,0.000,1795.452,1534.926,,,,1.000,1,0,10,0,0,0,0,10.236,7.584,0.599,
30,190,170,0,0.000,1795.452,1534.926,,,,1.000,1,0,10,0,0,0,0,10.896,10.802,0.494,
30,190,175,0,0.000,1795.452,1534.926,,,,1.000,1,0,10,0,0,0,0,13.046,8.171,0.665,
30,190,180,0,0.000,1795.452,1534.926,,,,1.000,1,0,10,0,0,0,0,10.448,11.920,0.609,
30,190,185,0,0.000,1795.452,1534.926,,,,1.000,1,0,10,0,0,0,0,11.643,11.060,0.595,
30,190,190,0,0.000,1795.452,1534.926,,,,1.000,1,0,10,0,0,0,0,11.461,11.628,0.412,
30,190,195,0,0.000,1795.452,1534.926,,,,1.000,1,0,10,0,0,0,0,12.122,13.361,0.609,
30,190,200,0,0.000,1795.452,1534.926,,,,1.000,1,0,10,0,0,0,0,7.205,9.595,0.614,
30,190,205,0,0.000,1795.452,1534.926,,,,1.000,1,0,10,0,0,0,0,9.734,8.676,0.556,
30,190,210,0,0.000,1795.452,1534.926,,,,1.000,1,0,10,0,0,0,0,12.733,12.763,0.522,
30,190,215,0,0.000,1795.452,1534.926,,,,1.000,1,0,10,0,0,0,0,11.525,10.907,0.408,
30,190,220,0,0.000,1795.452,1534.926,,,,1.000,1,0,10,0,0,0,0,13.412,12.899,0.525,
30,190,225,0,0.000,1795.452,1534.926,,,,1.000,1,0,10,0,0,0,0,9.678,11.074,0.564,
30,190,230,0,0.000,1795.452,1534.926,,,,1.000,1,0,10,0,0,0,0,13.644,10.217,0.598,
30,190,235,0,0.000,1795.452,1534.926,,,,1.000,1,0,10,0,0,0,0,5.697,9.860,0.491,
30,190,240,0,0.000,1795.452,1534.926,,,,1.000,1,0,10,0,0,0,0,10.206,7.309,0.534,
30,190,245,0,0.000,1795.452,1534.926,,,,1.000,1,0,10,0,0,0,0,10.682,11.125,0.626,
30,190,250,0,0.000,1795.452,1534.926,,,,1.000,1,0,10,0,0,0,0,13.070,5.727,0.477,
30,190,255,0,0.000,1795.452,1534.926,,,,1.000,1,0,10,0,0,0,0,10.679,11.496,0.553,
30,190,260,0,0.000,1795.452,1534.926,,,,1.000,1,0,10,0,0,0,0,8.635,12.740,0.527,
30,190,265,0,0.000,1795.452,1534.926,,,,1.000,1,0,10,0,0,0,0,9.932,7.863,0.489,
30,190,270,0,0.000,1795.452,1534.926,,,,1.000,1,0,10,0,0,0,0,9.961,11.824,0.520,
30,190,275,0,0.000,1795.452,1534.926,,,,1.000,1,0,10,0,0,0,0,11.575,11.181,0.623,
30,190,280,0,0.000,1795.452,1534.926,,,,1.000,1,0,10,0,0,0,0,11.661,10.981,0.628,
30,190,285,0,0.000,1795.452,1534.926,,,,1.000,1,0,10,0,0,0,0,8.498,13.087,0.630,
30,195,-10,0,0.000,1795.452,1534.926,,,,0.000,0,0,0,0,0,0,10,11.769,11.516,0.653,
30,195,-5,0,0.000,1795.452,1534.926,,,,0.000,0,0,0,0,0,0,10,11.379,11.376,0.391,
30,195,0,0,0.000,1795.452,1534.926,,,,0.000,0,0,0,0,0,0,10,13.440,9.481,0.629,
30,195,5,0,0.000,1795.452,1534.926,,,,0.000,0,0,0,0,0,0,10,13.102,9.439,0.576,
30,195,10,0,0.000,1795.452,1534.926,,,,0.000,0,0,0,0,0,0,10,13.081,11.008,0.524,
30,195,15,0,0.000,1795.452,1534.926,,,,0.000,0,0,0,0,0,0,10,9.471,11.518,0.502,
30,195,20,0,0.000,1795.452,1534.926,,,,0.000,0,0,0,0,0,0,10,11.123,11.515,0.456,
30,195,25,0,0.000,1795.452,1534.926,,,,0.000,0,0,0,0,0,0,10,13.720,10.544,0.573,
30,195,30,0,0.000,1795.452,1534.926,,,,0.000,0,0,0,0,0,0,10,6.726,9.220,0.485,
30,195,35,0,0.000,1795.452,1534.926,,,,0.000,0,0,0,0,0,0,10,8.469,8.813,0.578,
30,195,40,0,0.000,1795.452,1534.926,,,,0.000,0,0,0,0,0,0,10,10.894,10.382,0.643,
30,195,45,0,0.000,1795.452,1534.926,,,,0.000,0,0,0,0,0,0,10,10.137,11.766,0.449,
30,195,50,0,0.000,1795.452,1534.926,,,,0.000,0,0,0,0,0,0,10,9.713,12.548,0.555,
30,195,55,0,0.000,1795.452,1534.926,,,,0.000,0,0,0,0,0,0,10,11.998,13.613,0.548,
30,195,60,0,0.000,1795.452,1534.926,,,,0.000,0,0,0,0,0,0,10,9.590,12.394,0.617,
30,195,65,0,0.000,1795.452,1534.926,,,,0.000,0,0,0,0,0,0,10,10.402,9.798,0.634,
30,195,70,0,0.000,1795.452,1534.926,,,,0.000,0,0,0,0,0,0,10,11.437,10.374,0.403,
30,195,75,0,0.000,1795.452,1534.926,,,,0.000,0,0,0,0,0,0,10,11.437,13.498,0.460,
30,195,80,0,0.000,1795.452,1534.926,,,,0.000,0,0,0,0,0,0,10,11.972,10.497,0.398,
30,195,85,0,0.000,1795.452,1534.926,,,,0.000,0,0,0,0,0,0,10,11.439,9.340,0.648,
30,195,90,0,0.000,1795.452,1534.926,,,,0.000,0,0,0,0,0,0,10,13.022,7.966,0.672,
30,195,95,0,0.000,1795.452,1534.926,,,,0.000,0,0,0,0,0,0,10,12.636,10.806,0.388,
30,195,100,0,0.000,1795.452,1534.926,,,,0.100,1,0,1,0,0,0,9,7.674,11.262,0.613,
30,195,105,0,0.000,1795.452,1534.926,,,,0.100,1,0,1,0,0,0,9,12.530,9.440,0.539,
30,195,110,0,0.000,1795.452,1534.926,,,,0.500,1,0,5,0,0,0,5,8.245,10.501,0.555,
30,195,115,0,0.000,1795.452,1534.926,,,,0.700,1,0,7,0,0,0,3,9.194,9.727,0.549,
30,195,120,0,0.000,1795.452,1534.926,,,,0.800,1,0,8,0,0,0,2,10.927,8.170,0.666,
30,195,125,0,0.000,1795.452,1534.926,,,,0.700,1,0,7,0,0,0,3,10.288,8.869,0.543,
30,195,130,0,0.000,1795.452,1534.926,,,,0.900,1,0,9,0,0,0,1,11.631,11.871,0.604,
30,195,135,0,0.000,1795.452,1534.926,,,,1.000,1,0,10,0,0,0,0,9.201,10.152,0.496,
30,195,140,0,0.000,1795.452,1534.926,,,,1.000,1,0,10,0,0,0,0,9.797,12.583,0.432,
30,195,145,0,0.000,1795.452,1534.926,,,,1.000,1,0,10,0,0,0,0,11.435,8.384,0.602,
30,195,150,0,0.000,1795.452,1534.926,,,,1.000,1,0,10,0,0,0,0,11.424,11.628,0.545,
30,195,155,0,0.000,1795.452,1534.926,,,,1.000,1,0,10,0,0,0,0,8.567,9.361,0.574,
30,195,160,0,0.000,1795.452,1534.926,,,,1.000,1,0,10,0,0,0,0,11.269,9.833,0.443,
30,195,165,0,0.000,1795.452,1534.926,,,,1.000,1,0,10,0,0,0,0,9.875,12.826,0.529,
30,195,170,0,0.000,1795.452,1534.926,,,,1.000,1,0,10,0,0,0,0,11.772,9.834,0.435,
30,195,175,0,0.000,1795.452,1534.926,,,,1.000,1,0,10,0,0,0,0,6.898,10.203,0.560,
30,195,180,0,0.000,1795.452,1534.926,,,,1.000,1,0,10,0,0,0,0,12.399,10.152,0.479,
30,195,185,0,0.000,1795.452,1534.926,,,,1.000,1,0,10,0,0,0,0,12.127,13.370,0.427,
30,195,190,0,0.000,1795.452,1534.926,,,,1.000,1,0,10,0,0,0,0,11.623,12.465,0.593,
30,195,195,0,0.000,1795.452,1534.926,,,,1.000,1,0,10,0,0,0,0,9.608,11.582,0.581,
30,195,200,0,0.000,1795.452,1534.926,,,,1.000,1,0,10,0,0,0,0,13.715,12.079,0.492,
30,195,205,0,0.000,1795.452,1534.926,,,,1.000,1,0,10,0,0,0,0,11.837,9.588,0.554,
30,195,210,0,0.000,1795.452,1534.926,,,,1.000,1,0,10,0,0,0,0,11.211,12.836,0.457,
30,195,215,0,0.000,1795.452,1534.926,,,,1.000,1,0,10,0,0,0,0,11.175,11.459,0.512,
30,195,220,0,0.000,1795.452,1534.926,,,,1.000,1,0,10,0,0,0,0,4.613,10.702,0.616,
30,195,225,0,0.000,1795.452,1534.926,,,,1.000,1,0,10,0,0,0,0,11.989,10.759,0.463,
30,195,230,0,0.000,1795.452,1534.926,,,,1.000,1,0,10,0,0,0,0,10.066,11.124,0.627,
30,195,235,0,0.000,1795.452,1534.926,,,,1.000,1,0,10,0,0,0,0,8.952,10.540,0.510,
30,195,240,0,0.000,1795.452,1534.926,,,,1.000,1,0,10,0,0,0,0,11.946,10.025,0.473,
30,195,245,0,0.000,1795.452,1534.926,,,,1.000,1,0,10,0,0,0,0,10.726,11.265,0.527,
30,195,250,0,0.000,1795.452,1534.926,,,,1.000,1,0,10,0,0,0,0,11.185,10.980,0.481,
30,195,255,0,0.000,1795.452,1534.926,,,,1.000,1,0,10,0,0,0,0,9.970,11.311,0.449,
30,195,260,0,0.000,1795.452,1534.926,,,,1.000,1,0,10,0,0,0,0,12.507,10.340,0.589,
30,195,265,0,0.000,1795.452,1534.926,,,,1.000,1,0,10,0,0,0,0,10.633,10.019,0.508,
30,195,270,0,0.000,1795.452,1534.926,,,,1.000,1,0,10,0,0,0,0,9.069,12.695,0.660,
30,195,275,0,0.000,1795.452,1534.926,,,,1.000,1,0,10,0,0,0,0,12.991,9.825,0.579,
30,195,280,0,0.000,1795.452,1534.926,,,,1.000,1,0,10,0,0,0,0,13.976,15.145,0.519,
30,195,285,0,0.000,1795.452,1534.926,,,,1.000,1,0,10,0,0,0,0,12.196,8.618,0.389,
