angle,release_x_offset,release_y_offset,relative_angle,success_rate,ideal_x,ideal_y,avg_final_x,avg_final_y,difference_from_ideal_px,avg_short_contacts,max_short_contacts,failures_floor,failures_multi_short,failures_unstable,failures_angle,failures_no_contact,failures_invalid_pos,x_offset_std,y_offset_std,angle_offset_std,difference_from_ideal_mm
10,-200,-100,0,0.000,1966.852,1493.013,,,,0.000,0,10,0,0,0,0,0,8.852,12.318,0.376,
10,-200,-90,0,0.000,1966.852,1493.013,,,,0.000,0,10,0,0,0,0,0,9.782,13.693,0.545,
10,-200,-80,0,0.000,1966.852,1493.013,,,,0.000,0,10,0,0,0,0,0,9.676,10.133,0.520,
10,-200,-70,0,0.000,1966.852,1493.013,,,,0.000,0,10,0,0,0,0,0,11.389,12.286,0.621,
10,-200,-60,0,0.000,1966.852,1493.013,,,,0.000,0,10,0,0,0,0,0,8.808,9.141,0.413,
10,-200,-50,0,0.000,1966.852,1493.013,,,,0.000,0,10,0,0,0,0,0,11.277,12.436,0.528,
10,-200,-40,0,0.000,1966.852,1493.013,,,,0.000,0,10,0,0,0,0,0,10.300,11.269,0.595,
10,-200,-30,0,0.000,1966.852,1493.013,,,,0.000,0,10,0,0,0,0,0,8.142,10.131,0.588,
10,-200,-20,0,0.000,1966.852,1493.013,,,,0.000,0,10,0,0,0,0,0,11.235,9.537,0.585,
10,-200,-10,0,0.000,1966.852,1493.013,,,,0.000,0,10,0,0,0,0,0,12.836,8.851,0.569,
10,-200,0,0,0.000,1966.852,1493.013,,,,0.000,0,10,0,0,0,0,0,8.663,10.735,0.467,
10,-200,10,0,0.000,1966.852,1493.013,,,,0.000,0,10,0,0,0,0,0,10.780,10.041,0.521,
10,-200,20,0,0.000,1966.852,1493.013,,,,0.000,0,10,0,0,0,0,0,9.722,12.185,0.426,
10,-200,30,0,0.000,1966.852,1493.013,,,,0.000,0,10,0,0,0,0,0,11.597,12.649,0.422,
10,-200,40,0,0.000,1966.852,1493.013,,,,0.000,0,10,0,0,0,0,0,11.199,6.315,0.564,
10,-200,50,0,0.000,1966.852,1493.013,,,,0.000,0,10,0,0,0,0,0,8.868,11.986,0.465,
10,-200,60,0,0.000,1966.852,1493.013,,,,0.000,0,10,0,0,0,0,0,14.323,10.666,0.449,
10,-200,70,0,0.000,1966.852,1493.013,,,,0.000,0,10,0,0,0,0,0,14.162,11.729,0.541,
10,-200,80,0,0.000,1966.852,1493.013,,,,0.000,0,10,0,0,0,0,0,7.871,13.545,0.568,
10,-200,90,0,0.000,1966.852,1493.013,,,,0.000,0,10,0,0,0,0,0,10.318,8.924,0.521,
10,-200,100,0,0.000,1966.852,1493.013,,,,0.000,0,10,0,0,0,0,0,8.475,10.764,0.556,
10,-200,110,0,0.000,1966.852,1493.013,,,,0.000,0,10,0,0,0,0,0,13.327,12.460,0.551,
10,-200,120,0,0.000,1966.852,1493.013,,,,0.000,0,10,0,0,0,0,0,9.425,8.716,0.518,
10,-200,130,0,0.000,1966.852,1493.013,,,,0.000,0,10,0,0,0,0,0,12.841,10.787,0.467,
10,-200,140,0,0.000,1966.852,1493.013,,,,0.000,0,10,0,0,0,0,0,9.142,11.205,0.488,
10,-200,150,0,0.000,1966.852,1493.013,,,,0.000,0,10,0,0,0,0,0,8.545,14.041,0.712,
10,-200,160,0,0.000,1966.852,1493.013,,,,0.000,0,10,0,0,0,0,0,10.426,11.467,0.434,
10,-200,170,0,0.000,1966.852,1493.013,,,,0.000,0,10,0,0,0,0,0,10.974,10.735,0.526,
10,-200,180,0,0.000,1966.852,1493.013,,,,0.000,0,10,0,0,0,0,0,11.304,9.270,0.595,
10,-200,190,0,0.000,1966.852,1493.013,,,,0.000,0,10,0,0,0,0,0,11.992,13.977,0.698,
10,-200,200,0,0.000,1966.852,1493.013,,,,0.000,0,10,0,0,0,0,0,12.147,8.783,0.617,
10,-200,210,0,0.000,1966.852,1493.013,,,,0.000,0,10,0,0,0,0,0,8.902,11.467,0.514,
10,-200,220,0,0.000,1966.852,1493.013,,,,0.000,0,10,0,0,0,0,0,7.703,10.273,0.455,
10,-200,230,0,0.000,1966.852,1493.013,,,,0.000,0,10,0,0,0,0,0,10.927,9.647,0.493,
10,-200,240,0,0.000,1966.852,1493.013,,,,0.000,0,10,0,0,0,0,0,11.898,9.340,0.597,
10,-200,250,0,0.000,1966.852,1493.013,,,,0.000,0,10,0,0,0,0,0,8.560,11.982,0.545,
10,-200,260,0,0.000,1966.852,1493.013,,,,0.000,0,10,0,0,0,0,0,10.177,10.975,0.447,
10,-200,270,0,0.000,1966.852,1493.013,,,,0.000,0,10,0,0,0,0,0,8.428,12.291,0.562,
10,-200,280,0,0.000,1966.852,1493.013,,,,0.000,0,10,0,0,0,0,0,11.318,11.978,0.506,
10,-200,290,0,0.000,1966.852,1493.013,,,,0.000,0,10,0,0,0,0,0,8.824,15.113,0.432,
10,-200,300,0,0.000,1966.852,1493.013,,,,0.000,0,10,0,0,0,0,0,11.668,11.459,0.562,
10,-200,310,0,0.000,1966.852,1493.013,,,,0.000,0,10,0,0,0,0,0,9.322,9.793,0.544,
10,-200,320,0,0.000,1966.852,1493.013,,,,0.000,0,10,0,0,0,0,0,8.202,8.160,0.481,
10,-200,330,0,0.000,1966.852,1493.013,,,,0.000,0,10,0,0,0,0,0,11.538,7.355,0.525,
10,-200,340,0,0.000,1966.852,1493.013,,,,0.000,0,10,0,0,0,0,0,11.872,11.477,0.567,
10,-200,350,0,0.000,1966.852,1493.013,,,,0.000,0,10,0,0,0,0,0,12.285,13.515,0.492,
10,-200,360,0,0.000,1966.852,1493.013,,,,0.000,0,10,0,0,0,0,0,10.998,12.088,0.403,
10,-200,370,0,0.000,1966.852,1493.013,,,,0.000,0,10,0,0,0,0,0,12.310,8.972,0.373,
10,-200,380,0,0.000,1966.852,1493.013,,,,0.000,0,9,0,0,0,0,1,13.274,13.210,0.427,
10,-200,390,0,0.000,1966.852,1493.013,,,,0.000,0,10,0,0,0,0,0,11.272,9.406,0.485,
10,-190,-100,0,0.000,1966.852,1493.013,,,,0.000,0,10,0,0,0,0,0,11.326,12.983,0.645,
10,-190,-90,0,0.000,1966.852,1493.013,,,,0.000,0,10,0,0,0,0,0,10.715,9.655,0.615,
10,-190,-80,0,0.000,1966.852,1493.013,,,,0.000,0,10,0,0,0,0,0,12.162,11.049,0.508,
10,-190,-70,0,0.000,1966.852,1493.013,,,,0.000,0,10,0,0,0,0,0,11.371,9.502,0.564,
10,-190,-60,0,0.000,1966.852,1493.013,,,,0.000,0,10,0,0,0,0,0,11.406,10.365,0.461,
10,-190,-50,0,0.000,1966.852,1493.013,,,,0.000,0,10,0,0,0,0,0,8.080,13.635,0.465,
10,-190,-40,0,0.000,1966.852,1493.013,,,,0.000,0,10,0,0,0,0,0,12.587,11.294,0.631,
10,-190,-30,0,0.000,1966.852,1493.013,,,,0.000,0,10,0,0,0,0,0,13.174,12.841,0.601,
10,-190,-20,0,0.000,1966.852,1493.013,,,,0.000,0,10,0,0,0,0,0,13.206,11.346,0.597,
10,-190,-10,0,0.000,1966.852,1493.013,,,,0.000,0,10,0,0,0,0,0,13.614,10.524,0.594,
10,-190,0,0,0.000,1966.852,1493.013,,,,0.000,0,10,0,0,0,0,0,8.930,12.318,0.489,
10,-190,10,0,0.000,1966.852,1493.013,,,,0.000,0,10,0,0,0,0,0,10.719,6.750,0.363,
10,-190,20,0,0.000,1966.852,1493.013,,,,0.000,0,10,0,0,0,0,0,7.864,8.596,0.533,
10,-190,30,0,0.000,1966.852,1493.013,,,,0.000,0,10,0,0,0,0,0,6.340,9.340,0.557,
10,-190,40,0,0.000,1966.852,1493.013,,,,0.000,0,10,0,0,0,0,0,11.508,10.574,0.464,
10,-190,50,0,0.000,1966.852,1493.013,,,,0.000,0,10,0,0,0,0,0,12.690,11.475,0.580,
10,-190,60,0,0.000,1966.852,1493.013,,,,0.000,0,10,0,0,0,0,0,10.672,13.236,0.632,
10,-190,70,0,0.000,1966.852,1493.013,,,,0.000,0,10,0,0,0,0,0,9.797,11.580,0.522,
10,-190,80,0,0.000,1966.852,1493.013,,,,0.000,0,10,0,0,0,0,0,9.969,10.570,0.493,
10,-190,90,0,0.000,1966.852,1493.013,,,,0.000,0,10,0,0,0,0,0,11.337,10.079,0.467,
10,-190,100,0,0.000,1966.852,1493.013,,,,0.000,0,10,0,0,0,0,0,13.148,11.183,0.496,
10,-190,110,0,0.000,1966.852,1493.013,,,,0.000,0,10,0,0,0,0,0,11.887,9.027,0.616,
10,-190,120,0,0.000,1966.852,1493.013,,,,0.000,0,10,0,0,0,0,0,13.089,9.336,0.683,
10,-190,130,0,0.000,1966.852,1493.013,,,,0.000,0,10,0,0,0,0,0,8.555,11.038,0.558,
10,-190,140,0,0.000,1966.852,1493.013,,,,0.000,0,10,0,0,0,0,0,13.413,13.262,0.577,
10,-190,150,0,0.000,1966.852,1493.013,,,,0.000,0,10,0,0,0,0,0,5.791,7.435,0.603,
10,-190,160,0,0.000,1966.852,1493.013,,,,0.000,0,10,0,0,0,0,0,5.881,9.262,0.607,
10,-190,170,0,0.000,1966.852,1493.013,,,,0.000,0,10,0,0,0,0,0,5.564,9.968,0.647,
10,-190,180,0,0.000,1966.852,1493.013,,,,0.000,0,10,0,0,0,0,0,11.591,11.477,0.526,
10,-190,190,0,0.000,1966.852,1493.013,,,,0.000,0,10,0,0,0,0,0,10.566,13.491,0.438,
10,-190,200,0,0.000,1966.852,1493.013,,,,0.000,0,10,0,0,0,0,0,12.957,6.749,0.210,
10,-190,210,0,0.000,1966.852,1493.013,,,,0.000,0,10,0,0,0,0,0,11.591,12.939,0.368,
10,-190,220,0,0.000,1966.852,1493.013,,,,0.000,0,10,0,0,0,0,0,9.915,10.217,0.483,
10,-190,230,0,0.000,1966.852,1493.013,,,,0.000,0,10,0,0,0,0,0,13.785,13.856,0.492,
10,-190,240,0,0.000,1966.852,1493.013,,,,0.000,0,10,0,0,0,0,0,8.696,10.293,0.560,
10,-190,250,0,0.000,1966.852,1493.013,,,,0.000,0,10,0,0,0,0,0,7.036,11.050,0.541,
10,-190,260,0,0.000,1966.852,1493.013,,,,0.000,0,10,0,0,0,0,0,12.468,11.753,0.431,
10,-190,270,0,0.000,1966.852,1493.013,,,,0.000,0,10,0,0,0,0,0,11.683,13.469,0.438,
10,-190,280,0,0.000,1966.852,1493.013,,,,0.000,0,10,0,0,0,0,0,13.422,13.041,0.538,
10,-190,290,0,0.000,1966.852,1493.013,,,,0.000,0,10,0,0,0,0,0,12.585,8.955,0.643,
10,-190,300,0,0.000,1966.852,1493.013,,,,0.000,0,10,0,0,0,0,0,12.413,10.360,0.538,
10,-190,310,0,0.000,1966.852,1493.013,,,,0.000,0,10,0,0,0,0,0,10.568,12.169,0.427,
10,-190,320,0,0.000,1966.852,1493.013,,,,0.000,0,9,0,0,0,0,1,11.639,13.417,0.600,
10,-190,330,0,0.000,1966.852,1493.013,,,,0.000,0,10,0,0,0,0,0,10.241,10.777,0.386,
10,-190,340,0,0.000,1966.852,1493.013,,,,0.000,0,8,0,0,0,0,2,12.659,11.401,0.562,
10,-190,350,0,0.000,1966.852,1493.013,,,,0.000,0,10,0,0,0,0,0,10.031,10.269,0.647,
10,-190,360,0,0.000,1966.852,1493.013,,,,0.000,0,6,0,0,0,0,4,14.092,9.062,0.514,
10,-190,370,0,0.000,1966.852,1493.013,,,,0.000,0,9,0,0,0,0,1,8.294,9.913,0.660,
10,-190,380,0,0.000,1966.852,1493.013,,,,0.000,0,6,0,0,0,0,4,13.276,11.989,0.508,
10,-190,390,0,0.000,1966.852,1493.013,,,,0.000,0,7,0,0,0,0,3,10.483,12.956,0.413,
10,-180,-100,0,0.000,1966.852,1493.013,,,,0.000,0,10,0,0,0,0,0,11.926,9.604,0.611,
10,-180,-90,0,0.000,1966.852,1493.013,,,,0.000,0,10,0,0,0,0,0,12.160,12.489,0.746,
10,-180,-80,0,0.000,1966.852,1493.013,,,,0.000,0,10,0,0,0,0,0,10.904,11.052,0.620,
10,-180,-70,0,0.000,1966.852,1493.013,,,,0.000,0,10,0,0,0,0,0,10.111,10.024,0.601,
10,-180,-60,0,0.000,1966.852,1493.013,,,,0.000,0,10,0,0,0,0,0,10.415,8.113,0.428,
10,-180,-50,0,0.000,1966.852,1493.013,,,,0.000,0,10,0,0,0,0,0,11.611,10.050,0.586,
10,-180,-40,0,0.000,1966.852,1493.013,,,,0.000,0,10,0,0,0,0,0,11.784,9.080,0.659,
10,-180,-30,0,0.000,1966.852,1493.013,,,,0.000,0,10,0,0,0,0,0,10.607,12.810,0.555,
10,-180,-20,0,0.000,1966.852,1493.013,,,,0.000,0,10,0,0,0,0,0,8.440,11.430,0.607,
10,-180,-10,0,0.000,1966.852,1493.013,,,,0.000,0,10,0,0,0,0,0,12.429,13.382,0.557,
10,-180,0,0,0.000,1966.852,1493.013,,,,0.000,0,10,0,0,0,0,0,6.540,11.316,0.292,
10,-180,10,0,0.000,1966.852,1493.013,,,,0.000,0,10,0,0,0,0,0,8.671,11.608,0.620,
10,-180,20,0,0.000,1966.852,1493.013,,,,0.000,0,10,0,0,0,0,0,8.382,12.498,0.347,
10,-180,30,0,0.000,1966.852,1493.013,,,,0.000,0,10,0,0,0,0,0,9.527,10.961,0.579,
10,-180,40,0,0.000,1966.852,1493.013,,,,0.000,0,10,0,0,0,0,0,11.291,9.917,0.639,
10,-180,50,0,0.000,1966.852,1493.013,,,,0.000,0,10,0,0,0,0,0,10.208,8.902,0.589,
10,-180,60,0,0.000,1966.852,1493.013,,,,0.000,0,10,0,0,0,0,0,11.268,9.989,0.653,
10,-180,70,0,0.000,1966.852,1493.013,,,,0.000,0,10,0,0,0,0,0,13.502,10.053,0.479,
10,-180,80,0,0.000,1966.852,1493.013,,,,0.000,0,10,0,0,0,0,0,7.148,14.623,0.566,
10,-180,90,0,0.000,1966.852,1493.013,,,,0.000,0,10,0,0,0,0,0,11.096,10.187,0.587,
10,-180,100,0,0.000,1966.852,1493.013,,,,0.000,0,10,0,0,0,0,0,8.084,11.228,0.538,
10,-180,110,0,0.000,1966.852,1493.013,,,,0.000,0,10,0,0,0,0,0,11.648,12.131,0.562,
10,-180,120,0,0.000,1966.852,1493.013,,,,0.000,0,10,0,0,0,0,0,9.626,12.992,0.555,
10,-180,130,0,0.000,1966.852,1493.013,,,,0.000,0,10,0,0,0,0,0,11.282,10.206,0.614,
10,-180,140,0,0.000,1966.852,1493.013,,,,0.000,0,10,0,0,0,0,0,12.149,10.378,0.378,
10,-180,150,0,0.000,1966.852,1493.013,,,,0.000,0,10,0,0,0,0,0,12.082,12.489,0.771,
10,-180,160,0,0.000,1966.852,1493.013,,,,0.000,0,10,0,0,0,0,0,6.775,12.383,0.541,
10,-180,170,0,0.000,1966.852,1493.013,,,,0.000,0,10,0,0,0,0,0,8.863,13.162,0.447,
10,-180,180,0,0.000,1966.852,1493.013,,,,0.000,0,10,0,0,0,0,0,14.063,10.581,0.527,
10,-180,190,0,0.000,1966.852,1493.013,,,,0.000,0,10,0,0,0,0,0,12.321,5.754,0.628,
10,-180,200,0,0.000,1966.852,1493.013,,,,0.000,0,10,0,0,0,0,0,8.563,11.779,0.597,
10,-180,210,0,0.000,1966.852,1493.013,,,,0.000,0,10,0,0,0,0,0,12.227,10.208,0.587,
10,-180,220,0,0.000,1966.852,1493.013,,,,0.000,0,10,0,0,0,0,0,10.262,11.776,0.688,
10,-180,230,0,0.000,1966.852,1493.013,,,,0.000,0,10,0,0,0,0,0,11.914,14.092,0.458,
10,-180,240,0,0.000,1966.852,1493.013,,,,0.000,0,10,0,0,0,0,0,9.635,13.491,0.630,
10,-180,250,0,0.000,1966.852,1493.013,,,,0.000,0,10,0,0,0,0,0,9.472,12.122,0.501,
10,-180,260,0,0.000,1966.852,1493.013,,,,0.000,0,9,0,0,0,0,1,13.423,10.174,0.586,
10,-180,270,0,0.000,1966.852,1493.013,,,,0.000,0,10,0,0,0,0,0,12.272,9.935,0.518,
10,-180,280,0,0.000,1966.852,1493.013,,,,0.000,0,7,0,0,0,0,3,12.506,11.297,0.740,
10,-180,290,0,0.000,1966.852,1493.013,,,,0.000,0,8,0,0,0,0,2,11.709,9.406,0.637,
10,-180,300,0,0.000,1966.852,1493.013,,,,0.000,0,10,0,0,0,0,0,8.971,5.234,0.596,
10,-180,310,0,0.000,1966.852,1493.013,,,,0.000,0,9,0,0,0,0,1,7.912,12.271,0.542,
10,-180,320,0,0.000,1966.852,1493.013,,,,0.000,0,10,0,0,0,0,0,6.691,9.997,0.689,
10,-180,330,0,0.000,1966.852,1493.013,,,,0.000,0,5,0,0,0,0,5,13.767,7.911,0.496,
10,-180,340,0,0.000,1966.852,1493.013,,,,0.000,0,5,0,0,0,0,5,12.582,9.226,0.510,
10,-180,350,0,0.000,1966.852,1493.013,,,,0.000,0,8,0,0,0,0,2,9.363,10.117,0.336,
10,-180,360,0,0.000,1966.852,1493.013,,,,0.000,0,7,0,0,0,0,3,12.490,8.542,0.635,
10,-180,370,0,0.000,1966.852,1493.013,,,,0.000,0,7,0,0,0,0,3,7.889,13.910,0.642,
10,-180,380,0,0.000,1966.852,1493.013,,,,0.000,0,6,0,0,0,0,4,10.222,9.543,0.674,
10,-180,390,0,0.000,1966.852,1493.013,,,,0.000,0,3,0,0,0,0,7,10.403,8.909,0.392,
10,-170,-100,0,0.000,1966.852,1493.013,,,,0.000,0,10,0,0,0,0,0,10.271,12.277,0.198,
10,-170,-90,0,0.000,1966.852,1493.013,,,,0.000,0,10,0,0,0,0,0,12.439,10.427,0.644,
10,-170,-80,0,0.000,1966.852,1493.013,,,,0.000,0,10,0,0,0,0,0,8.806,13.830,0.498,
10,-170,-70,0,0.000,1966.852,1493.013,,,,0.000,0,10,0,0,0,0,0,12.645,10.378,0.498,
10,-170,-60,0,0.000,1966.852,1493.013,,,,0.000,0,10,0,0,0,0,0,10.460,9.669,0.554,
10,-170,-50,0,0.000,1966.852,1493.013,,,,0.000,0,10,0,0,0,0,0,9.482,15.230,0.676,
10,-170,-40,0,0.000,1966.852,1493.013,,,,0.000,0,10,0,0,0,0,0,9.500,8.038,0.681,
10,-170,-30,0,0.000,1966.852,1493.013,,,,0.000,0,10,0,0,0,0,0,13.422,12.923,0.664,
10,-170,-20,0,0.000,1966.852,1493.013,,,,0.000,0,10,0,0,0,0,0,10.324,13.585,0.398,
10,-170,-10,0,0.000,1966.852,1493.013,,,,0.000,0,10,0,0,0,0,0,11.639,9.237,0.556,
10,-170,0,0,0.000,1966.852,1493.013,,,,0.000,0,10,0,0,0,0,0,8.661,9.852,0.386,
10,-170,10,0,0.000,1966.852,1493.013,,,,0.000,0,10,0,0,0,0,0,8.532,8.552,0.655,
10,-170,20,0,0.000,1966.852,1493.013,,,,0.000,0,10,0,0,0,0,0,8.813,11.874,0.559,
10,-170,30,0,0.000,1966.852,1493.013,,,,0.000,0,10,0,0,0,0,0,13.067,9.238,0.554,
10,-170,40,0,0.000,1966.852,1493.013,,,,0.000,0,10,0,0,0,0,0,10.608,10.495,0.526,
10,-170,50,0,0.000,1966.852,1493.013,,,,0.000,0,10,0,0,0,0,0,10.683,9.798,0.668,
10,-170,60,0,0.000,1966.852,1493.013,,,,0.000,0,10,0,0,0,0,0,11.056,12.518,0.609,
10,-170,70,0,0.000,1966.852,1493.013,,,,0.000,0,10,0,0,0,0,0,10.718,8.036,0.510,
10,-170,80,0,0.000,1966.852,1493.013,,,,0.000,0,10,0,0,0,0,0,10.869,11.878,0.495,
10,-170,90,0,0.000,1966.852,1493.013,,,,0.000,0,10,0,0,0,0,0,9.496,12.674,0.615,
10,-170,100,0,0.000,1966.852,1493.013,,,,0.000,0,10,0,0,0,0,0,13.799,13.044,0.358,
10,-170,110,0,0.000,1966.852,1493.013,,,,0.000,0,10,0,0,0,0,0,9.343,10.740,0.568,
10,-170,120,0,0.000,1966.852,1493.013,,,,0.000,0,10,0,0,0,0,0,10.025,11.138,0.497,
10,-170,130,0,0.000,1966.852,1493.013,,,,0.000,0,10,0,0,0,0,0,14.582,10.149,0.575,
10,-170,140,0,0.000,1966.852,1493.013,,,,0.000,0,10,0,0,0,0,0,9.481,14.179,0.645,
10,-170,150,0,0.000,1966.852,1493.013,,,,0.000,0,10,0,0,0,0,0,12.839,8.165,0.469,
10,-170,160,0,0.000,1966.852,1493.013,,,,0.000,0,10,0,0,0,0,0,11.699,11.238,0.617,
10,-170,170,0,0.000,1966.852,1493.013,,,,0.000,0,10,0,0,0,0,0,10.922,9.173,0.548,
10,-170,180,0,0.000,1966.852,1493.013,,,,0.000,0,10,0,0,0,0,0,8.657,12.905,0.499,
10,-170,190,0,0.000,1966.852,1493.013,,,,0.000,0,10,0,0,0,0,0,11.412,11.140,0.552,
10,-170,200,0,0.000,1966.852,1493.013,,,,0.000,0,10,0,0,0,0,0,12.569,9.424,0.530,
10,-170,210,0,0.000,1966.852,1493.013,,,,0.000,0,10,0,0,0,0,0,7.319,11.167,0.569,
10,-170,220,0,0.000,1966.852,1493.013,,,,0.000,0,10,0,0,0,0,0,12.361,13.911,0.439,
10,-170,230,0,0.000,1966.852,1493.013,,,,0.000,0,9,0,0,0,0,1,10.726,9.996,0.578,
10,-170,240,0,0.000,1966.852,1493.013,,,,0.000,0,10,0,0,0,0,0,8.788,10.845,0.628,
10,-170,250,0,0.000,1966.852,1493.013,,,,0.000,0,7,0,0,0,0,3,6.340,14.318,0.447,
10,-170,260,0,0.000,1966.852,1493.013,,,,0.000,0,7,0,0,0,0,3,10.438,11.038,0.441,
10,-170,270,0,0.000,1966.852,1493.013,,,,0.000,0,5,0,0,0,0,5,8.797,11.974,0.509,
10,-170,280,0,0.000,1966.852,1493.013,,,,0.000,0,5,0,0,0,0,5,10.688,10.990,0.568,
10,-170,290,0,0.000,1966.852,1493.013,,,,0.000,0,8,0,0,0,0,2,9.372,12.366,0.532,
10,-170,300,0,0.000,1966.852,1493.013,,,,0.000,0,4,0,0,0,0,6,9.285,11.979,0.461,
10,-170,310,0,0.000,1966.852,1493.013,,,,0.000,0,5,0,0,0,0,5,8.145,9.045,0.583,
10,-170,320,0,0.000,1966.852,1493.013,,,,0.000,0,6,0,0,0,0,4,9.222,10.244,0.535,
10,-170,330,0,0.000,1966.852,1493.013,,,,0.000,0,3,0,0,0,0,7,8.835,12.612,0.688,
10,-170,340,0,0.000,1966.852,1493.013,,,,0.000,0,5,0,0,0,0,5,10.869,11.551,0.685,
10,-170,350,0,0.000,1966.852,1493.013,,,,0.000,0,4,0,0,0,0,6,12.201,13.607,0.564,
10,-170,360,0,0.000,1966.852,1493.013,,,,0.000,0,7,0,0,0,0,3,9.513,10.429,0.631,
10,-170,370,0,0.000,1966.852,1493.013,,,,0.000,0,1,0,0,0,0,9,9.356,11.054,0.716,
10,-170,380,0,0.000,1966.852,1493.013,,,,0.000,0,5,0,0,0,0,5,10.706,12.640,0.553,
10,-170,390,0,0.000,1966.852,1493.013,,,,0.000,0,2,0,0,0,0,8,11.957,10.922,0.579,
10,-160,-100,0,0.000,1966.852,1493.013,,,,0.000,0,10,0,0,0,0,0,11.797,8.687,0.398,
10,-160,-90,0,0.000,1966.852,1493.013,,,,0.000,0,10,0,0,0,0,0,11.292,11.357,0.754,
10,-160,-80,0,0.000,1966.852,1493.013,,,,0.000,0,10,0,0,0,0,0,10.230,13.586,0.394,
10,-160,-70,0,0.000,1966.852,1493.013,,,,0.000,0,10,0,0,0,0,0,12.609,10.749,0.421,
10,-160,-60,0,0.000,1966.852,1493.013,,,,0.000,0,10,0,0,0,0,0,12.279,12.313,0.513,
10,-160,-50,0,0.000,1966.852,1493.013,,,,0.000,0,10,0,0,0,0,0,11.956,11.907,0.490,
10,-160,-40,0,0.000,1966.852,1493.013,,,,0.000,0,10,0,0,0,0,0,6.448,9.845,0.693,
10,-160,-30,0,0.000,1966.852,1493.013,,,,0.000,0,10,0,0,0,0,0,10.144,9.756,0.502,
10,-160,-20,0,0.000,1966.852,1493.013,,,,0.000,0,10,0,0,0,0,0,12.346,11.291,0.436,
10,-160,-10,0,0.000,1966.852,1493.013,,,,0.000,0,10,0,0,0,0,0,10.480,11.150,0.537,
10,-160,0,0,0.000,1966.852,1493.013,,,,0.000,0,10,0,0,0,0,0,9.769,9.371,0.722,
10,-160,10,0,0.000,1966.852,1493.013,,,,0.000,0,10,0,0,0,0,0,12.298,10.398,0.593,
10,-160,20,0,0.000,1966.852,1493.013,,,,0.000,0,10,0,0,0,0,0,9.722,10.257,0.596,
10,-160,30,0,0.000,1966.852,1493.013,,,,0.000,0,10,0,0,0,0,0,9.695,11.952,0.446,
10,-160,40,0,0.000,1966.852,1493.013,,,,0.000,0,10,0,0,0,0,0,8.901,6.622,0.586,
10,-160,50,0,0.000,1966.852,1493.013,,,,0.000,0,10,0,0,0,0,0,8.883,11.986,0.591,
10,-160,60,0,0.000,1966.852,1493.013,,,,0.000,0,10,0,0,0,0,0,10.780,10.057,0.485,
10,-160,70,0,0.000,1966.852,1493.013,,,,0.000,0,10,0,0,0,0,0,13.056,10.792,0.569,
10,-160,80,0,0.000,1966.852,1493.013,,,,0.000,0,10,0,0,0,0,0,10.234,12.510,0.658,
10,-160,90,0,0.000,1966.852,1493.013,,,,0.000,0,10,0,0,0,0,0,8.769,12.224,0.671,
10,-160,100,0,0.000,1966.852,1493.013,,,,0.000,0,10,0,0,0,0,0,11.607,14.397,0.603,
10,-160,110,0,0.000,1966.852,1493.013,,,,0.000,0,10,0,0,0,0,0,9.868,10.918,0.294,
10,-160,120,0,0.000,1966.852,1493.013,,,,0.000,0,10,0,0,0,0,0,10.396,6.598,0.486,
10,-160,130,0,0.000,1966.852,1493.013,,,,0.000,0,10,0,0,0,0,0,10.419,12.671,0.650,
10,-160,140,0,0.000,1966.852,1493.013,,,,0.000,0,10,0,0,0,0,0,7.385,9.519,0.694,
10,-160,150,0,0.000,1966.852,1493.013,,,,0.000,0,9,0,0,0,0,1,10.550,11.078,0.594,
10,-160,160,0,0.000,1966.852,1493.013,,,,0.000,0,9,0,0,0,0,1,13.139,10.895,0.610,
10,-160,170,0,0.000,1966.852,1493.013,,,,0.000,0,9,0,0,0,0,1,10.383,11.250,0.540,
10,-160,180,0,0.000,1966.852,1493.013,,,,0.000,0,8,0,0,0,0,2,7.906,13.409,0.560,
10,-160,190,0,0.000,1966.852,1493.013,,,,0.000,0,5,0,0,0,0,5,13.552,12.212,0.358,
10,-160,200,0,0.000,1966.852,1493.013,,,,0.000,0,8,0,0,0,0,2,10.294,14.159,0.424,
10,-160,210,0,0.000,1966.852,1493.013,,,,0.000,0,7,0,0,0,0,3,12.516,11.139,0.608,
10,-160,220,0,0.000,1966.852,1493.013,,,,0.000,0,8,0,0,0,0,2,12.171,12.058,0.610,
10,-160,230,0,0.000,1966.852,1493.013,,,,0.000,0,8,0,0,0,0,2,10.415,6.493,0.551,
10,-160,240,0,0.000,1966.852,1493.013,,,,0.000,0,6,0,0,0,0,4,9.519,10.979,0.484,
10,-160,250,0,0.000,1966.852,1493.013,,,,0.000,0,5,0,0,0,0,5,14.249,9.412,0.640,
10,-160,260,0,0.000,1966.852,1493.013,,,,0.000,0,7,0,0,0,0,3,6.748,14.041,0.579,
10,-160,270,0,0.000,1966.852,1493.013,,,,0.000,0,4,0,0,0,0,6,10.588,9.227,0.485,
10,-160,280,0,0.000,1966.852,1493.013,,,,0.000,0,5,0,0,0,0,5,13.531,12.132,0.417,
10,-160,290,0,0.000,1966.852,1493.013,,,,0.000,0,2,0,0,0,0,8,11.221,8.620,0.562,
10,-160,300,0,0.000,1966.852,1493.013,,,,0.000,0,1,0,0,0,0,9,8.997,10.633,0.554,
10,-160,310,0,0.000,1966.852,1493.013,,,,0.000,0,3,0,0,0,0,7,10.506,11.803,0.547,
10,-160,320,0,0.000,1966.852,1493.013,,,,0.000,0,1,0,0,0,0,9,10.698,10.396,0.665,
10,-160,330,0,0.000,1966.852,1493.013,,,,0.000,0,1,0,0,0,0,9,9.653,11.292,0.582,
10,-160,340,0,0.000,1966.852,1493.013,,,,0.000,0,1,0,0,0,0,9,10.265,13.488,0.535,
10,-160,350,0,0.000,1966.852,1493.013,,,,0.000,0,2,0,0,0,0,8,13.457,8.416,0.576,
10,-160,360,0,0.000,1966.852,1493.013,,,,0.000,0,0,0,0,0,0,10,7.456,11.836,0.599,
10,-160,370,0,0.000,1966.852,1493.013,,,,0.000,0,0,0,0,0,0,10,12.619,12.165,0.603,
10,-160,380,0,0.000,1966.852,1493.013,,,,0.000,0,0,0,0,0,0,10,10.891,10.602,0.512,
10,-160,390,0,0.000,1966.852,1493.013,,,,0.000,0,0,0,0,0,0,10,12.730,8.291,0.609,
10,-150,-100,0,0.000,1966.852,1493.013,,,,0.000,0,10,0,0,0,0,0,14.392,9.461,0.654,
10,-150,-90,0,0.000,1966.852,1493.013,,,,0.000,0,10,0,0,0,0,0,6.829,14.383,0.316,
10,-150,-80,0,0.000,1966.852,1493.013,,,,0.000,0,10,0,0,0,0,0,12.523,13.863,0.504,
10,-150,-70,0,0.000,1966.852,1493.013,,,,0.000,0,10,0,0,0,0,0,10.571,12.778,0.533,
10,-150,-60,0,0.000,1966.852,1493.013,,,,0.000,0,10,0,0,0,0,0,8.364,11.366,0.423,
10,-150,-50,0,0.000,1966.852,1493.013,,,,0.000,0,10,0,0,0,0,0,9.939,12.288,0.501,
10,-150,-40,0,0.000,1966.852,1493.013,,,,0.000,0,10,0,0,0,0,0,9.158,11.832,0.315,
10,-150,-30,0,0.000,1966.852,1493.013,,,,0.000,0,10,0,0,0,0,0,10.730,8.520,0.565,
10,-150,-20,0,0.000,1966.852,1493.013,,,,0.000,0,10,0,0,0,0,0,12.892,8.333,0.531,
10,-150,-10,0,0.000,1966.852,1493.013,,,,0.000,0,10,0,0,0,0,0,10.525,8.571,0.488,
10,-150,0,0,0.000,1966.852,1493.013,,,,0.000,0,10,0,0,0,0,0,11.028,8.185,0.626,
10,-150,10,0,0.000,1966.852,1493.013,,,,0.000,0,10,0,0,0,0,0,11.466,12.140,0.424,
10,-150,20,0,0.000,1966.852,1493.013,,,,0.000,0,10,0,0,0,0,0,12.174,12.637,0.657,
10,-150,30,0,0.000,1966.852,1493.013,,,,0.000,0,10,0,0,0,0,0,12.024,10.606,0.555,
10,-150,40,0,0.000,1966.852,1493.013,,,,0.000,0,10,0,0,0,0,0,10.757,9.376,0.614,
10,-150,50,0,0.000,1966.852,1493.013,,,,0.000,0,10,0,0,0,0,0,8.580,12.120,0.455,
10,-150,60,0,0.000,1966.852,1493.013,,,,0.000,0,10,0,0,0,0,0,8.652,9.466,0.295,
10,-150,70,0,0.000,1966.852,1493.013,,,,0.000,0,10,0,0,0,0,0,8.517,7.400,0.700,
10,-150,80,0,0.000,1966.852,1493.013,,,,0.000,0,10,0,0,0,0,0,12.300,11.098,0.486,
10,-150,90,0,0.000,1966.852,1493.013,,,,0.000,0,10,0,0,0,0,0,12.369,9.133,0.486,
10,-150,100,0,0.000,1966.852,1493.013,,,,0.000,0,10,0,0,0,0,0,6.361,11.324,0.440,
10,-150,110,0,0.000,1966.852,1493.013,,,,0.000,0,9,0,0,0,0,1,10.564,9.596,0.551,
10,-150,120,0,0.000,1966.852,1493.013,,,,0.000,0,10,0,0,0,0,0,12.324,10.649,0.456,
10,-150,130,0,0.000,1966.852,1493.013,,,,0.000,0,10,0,0,0,0,0,11.413,6.570,0.554,
10,-150,140,0,0.000,1966.852,1493.013,,,,0.000,0,8,0,0,0,0,2,9.510,12.210,0.472,
10,-150,150,0,0.000,1966.852,1493.013,,,,0.000,0,7,0,0,0,0,3,11.066,10.447,0.577,
10,-150,160,0,0.000,1966.852,1493.013,,,,0.000,0,7,0,0,0,0,3,8.457,9.691,0.589,
10,-150,170,0,0.000,1966.852,1493.013,,,,0.000,0,6,0,0,0,0,4,11.613,9.411,0.645,
10,-150,180,0,0.000,1966.852,1493.013,,,,0.000,0,6,0,0,0,0,4,11.952,13.098,0.588,
10,-150,190,0,0.000,1966.852,1493.013,,,,0.000,0,7,0,0,0,0,3,10.852,9.336,0.429,
10,-150,200,0,0.000,1966.852,1493.013,,,,0.000,0,8,0,0,0,0,2,11.492,14.753,0.409,
10,-150,210,0,0.000,1966.852,1493.013,,,,0.000,0,3,0,0,0,0,7,10.121,9.881,0.554,
10,-150,220,0,0.000,1966.852,1493.013,,,,0.000,0,4,0,0,0,0,6,11.944,13.502,0.636,
10,-150,230,0,0.000,1966.852,1493.013,,,,0.000,0,4,0,0,0,0,6,10.710,10.821,0.570,
10,-150,240,0,0.000,1966.852,1493.013,,,,0.000,0,4,0,0,0,0,6,10.431,7.442,0.577,
10,-150,250,0,0.000,1966.852,1493.013,,,,0.000,0,2,0,0,0,0,8,10.420,14.042,0.491,
10,-150,260,0,0.000,1966.852,1493.013,,,,0.000,0,5,0,0,0,0,5,11.792,9.186,0.593,
10,-150,270,0,0.000,1966.852,1493.013,,,,0.000,0,1,0,0,0,0,9,7.862,9.803,0.608,
10,-150,280,0,0.000,1966.852,1493.013,,,,0.000,0,1,0,0,0,0,9,11.487,13.881,0.661,
10,-150,290,0,0.000,1966.852,1493.013,,,,0.000,0,1,0,0,0,0,9,9.970,12.076,0.545,
10,-150,300,0,0.000,1966.852,1493.013,,,,0.000,0,0,0,0,0,0,10,9.257,10.835,0.532,
10,-150,310,0,0.000,1966.852,1493.013,,,,0.000,0,0,0,0,0,0,10,12.336,10.271,0.551,
10,-150,320,0,0.000,1966.852,1493.013,,,,0.000,0,0,0,0,0,0,10,11.285,9.645,0.455,
10,-150,330,0,0.000,1966.852,1493.013,,,,0.000,0,0,0,0,0,0,10,9.869,12.633,0.628,
10,-150,340,0,0.000,1966.852,1493.013,,,,0.000,0,0,0,0,0,0,10,9.526,9.633,0.567,
10,-150,350,0,0.000,1966.852,1493.013,,,,0.000,0,0,0,0,0,0,10,12.638,7.771,0.471,
10,-150,360,0,0.000,1966.852,1493.013,,,,0.000,0,0,0,0,0,0,10,10.175,7.990,0.600,
10,-150,370,0,0.000,1966.852,1493.013,,,,0.000,0,0,0,0,0,0,10,11.408,9.001,0.700,
10,-150,380,0,0.000,1966.852,1493.013,,,,0.000,0,0,0,0,0,0,10,10.324,11.397,0.497,
10,-150,390,0,0.000,1966.852,1493.013,,,,0.000,0,0,0,0,0,0,10,11.769,10.327,0.530,
10,-140,-100,0,0.000,1966.852,1493.013,,,,0.000,0,10,0,0,0,0,0,11.270,11.467,0.398,
10,-140,-90,0,0.000,1966.852,1493.013,,,,0.000,0,10,0,0,0,0,0,12.603,12.812,0.501,
10,-140,-80,0,0.000,1966.852,1493.013,,,,0.000,0,10,0,0,0,0,0,10.617,10.870,0.569,
10,-140,-70,0,0.000,1966.852,1493.013,,,,0.000,0,10,0,0,0,0,0,8.315,9.945,0.463,
10,-140,-60,0,0.000,1966.852,1493.013,,,,0.000,0,10,0,0,0,0,0,9.935,12.035,0.574,
10,-140,-50,0,0.000,1966.852,1493.013,,,,0.000,0,10,0,0,0,0,0,10.290,11.390,0.688,
10,-140,-40,0,0.000,1966.852,1493.013,,,,0.000,0,10,0,0,0,0,0,10.702,11.160,0.600,
10,-140,-30,0,0.000,1966.852,1493.013,,,,0.000,0,10,0,0,0,0,0,12.185,10.181,0.405,
10,-140,-20,0,0.000,1966.852,1493.013,,,,0.000,0,10,0,0,0,0,0,9.025,11.669,0.450,
10,-140,-10,0,0.000,1966.852,1493.013,,,,0.000,0,10,0,0,0,0,0,12.003,11.518,0.595,
10,-140,0,0,0.000,1966.852,1493.013,,,,0.000,0,10,0,0,0,0,0,12.388,8.265,0.548,
10,-140,10,0,0.000,1966.852,1493.013,,,,0.000,0,10,0,0,0,0,0,9.948,6.149,0.370,
10,-140,20,0,0.000,1966.852,1493.013,,,,0.000,0,10,0,0,0,0,0,10.438,14.008,0.494,
10,-140,30,0,0.000,1966.852,1493.013,,,,0.000,0,8,0,0,0,0,2,10.227,9.323,0.528,
10,-140,40,0,0.000,1966.852,1493.013,,,,0.000,0,9,0,0,0,0,1,12.831,10.438,0.556,
10,-140,50,0,0.000,1966.852,1493.013,,,,0.000,0,9,0,0,0,0,1,11.556,13.433,0.572,
10,-140,60,0,0.000,1966.852,1493.013,,,,0.000,0,8,0,0,0,0,2,13.484,14.659,0.592,
10,-140,70,0,0.000,1966.852,1493.013,,,,0.000,0,10,0,0,0,0,0,7.164,10.571,0.417,
10,-140,80,0,0.000,1966.852,1493.013,,,,0.000,0,7,0,0,0,0,3,8.711,12.002,0.533,
10,-140,90,0,0.000,1966.852,1493.013,,,,0.000,0,6,0,0,0,0,4,12.628,9.677,0.543,
10,-140,100,0,0.000,1966.852,1493.013,,,,0.000,0,7,0,0,0,0,3,13.348,9.048,0.549,
10,-140,110,0,0.000,1966.852,1493.013,,,,0.000,0,6,0,0,0,0,4,12.763,13.086,0.437,
10,-140,120,0,0.000,1966.852,1493.013,,,,0.000,0,6,0,0,0,0,4,8.832,10.609,0.438,
10,-140,130,0,0.000,1966.852,1493.013,,,,0.000,0,6,0,0,0,0,4,10.712,8.088,0.439,
10,-140,140,0,0.000,1966.852,1493.013,,,,0.000,0,3,0,0,0,0,7,12.326,10.611,0.535,
10,-140,150,0,0.000,1966.852,1493.013,,,,0.000,0,4,0,0,0,0,6,9.558,7.953,0.384,
10,-140,160,0,0.000,1966.852,1493.013,,,,0.000,0,3,0,0,0,0,7,11.494,9.701,0.625,
10,-140,170,0,0.000,1966.852,1493.013,,,,0.000,0,3,0,0,0,0,7,10.046,10.546,0.596,
10,-140,180,0,0.000,1966.852,1493.013,,,,0.000,0,2,0,0,0,0,8,10.749,8.358,0.603,
10,-140,190,0,0.000,1966.852,1493.013,,,,0.000,0,2,0,0,0,0,8,8.800,7.636,0.540,
10,-140,200,0,0.000,1966.852,1493.013,,,,0.000,0,2,0,0,0,0,8,10.727,13.712,0.542,
10,-140,210,0,0.000,1966.852,1493.013,,,,0.000,0,3,0,0,0,0,7,12.123,11.200,0.515,
10,-140,220,0,0.000,1966.852,1493.013,,,,0.000,0,3,0,0,0,0,7,14.323,12.160,0.537,
10,-140,230,0,0.000,1966.852,1493.013,,,,0.000,0,0,0,0,0,0,10,11.644,13.768,0.474,
10,-140,240,0,0.000,1966.852,1493.013,,,,0.000,0,0,0,0,0,0,10,11.815,10.922,0.458,
10,-140,250,0,0.000,1966.852,1493.013,,,,0.000,0,0,0,0,0,0,10,7.065,11.437,0.570,
10,-140,260,0,0.000,1966.852,1493.013,,,,0.000,0,0,0,0,0,0,10,13.543,10.469,0.525,
10,-140,270,0,0.000,1966.852,1493.013,,,,0.000,0,0,0,0,0,0,10,10.949,7.937,0.475,
10,-140,280,0,0.000,1966.852,1493.013,,,,0.000,0,0,0,0,0,0,10,13.357,7.896,0.616,
10,-140,290,0,0.000,1966.852,1493.013,,,,0.000,0,0,0,0,0,0,10,7.888,12.449,0.532,
10,-140,300,0,0.000,1966.852,1493.013,,,,0.000,0,0,0,0,0,0,10,10.059,11.486,0.648,
10,-140,310,0,0.000,1966.852,1493.013,,,,0.000,0,0,0,0,0,0,10,10.383,10.861,0.615,
10,-140,320,0,0.000,1966.852,1493.013,,,,0.000,0,0,0,0,0,0,10,11.184,10.757,0.449,
10,-140,330,0,0.000,1966.852,1493.013,,,,0.000,0,0,0,0,0,0,10,10.258,12.052,0.611,
10,-140,340,0,0.000,1966.852,1493.013,,,,0.000,0,0,0,0,0,0,10,8.267,10.948,0.633,
10,-140,350,0,0.000,1966.852,1493.013,,,,0.000,0,0,0,0,0,0,10,7.690,11.865,0.459,
10,-140,360,0,0.000,1966.852,1493.013,,,,0.000,0,0,0,0,0,0,10,11.629,11.854,0.506,
10,-140,370,0,0.000,1966.852,1493.013,,,,0.000,0,0,0,0,0,0,10,7.350,10.229,0.729,
10,-140,380,0,0.000,1966.852,1493.013,,,,0.000,0,0,0,0,0,0,10,11.636,10.364,0.475,
10,-140,390,0,0.000,1966.852,1493.013,,,,0.000,0,0,0,0,0,0,10,9.748,13.734,0.490,
10,-130,-100,0,0.000,1966.852,1493.013,,,,0.000,0,10,0,0,0,0,0,8.391,10.957,0.550,
10,-130,-90,0,0.000,1966.852,1493.013,,,,0.000,0,10,0,0,0,0,0,10.933,10.056,0.480,
10,-130,-80,0,0.000,1966.852,1493.013,,,,0.000,0,10,0,0,0,0,0,10.404,11.147,0.473,
10,-130,-70,0,0.000,1966.852,1493.013,,,,0.000,0,10,0,0,0,0,0,10.572,13.603,0.689,
10,-130,-60,0,0.000,1966.852,1493.013,,,,0.000,0,10,0,0,0,0,0,12.234,7.579,0.422,
10,-130,-50,0,0.000,1966.852,1493.013,,,,0.000,0,10,0,0,0,0,0,11.371,12.424,0.435,
10,-130,-40,0,0.000,1966.852,1493.013,,,,0.000,0,9,0,0,0,0,1,9.397,11.223,0.756,
10,-130,-30,0,0.000,1966.852,1493.013,,,,0.000,0,10,0,0,0,0,0,6.068,11.657,0.561,
10,-130,-20,0,0.000,1966.852,1493.013,,,,0.000,0,9,0,0,0,0,1,12.363,12.949,0.524,
10,-130,-10,0,0.000,1966.852,1493.013,,,,0.000,0,9,0,0,0,0,1,8.114,8.118,0.565,
10,-130,0,0,0.000,1966.852,1493.013,,,,0.000,0,6,0,0,0,0,4,13.361,8.129,0.540,
10,-130,10,0,0.000,1966.852,1493.013,,,,0.000,0,7,0,0,0,0,3,11.011,11.342,0.498,
10,-130,20,0,0.000,1966.852,1493.013,,,,0.000,0,7,0,0,0,0,3,9.758,9.730,0.580,
10,-130,30,0,0.000,1966.852,1493.013,,,,0.000,0,10,0,0,0,0,0,9.772,7.178,0.484,
10,-130,40,0,0.000,1966.852,1493.013,,,,0.000,0,6,0,0,0,0,4,12.437,13.867,0.512,
10,-130,50,0,0.000,1966.852,1493.013,,,,0.000,0,6,0,0,0,0,4,11.984,11.438,0.536,
10,-130,60,0,0.000,1966.852,1493.013,,,,0.000,0,5,0,0,0,0,5,9.040,9.553,0.649,
10,-130,70,0,0.000,1966.852,1493.013,,,,0.000,0,6,0,0,0,0,4,11.308,11.104,0.578,
10,-130,80,0,0.000,1966.852,1493.013,,,,0.000,0,5,0,0,0,0,5,11.561,13.550,0.509,
10,-130,90,0,0.000,1966.852,1493.013,,,,0.000,0,3,0,0,0,0,7,8.251,11.841,0.461,
10,-130,100,0,0.000,1966.852,1493.013,,,,0.000,0,5,0,0,0,0,5,7.711,11.063,0.470,
10,-130,110,0,0.000,1966.852,1493.013,,,,0.000,0,4,0,0,0,0,6,9.931,11.682,0.403,
10,-130,120,0,0.000,1966.852,1493.013,,,,0.000,0,4,0,0,0,0,6,10.217,13.613,0.499,
10,-130,130,0,0.000,1966.852,1493.013,,,,0.000,0,3,0,0,0,0,7,12.563,9.507,0.652,
10,-130,140,0,0.000,1966.852,1493.013,,,,0.000,0,5,0,0,0,0,5,12.331,11.522,0.634,
10,-130,150,0,0.000,1966.852,1493.013,,,,0.000,0,1,0,0,0,0,9,11.422,11.982,0.637,
10,-130,160,0,0.000,1966.852,1493.013,,,,0.000,0,1,0,0,0,0,9,12.343,8.689,0.743,
10,-130,170,0,0.000,1966.852,1493.013,,,,0.000,0,2,0,0,0,0,8,13.610,9.672,0.560,
10,-130,180,0,0.000,1966.852,1493.013,,,,0.000,0,0,0,0,0,0,10,10.005,12.619,0.495,
10,-130,190,0,0.000,1966.852,1493.013,,,,0.000,0,0,0,0,0,0,10,9.103,11.538,0.613,
10,-130,200,0,0.000,1966.852,1493.013,,,,0.000,0,0,0,0,0,0,10,10.588,10.668,0.616,
10,-130,210,0,0.000,1966.852,1493.013,,,,0.000,0,0,0,0,0,0,10,7.397,7.734,0.634,
10,-130,220,0,0.000,1966.852,1493.013,,,,0.000,0,0,0,0,0,0,10,10.751,12.124,0.527,
10,-130,230,0,0.000,1966.852,1493.013,,,,0.000,0,0,0,0,0,0,10,8.538,11.447,0.574,
10,-130,240,0,0.000,1966.852,1493.013,,,,0.000,0,0,0,0,0,0,10,10.352,12.329,0.592,
10,-130,250,0,0.000,1966.852,1493.013,,,,0.000,0,0,0,0,0,0,10,12.614,9.498,0.706,
10,-130,260,0,0.000,1966.852,1493.013,,,,0.000,0,0,0,0,0,0,10,9.660,8.152,0.383,
10,-130,270,0,0.000,1966.852,1493.013,,,,0.000,0,0,0,0,0,0,10,10.911,12.660,0.648,
10,-130,280,0,0.000,1966.852,1493.013,,,,0.000,0,0,0,0,0,0,10,11.917,13.983,0.552,
10,-130,290,0,0.000,1966.852,1493.013,,,,0.000,0,0,0,0,0,0,10,11.089,9.818,0.688,
10,-130,300,0,0.000,1966.852,1493.013,,,,0.000,0,0,0,0,0,0,10,12.426,14.165,0.527,
10,-130,310,0,0.000,1966.852,1493.013,,,,0.000,0,0,0,0,0,0,10,12.843,10.751,0.522,
10,-130,320,0,0.000,1966.852,1493.013,,,,0.000,0,0,0,0,0,0,10,8.174,13.778,0.339,
10,-130,330,0,0.000,1966.852,1493.013,,,,0.000,0,0,0,0,0,0,10,11.805,11.909,0.723,
10,-130,340,0,0.000,1966.852,1493.013,,,,0.000,0,0,0,0,0,0,10,12.212,12.233,0.617,
10,-130,350,0,0.000,1966.852,1493.013,,,,0.000,0,0,0,0,0,0,10,8.910,11.793,0.496,
10,-130,360,0,0.000,1966.852,1493.013,,,,0.000,0,0,0,0,0,0,10,7.770,7.194,0.724,
10,-130,370,0,0.000,1966.852,1493.013,,,,0.000,0,0,0,0,0,0,10,11.206,10.621,0.445,
10,-130,380,0,0.000,1966.852,1493.013,,,,0.000,0,0,0,0,0,0,10,11.864,12.781,0.599,
10,-130,390,0,0.000,1966.852,1493.013,,,,0.000,0,0,0,0,0,0,10,10.347,13.385,0.489,
10,-120,-100,0,0.000,1966.852,1493.013,,,,0.000,0,10,0,0,0,0,0,13.700,8.586,0.504,
10,-120,-90,0,0.000,1966.852,1493.013,,,,0.000,0,9,0,0,0,0,1,10.116,13.153,0.619,
10,-120,-80,0,0.000,1966.852,1493.013,,,,0.000,0,8,0,0,0,0,2,12.566,13.661,0.600,
10,-120,-70,0,0.000,1966.852,1493.013,,,,0.000,0,8,0,0,0,0,2,12.421,12.392,0.575,
10,-120,-60,0,0.000,1966.852,1493.013,,,,0.000,0,8,0,0,0,0,2,10.490,12.425,0.448,
10,-120,-50,0,0.000,1966.852,1493.013,,,,0.000,0,9,0,0,0,0,1,12.991,11.962,0.614,
10,-120,-40,0,0.000,1966.852,1493.013,,,,0.000,0,6,0,0,0,0,4,11.193,12.615,0.358,
10,-120,-30,0,0.000,1966.852,1493.013,,,,0.000,0,8,0,0,0,0,2,12.482,9.919,0.492,
10,-120,-20,0,0.000,1966.852,1493.013,,,,0.000,0,9,0,0,0,0,1,8.012,11.772,0.577,
10,-120,-10,0,0.000,1966.852,1493.013,,,,0.000,0,6,0,0,0,0,4,13.052,10.353,0.560,
10,-120,0,0,0.000,1966.852,1493.013,,,,0.000,0,6,0,0,0,0,4,11.211,10.064,0.584,
10,-120,10,0,0.000,1966.852,1493.013,,,,0.000,0,8,0,0,0,0,2,10.872,11.247,0.551,
10,-120,20,0,0.000,1966.852,1493.013,,,,0.000,0,3,0,0,0,0,7,11.654,10.100,0.523,
10,-120,30,0,0.000,1966.852,1493.013,,,,0.000,0,6,0,0,0,0,4,11.063,11.637,0.551,
10,-120,40,0,0.000,1966.852,1493.013,,,,0.000,0,7,0,0,0,0,3,11.134,7.733,0.391,
10,-120,50,0,0.000,1966.852,1493.013,,,,0.000,0,4,0,0,0,0,6,9.595,12.585,0.602,
10,-120,60,0,0.000,1966.852,1493.013,,,,0.000,0,2,0,0,0,0,8,10.184,11.021,0.592,
10,-120,70,0,0.000,1966.852,1493.013,,,,0.000,0,5,0,0,0,0,5,14.002,11.484,0.490,
10,-120,80,0,0.000,1966.852,1493.013,,,,0.000,0,4,0,0,0,0,6,13.816,10.705,0.483,
10,-120,90,0,0.000,1966.852,1493.013,,,,0.000,0,1,0,0,0,0,9,9.736,7.380,0.537,
10,-120,100,0,0.000,1966.852,1493.013,,,,0.000,0,1,0,0,0,0,9,8.699,12.980,0.445,
10,-120,110,0,0.000,1966.852,1493.013,,,,0.000,0,0,0,0,0,0,10,11.057,11.803,0.499,
10,-120,120,0,0.000,1966.852,1493.013,,,,0.000,0,0,0,0,0,0,10,8.634,10.418,0.632,
10,-120,130,0,0.000,1966.852,1493.013,,,,0.000,0,0,0,0,0,0,10,10.306,11.918,0.522,
10,-120,140,0,0.000,1966.852,1493.013,,,,0.000,0,0,0,0,0,0,10,11.017,9.521,0.646,
10,-120,150,0,0.000,1966.852,1493.013,,,,0.000,0,0,0,0,0,0,10,12.156,12.470,0.499,
10,-120,160,0,0.000,1966.852,1493.013,,,,0.000,0,0,0,0,0,0,10,12.621,7.104,0.609,
10,-120,170,0,0.000,1966.852,1493.013,,,,0.000,0,0,0,0,0,0,10,12.009,12.820,0.680,
10,-120,180,0,0.000,1966.852,1493.013,,,,0.000,0,0,0,0,0,0,10,10.632,9.668,0.710,
10,-120,190,0,0.000,1966.852,1493.013,,,,0.000,0,0,0,0,0,0,10,8.193,9.210,0.508,
10,-120,200,0,0.000,1966.852,1493.013,,,,0.000,0,0,0,0,0,0,10,11.380,12.218,0.539,
10,-120,210,0,0.000,1966.852,1493.013,,,,0.000,0,0,0,0,0,0,10,9.624,8.093,0.710,
10,-120,220,0,0.000,1966.852,1493.013,,,,0.000,0,0,0,0,0,0,10,11.320,13.904,0.553,
10,-120,230,0,0.000,1966.852,1493.013,,,,0.000,0,0,0,0,0,0,10,12.881,12.048,0.539,
10,-120,240,0,0.000,1966.852,1493.013,,,,0.000,0,0,0,0,0,0,10,8.412,13.725,0.314,
10,-120,250,0,0.000,1966.852,1493.013,,,,0.000,0,0,0,0,0,0,10,12.298,11.302,0.474,
10,-120,260,0,0.000,1966.852,1493.013,,,,0.000,0,0,0,0,0,0,10,10.307,12.117,0.528,
10,-120,270,0,0.000,1966.852,1493.013,,,,0.000,0,0,0,0,0,0,10,13.771,8.229,0.570,
10,-120,280,0,0.000,1966.852,1493.013,,,,0.000,0,0,0,0,0,0,10,12.002,9.686,0.395,
10,-120,290,0,0.000,1966.852,1493.013,,,,0.000,0,0,0,0,0,0,10,11.739,12.292,0.545,
10,-120,300,0,0.000,1966.852,1493.013,,,,0.000,0,0,0,0,0,0,10,8.936,12.439,0.545,
10,-120,310,0,0.000,1966.852,1493.013,,,,0.000,0,0,0,0,0,0,10,9.973,11.539,0.583,
10,-120,320,0,0.000,1966.852,1493.013,,,,0.000,0,0,0,0,0,0,10,7.349,13.876,0.539,
10,-120,330,0,0.000,1966.852,1493.013,,,,0.000,0,0,0,0,0,0,10,12.881,12.799,0.603,
10,-120,340,0,0.000,1966.852,1493.013,,,,0.000,0,0,0,0,0,0,10,12.283,8.171,0.687,
10,-120,350,0,0.000,1966.852,1493.013,,,,0.000,0,0,0,0,0,0,10,11.081,10.433,0.604,
10,-120,360,0,0.000,1966.852,1493.013,,,,0.000,0,0,0,0,0,0,10,10.552,13.210,0.326,
10,-120,370,0,0.000,1966.852,1493.013,,,,0.000,0,0,0,0,0,0,10,10.728,7.580,0.477,
10,-120,380,0,0.000,1966.852,1493.013,,,,0.000,0,0,0,0,0,0,10,12.503,13.036,0.497,
10,-120,390,0,0.000,1966.852,1493.013,,,,0.000,0,0,0,0,0,0,10,13.551,12.776,0.654,
10,-110,-100,0,0.000,1966.852,1493.013,,,,0.000,0,8,0,0,0,0,2,9.454,8.385,0.453,
10,-110,-90,0,0.000,1966.852,1493.013,,,,0.000,0,7,0,0,0,0,3,13.696,9.801,0.420,
10,-110,-80,0,0.000,1966.852,1493.013,,,,0.000,0,7,0,0,0,0,3,11.606,8.792,0.549,
10,-110,-70,0,0.000,1966.852,1493.013,,,,0.000,0,9,0,0,0,0,1,5.998,10.904,0.657,
10,-110,-60,0,0.000,1966.852,1493.013,,,,0.000,0,6,0,0,0,0,4,9.981,8.766,0.549,
10,-110,-50,0,0.000,1966.852,1493.013,,,,0.000,0,5,0,0,0,0,5,10.962,13.452,0.478,
10,-110,-40,0,0.000,1966.852,1493.013,,,,0.000,0,6,0,0,0,0,4,9.278,11.541,0.485,
10,-110,-30,0,0.000,1966.852,1493.013,,,,0.000,0,6,0,0,0,0,4,14.190,8.826,0.568,
10,-110,-20,0,0.000,1966.852,1493.013,,,,0.000,0,6,0,0,0,0,4,13.082,11.625,0.434,
10,-110,-10,0,0.000,1966.852,1493.013,,,,0.000,0,5,0,0,0,0,5,9.846,8.075,0.547,
10,-110,0,0,0.000,1966.852,1493.013,,,,0.000,0,2,0,0,0,0,8,12.528,6.648,0.652,
10,-110,10,0,0.000,1966.852,1493.013,,,,0.000,0,0,0,0,0,0,10,8.132,8.885,0.643,
10,-110,20,0,0.000,1966.852,1493.013,,,,0.000,0,1,0,0,0,0,9,9.744,11.795,0.532,
10,-110,30,0,0.000,1966.852,1493.013,,,,0.000,0,0,0,0,0,0,10,6.382,13.084,0.538,
10,-110,40,0,0.000,1966.852,1493.013,,,,0.000,0,3,0,0,0,0,7,11.653,9.292,0.477,
10,-110,50,0,0.000,1966.852,1493.013,,,,0.000,0,2,0,0,0,0,8,12.414,8.539,0.572,
10,-110,60,0,0.000,1966.852,1493.013,,,,0.000,0,1,0,0,0,0,9,9.986,7.889,0.433,
10,-110,70,0,0.000,1966.852,1493.013,,,,0.000,0,0,0,0,0,0,10,9.476,10.691,0.566,
10,-110,80,0,0.000,1966.852,1493.013,,,,0.000,0,0,0,0,0,0,10,8.680,10.023,0.474,
10,-110,90,0,0.000,1966.852,1493.013,,,,0.000,0,0,0,0,0,0,10,9.828,14.758,0.629,
10,-110,100,0,0.000,1966.852,1493.013,,,,0.000,0,0,0,0,0,0,10,13.132,11.880,0.331,
10,-110,110,0,0.000,1966.852,1493.013,,,,0.000,0,0,0,0,0,0,10,11.919,9.533,0.475,
10,-110,120,0,0.000,1966.852,1493.013,,,,0.000,0,0,0,0,0,0,10,12.981,11.712,0.481,
10,-110,130,0,0.000,1966.852,1493.013,,,,0.000,0,0,0,0,0,0,10,9.134,14.466,0.626,
10,-110,140,0,0.000,1966.852,1493.013,,,,0.000,0,0,0,0,0,0,10,11.255,7.017,0.464,
10,-110,150,0,0.000,1966.852,1493.013,,,,0.000,0,0,0,0,0,0,10,11.157,12.601,0.355,
10,-110,160,0,0.000,1966.852,1493.013,,,,0.000,0,0,0,0,0,0,10,13.279,12.302,0.559,
10,-110,170,0,0.000,1966.852,1493.013,,,,0.000,0,0,0,0,0,0,10,11.066,9.643,0.618,
10,-110,180,0,0.000,1966.852,1493.013,,,,0.000,0,0,0,0,0,0,10,9.855,11.149,0.684,
10,-110,190,0,0.000,1966.852,1493.013,,,,0.000,0,0,0,0,0,0,10,12.585,10.645,0.586,
10,-110,200,0,0.000,1966.852,1493.013,,,,0.000,0,0,0,0,0,0,10,9.061,8.863,0.635,
10,-110,210,0,0.000,1966.852,1493.013,,,,0.000,0,0,0,0,0,0,10,10.087,11.510,0.510,
10,-110,220,0,0.000,1966.852,1493.013,,,,0.000,0,0,0,0,0,0,10,9.559,9.658,0.564,
10,-110,230,0,0.000,1966.852,1493.013,,,,0.000,0,0,0,0,0,0,10,13.902,10.227,0.501,
10,-110,240,0,0.000,1966.852,1493.013,,,,0.000,0,0,0,0,0,0,10,10.488,9.975,0.425,
10,-110,250,0,0.000,1966.852,1493.013,,,,0.000,0,0,0,0,0,0,10,15.641,10.381,0.471,
10,-110,260,0,0.000,1966.852,1493.013,,,,0.000,0,0,0,0,0,0,10,11.201,8.873,0.573,
10,-110,270,0,0.000,1966.852,1493.013,,,,0.000,0,0,0,0,0,0,10,8.593,11.765,0.480,
10,-110,280,0,0.000,1966.852,1493.013,,,,0.000,0,0,0,0,0,0,10,11.869,11.831,0.594,
10,-110,290,0,0.000,1966.852,1493.013,,,,0.000,0,0,0,0,0,0,10,12.205,6.613,0.468,
10,-110,300,0,0.000,1966.852,1493.013,,,,0.000,0,0,0,0,0,0,10,10.222,13.663,0.589,
10,-110,310,0,0.000,1966.852,1493.013,,,,0.000,0,0,0,0,0,0,10,10.986,10.940,0.622,
10,-110,320,0,0.000,1966.852,1493.013,,,,0.000,0,0,0,0,0,0,10,8.918,11.875,0.695,
10,-110,330,0,0.000,1966.852,1493.013,,,,0.000,0,0,0,0,0,0,10,11.487,12.037,0.547,
10,-110,340,0,0.000,1966.852,1493.013,,,,0.000,0,0,0,0,0,0,10,10.803,7.916,0.539,
10,-110,350,0,0.000,1966.852,1493.013,,,,0.000,0,0,0,0,0,0,10,11.258,5.571,0.581,
10,-110,360,0,0.000,1966.852,1493.013,,,,0.000,0,0,0,0,0,0,10,8.470,12.559,0.627,
10,-110,370,0,0.000,1966.852,1493.013,,,,0.000,0,0,0,0,0,0,10,9.422,12.084,0.568,
10,-110,380,0,0.000,1966.852,1493.013,,,,0.000,0,0,0,0,0,0,10,12.505,11.793,0.637,
10,-110,390,0,0.000,1966.852,1493.013,,,,0.000,0,0,0,0,0,0,10,11.094,9.528,0.615,
10,-100,-100,0,0.000,1966.852,1493.013,,,,0.000,0,3,0,0,0,0,7,7.761,8.219,0.497,
10,-100,-90,0,0.000,1966.852,1493.013,,,,0.000,0,7,0,0,0,0,3,12.788,13.217,0.621,
10,-100,-80,0,0.000,1966.852,1493.013,,,,0.000,0,4,0,0,0,0,6,7.874,8.977,0.511,
10,-100,-70,0,0.000,1966.852,1493.013,,,,0.000,0,5,0,0,0,0,5,12.434,12.271,0.537,
10,-100,-60,0,0.000,1966.852,1493.013,,,,0.000,0,2,0,0,0,0,8,10.435,12.528,0.485,
10,-100,-50,0,0.000,1966.852,1493.013,,,,0.000,0,5,0,0,0,0,5,12.375,10.096,0.680,
10,-100,-40,0,0.000,1966.852,1493.013,,,,0.000,0,5,0,0,0,0,5,11.077,8.693,0.556,
10,-100,-30,0,0.000,1966.852,1493.013,,,,0.000,0,1,0,0,0,0,9,11.329,10.358,0.535,
10,-100,-20,0,0.000,1966.852,1493.013,,,,0.000,0,1,0,0,0,0,9,10.801,9.907,0.528,
10,-100,-10,0,0.000,1966.852,1493.013,,,,0.000,0,1,0,0,0,0,9,12.709,10.392,0.481,
10,-100,0,0,0.000,1966.852,1493.013,,,,0.000,0,1,0,0,0,0,9,10.627,10.764,0.601,
10,-100,10,0,0.000,1966.852,1493.013,,,,0.000,0,0,0,0,0,0,10,8.771,10.543,0.587,
10,-100,20,0,0.000,1966.852,1493.013,,,,0.000,0,1,0,0,0,0,9,11.002,8.376,0.412,
10,-100,30,0,0.000,1966.852,1493.013,,,,0.000,0,0,0,0,0,0,10,10.581,14.253,0.552,
10,-100,40,0,0.000,1966.852,1493.013,,,,0.000,0,0,0,0,0,0,10,10.724,11.764,0.386,
10,-100,50,0,0.000,1966.852,1493.013,,,,0.000,0,0,0,0,0,0,10,7.818,9.593,0.674,
10,-100,60,0,0.000,1966.852,1493.013,,,,0.000,0,0,0,0,0,0,10,9.643,10.450,0.507,
10,-100,70,0,0.000,1966.852,1493.013,,,,0.000,0,0,0,0,0,0,10,12.100,11.112,0.686,
10,-100,80,0,0.000,1966.852,1493.013,,,,0.000,0,0,0,0,0,0,10,7.240,12.189,0.561,
10,-100,90,0,0.000,1966.852,1493.013,,,,0.000,0,0,0,0,0,0,10,10.523,7.524,0.603,
10,-100,100,0,0.000,1966.852,1493.013,,,,0.000,0,0,0,0,0,0,10,10.710,12.254,0.466,
10,-100,110,0,0.000,1966.852,1493.013,,,,0.000,0,0,0,0,0,0,10,12.177,10.829,0.509,
10,-100,120,0,0.000,1966.852,1493.013,,,,0.000,0,0,0,0,0,0,10,12.252,10.492,0.550,
10,-100,130,0,0.000,1966.852,1493.013,,,,0.000,0,0,0,0,0,0,10,12.796,11.527,0.422,
10,-100,140,0,0.000,1966.852,1493.013,,,,0.000,0,0,0,0,0,0,10,11.102,11.910,0.468,
10,-100,150,0,0.000,1966.852,1493.013,,,,0.000,0,0,0,0,0,0,10,9.470,13.468,0.493,
10,-100,160,0,0.000,1966.852,1493.013,,,,0.000,0,0,0,0,0,0,10,13.399,10.163,0.496,
10,-100,170,0,0.000,1966.852,1493.013,,,,0.000,0,0,0,0,0,0,10,12.909,8.729,0.404,
10,-100,180,0,0.000,1966.852,1493.013,,,,0.000,0,0,0,0,0,0,10,8.130,10.451,0.600,
10,-100,190,0,0.000,1966.852,1493.013,,,,0.000,0,0,0,0,0,0,10,11.550,11.349,0.608,
10,-100,200,0,0.000,1966.852,1493.013,,,,0.000,0,0,0,0,0,0,10,11.098,10.785,0.380,
10,-100,210,0,0.000,1966.852,1493.013,,,,0.000,0,0,0,0,0,0,10,12.361,9.669,0.602,
10,-100,220,0,0.000,1966.852,1493.013,,,,0.000,0,0,0,0,0,0,10,10.071,10.503,0.476,
10,-100,230,0,0.000,1966.852,1493.013,,,,0.000,0,0,0,0,0,0,10,9.720,11.398,0.593,
10,-100,240,0,0.000,1966.852,1493.013,,,,0.000,0,0,0,0,0,0,10,9.550,7.875,0.336,
10,-100,250,0,0.000,1966.852,1493.013,,,,0.000,0,0,0,0,0,0,10,11.398,12.798,0.548,
10,-100,260,0,0.000,1966.852,1493.013,,,,0.000,0,0,0,0,0,0,10,12.406,8.042,0.444,
10,-100,270,0,0.000,1966.852,1493.013,,,,0.000,0,0,0,0,0,0,10,10.901,12.223,0.598,
10,-100,280,0,0.000,1966.852,1493.013,,,,0.000,0,0,0,0,0,0,10,10.606,10.483,0.588,
10,-100,290,0,0.000,1966.852,1493.013,,,,0.000,0,0,0,0,0,0,10,11.244,9.088,0.597,
10,-100,300,0,0.000,1966.852,1493.013,,,,0.000,0,0,0,0,0,0,10,10.534,9.346,0.484,
10,-100,310,0,0.000,1966.852,1493.013,,,,0.000,0,0,0,0,0,0,10,11.910,10.988,0.646,
10,-100,320,0,0.000,1966.852,1493.013,,,,0.000,0,0,0,0,0,0,10,12.270,12.386,0.635,
10,-100,330,0,0.000,1966.852,1493.013,,,,0.000,0,0,0,0,0,0,10,8.707,8.496,0.583,
10,-100,340,0,0.000,1966.852,1493.013,,,,0.000,0,0,0,0,0,0,10,7.810,8.323,0.545,
10,-100,350,0,0.000,1966.852,1493.013,,,,0.000,0,0,0,0,0,0,10,11.150,9.772,0.606,
10,-100,360,0,0.000,1966.852,1493.013,,,,0.000,0,0,0,0,0,0,10,7.364,11.001,0.690,
10,-100,370,0,0.000,1966.852,1493.013,,,,0.000,0,0,0,0,0,0,10,12.275,8.844,0.539,
10,-100,380,0,0.000,1966.852,1493.013,,,,0.000,0,0,0,0,0,0,10,7.995,11.393,0.605,
10,-100,390,0,0.000,1966.852,1493.013,,,,0.000,0,0,0,0,0,0,10,10.654,10.806,0.544,
10,-90,-100,0,0.000,1966.852,1493.013,,,,0.000,0,2,0,0,0,0,8,10.178,13.359,0.527,
10,-90,-90,0,0.000,1966.852,1493.013,,,,0.000,0,1,0,0,0,0,9,11.544,13.452,0.591,
10,-90,-80,0,0.000,1966.852,1493.013,,,,0.000,0,2,0,0,0,0,8,13.007,10.374,0.676,
10,-90,-70,0,0.000,1966.852,1493.013,,,,0.000,0,2,0,0,0,0,8,9.772,9.956,0.647,
10,-90,-60,0,0.000,1966.852,1493.013,,,,0.000,0,1,0,0,0,0,9,13.517,12.278,0.481,
10,-90,-50,0,0.000,1966.852,1493.013,,,,0.000,0,1,0,0,0,0,9,7.327,8.572,0.450,
10,-90,-40,0,0.000,1966.852,1493.013,,,,0.000,0,0,0,0,0,0,10,11.326,13.821,0.423,
10,-90,-30,0,0.000,1966.852,1493.013,,,,0.000,0,0,0,0,0,0,10,12.364,13.864,0.430,
10,-90,-20,0,0.000,1966.852,1493.013,,,,0.000,0,0,0,0,0,0,10,10.372,9.714,0.298,
10,-90,-10,0,0.000,1966.852,1493.013,,,,0.000,0,0,0,0,0,0,10,10.655,11.719,0.461,
10,-90,0,0,0.000,1966.852,1493.013,,,,0.000,0,0,0,0,0,0,10,9.775,14.074,0.655,
10,-90,10,0,0.000,1966.852,1493.013,,,,0.000,0,0,0,0,0,0,10,11.683,10.844,0.583,
10,-90,20,0,0.000,1966.852,1493.013,,,,0.000,0,0,0,0,0,0,10,11.007,13.507,0.575,
10,-90,30,0,0.000,1966.852,1493.013,,,,0.000,0,0,0,0,0,0,10,12.548,10.919,0.528,
10,-90,40,0,0.000,1966.852,1493.013,,,,0.000,0,0,0,0,0,0,10,10.405,11.713,0.434,
10,-90,50,0,0.000,1966.852,1493.013,,,,0.000,0,0,0,0,0,0,10,9.926,10.563,0.633,
10,-90,60,0,0.000,1966.852,1493.013,,,,0.000,0,0,0,0,0,0,10,11.187,8.545,0.597,
10,-90,70,0,0.000,1966.852,1493.013,,,,0.000,0,0,0,0,0,0,10,11.260,11.294,0.626,
10,-90,80,0,0.000,1966.852,1493.013,,,,0.000,0,0,0,0,0,0,10,8.306,9.393,0.624,
10,-90,90,0,0.000,1966.852,1493.013,,,,0.000,0,0,0,0,0,0,10,10.325,11.058,0.601,
10,-90,100,0,0.000,1966.852,1493.013,,,,0.000,0,0,0,0,0,0,10,9.228,11.126,0.582,
10,-90,110,0,0.000,1966.852,1493.013,,,,0.000,0,0,0,0,0,0,10,13.144,11.893,0.538,
10,-90,120,0,0.000,1966.852,1493.013,,,,0.000,0,0,0,0,0,0,10,9.843,10.128,0.573,
10,-90,130,0,0.000,1966.852,1493.013,,,,0.000,0,0,0,0,0,0,10,9.750,12.107,0.414,
10,-90,140,0,0.000,1966.852,1493.013,,,,0.000,0,0,0,0,0,0,10,12.178,10.960,0.478,
10,-90,150,0,0.000,1966.852,1493.013,,,,0.000,0,0,0,0,0,0,10,10.216,8.125,0.492,
10,-90,160,0,0.000,1966.852,1493.013,,,,0.000,0,0,0,0,0,0,10,12.585,9.735,0.513,
10,-90,170,0,0.000,1966.852,1493.013,,,,0.000,0,0,0,0,0,0,10,12.070,9.798,0.461,
10,-90,180,0,0.000,1966.852,1493.013,,,,0.000,0,0,0,0,0,0,10,10.772,9.839,0.493,
10,-90,190,0,0.000,1966.852,1493.013,,,,0.000,0,0,0,0,0,0,10,8.354,11.234,0.621,
10,-90,200,0,0.000,1966.852,1493.013,,,,0.000,0,0,0,0,0,0,10,6.805,11.100,0.712,
10,-90,210,0,0.000,1966.852,1493.013,,,,0.000,0,0,0,0,0,0,10,13.367,9.266,0.612,
10,-90,220,0,0.000,1966.852,1493.013,,,,0.000,0,0,0,0,0,0,10,12.021,11.147,0.717,
10,-90,230,0,0.000,1966.852,1493.013,,,,0.000,0,0,0,0,0,0,10,11.206,14.211,0.694,
10,-90,240,0,0.000,1966.852,1493.013,,,,0.000,0,0,0,0,0,0,10,10.649,11.365,0.506,
10,-90,250,0,0.000,1966.852,1493.013,,,,0.000,0,0,0,0,0,0,10,9.537,10.180,0.560,
10,-90,260,0,0.000,1966.852,1493.013,,,,0.000,0,0,0,0,0,0,10,8.653,9.600,0.432,
10,-90,270,0,0.000,1966.852,1493.013,,,,0.000,0,0,0,0,0,0,10,11.568,10.673,0.541,
10,-90,280,0,0.000,1966.852,1493.013,,,,0.000,0,0,0,0,0,0,10,10.761,14.136,0.491,
10,-90,290,0,0.000,1966.852,1493.013,,,,0.000,0,0,0,0,0,0,10,10.476,12.981,0.682,
10,-90,300,0,0.000,1966.852,1493.013,,,,0.000,0,0,0,0,0,0,10,11.083,13.431,0.595,
10,-90,310,0,0.000,1966.852,1493.013,,,,0.000,0,0,0,0,0,0,10,10.727,11.889,0.556,
10,-90,320,0,0.000,1966.852,1493.013,,,,0.000,0,0,0,0,0,0,10,10.428,11.111,0.272,
10,-90,330,0,0.000,1966.852,1493.013,,,,0.000,0,0,0,0,0,0,10,9.573,12.394,0.576,
10,-90,340,0,0.000,1966.852,1493.013,,,,0.000,0,0,0,0,0,0,10,12.988,8.328,0.596,
10,-90,350,0,0.000,1966.852,1493.013,,,,0.000,0,0,0,0,0,0,10,7.539,9.460,0.438,
10,-90,360,0,0.000,1966.852,1493.013,,,,0.000,0,0,0,0,0,0,10,10.288,12.975,0.464,
10,-90,370,0,0.000,1966.852,1493.013,,,,0.000,0,0,0,0,0,0,10,13.102,13.915,0.636,
10,-90,380,0,0.000,1966.852,1493.013,,,,0.000,0,0,0,0,0,0,10,11.096,10.620,0.518,
10,-90,390,0,0.000,1966.852,1493.013,,,,0.000,0,0,0,0,0,0,10,14.306,11.044,0.579,
10,-80,-100,0,0.000,1966.852,1493.013,,,,0.000,0,0,0,0,0,0,10,11.893,11.904,0.582,
10,-80,-90,0,0.000,1966.852,1493.013,,,,0.000,0,0,0,0,0,0,10,11.973,9.937,0.351,
10,-80,-80,0,0.000,1966.852,1493.013,,,,0.000,0,0,0,0,0,0,10,7.319,12.285,0.610,
10,-80,-70,0,0.000,1966.852,1493.013,,,,0.000,0,0,0,0,0,0,10,8.308,9.052,0.522,
10,-80,-60,0,0.000,1966.852,1493.013,,,,0.000,0,0,0,0,0,0,10,8.560,11.770,0.608,
10,-80,-50,0,0.000,1966.852,1493.013,,,,0.000,0,0,0,0,0,0,10,11.109,11.542,0.533,
10,-80,-40,0,0.000,1966.852,1493.013,,,,0.000,0,0,0,0,0,0,10,4.834,11.311,0.710,
10,-80,-30,0,0.000,1966.852,1493.013,,,,0.000,0,0,0,0,0,0,10,11.466,10.820,0.786,
10,-80,-20,0,0.000,1966.852,1493.013,,,,0.000,0,0,0,0,0,0,10,10.882,10.596,0.469,
10,-80,-10,0,0.000,1966.852,1493.013,,,,0.000,0,0,0,0,0,0,10,9.700,10.341,0.686,
10,-80,0,0,0.000,1966.852,1493.013,,,,0.000,0,0,0,0,0,0,10,8.637,12.740,0.627,
10,-80,10,0,0.000,1966.852,1493.013,,,,0.000,0,0,0,0,0,0,10,9.601,13.335,0.545,
10,-80,20,0,0.000,1966.852,1493.013,,,,0.000,0,0,0,0,0,0,10,8.783,11.604,0.503,
10,-80,30,0,0.000,1966.852,1493.013,,,,0.000,0,0,0,0,0,0,10,13.760,8.490,0.518,
10,-80,40,0,0.000,1966.852,1493.013,,,,0.000,0,0,0,0,0,0,10,12.167,11.358,0.653,
10,-80,50,0,0.000,1966.852,1493.013,,,,0.000,0,0,0,0,0,0,10,13.784,8.284,0.398,
10,-80,60,0,0.000,1966.852,1493.013,,,,0.000,0,0,0,0,0,0,10,11.099,10.411,0.461,
10,-80,70,0,0.000,1966.852,1493.013,,,,0.000,0,0,0,0,0,0,10,13.909,10.202,0.546,
10,-80,80,0,0.000,1966.852,1493.013,,,,0.000,0,0,0,0,0,0,10,12.045,8.482,0.511,
10,-80,90,0,0.000,1966.852,1493.013,,,,0.000,0,0,0,0,0,0,10,9.736,10.207,0.493,
10,-80,100,0,0.000,1966.852,1493.013,,,,0.000,0,0,0,0,0,0,10,11.559,12.973,0.646,
10,-80,110,0,0.000,1966.852,1493.013,,,,0.000,0,0,0,0,0,0,10,9.131,7.247,0.664,
10,-80,120,0,0.000,1966.852,1493.013,,,,0.000,0,0,0,0,0,0,10,11.060,13.394,0.541,
10,-80,130,0,0.000,1966.852,1493.013,,,,0.000,0,0,0,0,0,0,10,11.857,11.239,0.623,
10,-80,140,0,0.000,1966.852,1493.013,,,,0.000,0,0,0,0,0,0,10,9.985,14.993,0.565,
10,-80,150,0,0.000,1966.852,1493.013,,,,0.000,0,0,0,0,0,0,10,11.169,10.232,0.588,
10,-80,160,0,0.000,1966.852,1493.013,,,,0.000,0,0,0,0,0,0,10,9.802,11.007,0.692,
10,-80,170,0,0.000,1966.852,1493.013,,,,0.000,0,0,0,0,0,0,10,13.270,11.475,0.434,
10,-80,180,0,0.000,1966.852,1493.013,,,,0.000,0,0,0,0,0,0,10,11.378,9.441,0.506,
10,-80,190,0,0.000,1966.852,1493.013,,,,0.000,0,0,0,0,0,0,10,13.427,12.448,0.448,
10,-80,200,0,0.000,1966.852,1493.013,,,,0.000,0,0,0,0,0,0,10,13.881,15.927,0.481,
10,-80,210,0,0.000,1966.852,1493.013,,,,0.000,0,0,0,0,0,0,10,7.112,13.534,0.582,
10,-80,220,0,0.000,1966.852,1493.013,,,,0.000,0,0,0,0,0,0,10,12.379,12.041,0.636,
10,-80,230,0,0.000,1966.852,1493.013,,,,0.000,0,0,0,0,0,0,10,10.796,10.788,0.664,
10,-80,240,0,0.000,1966.852,1493.013,,,,0.000,0,0,0,0,0,0,10,11.921,10.375,0.605,
10,-80,250,0,0.000,1966.852,1493.013,,,,0.000,0,0,0,0,0,0,10,11.812,11.855,0.617,
10,-80,260,0,0.000,1966.852,1493.013,,,,0.000,0,0,0,0,0,0,10,12.971,12.158,0.601,
10,-80,270,0,0.000,1966.852,1493.013,,,,0.000,0,0,0,0,0,0,10,11.500,10.084,0.601,
10,-80,280,0,0.000,1966.852,1493.013,,,,0.000,0,0,0,0,0,0,10,10.313,11.653,0.450,
10,-80,290,0,0.000,1966.852,1493.013,,,,0.000,0,0,0,0,0,0,10,8.577,10.034,0.624,
10,-80,300,0,0.000,1966.852,1493.013,,,,0.000,0,0,0,0,0,0,10,10.236,12.392,0.561,
10,-80,310,0,0.000,1966.852,1493.013,,,,0.000,0,0,0,0,0,0,10,8.544,7.584,0.485,
10,-80,320,0,0.000,1966.852,1493.013,,,,0.000,0,0,0,0,0,0,10,12.540,11.029,0.493,
10,-80,330,0,0.000,1966.852,1493.013,,,,0.000,0,0,0,0,0,0,10,10.785,10.807,0.389,
10,-80,340,0,0.000,1966.852,1493.013,,,,0.000,0,0,0,0,0,0,10,10.487,14.565,0.504,
10,-80,350,0,0.000,1966.852,1493.013,,,,0.000,0,0,0,0,0,0,10,7.847,11.311,0.701,
10,-80,360,0,0.000,1966.852,1493.013,,,,0.000,0,0,0,0,0,0,10,11.836,11.898,0.632,
10,-80,370,0,30.000,1966.852,1493.013,1966.406,1493.209,0.488,0.000,0,0,0,0,0,0,7,13.698,9.096,0.524,0.000
10,-80,380,0,10.000,1966.852,1493.013,1966.435,1493.144,0.437,0.000,0,0,0,0,0,0,9,11.159,10.304,0.589,0.000
10,-80,390,0,0.000,1966.852,1493.013,,,,0.000,0,0,0,0,0,0,10,6.806,13.048,0.605,
10,-70,-100,0,0.000,1966.852,1493.013,,,,0.000,0,0,0,0,0,0,10,11.576,11.530,0.434,
10,-70,-90,0,0.000,1966.852,1493.013,,,,0.000,0,0,0,0,0,0,10,5.818,10.712,0.580,
10,-70,-80,0,0.000,1966.852,1493.013,,,,0.000,0,0,0,0,0,0,10,11.205,11.284,0.650,
10,-70,-70,0,0.000,1966.852,1493.013,,,,0.000,0,0,0,0,0,0,10,8.640,8.288,0.505,
10,-70,-60,0,0.000,1966.852,1493.013,,,,0.000,0,0,0,0,0,0,10,9.552,10.974,0.745,
10,-70,-50,0,0.000,1966.852,1493.013,,,,0.000,0,0,0,0,0,0,10,10.166,8.957,0.541,
10,-70,-40,0,0.000,1966.852,1493.013,,,,0.000,0,0,0,0,0,0,10,9.531,9.806,0.644,
10,-70,-30,0,0.000,1966.852,1493.013,,,,0.000,0,0,0,0,0,0,10,12.636,11.304,0.517,
10,-70,-20,0,0.000,1966.852,1493.013,,,,0.000,0,0,0,0,0,0,10,9.933,10.595,0.573,
10,-70,-10,0,0.000,1966.852,1493.013,,,,0.000,0,0,0,0,0,0,10,10.471,11.907,0.661,
10,-70,0,0,0.000,1966.852,1493.013,,,,0.000,0,0,0,0,0,0,10,10.799,10.945,0.677,
10,-70,10,0,0.000,1966.852,1493.013,,,,0.000,0,0,0,0,0,0,10,12.520,11.403,0.491,
10,-70,20,0,0.000,1966.852,1493.013,,,,0.000,0,0,0,0,0,0,10,11.116,10.730,0.627,
10,-70,30,0,0.000,1966.852,1493.013,,,,0.000,0,0,0,0,0,0,10,12.753,10.053,0.640,
10,-70,40,0,0.000,1966.852,1493.013,,,,0.000,0,0,0,0,0,0,10,10.359,9.799,0.564,
10,-70,50,0,0.000,1966.852,1493.013,,,,0.000,0,0,0,0,0,0,10,10.368,13.496,0.371,
10,-70,60,0,0.000,1966.852,1493.013,,,,0.000,0,0,0,0,0,0,10,11.737,8.922,0.602,
10,-70,70,0,0.000,1966.852,1493.013,,,,0.000,0,0,0,0,0,0,10,9.522,8.782,0.450,
10,-70,80,0,0.000,1966.852,1493.013,,,,0.000,0,0,0,0,0,0,10,15.501,8.184,0.490,
10,-70,90,0,0.000,1966.852,1493.013,,,,0.000,0,0,0,0,0,0,10,12.098,10.644,0.565,
10,-70,100,0,0.000,1966.852,1493.013,,,,0.000,0,0,0,0,0,0,10,11.885,8.510,0.611,
10,-70,110,0,0.000,1966.852,1493.013,,,,0.000,0,0,0,0,0,0,10,9.022,11.751,0.574,
10,-70,120,0,0.000,1966.852,1493.013,,,,0.000,0,0,0,0,0,0,10,9.939,12.514,0.510,
10,-70,130,0,0.000,1966.852,1493.013,,,,0.000,0,0,0,0,0,0,10,10.152,15.009,0.619,
10,-70,140,0,0.000,1966.852,1493.013,,,,0.000,0,0,0,0,0,0,10,12.467,6.596,0.511,
10,-70,150,0,0.000,1966.852,1493.013,,,,0.000,0,0,0,0,0,0,10,11.115,9.437,0.602,
10,-70,160,0,0.000,1966.852,1493.013,,,,0.000,0,0,0,0,0,0,10,12.470,11.724,0.489,
10,-70,170,0,0.000,1966.852,1493.013,,,,0.000,0,0,0,0,0,0,10,12.841,10.659,0.490,
10,-70,180,0,0.000,1966.852,1493.013,,,,0.000,0,0,0,0,0,0,10,12.265,11.560,0.482,
10,-70,190,0,0.000,1966.852,1493.013,,,,0.000,0,0,0,0,0,0,10,10.526,11.340,0.543,
10,-70,200,0,0.000,1966.852,1493.013,,,,0.000,0,0,0,0,0,0,10,8.592,8.498,0.576,
10,-70,210,0,0.000,1966.852,1493.013,,,,0.000,0,0,0,0,0,0,10,11.246,8.857,0.389,
10,-70,220,0,0.000,1966.852,1493.013,,,,0.000,0,0,0,0,0,0,10,12.399,8.601,0.510,
10,-70,230,0,0.000,1966.852,1493.013,,,,0.000,0,0,0,0,0,0,10,11.354,12.466,0.618,
10,-70,240,0,0.000,1966.852,1493.013,,,,0.000,0,0,0,0,0,0,10,8.292,11.374,0.573,
10,-70,250,0,0.000,1966.852,1493.013,,,,0.000,0,0,0,0,0,0,10,12.298,9.009,0.601,
10,-70,260,0,0.000,1966.852,1493.013,,,,0.000,0,0,0,0,0,0,10,9.604,11.571,0.668,
10,-70,270,0,0.000,1966.852,1493.013,,,,0.000,0,0,0,0,0,0,10,12.380,15.153,0.606,
10,-70,280,0,0.000,1966.852,1493.013,,,,0.000,0,0,0,0,0,0,10,12.436,8.902,0.545,
10,-70,290,0,0.000,1966.852,1493.013,,,,0.000,0,0,0,0,0,0,10,11.480,7.900,0.383,
10,-70,300,0,0.000,1966.852,1493.013,,,,0.000,0,0,0,0,0,0,10,13.028,8.417,0.559,
10,-70,310,0,0.000,1966.852,1493.013,,,,0.000,0,0,0,0,0,0,10,8.449,13.963,0.468,
10,-70,320,0,0.000,1966.852,1493.013,,,,0.000,0,0,0,0,0,0,10,11.322,8.596,0.275,
10,-70,330,0,20.000,1966.852,1493.013,1966.465,1493.139,0.407,0.000,0,0,0,0,0,0,8,11.967,11.297,0.503,0.000
10,-70,340,0,10.000,1966.852,1493.013,1966.429,1493.169,0.451,0.000,0,0,0,0,0,0,9,8.467,12.029,0.582,0.000
10,-70,350,0,10.000,1966.852,1493.013,1966.447,1493.187,0.441,0.000,0,0,0,0,0,0,9,8.269,9.160,0.426,0.000
10,-70,360,0,20.000,1966.852,1493.013,1966.480,1493.175,0.406,0.000,0,0,0,0,0,0,8,13.675,13.212,0.511,0.000
10,-70,370,0,50.000,1966.852,1493.013,1966.439,1493.147,0.435,0.000,0,0,0,0,0,0,5,12.937,11.820,0.571,0.000
10,-70,380,0,30.000,1966.852,1493.013,1966.407,1493.190,0.479,0.000,0,0,0,0,0,0,7,12.815,7.762,0.493,0.000
10,-70,390,0,20.000,1966.852,1493.013,1966.460,1493.186,0.428,0.100,1,0,0,0,0,0,8,11.698,7.702,0.589,0.000
10,-60,-100,0,0.000,1966.852,1493.013,,,,0.000,0,0,0,0,0,0,10,8.738,11.037,0.521,
10,-60,-90,0,0.000,1966.852,1493.013,,,,0.000,0,0,0,0,0,0,10,13.554,11.203,0.436,
10,-60,-80,0,0.000,1966.852,1493.013,,,,0.000,0,0,0,0,0,0,10,11.406,9.174,0.560,
10,-60,-70,0,0.000,1966.852,1493.013,,,,0.000,0,0,0,0,0,0,10,9.322,13.440,0.515,
10,-60,-60,0,0.000,1966.852,1493.013,,,,0.000,0,0,0,0,0,0,10,12.434,8.186,0.555,
10,-60,-50,0,0.000,1966.852,1493.013,,,,0.000,0,0,0,0,0,0,10,10.750,8.198,0.561,
10,-60,-40,0,0.000,1966.852,1493.013,,,,0.000,0,0,0,0,0,0,10,10.484,5.973,0.649,
10,-60,-30,0,0.000,1966.852,1493.013,,,,0.000,0,0,0,0,0,0,10,13.642,10.893,0.458,
10,-60,-20,0,0.000,1966.852,1493.013,,,,0.000,0,0,0,0,0,0,10,10.384,12.098,0.532,
10,-60,-10,0,0.000,1966.852,1493.013,,,,0.000,0,0,0,0,0,0,10,12.370,9.247,0.695,
10,-60,0,0,0.000,1966.852,1493.013,,,,0.000,0,0,0,0,0,0,10,12.249,12.082,0.620,
10,-60,10,0,0.000,1966.852,1493.013,,,,0.000,0,0,0,0,0,0,10,11.505,13.233,0.594,
10,-60,20,0,0.000,1966.852,1493.013,,,,0.000,0,0,0,0,0,0,10,8.793,6.605,0.548,
10,-60,30,0,0.000,1966.852,1493.013,,,,0.000,0,0,0,0,0,0,10,12.475,11.454,0.534,
10,-60,40,0,0.000,1966.852,1493.013,,,,0.000,0,0,0,0,0,0,10,11.212,12.292,0.541,
10,-60,50,0,0.000,1966.852,1493.013,,,,0.000,0,0,0,0,0,0,10,10.254,10.032,0.552,
10,-60,60,0,0.000,1966.852,1493.013,,,,0.000,0,0,0,0,0,0,10,13.511,12.582,0.592,
10,-60,70,0,0.000,1966.852,1493.013,,,,0.000,0,0,0,0,0,0,10,10.071,9.788,0.452,
10,-60,80,0,0.000,1966.852,1493.013,,,,0.000,0,0,0,0,0,0,10,12.651,13.384,0.350,
10,-60,90,0,0.000,1966.852,1493.013,,,,0.000,0,0,0,0,0,0,10,9.366,12.181,0.554,
10,-60,100,0,0.000,1966.852,1493.013,,,,0.000,0,0,0,0,0,0,10,12.002,12.607,0.581,
10,-60,110,0,0.000,1966.852,1493.013,,,,0.000,0,0,0,0,0,0,10,11.870,9.839,0.487,
10,-60,120,0,0.000,1966.852,1493.013,,,,0.000,0,0,0,0,0,0,10,11.900,13.668,0.557,
10,-60,130,0,0.000,1966.852,1493.013,,,,0.000,0,0,0,0,0,0,10,10.989,12.267,0.667,
10,-60,140,0,0.000,1966.852,1493.013,,,,0.000,0,0,0,0,0,0,10,8.329,10.183,0.492,
10,-60,150,0,0.000,1966.852,1493.013,,,,0.000,0,0,0,0,0,0,10,11.523,11.557,0.650,
10,-60,160,0,0.000,1966.852,1493.013,,,,0.000,0,0,0,0,0,0,10,13.025,11.154,0.697,
10,-60,170,0,0.000,1966.852,1493.013,,,,0.000,0,0,0,0,0,0,10,11.241,8.131,0.677,
10,-60,180,0,0.000,1966.852,1493.013,,,,0.000,0,0,0,0,0,0,10,11.598,11.464,0.442,
10,-60,190,0,0.000,1966.852,1493.013,,,,0.000,0,0,0,0,0,0,10,11.452,11.926,0.620,
10,-60,200,0,0.000,1966.852,1493.013,,,,0.000,0,0,0,0,0,0,10,11.994,10.250,0.546,
10,-60,210,0,0.000,1966.852,1493.013,,,,0.000,0,0,0,0,0,0,10,10.754,12.230,0.533,
10,-60,220,0,0.000,1966.852,1493.013,,,,0.000,0,0,0,0,0,0,10,10.759,14.328,0.301,
10,-60,230,0,0.000,1966.852,1493.013,,,,0.000,0,0,0,0,0,0,10,11.651,8.218,0.531,
10,-60,240,0,10.000,1966.852,1493.013,1966.435,1493.147,0.438,0.000,0,0,0,0,0,0,9,11.640,12.885,0.423,0.000
10,-60,250,0,0.000,1966.852,1493.013,,,,0.000,0,0,0,0,0,0,10,12.094,8.155,0.583,
10,-60,260,0,10.000,1966.852,1493.013,1966.470,1493.221,0.435,0.000,0,0,0,0,0,0,9,9.469,9.889,0.512,0.000
10,-60,270,0,20.000,1966.852,1493.013,1966.453,1493.195,0.439,0.000,0,0,0,0,0,0,8,8.660,12.718,0.434,0.000
10,-60,280,0,20.000,1966.852,1493.013,1966.423,1493.142,0.448,0.000,0,0,0,0,0,0,8,10.255,9.282,0.499,0.000
10,-60,290,0,10.000,1966.852,1493.013,1966.459,1493.192,0.432,0.000,0,0,0,0,0,0,9,11.599,10.645,0.470,0.000
10,-60,300,0,40.000,1966.852,1493.013,1966.418,1493.171,0.462,0.000,0,0,0,0,0,0,6,15.167,9.952,0.626,0.000
10,-60,310,0,20.000,1966.852,1493.013,1966.408,1493.212,0.487,0.000,0,0,0,0,0,0,8,11.282,10.018,0.401,0.000
10,-60,320,0,30.000,1966.852,1493.013,1966.436,1493.153,0.440,0.000,0,0,0,0,0,0,7,9.486,12.482,0.634,0.000
10,-60,330,0,30.000,1966.852,1493.013,1966.448,1493.163,0.431,0.200,1,0,0,0,0,0,7,12.486,12.725,0.634,0.000
10,-60,340,0,50.000,1966.852,1493.013,1966.453,1493.176,0.431,0.000,0,0,0,0,0,0,5,9.451,13.165,0.507,0.000
10,-60,350,0,60.000,1966.852,1493.013,1966.449,1493.157,0.428,0.100,1,0,0,0,0,0,4,11.337,8.479,0.699,0.000
10,-60,360,0,20.000,1966.852,1493.013,1966.445,1493.154,0.431,0.000,0,0,0,0,0,0,8,8.452,14.263,0.664,0.000
10,-60,370,0,70.000,1966.852,1493.013,1966.444,1493.172,0.438,0.100,1,0,0,0,0,0,3,11.228,10.413,0.498,0.000
10,-60,380,0,80.000,1966.852,1493.013,1966.453,1493.165,0.427,0.000,0,0,0,0,0,0,2,7.325,7.955,0.421,0.000
10,-60,390,0,50.000,1966.852,1493.013,1966.442,1493.144,0.431,0.000,0,0,0,0,0,0,5,9.969,11.326,0.431,0.000
10,-50,-100,0,0.000,1966.852,1493.013,,,,0.000,0,0,0,0,0,0,10,10.595,9.876,0.479,
10,-50,-90,0,0.000,1966.852,1493.013,,,,0.000,0,0,0,0,0,0,10,10.000,10.493,0.545,
10,-50,-80,0,0.000,1966.852,1493.013,,,,0.000,0,0,0,0,0,0,10,11.781,10.585,0.578,
10,-50,-70,0,0.000,1966.852,1493.013,,,,0.000,0,0,0,0,0,0,10,9.590,11.718,0.548,
10,-50,-60,0,0.000,1966.852,1493.013,,,,0.000,0,0,0,0,0,0,10,9.014,12.191,0.626,
10,-50,-50,0,0.000,1966.852,1493.013,,,,0.000,0,0,0,0,0,0,10,8.595,8.236,0.465,
10,-50,-40,0,0.000,1966.852,1493.013,,,,0.000,0,0,0,0,0,0,10,10.595,10.501,0.581,
10,-50,-30,0,0.000,1966.852,1493.013,,,,0.000,0,0,0,0,0,0,10,10.984,14.660,0.630,
10,-50,-20,0,0.000,1966.852,1493.013,,,,0.000,0,0,0,0,0,0,10,9.828,9.563,0.621,
10,-50,-10,0,0.000,1966.852,1493.013,,,,0.000,0,0,0,0,0,0,10,10.029,12.708,0.419,
10,-50,0,0,0.000,1966.852,1493.013,,,,0.000,0,0,0,0,0,0,10,14.439,11.687,0.438,
10,-50,10,0,0.000,1966.852,1493.013,,,,0.000,0,0,0,0,0,0,10,14.339,10.751,0.490,
10,-50,20,0,0.000,1966.852,1493.013,,,,0.000,0,0,0,0,0,0,10,11.419,13.289,0.523,
10,-50,30,0,0.000,1966.852,1493.013,,,,0.000,0,0,0,0,0,0,10,10.515,8.655,0.641,
10,-50,40,0,0.000,1966.852,1493.013,,,,0.000,0,0,0,0,0,0,10,8.568,10.960,0.542,
10,-50,50,0,0.000,1966.852,1493.013,,,,0.000,0,0,0,0,0,0,10,12.746,12.654,0.705,
10,-50,60,0,0.000,1966.852,1493.013,,,,0.000,0,0,0,0,0,0,10,11.569,13.290,0.588,
10,-50,70,0,0.000,1966.852,1493.013,,,,0.000,0,0,0,0,0,0,10,8.048,14.356,0.467,
10,-50,80,0,0.000,1966.852,1493.013,,,,0.000,0,0,0,0,0,0,10,11.736,9.116,0.631,
10,-50,90,0,0.000,1966.852,1493.013,,,,0.000,0,0,0,0,0,0,10,13.187,11.328,0.544,
10,-50,100,0,0.000,1966.852,1493.013,,,,0.000,0,0,0,0,0,0,10,11.526,10.261,0.430,
10,-50,110,0,0.000,1966.852,1493.013,,,,0.000,0,0,0,0,0,0,10,13.652,11.792,0.480,
10,-50,120,0,0.000,1966.852,1493.013,,,,0.000,0,0,0,0,0,0,10,8.743,10.388,0.548,
10,-50,130,0,0.000,1966.852,1493.013,,,,0.000,0,0,0,0,0,0,10,11.944,10.044,0.515,
10,-50,140,0,0.000,1966.852,1493.013,,,,0.000,0,0,0,0,0,0,10,9.270,11.553,0.585,
10,-50,150,0,0.000,1966.852,1493.013,,,,0.000,0,0,0,0,0,0,10,11.558,12.786,0.603,
10,-50,160,0,0.000,1966.852,1493.013,,,,0.000,0,0,0,0,0,0,10,13.094,10.334,0.711,
10,-50,170,0,0.000,1966.852,1493.013,,,,0.000,0,0,0,0,0,0,10,11.692,12.019,0.577,
10,-50,180,0,10.000,1966.852,1493.013,1966.381,1493.179,0.500,0.000,0,0,0,0,0,0,9,10.996,10.292,0.570,0.000
10,-50,190,0,20.000,1966.852,1493.013,1966.457,1493.193,0.434,0.000,0,0,0,0,0,0,8,12.383,13.998,0.540,0.000
10,-50,200,0,10.000,1966.852,1493.013,1966.460,1493.175,0.424,0.000,0,0,0,0,0,0,9,9.499,10.249,0.395,0.000
10,-50,210,0,20.000,1966.852,1493.013,1966.443,1493.181,0.443,0.000,0,0,0,0,0,0,8,11.361,11.294,0.586,0.000
10,-50,220,0,20.000,1966.852,1493.013,1966.465,1493.165,0.416,0.000,0,0,0,0,0,0,8,12.306,8.055,0.661,0.000
10,-50,230,0,10.000,1966.852,1493.013,1966.438,1493.132,0.431,0.000,0,0,0,0,0,0,9,8.456,12.696,0.471,0.000
10,-50,240,0,30.000,1966.852,1493.013,1966.443,1493.159,0.434,0.000,0,0,0,0,0,0,7,13.921,11.435,0.418,0.000
10,-50,250,0,30.000,1966.852,1493.013,1966.408,1493.149,0.465,0.000,0,0,0,0,0,0,7,14.055,10.362,0.453,0.000
10,-50,260,0,30.000,1966.852,1493.013,1966.461,1493.159,0.418,0.000,0,0,0,0,0,0,7,10.825,12.122,0.552,0.000
10,-50,270,0,30.000,1966.852,1493.013,1966.403,1493.191,0.483,0.000,0,0,0,0,0,0,7,10.375,12.073,0.530,0.000
10,-50,280,0,40.000,1966.852,1493.013,1966.443,1493.179,0.442,0.000,0,0,0,0,0,0,6,11.139,12.463,0.597,0.000
10,-50,290,0,50.000,1966.852,1493.013,1966.417,1493.160,0.460,0.000,0,0,0,0,0,0,5,11.268,12.724,0.355,0.000
10,-50,300,0,40.000,1966.852,1493.013,1966.440,1493.165,0.439,0.000,0,0,0,0,0,0,6,9.752,13.798,0.513,0.000
10,-50,310,0,60.000,1966.852,1493.013,1966.439,1493.173,0.443,0.100,1,0,0,0,0,0,4,12.202,7.300,0.505,0.000
10,-50,320,0,80.000,1966.852,1493.013,1966.447,1493.166,0.433,0.000,0,0,0,0,0,0,2,11.608,12.590,0.489,0.000
10,-50,330,0,70.000,1966.852,1493.013,1966.442,1493.177,0.442,0.000,0,0,0,0,0,0,3,11.185,11.158,0.503,0.000
10,-50,340,0,70.000,1966.852,1493.013,1966.434,1493.194,0.456,0.000,0,0,0,0,0,0,3,9.311,9.389,0.559,0.000
10,-50,350,0,80.000,1966.852,1493.013,1966.449,1493.179,0.436,0.100,1,0,0,0,0,0,2,12.489,10.050,0.419,0.000
10,-50,360,0,80.000,1966.852,1493.013,1966.431,1493.185,0.455,0.000,0,0,0,0,0,0,2,10.934,10.498,0.519,0.000
10,-50,370,0,70.000,1966.852,1493.013,1966.426,1493.173,0.455,0.000,0,0,0,0,0,0,3,8.868,9.050,0.612,0.000
10,-50,380,0,100.000,1966.852,1493.013,1966.449,1493.179,0.436,0.200,1,0,0,0,0,0,0,11.565,8.676,0.469,0.000
10,-50,390,0,100.000,1966.852,1493.013,1966.437,1493.182,0.448,0.100,1,0,0,0,0,0,0,9.417,12.225,0.602,0.000
10,-40,-100,0,0.000,1966.852,1493.013,,,,0.000,0,0,0,0,0,0,10,7.120,12.950,0.483,
10,-40,-90,0,0.000,1966.852,1493.013,,,,0.000,0,0,0,0,0,0,10,5.209,11.250,0.460,
10,-40,-80,0,0.000,1966.852,1493.013,,,,0.000,0,0,0,0,0,0,10,12.122,11.111,0.495,
10,-40,-70,0,0.000,1966.852,1493.013,,,,0.000,0,0,0,0,0,0,10,12.799,11.854,0.472,
10,-40,-60,0,0.000,1966.852,1493.013,,,,0.000,0,0,0,0,0,0,10,8.090,13.434,0.594,
10,-40,-50,0,0.000,1966.852,1493.013,,,,0.000,0,0,0,0,0,0,10,11.231,13.455,0.516,
10,-40,-40,0,0.000,1966.852,1493.013,,,,0.000,0,0,0,0,0,0,10,8.414,12.313,0.505,
10,-40,-30,0,0.000,1966.852,1493.013,,,,0.000,0,0,0,0,0,0,10,12.769,11.213,0.525,
10,-40,-20,0,0.000,1966.852,1493.013,,,,0.000,0,0,0,0,0,0,10,11.282,12.995,0.658,
10,-40,-10,0,0.000,1966.852,1493.013,,,,0.000,0,0,0,0,0,0,10,11.511,11.944,0.664,
10,-40,0,0,0.000,1966.852,1493.013,,,,0.000,0,0,0,0,0,0,10,10.332,10.029,0.563,
10,-40,10,0,0.000,1966.852,1493.013,,,,0.000,0,0,0,0,0,0,10,10.231,12.327,0.530,
10,-40,20,0,0.000,1966.852,1493.013,,,,0.000,0,0,0,0,0,0,10,9.737,9.697,0.372,
10,-40,30,0,0.000,1966.852,1493.013,,,,0.000,0,0,0,0,0,0,10,8.687,9.469,0.398,
10,-40,40,0,0.000,1966.852,1493.013,,,,0.000,0,0,0,0,0,0,10,8.141,11.393,0.607,
10,-40,50,0,0.000,1966.852,1493.013,,,,0.000,0,0,0,0,0,0,10,12.539,11.712,0.537,
10,-40,60,0,0.000,1966.852,1493.013,,,,0.000,0,0,0,0,0,0,10,12.591,9.927,0.731,
10,-40,70,0,0.000,1966.852,1493.013,,,,0.000,0,0,0,0,0,0,10,6.601,11.876,0.509,
10,-40,80,0,0.000,1966.852,1493.013,,,,0.000,0,0,0,0,0,0,10,9.920,10.976,0.580,
10,-40,90,0,0.000,1966.852,1493.013,,,,0.000,0,0,0,0,0,0,10,11.420,15.272,0.479,
10,-40,100,0,0.000,1966.852,1493.013,,,,0.000,0,0,0,0,0,0,10,12.777,11.510,0.555,
10,-40,110,0,0.000,1966.852,1493.013,,,,0.000,0,0,0,0,0,0,10,10.896,14.963,0.512,
10,-40,120,0,0.000,1966.852,1493.013,,,,0.000,0,0,0,0,0,0,10,10.704,12.802,0.449,
10,-40,130,0,0.000,1966.852,1493.013,,,,0.000,0,0,0,0,0,0,10,7.814,11.955,0.478,
10,-40,140,0,0.000,1966.852,1493.013,,,,0.000,0,0,0,0,0,0,10,10.844,8.721,0.508,
10,-40,150,0,0.000,1966.852,1493.013,,,,0.000,0,0,0,0,0,0,10,10.364,13.792,0.631,
10,-40,160,0,20.000,1966.852,1493.013,1966.440,1493.182,0.446,0.000,0,0,0,0,0,0,8,11.818,11.122,0.467,0.000
10,-40,170,0,30.000,1966.852,1493.013,1966.445,1493.147,0.429,0.000,0,0,0,0,0,0,7,9.647,12.313,0.546,0.000
10,-40,180,0,10.000,1966.852,1493.013,1966.397,1493.148,0.474,0.000,0,0,0,0,0,0,9,12.085,11.338,0.694,0.000
10,-40,190,0,30.000,1966.852,1493.013,1966.425,1493.168,0.454,0.000,0,0,0,0,0,0,7,11.515,8.512,0.465,0.000
10,-40,200,0,30.000,1966.852,1493.013,1966.457,1493.172,0.426,0.000,0,0,0,0,0,0,7,11.669,9.744,0.553,0.000
10,-40,210,0,20.000,1966.852,1493.013,1966.463,1493.187,0.427,0.000,0,0,0,0,0,0,8,11.677,14.790,0.697,0.000
10,-40,220,0,40.000,1966.852,1493.013,1966.426,1493.160,0.451,0.000,0,0,0,0,0,0,6,10.321,11.848,0.649,0.000
10,-40,230,0,50.000,1966.852,1493.013,1966.473,1493.193,0.420,0.000,0,0,0,0,0,0,5,10.933,12.413,0.579,0.000
10,-40,240,0,40.000,1966.852,1493.013,1966.427,1493.147,0.446,0.000,0,0,0,0,0,0,6,14.710,8.943,0.616,0.000
10,-40,250,0,40.000,1966.852,1493.013,1966.453,1493.172,0.430,0.000,0,0,0,0,0,0,6,11.537,10.422,0.672,0.000
10,-40,260,0,70.000,1966.852,1493.013,1966.437,1493.167,0.443,0.000,0,0,0,0,0,0,3,10.523,12.580,0.612,0.000
10,-40,270,0,70.000,1966.852,1493.013,1966.448,1493.155,0.428,0.000,0,0,0,0,0,0,3,12.799,10.302,0.494,0.000
10,-40,280,0,80.000,1966.852,1493.013,1966.415,1493.163,0.462,0.000,0,0,0,0,0,0,2,10.287,11.248,0.580,0.000
10,-40,290,0,20.000,1966.852,1493.013,1966.461,1493.140,0.411,0.000,0,0,0,0,0,0,8,9.837,10.096,0.541,0.000
10,-40,300,0,80.000,1966.852,1493.013,1966.426,1493.193,0.463,0.100,1,0,0,0,0,0,2,7.735,10.093,0.537,0.000
10,-40,310,0,90.000,1966.852,1493.013,1966.428,1493.163,0.450,0.000,0,0,0,0,0,0,1,10.362,10.883,0.696,0.000
10,-40,320,0,80.000,1966.852,1493.013,1966.421,1493.160,0.456,0.000,0,0,0,0,0,0,2,10.702,13.395,0.470,0.000
10,-40,330,0,70.000,1966.852,1493.013,1966.445,1493.168,0.435,0.000,0,0,0,0,0,0,3,11.533,12.191,0.655,0.000
10,-40,340,0,100.000,1966.852,1493.013,1966.452,1493.179,0.433,0.100,1,0,0,0,0,0,0,10.031,9.152,0.524,0.000
10,-40,350,0,90.000,1966.852,1493.013,1966.458,1493.168,0.424,0.000,0,0,0,0,0,0,1,12.126,10.427,0.619,0.000
10,-40,360,0,100.000,1966.852,1493.013,1966.432,1493.169,0.448,0.100,1,0,0,0,0,0,0,5.785,11.584,0.648,0.000
10,-40,370,0,100.000,1966.852,1493.013,1966.442,1493.153,0.433,0.100,1,0,0,0,0,0,0,9.032,11.341,0.508,0.000
10,-40,380,0,100.000,1966.852,1493.013,1966.429,1493.179,0.454,0.000,0,0,0,0,0,0,0,7.715,11.671,0.524,0.000
10,-40,390,0,100.000,1966.852,1493.013,1966.449,1493.165,0.431,0.200,1,0,0,0,0,0,0,7.423,15.904,0.593,0.000
10,-30,-100,0,0.000,1966.852,1493.013,,,,0.000,0,0,0,0,0,0,10,10.637,9.547,0.688,
10,-30,-90,0,0.000,1966.852,1493.013,,,,0.000,0,0,0,0,0,0,10,9.358,10.472,0.586,
10,-30,-80,0,0.000,1966.852,1493.013,,,,0.000,0,0,0,0,0,0,10,9.462,12.619,0.510,
10,-30,-70,0,0.000,1966.852,1493.013,,,,0.000,0,0,0,0,0,0,10,8.217,9.986,0.507,
10,-30,-60,0,0.000,1966.852,1493.013,,,,0.000,0,0,0,0,0,0,10,6.346,12.876,0.501,
10,-30,-50,0,0.000,1966.852,1493.013,,,,0.000,0,0,0,0,0,0,10,10.817,11.984,0.552,
10,-30,-40,0,0.000,1966.852,1493.013,,,,0.000,0,0,0,0,0,0,10,7.568,13.359,0.553,
10,-30,-30,0,0.000,1966.852,1493.013,,,,0.000,0,0,0,0,0,0,10,11.874,12.551,0.570,
10,-30,-20,0,0.000,1966.852,1493.013,,,,0.000,0,0,0,0,0,0,10,14.669,10.080,0.460,
10,-30,-10,0,0.000,1966.852,1493.013,,,,0.000,0,0,0,0,0,0,10,10.395,8.702,0.579,
10,-30,0,0,0.000,1966.852,1493.013,,,,0.000,0,0,0,0,0,0,10,9.154,13.644,0.426,
10,-30,10,0,0.000,1966.852,1493.013,,,,0.000,0,0,0,0,0,0,10,8.514,8.309,0.591,
10,-30,20,0,0.000,1966.852,1493.013,,,,0.000,0,0,0,0,0,0,10,12.882,9.289,0.521,
10,-30,30,0,0.000,1966.852,1493.013,,,,0.000,0,0,0,0,0,0,10,10.053,11.568,0.403,
10,-30,40,0,0.000,1966.852,1493.013,,,,0.000,0,0,0,0,0,0,10,10.441,12.082,0.480,
10,-30,50,0,0.000,1966.852,1493.013,,,,0.000,0,0,0,0,0,0,10,11.493,12.561,0.545,
10,-30,60,0,0.000,1966.852,1493.013,,,,0.000,0,0,0,0,0,0,10,10.251,7.779,0.615,
10,-30,70,0,10.000,1966.852,1493.013,1966.421,1493.181,0.463,0.000,0,0,0,0,0,0,9,10.923,10.238,0.542,0.000
10,-30,80,0,10.000,1966.852,1493.013,1966.459,1493.223,0.446,0.000,0,0,0,0,0,0,9,12.909,10.683,0.541,0.000
10,-30,90,0,10.000,1966.852,1493.013,1966.417,1493.138,0.452,0.000,0,0,0,0,0,0,9,10.426,9.751,0.494,0.000
10,-30,100,0,10.000,1966.852,1493.013,1966.459,1493.159,0.419,0.000,0,0,0,0,0,0,9,12.075,12.691,0.456,0.000
10,-30,110,0,20.000,1966.852,1493.013,1966.455,1493.187,0.433,0.000,0,0,0,0,0,0,8,12.339,15.220,0.579,0.000
10,-30,120,0,20.000,1966.852,1493.013,1966.453,1493.163,0.426,0.000,0,0,0,0,0,0,8,8.997,10.347,0.347,0.000
10,-30,130,0,10.000,1966.852,1493.013,1966.477,1493.219,0.428,0.000,0,0,0,0,0,0,9,7.800,9.830,0.603,0.000
10,-30,140,0,60.000,1966.852,1493.013,1966.470,1493.188,0.421,0.000,0,0,0,0,0,0,4,11.991,7.132,0.468,0.000
10,-30,150,0,20.000,1966.852,1493.013,1966.417,1493.201,0.474,0.000,0,0,0,0,0,0,8,10.535,11.494,0.539,0.000
10,-30,160,0,30.000,1966.852,1493.013,1966.413,1493.178,0.469,0.000,0,0,0,0,0,0,7,11.508,8.213,0.498,0.000
10,-30,170,0,30.000,1966.852,1493.013,1966.455,1493.190,0.435,0.000,0,0,0,0,0,0,7,11.226,11.639,0.605,0.000
10,-30,180,0,40.000,1966.852,1493.013,1966.430,1493.183,0.455,0.000,0,0,0,0,0,0,6,9.287,10.371,0.503,0.000
10,-30,190,0,60.000,1966.852,1493.013,1966.439,1493.169,0.442,0.000,0,0,0,0,0,0,4,10.647,8.161,0.622,0.000
10,-30,200,0,70.000,1966.852,1493.013,1966.436,1493.173,0.446,0.000,0,0,0,0,0,0,3,9.956,12.536,0.419,0.000
10,-30,210,0,40.000,1966.852,1493.013,1966.451,1493.167,0.430,0.000,0,0,0,0,0,0,6,9.892,9.659,0.259,0.000
10,-30,220,0,80.000,1966.852,1493.013,1966.440,1493.174,0.443,0.000,0,0,0,0,0,0,2,9.689,8.595,0.656,0.000
10,-30,230,0,70.000,1966.852,1493.013,1966.460,1493.174,0.424,0.000,0,0,0,0,0,0,3,13.283,9.324,0.444,0.000
10,-30,240,0,70.000,1966.852,1493.013,1966.451,1493.187,0.438,0.000,0,0,0,0,0,0,3,11.718,10.783,0.588,0.000
10,-30,250,0,50.000,1966.852,1493.013,1966.456,1493.179,0.430,0.200,2,0,0,0,0,0,5,14.465,12.728,0.627,0.000
10,-30,260,0,100.000,1966.852,1493.013,1966.443,1493.160,0.435,0.000,0,0,0,0,0,0,0,9.086,11.199,0.538,0.000
10,-30,270,0,100.000,1966.852,1493.013,1966.442,1493.158,0.435,0.000,0,0,0,0,0,0,0,7.773,10.863,0.453,0.000
10,-30,280,0,80.000,1966.852,1493.013,1966.434,1493.154,0.442,0.000,0,0,0,0,0,0,2,12.963,10.739,0.561,0.000
10,-30,290,0,100.000,1966.852,1493.013,1966.439,1493.182,0.446,0.000,0,0,0,0,0,0,0,11.453,12.364,0.493,0.000
10,-30,300,0,100.000,1966.852,1493.013,1966.442,1493.159,0.436,0.000,0,0,0,0,0,0,0,10.953,9.657,0.493,0.000
10,-30,310,0,100.000,1966.852,1493.013,1966.436,1493.160,0.442,0.200,2,0,0,0,0,0,0,13.671,12.779,0.525,0.000
10,-30,320,0,100.000,1966.852,1493.013,1966.430,1493.170,0.450,0.100,1,0,0,0,0,0,0,12.452,9.477,0.624,0.000
10,-30,330,0,100.000,1966.852,1493.013,1966.439,1493.167,0.441,0.100,1,0,0,0,0,0,0,9.783,12.284,0.684,0.000
10,-30,340,0,100.000,1966.852,1493.013,1966.446,1493.171,0.435,0.300,1,0,0,0,0,0,0,10.527,7.928,0.395,0.000
10,-30,350,0,100.000,1966.852,1493.013,1966.456,1493.151,0.420,0.000,0,0,0,0,0,0,0,13.115,11.832,0.575,0.000
10,-30,360,0,100.000,1966.852,1493.013,1966.444,1493.165,0.436,0.200,2,0,0,0,0,0,0,12.669,10.655,0.448,0.000
10,-30,370,0,100.000,1966.852,1493.013,1966.454,1493.164,0.426,0.500,3,0,0,0,0,0,0,11.818,8.002,0.585,0.000
10,-30,380,0,100.000,1966.852,1493.013,1966.434,1493.150,0.440,0.800,3,0,0,0,0,0,0,10.564,15.299,0.564,0.000
10,-30,390,0,100.000,1966.852,1493.013,1966.445,1493.171,0.437,0.500,2,0,0,0,0,0,0,10.693,12.233,0.344,0.000
10,-20,-100,0,0.000,1966.852,1493.013,,,,0.000,0,0,0,0,0,0,10,10.781,8.516,0.354,
10,-20,-90,0,0.000,1966.852,1493.013,,,,0.000,0,0,0,0,0,0,10,11.426,13.421,0.386,
10,-20,-80,0,0.000,1966.852,1493.013,,,,0.000,0,0,0,0,0,0,10,10.478,10.215,0.570,
10,-20,-70,0,0.000,1966.852,1493.013,,,,0.000,0,0,0,0,0,0,10,11.456,11.325,0.534,
10,-20,-60,0,0.000,1966.852,1493.013,,,,0.000,0,0,0,0,0,0,10,10.175,8.877,0.559,
10,-20,-50,0,0.000,1966.852,1493.013,,,,0.000,0,0,0,0,0,0,10,7.723,9.427,0.755,
10,-20,-40,0,0.000,1966.852,1493.013,,,,0.000,0,0,0,0,0,0,10,11.656,11.347,0.577,
10,-20,-30,0,0.000,1966.852,1493.013,,,,0.000,0,0,0,0,0,0,10,10.052,12.673,0.719,
10,-20,-20,0,0.000,1966.852,1493.013,,,,0.000,0,0,0,0,0,0,10,10.095,8.328,0.659,
10,-20,-10,0,0.000,1966.852,1493.013,,,,0.000,0,0,0,0,0,0,10,11.468,7.156,0.543,
10,-20,0,0,0.000,1966.852,1493.013,,,,0.000,0,0,0,0,0,0,10,10.229,11.968,0.612,
10,-20,10,0,10.000,1966.852,1493.013,1966.452,1493.224,0.452,0.000,0,0,0,0,0,0,9,11.806,8.231,0.536,0.000
10,-20,20,0,0.000,1966.852,1493.013,,,,0.000,0,0,0,0,0,0,10,12.193,11.853,0.465,
10,-20,30,0,0.000,1966.852,1493.013,,,,0.000,0,0,0,0,0,0,10,9.847,10.173,0.456,
10,-20,40,0,20.000,1966.852,1493.013,1966.429,1493.190,0.459,0.000,0,0,0,0,0,0,8,15.168,9.225,0.532,0.000
10,-20,50,0,0.000,1966.852,1493.013,,,,0.000,0,0,0,0,0,0,10,6.102,11.683,0.513,
10,-20,60,0,10.000,1966.852,1493.013,1966.407,1493.233,0.496,0.000,0,0,0,0,0,0,9,10.198,13.388,0.543,0.000
10,-20,70,0,30.000,1966.852,1493.013,1966.437,1493.178,0.447,0.000,0,0,0,0,0,0,7,9.010,10.353,0.559,0.000
10,-20,80,0,30.000,1966.852,1493.013,1966.475,1493.213,0.427,0.000,0,0,0,0,0,0,7,11.691,10.687,0.557,0.000
10,-20,90,0,30.000,1966.852,1493.013,1966.447,1493.196,0.445,0.000,0,0,0,0,0,0,7,10.334,9.117,0.606,0.000
10,-20,100,0,50.000,1966.852,1493.013,1966.646,1493.123,0.233,0.000,0,0,0,0,0,0,5,11.314,13.708,0.441,0.000
10,-20,110,0,20.000,1966.852,1493.013,1966.395,1493.169,0.483,0.000,0,0,0,0,0,0,8,10.131,11.093,0.373,0.000
10,-20,120,0,40.000,1966.852,1493.013,1966.434,1493.208,0.462,0.000,0,0,0,0,0,0,6,11.999,11.313,0.542,0.000
10,-20,130,0,30.000,1966.852,1493.013,1966.448,1493.201,0.446,0.000,0,0,0,0,0,0,7,9.686,8.872,0.462,0.000
10,-20,140,0,70.000,1966.852,1493.013,1966.811,1493.080,0.078,0.000,0,0,0,0,0,0,3,7.271,13.644,0.614,0.000
10,-20,150,0,50.000,1966.852,1493.013,1966.443,1493.185,0.444,0.000,0,0,0,0,0,0,5,12.609,12.716,0.467,0.000
10,-20,160,0,50.000,1966.852,1493.013,1966.426,1493.186,0.460,0.000,0,0,0,0,0,0,5,10.577,11.110,0.523,0.000
10,-20,170,0,70.000,1966.852,1493.013,1966.451,1493.177,0.434,0.000,0,0,0,0,0,0,3,10.221,13.251,0.500,0.000
10,-20,180,0,80.000,1966.852,1493.013,1966.622,1493.125,0.256,0.000,0,0,0,0,0,0,2,9.261,10.691,0.557,0.000
10,-20,190,0,50.000,1966.852,1493.013,1966.459,1493.163,0.421,0.000,0,0,0,0,0,0,5,12.924,12.167,0.575,0.000
10,-20,200,0,100.000,1966.852,1493.013,1966.439,1493.192,0.450,0.000,0,0,0,0,0,0,0,8.726,13.645,0.577,0.000
10,-20,210,0,90.000,1966.852,1493.013,1966.450,1493.195,0.441,0.000,0,0,0,0,0,0,1,8.447,12.605,0.566,0.000
10,-20,220,0,100.000,1966.852,1493.013,1966.443,1493.161,0.435,0.000,0,0,0,0,0,0,0,10.257,8.882,0.525,0.000
10,-20,230,0,100.000,1966.852,1493.013,1966.429,1493.169,0.451,0.100,1,0,0,0,0,0,0,11.054,12.238,0.363,0.000
10,-20,240,0,100.000,1966.852,1493.013,1966.427,1493.168,0.453,0.000,0,0,0,0,0,0,0,12.509,9.714,0.498,0.000
10,-20,250,0,100.000,1966.852,1493.013,1966.455,1493.176,0.429,0.100,1,0,0,0,0,0,0,11.396,14.341,0.522,0.000
10,-20,260,0,100.000,1966.852,1493.013,1966.448,1493.154,0.428,0.000,0,0,0,0,0,0,0,8.651,10.630,0.531,0.000
10,-20,270,0,100.000,1966.852,1493.013,1966.688,1493.107,0.189,0.000,0,0,0,0,0,0,0,11.174,10.961,0.666,0.000
10,-20,280,0,100.000,1966.852,1493.013,1966.442,1493.186,0.445,0.000,0,0,0,0,0,0,0,11.926,11.045,0.670,0.000
10,-20,290,0,100.000,1966.852,1493.013,1966.427,1493.172,0.454,0.200,2,0,0,0,0,0,0,11.948,13.295,0.587,0.000
10,-20,300,0,100.000,1966.852,1493.013,1966.436,1493.163,0.442,0.500,4,0,0,0,0,0,0,12.117,10.003,0.513,0.000
10,-20,310,0,100.000,1966.852,1493.013,1966.439,1493.161,0.439,0.100,1,0,0,0,0,0,0,12.673,11.557,0.556,0.000
10,-20,320,0,100.000,1966.852,1493.013,1967.837,1492.792,1.009,0.300,2,0,0,0,0,0,0,10.010,11.619,0.517,0.000
10,-20,330,0,100.000,1966.852,1493.013,1966.448,1493.168,0.433,0.200,1,0,0,0,0,0,0,11.492,10.102,0.482,0.000
10,-20,340,0,100.000,1966.852,1493.013,1967.168,1492.975,0.317,0.700,3,0,0,0,0,0,0,11.390,12.159,0.575,0.000
10,-20,350,0,100.000,1966.852,1493.013,1967.448,1492.899,0.607,0.400,2,0,0,0,0,0,0,11.080,8.971,0.445,0.000
10,-20,360,0,100.000,1966.852,1493.013,1966.454,1493.175,0.430,0.400,2,0,0,0,0,0,0,15.053,11.540,0.505,0.000
10,-20,370,0,100.000,1966.852,1493.013,1966.443,1493.161,0.436,0.200,2,0,0,0,0,0,0,10.571,12.322,0.469,0.000
10,-20,380,0,100.000,1966.852,1493.013,1966.456,1493.194,0.436,1.000,4,0,0,0,0,0,0,7.758,12.132,0.490,0.000
10,-20,390,0,100.000,1966.852,1493.013,1966.444,1493.166,0.436,0.500,2,0,0,0,0,0,0,10.637,12.299,0.478,0.000
10,-10,-100,0,0.000,1966.852,1493.013,,,,0.000,0,0,0,0,0,0,10,9.759,12.219,0.671,
10,-10,-90,0,0.000,1966.852,1493.013,,,,0.000,0,0,0,0,0,0,10,11.122,10.435,0.585,
10,-10,-80,0,0.000,1966.852,1493.013,,,,0.000,0,0,0,0,0,0,10,10.062,12.434,0.520,
10,-10,-70,0,0.000,1966.852,1493.013,,,,0.000,0,0,0,0,0,0,10,10.237,14.899,0.664,
10,-10,-60,0,0.000,1966.852,1493.013,,,,0.000,0,0,0,0,0,0,10,8.532,10.924,0.514,
10,-10,-50,0,0.000,1966.852,1493.013,,,,0.000,0,0,0,0,0,0,10,12.883,14.496,0.584,
10,-10,-40,0,0.000,1966.852,1493.013,,,,0.000,0,0,0,0,0,0,10,12.446,8.882,0.682,
10,-10,-30,0,0.000,1966.852,1493.013,,,,0.000,0,0,0,0,0,0,10,9.203,11.267,0.370,
10,-10,-20,0,0.000,1966.852,1493.013,,,,0.000,0,0,0,0,0,0,10,7.088,12.099,0.545,
10,-10,-10,0,10.000,1966.852,1493.013,1967.050,1492.977,0.201,0.000,0,0,0,0,0,0,9,12.298,11.602,0.553,0.000
10,-10,0,0,10.000,1966.852,1493.013,1971.785,1491.755,5.090,0.000,0,0,0,0,0,0,9,8.902,12.486,0.650,0.000
10,-10,10,0,20.000,1966.852,1493.013,1968.525,1492.651,1.711,0.100,1,0,0,0,0,0,8,10.821,13.100,0.351,0.000
10,-10,20,0,10.000,1966.852,1493.013,1970.392,1492.134,3.647,0.000,0,0,0,0,0,0,9,8.698,11.080,0.302,0.000
10,-10,30,0,20.000,1966.852,1493.013,1966.418,1493.155,0.457,0.000,0,0,0,0,0,0,8,10.295,13.626,0.517,0.000
10,-10,40,0,40.000,1966.852,1493.013,1967.794,1492.852,0.955,0.000,0,0,0,0,0,0,6,11.677,14.701,0.537,0.000
10,-10,50,0,50.000,1966.852,1493.013,1967.712,1492.853,0.874,0.000,0,0,0,0,0,0,5,13.412,11.106,0.573,0.000
10,-10,60,0,50.000,1966.852,1493.013,1966.445,1493.194,0.446,0.000,0,0,0,0,0,0,5,10.898,12.278,0.264,0.000
10,-10,70,0,50.000,1966.852,1493.013,1966.441,1493.198,0.451,0.000,0,0,0,0,0,0,5,9.100,13.661,0.665,0.000
10,-10,80,0,30.000,1966.852,1493.013,1966.497,1493.197,0.400,0.000,0,0,0,0,0,0,7,11.943,5.764,0.584,0.000
10,-10,90,0,60.000,1966.852,1493.013,1966.451,1493.208,0.446,0.000,0,0,0,0,0,0,4,9.501,11.535,0.380,0.000
10,-10,100,0,80.000,1966.852,1493.013,1966.438,1493.192,0.451,0.000,0,0,0,0,0,0,2,9.837,13.541,0.575,0.000
10,-10,110,0,60.000,1966.852,1493.013,1966.454,1493.171,0.429,0.000,0,0,0,0,0,0,4,10.114,6.554,0.378,0.000
10,-10,120,0,70.000,1966.852,1493.013,1966.436,1493.199,0.456,0.000,0,0,0,0,0,0,3,8.712,12.416,0.508,0.000
10,-10,130,0,60.000,1966.852,1493.013,1966.461,1493.186,0.428,0.000,0,0,0,0,0,0,4,10.850,9.670,0.605,0.000
10,-10,140,0,70.000,1966.852,1493.013,1966.519,1493.173,0.370,0.000,0,0,0,0,0,0,3,13.230,11.468,0.663,0.000
10,-10,150,0,90.000,1966.852,1493.013,1966.900,1493.070,0.074,0.000,0,0,0,0,0,0,1,9.707,8.997,0.467,0.000
10,-10,160,0,90.000,1966.852,1493.013,1966.419,1493.193,0.469,0.000,0,0,0,0,0,0,1,10.546,11.404,0.516,0.000
10,-10,170,0,90.000,1966.852,1493.013,1966.443,1493.191,0.446,0.000,0,0,0,0,0,0,1,10.949,13.959,0.558,0.000
10,-10,180,0,100.000,1966.852,1493.013,1966.448,1493.206,0.448,0.000,0,0,0,0,0,0,0,9.163,11.281,0.575,0.000
10,-10,190,0,100.000,1966.852,1493.013,1966.444,1493.171,0.437,0.000,0,0,0,0,0,0,0,11.213,10.496,0.490,0.000
10,-10,200,0,100.000,1966.852,1493.013,1967.273,1492.961,0.424,0.100,1,0,0,0,0,0,0,11.654,9.574,0.630,0.000
10,-10,210,0,100.000,1966.852,1493.013,1967.071,1493.012,0.219,0.000,0,0,0,0,0,0,0,11.721,7.065,0.496,0.000
10,-10,220,0,100.000,1966.852,1493.013,1966.429,1493.195,0.461,0.000,0,0,0,0,0,0,0,9.321,11.953,0.468,0.000
10,-10,230,0,100.000,1966.852,1493.013,1966.442,1493.187,0.446,0.000,0,0,0,0,0,0,0,11.523,8.819,0.514,0.000
10,-10,240,0,100.000,1966.852,1493.013,1966.437,1493.175,0.445,0.000,0,0,0,0,0,0,0,13.411,10.412,0.615,0.000
10,-10,250,0,100.000,1966.852,1493.013,1966.451,1493.179,0.434,0.000,0,0,0,0,0,0,0,11.725,8.669,0.671,0.000
10,-10,260,0,100.000,1966.852,1493.013,1966.441,1493.177,0.443,0.100,1,0,0,0,0,0,0,11.158,8.439,0.607,0.000
10,-10,270,0,100.000,1966.852,1493.013,1966.446,1493.181,0.440,0.100,1,0,0,0,0,0,0,10.601,13.803,0.451,0.000
10,-10,280,0,100.000,1966.852,1493.013,1967.122,1492.994,0.271,0.300,2,0,0,0,0,0,0,10.926,7.140,0.410,0.000
10,-10,290,0,100.000,1966.852,1493.013,1966.456,1493.166,0.425,0.100,1,0,0,0,0,0,0,12.370,11.346,0.567,0.000
10,-10,300,0,100.000,1966.852,1493.013,1966.452,1493.168,0.430,0.000,0,0,0,0,0,0,0,9.841,10.930,0.376,0.000
10,-10,310,0,100.000,1966.852,1493.013,1966.457,1493.176,0.427,0.300,2,0,0,0,0,0,0,12.755,10.354,0.677,0.000
10,-10,320,0,100.000,1966.852,1493.013,1966.452,1493.173,0.431,0.300,2,0,0,0,0,0,0,11.968,14.752,0.388,0.000
10,-10,330,0,100.000,1966.852,1493.013,1966.455,1493.182,0.431,0.300,1,0,0,0,0,0,0,12.158,11.340,0.538,0.000
10,-10,340,0,100.000,1966.852,1493.013,1966.443,1493.177,0.441,0.200,1,0,0,0,0,0,0,9.407,10.183,0.414,0.000
10,-10,350,0,100.000,1966.852,1493.013,1966.455,1493.152,0.421,0.200,1,0,0,0,0,0,0,13.087,9.299,0.516,0.000
10,-10,360,0,100.000,1966.852,1493.013,1966.437,1493.160,0.440,0.200,1,0,0,0,0,0,0,11.007,8.921,0.562,0.000
10,-10,370,0,90.000,1966.852,1493.013,1966.780,1493.105,0.116,0.300,2,0,0,0,1,0,0,12.622,9.752,0.551,0.000
10,-10,380,0,100.000,1966.852,1493.013,1966.435,1493.182,0.450,0.600,2,0,0,0,0,0,0,10.249,12.321,0.599,0.000
10,-10,390,0,100.000,1966.852,1493.013,1966.441,1493.165,0.439,0.800,3,0,0,0,0,0,0,9.227,11.214,0.476,0.000
10,0,-100,0,0.000,1966.852,1493.013,,,,0.000,0,0,0,0,0,0,10,12.770,9.108,0.355,
10,0,-90,0,0.000,1966.852,1493.013,,,,0.000,0,0,0,0,0,0,10,8.744,10.269,0.460,
10,0,-80,0,0.000,1966.852,1493.013,,,,0.000,0,0,0,0,0,0,10,10.471,12.949,0.632,
10,0,-70,0,0.000,1966.852,1493.013,,,,0.000,0,0,0,0,0,0,10,11.979,12.103,0.455,
10,0,-60,0,0.000,1966.852,1493.013,,,,0.000,0,0,0,0,0,0,10,12.227,10.791,0.549,
10,0,-50,0,0.000,1966.852,1493.013,,,,0.000,0,0,0,0,0,0,10,9.641,8.559,0.678,
10,0,-40,0,0.000,1966.852,1493.013,,,,0.000,0,0,0,0,0,0,10,8.636,5.827,0.717,
10,0,-30,0,0.000,1966.852,1493.013,,,,0.000,0,0,0,0,0,0,10,12.230,10.221,0.595,
10,0,-20,0,0.000,1966.852,1493.013,,,,0.000,0,0,0,0,0,0,10,11.810,8.014,0.577,
10,0,-10,0,20.000,1966.852,1493.013,1970.901,1491.968,4.181,0.200,2,0,0,0,0,0,8,12.478,12.434,0.509,0.000
10,0,0,0,0.000,1966.852,1493.013,,,,0.000,0,0,0,0,0,0,10,11.525,11.666,0.541,
10,0,10,0,40.000,1966.852,1493.013,1969.338,1492.417,2.557,0.600,4,0,0,0,0,0,6,11.181,11.480,0.569,0.000
10,0,20,0,40.000,1966.852,1493.013,1969.865,1492.276,3.102,0.300,1,0,0,0,0,0,6,9.635,10.469,0.526,0.000
10,0,30,0,20.000,1966.852,1493.013,1968.820,1492.567,2.018,0.300,2,0,0,0,0,0,8,12.145,13.055,0.505,0.000
10,0,40,0,50.000,1966.852,1493.013,1969.349,1492.384,2.574,0.400,2,0,0,0,0,0,5,11.301,10.097,0.661,0.000
10,0,50,0,60.000,1966.852,1493.013,1967.960,1492.766,1.135,0.200,1,0,0,0,0,0,4,11.218,10.860,0.608,0.000
10,0,60,0,60.000,1966.852,1493.013,1969.317,1492.418,2.535,0.500,2,0,0,0,1,0,3,11.449,9.949,0.510,0.000
10,0,70,0,50.000,1966.852,1493.013,1966.675,1493.149,0.224,0.000,0,0,0,0,0,0,5,9.660,9.588,0.611,0.000
10,0,80,0,70.000,1966.852,1493.013,1966.867,1493.087,0.075,0.100,1,0,0,0,0,0,3,9.442,10.404,0.491,0.000
10,0,90,0,80.000,1966.852,1493.013,1967.167,1492.989,0.316,0.100,1,0,0,0,0,0,2,11.252,9.583,0.502,0.000
10,0,100,0,80.000,1966.852,1493.013,1966.502,1493.191,0.393,0.300,1,0,0,0,0,0,2,12.879,10.208,0.604,0.000
10,0,110,0,100.000,1966.852,1493.013,1966.713,1493.113,0.171,0.200,1,0,0,0,0,0,0,12.054,10.266,0.396,0.000
10,0,120,0,100.000,1966.852,1493.013,1966.522,1493.178,0.369,0.400,1,0,0,0,0,0,0,11.112,9.145,0.391,0.000
10,0,130,0,100.000,1966.852,1493.013,1966.433,1493.195,0.457,0.100,1,0,0,0,0,0,0,7.242,11.140,0.666,0.000
10,0,140,0,90.000,1966.852,1493.013,1967.014,1493.043,0.164,0.200,1,0,0,0,0,0,1,13.115,8.597,0.595,0.000
10,0,150,0,100.000,1966.852,1493.013,1966.453,1493.195,0.439,0.300,1,0,0,0,0,0,0,13.040,9.510,0.630,0.000
10,0,160,0,100.000,1966.852,1493.013,1966.495,1493.177,0.393,0.200,1,0,0,0,0,0,0,9.384,9.492,0.564,0.000
10,0,170,0,100.000,1966.852,1493.013,1966.810,1493.089,0.086,0.000,0,0,0,0,0,0,0,4.014,6.972,0.573,0.000
10,0,180,0,100.000,1966.852,1493.013,1966.441,1493.194,0.449,0.400,1,0,0,0,0,0,0,14.232,10.738,0.554,0.000
10,0,190,0,100.000,1966.852,1493.013,1966.441,1493.203,0.453,0.300,1,0,0,0,0,0,0,11.071,8.116,0.699,0.000
10,0,200,0,100.000,1966.852,1493.013,1966.640,1493.137,0.245,0.200,1,0,0,0,0,0,0,8.976,12.613,0.598,0.000
10,0,210,0,100.000,1966.852,1493.013,1966.663,1493.118,0.216,0.300,1,0,0,0,0,0,0,11.017,10.185,0.508,0.000
10,0,220,0,100.000,1966.852,1493.013,1966.449,1493.182,0.437,0.400,1,0,0,0,0,0,0,8.857,7.692,0.549,0.000
10,0,230,0,100.000,1966.852,1493.013,1966.491,1493.163,0.391,0.500,1,0,0,0,0,0,0,9.475,12.059,0.533,0.000
10,0,240,0,100.000,1966.852,1493.013,1966.769,1493.095,0.117,0.400,1,0,0,0,0,0,0,13.014,11.144,0.576,0.000
10,0,250,0,100.000,1966.852,1493.013,1966.441,1493.169,0.439,0.400,1,0,0,0,0,0,0,13.893,12.437,0.389,0.000
10,0,260,0,100.000,1966.852,1493.013,1966.441,1493.182,0.445,0.200,1,0,0,0,0,0,0,10.341,11.685,0.628,0.000
10,0,270,0,100.000,1966.852,1493.013,1966.436,1493.181,0.449,0.300,1,0,0,0,0,0,0,12.957,8.158,0.555,0.000
10,0,280,0,100.000,1966.852,1493.013,1966.451,1493.178,0.434,0.500,1,0,0,0,0,0,0,11.724,7.484,0.620,0.000
10,0,290,0,100.000,1966.852,1493.013,1967.151,1492.981,0.300,0.300,1,0,0,0,0,0,0,10.982,10.399,0.396,0.000
10,0,300,0,100.000,1966.852,1493.013,1967.174,1492.983,0.323,0.600,1,0,0,0,0,0,0,11.646,11.579,0.340,0.000
10,0,310,0,100.000,1966.852,1493.013,1966.428,1493.175,0.454,0.500,3,0,0,0,0,0,0,8.353,10.065,0.383,0.000
10,0,320,0,100.000,1966.852,1493.013,1966.450,1493.171,0.432,1.100,2,0,0,0,0,0,0,12.394,13.070,0.421,0.000
10,0,330,0,100.000,1966.852,1493.013,1966.449,1493.206,0.447,0.600,3,0,0,0,0,0,0,8.831,10.765,0.805,0.000
10,0,340,0,100.000,1966.852,1493.013,1966.801,1493.081,0.085,0.600,2,0,0,0,0,0,0,12.063,11.127,0.542,0.000
10,0,350,0,100.000,1966.852,1493.013,1966.423,1493.163,0.455,0.800,2,0,0,0,0,0,0,10.160,8.413,0.431,0.000
10,0,360,0,100.000,1966.852,1493.013,1966.456,1493.175,0.429,1.000,3,0,0,0,0,0,0,9.467,13.017,0.573,0.000
10,0,370,0,100.000,1966.852,1493.013,1966.436,1493.186,0.450,0.700,3,0,0,0,0,0,0,11.752,11.768,0.242,0.000
10,0,380,0,100.000,1966.852,1493.013,1967.230,1492.968,0.380,0.600,1,0,0,0,0,0,0,10.864,9.915,0.640,0.000
10,0,390,0,90.000,1966.852,1493.013,1966.438,1493.148,0.436,1.200,3,0,0,0,1,0,0,10.512,11.003,0.588,0.000
10,10,-100,0,0.000,1966.852,1493.013,,,,0.000,0,0,0,0,0,0,10,7.307,11.462,0.587,
10,10,-90,0,0.000,1966.852,1493.013,,,,0.000,0,0,0,0,0,0,10,11.075,13.083,0.466,
10,10,-80,0,0.000,1966.852,1493.013,,,,0.000,0,0,0,0,0,0,10,9.913,9.967,0.608,
10,10,-70,0,0.000,1966.852,1493.013,,,,0.000,0,0,0,0,0,0,10,11.183,12.728,0.546,
10,10,-60,0,0.000,1966.852,1493.013,,,,0.000,0,0,0,0,0,0,10,10.406,7.448,0.544,
10,10,-50,0,0.000,1966.852,1493.013,,,,0.000,0,0,0,0,0,0,10,11.909,10.390,0.570,
10,10,-40,0,0.000,1966.852,1493.013,,,,0.000,0,0,0,0,0,0,10,13.441,14.134,0.596,
10,10,-30,0,0.000,1966.852,1493.013,,,,0.000,0,0,0,0,0,0,10,12.735,9.420,0.626,
10,10,-20,0,0.000,1966.852,1493.013,,,,0.000,0,0,0,0,0,0,10,11.743,10.382,0.715,
10,10,-10,0,10.000,1966.852,1493.013,1973.040,1491.320,6.415,0.100,1,0,0,0,0,0,9,8.939,11.868,0.611,0.000
10,10,0,0,30.000,1966.852,1493.013,1969.262,1492.419,2.481,0.500,3,0,0,0,1,0,6,11.154,7.536,0.635,0.000
10,10,10,0,30.000,1966.852,1493.013,1968.148,1492.736,1.325,0.500,4,0,0,0,2,0,5,10.406,9.842,0.540,0.000
10,10,20,0,60.000,1966.852,1493.013,1968.258,1492.698,1.440,0.500,2,0,0,0,1,0,3,9.389,12.953,0.565,0.000
10,10,30,0,30.000,1966.852,1493.013,1970.878,1491.948,4.165,1.600,4,0,0,0,4,0,3,13.480,8.661,0.518,0.000
10,10,40,0,80.000,1966.852,1493.013,1969.575,1492.352,2.802,1.000,5,0,1,0,0,0,1,8.905,11.700,0.575,0.000
10,10,50,0,80.000,1966.852,1493.013,1968.717,1492.585,1.913,0.800,3,0,0,0,1,0,1,9.761,12.129,0.535,0.000
10,10,60,0,90.000,1966.852,1493.013,1968.283,1492.696,1.465,0.700,4,0,0,0,1,0,0,11.364,11.100,0.513,0.000
10,10,70,0,80.000,1966.852,1493.013,1968.972,1492.489,2.184,1.000,3,0,0,0,1,0,1,11.486,9.321,0.448,0.000
10,10,80,0,100.000,1966.852,1493.013,1967.360,1492.933,0.514,0.300,2,0,0,0,0,0,0,9.306,12.569,0.492,0.000
10,10,90,0,90.000,1966.852,1493.013,1967.786,1492.822,0.953,0.700,4,0,0,0,1,0,0,10.484,8.679,0.715,0.000
10,10,100,0,100.000,1966.852,1493.013,1968.004,1492.765,1.178,0.700,3,0,0,0,0,0,0,9.721,12.122,0.646,0.000
10,10,110,0,100.000,1966.852,1493.013,1967.308,1492.976,0.457,0.400,2,0,0,0,0,0,0,11.103,12.239,0.324,0.000
10,10,120,0,100.000,1966.852,1493.013,1967.061,1493.033,0.209,0.500,1,0,0,0,0,0,0,9.600,12.766,0.592,0.000
10,10,130,0,100.000,1966.852,1493.013,1967.286,1492.965,0.436,0.700,2,0,0,0,0,0,0,9.667,12.087,0.513,0.000
10,10,140,0,100.000,1966.852,1493.013,1967.267,1492.948,0.420,0.500,1,0,0,0,0,0,0,14.262,10.353,0.508,0.000
10,10,150,0,100.000,1966.852,1493.013,1966.547,1493.176,0.346,0.300,1,0,0,0,0,0,0,9.753,13.723,0.480,0.000
10,10,160,0,100.000,1966.852,1493.013,1966.998,1493.053,0.151,0.600,1,0,0,0,0,0,0,11.653,8.473,0.563,0.000
10,10,170,0,100.000,1966.852,1493.013,1966.637,1493.149,0.255,0.500,1,0,0,0,0,0,0,12.330,13.098,0.675,0.000
10,10,180,0,100.000,1966.852,1493.013,1966.424,1493.178,0.459,0.500,1,0,0,0,0,0,0,10.564,13.059,0.485,0.000
10,10,190,0,100.000,1966.852,1493.013,1966.865,1493.089,0.076,0.600,1,0,0,0,0,0,0,10.823,8.880,0.382,0.000
10,10,200,0,100.000,1966.852,1493.013,1966.508,1493.166,0.377,0.700,1,0,0,0,0,0,0,9.675,11.375,0.466,0.000
10,10,210,0,100.000,1966.852,1493.013,1966.632,1493.148,0.258,0.400,1,0,0,0,0,0,0,9.766,10.246,0.427,0.000
10,10,220,0,100.000,1966.852,1493.013,1966.497,1493.165,0.386,0.500,1,0,0,0,0,0,0,10.231,11.992,0.464,0.000
10,10,230,0,100.000,1966.852,1493.013,1966.793,1493.096,0.102,0.500,1,0,0,0,0,0,0,12.290,11.470,0.604,0.000
10,10,240,0,100.000,1966.852,1493.013,1966.426,1493.185,0.460,0.600,1,0,0,0,0,0,0,11.711,9.236,0.638,0.000
10,10,250,0,100.000,1966.852,1493.013,1966.571,1493.147,0.312,0.700,1,0,0,0,0,0,0,11.590,12.307,0.443,0.000
10,10,260,0,100.000,1966.852,1493.013,1966.544,1493.142,0.334,0.400,1,0,0,0,0,0,0,13.030,11.270,0.620,0.000
10,10,270,0,100.000,1966.852,1493.013,1966.578,1493.144,0.304,0.700,1,0,0,0,0,0,0,11.151,11.231,0.606,0.000
10,10,280,0,100.000,1966.852,1493.013,1967.273,1492.969,0.423,0.900,1,0,0,0,0,0,0,11.005,10.014,0.508,0.000
10,10,290,0,100.000,1966.852,1493.013,1966.436,1493.177,0.447,0.700,1,0,0,0,0,0,0,9.041,12.590,0.585,0.000
10,10,300,0,100.000,1966.852,1493.013,1966.773,1493.086,0.108,0.700,1,0,0,0,0,0,0,9.732,12.722,0.516,0.000
10,10,310,0,100.000,1966.852,1493.013,1966.689,1493.118,0.194,0.600,1,0,0,0,0,0,0,11.496,10.258,0.531,0.000
10,10,320,0,100.000,1966.852,1493.013,1966.722,1493.085,0.149,0.800,1,0,0,0,0,0,0,9.829,11.643,0.586,0.000
10,10,330,0,100.000,1966.852,1493.013,1966.462,1493.182,0.425,0.800,1,0,0,0,0,0,0,8.549,12.138,0.515,0.000
10,10,340,0,100.000,1966.852,1493.013,1967.145,1492.980,0.295,0.900,1,0,0,0,0,0,0,10.763,11.684,0.433,0.000
10,10,350,0,100.000,1966.852,1493.013,1966.440,1493.194,0.450,0.900,2,0,0,0,0,0,0,11.980,11.466,0.529,0.000
10,10,360,0,100.000,1966.852,1493.013,1966.686,1493.096,0.186,0.500,2,0,0,0,0,0,0,5.426,10.978,0.512,0.000
10,10,370,0,100.000,1966.852,1493.013,1966.437,1493.163,0.441,0.700,1,0,0,0,0,0,0,11.329,13.259,0.665,0.000
10,10,380,0,100.000,1966.852,1493.013,1966.688,1493.107,0.189,0.700,1,0,0,0,0,0,0,6.201,8.961,0.734,0.000
10,10,390,0,100.000,1966.852,1493.013,1966.441,1493.171,0.441,1.000,2,0,0,0,0,0,0,10.377,12.937,0.267,0.000
10,20,-100,0,0.000,1966.852,1493.013,,,,0.000,0,0,0,0,0,0,10,12.901,12.659,0.602,
10,20,-90,0,0.000,1966.852,1493.013,,,,0.000,0,0,0,0,0,0,10,11.345,10.004,0.530,
10,20,-80,0,0.000,1966.852,1493.013,,,,0.000,0,0,0,0,0,0,10,11.790,11.941,0.501,
10,20,-70,0,0.000,1966.852,1493.013,,,,0.000,0,0,0,0,0,0,10,11.311,11.549,0.572,
10,20,-60,0,0.000,1966.852,1493.013,,,,0.000,0,0,0,0,0,0,10,13.036,11.034,0.646,
10,20,-50,0,0.000,1966.852,1493.013,,,,0.000,0,0,0,0,0,0,10,12.688,11.858,0.473,
10,20,-40,0,0.000,1966.852,1493.013,,,,0.000,0,0,0,0,0,0,10,9.664,9.041,0.611,
10,20,-30,0,0.000,1966.852,1493.013,,,,0.000,0,0,0,0,0,0,10,10.758,11.939,0.456,
10,20,-20,0,0.000,1966.852,1493.013,,,,0.000,0,0,0,0,0,0,10,8.933,12.276,0.330,
10,20,-10,0,10.000,1966.852,1493.013,1968.451,1492.662,1.637,0.100,1,0,0,0,0,0,9,7.187,12.904,0.609,0.000
10,20,0,0,40.000,1966.852,1493.013,1971.758,1491.723,5.072,0.400,3,0,0,0,0,0,6,6.371,11.979,0.616,0.000
10,20,10,0,40.000,1966.852,1493.013,1970.655,1492.039,3.926,1.400,4,0,0,0,3,0,3,6.880,9.144,0.488,0.000
10,20,20,0,20.000,1966.852,1493.013,1969.344,1492.426,2.560,1.400,4,0,0,0,5,0,3,10.590,8.781,0.656,0.000
10,20,30,0,60.000,1966.852,1493.013,1969.162,1492.444,2.378,1.900,5,0,1,0,3,0,0,10.481,8.026,0.635,0.000
10,20,40,0,60.000,1966.852,1493.013,1970.017,1492.221,3.263,1.700,4,0,0,0,4,0,0,12.621,11.617,0.576,0.000
10,20,50,0,50.000,1966.852,1493.013,1966.673,1493.146,0.223,2.000,5,0,1,0,4,0,0,12.336,15.650,0.496,0.000
10,20,60,0,50.000,1966.852,1493.013,1968.382,1492.661,1.570,2.100,3,0,0,0,5,0,0,11.235,8.472,0.498,0.000
10,20,70,0,80.000,1966.852,1493.013,1967.229,1492.987,0.378,0.900,4,0,0,0,2,0,0,7.874,8.585,0.660,0.000
10,20,80,0,40.000,1966.852,1493.013,1968.777,1492.542,1.981,3.000,4,0,0,0,6,0,0,9.870,10.840,0.674,0.000
10,20,90,0,90.000,1966.852,1493.013,1969.361,1492.398,2.583,1.500,4,0,0,0,1,0,0,9.277,11.213,0.468,0.000
10,20,100,0,100.000,1966.852,1493.013,1967.736,1492.849,0.899,0.800,2,0,0,0,0,0,0,7.987,12.827,0.546,0.000
10,20,110,0,90.000,1966.852,1493.013,1968.852,1492.553,2.052,1.300,4,0,0,0,1,0,0,12.968,12.753,0.607,0.000
10,20,120,0,80.000,1966.852,1493.013,1968.053,1492.760,1.227,1.600,4,0,0,0,2,0,0,8.303,4.722,0.596,0.000
10,20,130,0,90.000,1966.852,1493.013,1967.436,1492.946,0.587,1.100,2,0,0,0,1,0,0,8.658,13.422,0.612,0.000
10,20,140,0,100.000,1966.852,1493.013,1968.513,1492.640,1.702,1.100,2,0,0,0,0,0,0,8.961,11.546,0.448,0.000
10,20,150,0,80.000,1966.852,1493.013,1967.280,1492.942,0.433,1.200,3,0,0,0,2,0,0,11.764,10.657,0.482,0.000
10,20,160,0,100.000,1966.852,1493.013,1967.843,1492.800,1.013,0.800,3,0,0,0,0,0,0,13.118,6.760,0.539,0.000
10,20,170,0,100.000,1966.852,1493.013,1966.731,1493.132,0.169,0.800,1,0,0,0,0,0,0,10.549,12.029,0.710,0.000
10,20,180,0,90.000,1966.852,1493.013,1967.351,1492.945,0.504,1.000,2,0,0,0,1,0,0,11.820,9.972,0.617,0.000
10,20,190,0,100.000,1966.852,1493.013,1968.143,1492.730,1.321,1.100,2,0,0,0,0,0,0,11.577,12.007,0.512,0.000
10,20,200,0,100.000,1966.852,1493.013,1966.852,1493.093,0.079,0.900,2,0,0,0,0,0,0,11.612,12.597,0.535,0.000
10,20,210,0,100.000,1966.852,1493.013,1966.998,1493.063,0.154,1.000,1,0,0,0,0,0,0,5.118,12.714,0.594,0.000
10,20,220,0,100.000,1966.852,1493.013,1966.606,1493.164,0.289,0.900,1,0,0,0,0,0,0,10.606,9.581,0.559,0.000
10,20,230,0,100.000,1966.852,1493.013,1966.789,1493.094,0.102,0.800,1,0,0,0,0,0,0,12.115,14.187,0.686,0.000
10,20,240,0,100.000,1966.852,1493.013,1966.647,1493.135,0.238,0.700,1,0,0,0,0,0,0,13.295,8.326,0.522,0.000
10,20,250,0,100.000,1966.852,1493.013,1966.615,1493.132,0.265,0.800,1,0,0,0,0,0,0,13.768,11.122,0.504,0.000
10,20,260,0,100.000,1966.852,1493.013,1966.438,1493.191,0.451,0.700,1,0,0,0,0,0,0,9.998,10.730,0.572,0.000
10,20,270,0,100.000,1966.852,1493.013,1966.967,1493.053,0.121,0.700,1,0,0,0,0,0,0,10.582,11.830,0.547,0.000
10,20,280,0,100.000,1966.852,1493.013,1966.511,1493.172,0.377,0.800,1,0,0,0,0,0,0,10.320,10.278,0.564,0.000
10,20,290,0,100.000,1966.852,1493.013,1966.501,1493.168,0.384,1.000,1,0,0,0,0,0,0,10.014,12.080,0.415,0.000
10,20,300,0,100.000,1966.852,1493.013,1966.969,1493.052,0.122,0.700,1,0,0,0,0,0,0,12.733,11.770,0.534,0.000
10,20,310,0,100.000,1966.852,1493.013,1966.942,1493.038,0.093,0.800,1,0,0,0,0,0,0,12.111,9.328,0.493,0.000
10,20,320,0,100.000,1966.852,1493.013,1966.480,1493.171,0.404,0.900,1,0,0,0,0,0,0,9.852,10.770,0.496,0.000
10,20,330,0,100.000,1966.852,1493.013,1966.451,1493.190,0.439,0.700,1,0,0,0,0,0,0,10.750,11.937,0.476,0.000
10,20,340,0,100.000,1966.852,1493.013,1966.546,1493.149,0.335,0.800,1,0,0,0,0,0,0,12.440,11.392,0.634,0.000
10,20,350,0,100.000,1966.852,1493.013,1966.848,1493.085,0.072,0.700,1,0,0,0,0,0,0,11.761,11.801,0.511,0.000
10,20,360,0,100.000,1966.852,1493.013,1966.455,1493.173,0.429,0.900,1,0,0,0,0,0,0,8.884,10.694,0.689,0.000
10,20,370,0,100.000,1966.852,1493.013,1966.643,1493.126,0.238,0.900,1,0,0,0,0,0,0,10.491,12.803,0.706,0.000
10,20,380,0,100.000,1966.852,1493.013,1967.624,1492.870,0.785,0.900,1,0,0,0,0,0,0,10.343,7.950,0.648,0.000
10,20,390,0,100.000,1966.852,1493.013,1966.452,1493.184,0.435,0.900,1,0,0,0,0,0,0,8.828,11.256,0.499,0.000
10,30,-100,0,0.000,1966.852,1493.013,,,,0.000,0,0,0,0,0,0,10,9.916,10.119,0.596,
10,30,-90,0,0.000,1966.852,1493.013,,,,0.000,0,0,0,0,0,0,10,7.004,13.035,0.570,
10,30,-80,0,0.000,1966.852,1493.013,,,,0.000,0,0,0,0,0,0,10,10.471,8.383,0.368,
10,30,-70,0,0.000,1966.852,1493.013,,,,0.000,0,0,0,0,0,0,10,7.688,12.594,0.520,
10,30,-60,0,0.000,1966.852,1493.013,,,,0.000,0,0,0,0,0,0,10,10.307,13.431,0.363,
10,30,-50,0,0.000,1966.852,1493.013,,,,0.000,0,0,0,0,0,0,10,11.626,12.160,0.616,
10,30,-40,0,0.000,1966.852,1493.013,,,,0.000,0,0,0,0,0,0,10,11.412,10.076,0.541,
10,30,-30,0,0.000,1966.852,1493.013,,,,0.000,0,0,0,0,0,0,10,11.401,11.610,0.529,
10,30,-20,0,0.000,1966.852,1493.013,,,,0.000,0,0,0,0,0,0,10,16.601,11.043,0.556,
10,30,-10,0,10.000,1966.852,1493.013,1972.439,1491.479,5.793,0.100,1,0,0,0,0,0,9,10.520,9.195,0.581,0.000
10,30,0,0,10.000,1966.852,1493.013,1967.240,1492.998,0.388,0.600,3,0,0,0,2,0,7,10.572,12.812,0.537,0.000
10,30,10,0,0.000,1966.852,1493.013,,,,1.600,3,0,0,0,8,0,2,12.921,10.196,0.564,
10,30,20,0,30.000,1966.852,1493.013,1969.241,1492.417,2.462,1.800,4,0,0,0,5,0,2,11.415,11.785,0.664,0.000
10,30,30,0,20.000,1966.852,1493.013,1973.624,1491.257,6.996,2.600,4,0,0,0,8,0,0,9.884,11.575,0.454,0.000
10,30,40,0,0.000,1966.852,1493.013,,,,3.500,5,0,2,0,8,0,0,10.848,13.983,0.420,
10,30,50,0,20.000,1966.852,1493.013,1973.543,1491.249,6.919,2.800,4,0,0,0,8,0,0,9.147,10.265,0.708,0.000
10,30,60,0,50.000,1966.852,1493.013,1970.320,1492.163,3.571,2.300,5,0,1,0,4,0,0,13.415,10.075,0.512,0.000
10,30,70,0,60.000,1966.852,1493.013,1970.181,1492.166,3.435,2.500,4,0,0,0,4,0,0,10.158,9.789,0.636,0.000
10,30,80,0,40.000,1966.852,1493.013,1970.711,1492.046,3.978,2.600,4,0,0,0,6,0,0,8.054,10.220,0.475,0.000
10,30,90,0,40.000,1966.852,1493.013,1967.812,1492.802,0.983,2.200,4,0,0,0,6,0,0,11.768,11.575,0.558,0.000
10,30,100,0,60.000,1966.852,1493.013,1969.373,1492.402,2.594,2.300,4,0,0,0,4,0,0,10.315,13.278,0.582,0.000
10,30,110,0,80.000,1966.852,1493.013,1969.664,1492.315,2.897,1.900,4,0,0,0,2,0,0,6.036,10.050,0.441,0.000
10,30,120,0,50.000,1966.852,1493.013,1967.555,1492.898,0.712,2.100,4,0,0,0,5,0,0,13.055,13.434,0.376,0.000
10,30,130,0,80.000,1966.852,1493.013,1968.941,1492.539,2.142,1.800,3,0,0,0,2,0,0,11.366,11.782,0.662,0.000
10,30,140,0,70.000,1966.852,1493.013,1967.221,1492.997,0.369,1.700,3,0,0,0,3,0,0,14.338,11.206,0.350,0.000
10,30,150,0,70.000,1966.852,1493.013,1968.246,1492.714,1.426,1.700,3,0,0,0,3,0,0,12.148,8.859,0.456,0.000
10,30,160,0,90.000,1966.852,1493.013,1967.870,1492.808,1.038,1.300,3,0,0,0,1,0,0,9.054,12.561,0.536,0.000
10,30,170,0,90.000,1966.852,1493.013,1968.652,1492.608,1.845,1.400,3,0,0,0,1,0,0,10.933,13.109,0.515,0.000
10,30,180,0,90.000,1966.852,1493.013,1967.426,1492.917,0.582,1.500,4,0,0,0,1,0,0,12.002,12.551,0.432,0.000
10,30,190,0,100.000,1966.852,1493.013,1967.789,1492.843,0.952,1.100,2,0,0,0,0,0,0,9.147,8.694,0.357,0.000
10,30,200,0,90.000,1966.852,1493.013,1967.542,1492.877,0.703,1.200,2,0,0,0,1,0,0,10.214,11.213,0.445,0.000
10,30,210,0,100.000,1966.852,1493.013,1968.115,1492.722,1.296,1.300,2,0,0,0,0,0,0,11.945,10.986,0.584,0.000
10,30,220,0,90.000,1966.852,1493.013,1967.788,1492.833,0.953,1.300,3,0,0,0,1,0,0,11.729,11.457,0.526,0.000
10,30,230,0,90.000,1966.852,1493.013,1967.011,1493.054,0.164,1.300,3,0,0,0,1,0,0,11.745,10.284,0.416,0.000
10,30,240,0,90.000,1966.852,1493.013,1967.166,1492.979,0.315,1.100,2,0,0,0,1,0,0,11.891,12.147,0.687,0.000
10,30,250,0,100.000,1966.852,1493.013,1967.102,1493.003,0.250,1.100,2,0,0,0,0,0,0,11.196,10.855,0.539,0.000
10,30,260,0,100.000,1966.852,1493.013,1967.917,1492.787,1.089,1.000,1,0,0,0,0,0,0,10.418,9.743,0.567,0.000
10,30,270,0,100.000,1966.852,1493.013,1968.135,1492.733,1.313,1.000,1,0,0,0,0,0,0,8.803,13.569,0.458,0.000
10,30,280,0,100.000,1966.852,1493.013,1966.767,1493.083,0.111,1.000,1,0,0,0,0,0,0,10.032,9.295,0.621,0.000
10,30,290,0,100.000,1966.852,1493.013,1967.018,1493.032,0.167,1.100,2,0,0,0,0,0,0,12.231,13.108,0.518,0.000
10,30,300,0,100.000,1966.852,1493.013,1966.774,1493.114,0.127,1.000,1,0,0,0,0,0,0,11.336,9.220,0.544,0.000
10,30,310,0,100.000,1966.852,1493.013,1966.906,1493.065,0.074,1.000,1,0,0,0,0,0,0,11.859,8.917,0.375,0.000
10,30,320,0,100.000,1966.852,1493.013,1966.842,1493.067,0.055,1.000,1,0,0,0,0,0,0,12.331,12.938,0.462,0.000
10,30,330,0,100.000,1966.852,1493.013,1966.999,1493.029,0.147,1.000,1,0,0,0,0,0,0,12.048,10.015,0.658,0.000
10,30,340,0,100.000,1966.852,1493.013,1967.060,1493.018,0.208,1.000,1,0,0,0,0,0,0,13.526,10.665,0.643,0.000
10,30,350,0,100.000,1966.852,1493.013,1966.539,1493.132,0.335,1.000,1,0,0,0,0,0,0,10.969,9.236,0.439,0.000
10,30,360,0,100.000,1966.852,1493.013,1966.449,1493.202,0.445,1.000,1,0,0,0,0,0,0,11.736,12.332,0.540,0.000
10,30,370,0,100.000,1966.852,1493.013,1967.325,1492.968,0.475,1.000,1,0,0,0,0,0,0,9.090,12.714,0.578,0.000
10,30,380,0,100.000,1966.852,1493.013,1966.815,1493.092,0.088,1.000,1,0,0,0,0,0,0,7.704,12.593,0.395,0.000
10,30,390,0,100.000,1966.852,1493.013,1966.459,1493.157,0.418,1.000,1,0,0,0,0,0,0,9.430,10.539,0.574,0.000
10,40,-100,0,0.000,1966.852,1493.013,,,,0.000,0,0,0,0,0,0,10,9.668,11.357,0.411,
10,40,-90,0,0.000,1966.852,1493.013,,,,0.000,0,0,0,0,0,0,10,11.584,10.247,0.579,
10,40,-80,0,0.000,1966.852,1493.013,,,,0.000,0,0,0,0,0,0,10,10.747,9.221,0.369,
10,40,-70,0,0.000,1966.852,1493.013,,,,0.000,0,0,0,0,0,0,10,13.286,11.599,0.549,
10,40,-60,0,0.000,1966.852,1493.013,,,,0.000,0,0,0,0,0,0,10,10.198,10.876,0.685,
10,40,-50,0,0.000,1966.852,1493.013,,,,0.000,0,0,0,0,0,0,10,12.170,9.676,0.356,
10,40,-40,0,0.000,1966.852,1493.013,,,,0.000,0,0,0,0,0,0,10,9.112,9.713,0.399,
10,40,-30,0,0.000,1966.852,1493.013,,,,0.000,0,0,0,0,0,0,10,8.832,12.125,0.424,
10,40,-20,0,0.000,1966.852,1493.013,,,,0.000,0,0,0,0,0,0,10,12.315,12.744,0.438,
10,40,-10,0,0.000,1966.852,1493.013,,,,0.300,3,0,0,0,1,0,9,10.208,10.404,0.586,
10,40,0,0,10.000,1966.852,1493.013,1972.973,1491.422,6.324,1.100,3,0,0,0,5,0,4,11.433,6.174,0.612,0.000
10,40,10,0,0.000,1966.852,1493.013,,,,1.200,4,0,0,0,5,0,5,11.845,12.524,0.498,
10,40,20,0,10.000,1966.852,1493.013,1973.961,1491.136,7.352,2.200,3,0,0,0,9,0,0,8.362,8.405,0.505,0.000
10,40,30,0,10.000,1966.852,1493.013,1972.706,1491.505,6.045,2.300,4,0,0,0,9,0,0,13.468,9.528,0.389,0.000
10,40,40,0,10.000,1966.852,1493.013,1973.450,1491.307,6.815,2.400,4,0,0,0,9,0,0,10.518,10.286,0.518,0.000
10,40,50,0,10.000,1966.852,1493.013,1971.826,1491.743,5.133,3.300,5,0,3,0,6,0,0,11.647,9.553,0.579,0.000
10,40,60,0,30.000,1966.852,1493.013,1970.882,1492.005,4.154,2.500,4,0,0,0,7,0,0,11.759,10.973,0.500,0.000
10,40,70,0,0.000,1966.852,1493.013,,,,3.300,4,0,0,0,10,0,0,10.034,11.573,0.615,
10,40,80,0,30.000,1966.852,1493.013,1971.992,1491.698,5.305,3.500,5,0,3,0,4,0,0,14.924,9.419,0.511,0.000
10,40,90,0,30.000,1966.852,1493.013,1972.295,1491.605,5.622,3.300,4,0,0,0,7,0,0,10.945,13.525,0.596,0.000
10,40,100,0,60.000,1966.852,1493.013,1971.728,1491.761,5.034,2.200,3,0,0,0,4,0,0,6.628,11.420,0.541,0.000
10,40,110,0,30.000,1966.852,1493.013,1969.271,1492.404,2.494,3.000,5,0,2,0,5,0,0,12.997,10.940,0.663,0.000
10,40,120,0,30.000,1966.852,1493.013,1968.557,1492.643,1.745,2.900,4,0,0,0,7,0,0,10.364,6.111,0.575,0.000
10,40,130,0,30.000,1966.852,1493.013,1969.683,1492.315,2.916,3.100,5,0,1,0,6,0,0,11.811,13.015,0.470,0.000
10,40,140,0,40.000,1966.852,1493.013,1972.707,1491.492,6.049,3.500,5,0,1,0,5,0,0,8.788,12.725,0.606,0.000
10,40,150,0,30.000,1966.852,1493.013,1968.775,1492.580,1.971,3.000,5,0,2,0,5,0,0,11.822,9.040,0.513,0.000
10,40,160,0,60.000,1966.852,1493.013,1968.733,1492.590,1.927,2.100,4,0,0,0,4,0,0,9.553,12.643,0.467,0.000
10,40,170,0,50.000,1966.852,1493.013,1969.285,1492.434,2.500,2.600,5,0,1,0,4,0,0,14.091,12.392,0.545,0.000
10,40,180,0,40.000,1966.852,1493.013,1967.791,1492.801,0.962,2.800,5,0,2,0,4,0,0,12.717,9.068,0.438,0.000
10,40,190,0,60.000,1966.852,1493.013,1968.352,1492.687,1.534,2.100,4,0,0,0,4,0,0,10.827,10.988,0.573,0.000
10,40,200,0,50.000,1966.852,1493.013,1968.858,1492.533,2.062,2.400,5,0,1,0,4,0,0,10.222,8.063,0.552,0.000
10,40,210,0,80.000,1966.852,1493.013,1969.505,1492.368,2.730,1.900,4,0,0,0,2,0,0,9.332,12.167,0.577,0.000
10,40,220,0,80.000,1966.852,1493.013,1969.487,1492.369,2.712,1.900,3,0,0,0,2,0,0,11.770,12.625,0.587,0.000
10,40,230,0,100.000,1966.852,1493.013,1969.410,1492.386,2.634,1.400,3,0,0,0,0,0,0,9.134,11.601,0.582,0.000
10,40,240,0,80.000,1966.852,1493.013,1970.692,1492.036,3.962,1.800,4,0,0,0,2,0,0,8.884,5.966,0.638,0.000
10,40,250,0,80.000,1966.852,1493.013,1968.019,1492.760,1.194,1.600,4,0,0,0,2,0,0,12.854,11.949,0.459,0.000
10,40,260,0,100.000,1966.852,1493.013,1967.055,1493.036,0.203,1.000,1,0,0,0,0,0,0,6.541,12.523,0.517,0.000
10,40,270,0,90.000,1966.852,1493.013,1970.816,1492.002,4.091,1.600,3,0,0,0,1,0,0,13.511,7.485,0.638,0.000
10,40,280,0,80.000,1966.852,1493.013,1966.543,1493.168,0.346,1.700,5,0,1,0,1,0,0,13.513,13.190,0.672,0.000
10,40,290,0,100.000,1966.852,1493.013,1968.035,1492.746,1.213,1.100,2,0,0,0,0,0,0,8.228,11.707,0.475,0.000
10,40,300,0,90.000,1966.852,1493.013,1967.046,1493.047,0.197,1.400,2,0,0,0,1,0,0,13.019,10.593,0.569,0.000
10,40,310,0,100.000,1966.852,1493.013,1967.945,1492.783,1.117,1.100,2,0,0,0,0,0,0,12.019,12.505,0.576,0.000
10,40,320,0,100.000,1966.852,1493.013,1966.687,1493.130,0.202,1.100,2,0,0,0,0,0,0,9.252,8.967,0.385,0.000
10,40,330,0,100.000,1966.852,1493.013,1967.636,1492.868,0.797,1.000,1,0,0,0,0,0,0,11.662,9.832,0.530,0.000
10,40,340,0,100.000,1966.852,1493.013,1966.953,1493.044,0.105,1.200,2,0,0,0,0,0,0,11.486,10.291,0.564,0.000
10,40,350,0,100.000,1966.852,1493.013,1968.202,1492.704,1.385,1.400,4,0,0,0,0,0,0,10.218,9.678,0.621,0.000
10,40,360,0,100.000,1966.852,1493.013,1966.697,1493.117,0.187,1.000,1,0,0,0,0,0,0,10.341,11.575,0.570,0.000
10,40,370,0,100.000,1966.852,1493.013,1966.984,1493.045,0.136,1.000,1,0,0,0,0,0,0,9.904,9.755,0.677,0.000
10,40,380,0,100.000,1966.852,1493.013,1967.569,1492.880,0.729,1.100,2,0,0,0,0,0,0,10.538,12.525,0.635,0.000
10,40,390,0,100.000,1966.852,1493.013,1967.209,1492.976,0.359,1.000,1,0,0,0,0,0,0,9.278,12.421,0.723,0.000
10,50,-100,0,0.000,1966.852,1493.013,,,,0.000,0,0,0,0,0,0,10,12.009,11.735,0.514,
10,50,-90,0,0.000,1966.852,1493.013,,,,0.000,0,0,0,0,0,0,10,12.307,11.676,0.597,
10,50,-80,0,0.000,1966.852,1493.013,,,,0.000,0,0,0,0,0,0,10,9.202,11.271,0.522,
10,50,-70,0,0.000,1966.852,1493.013,,,,0.000,0,0,0,0,0,0,10,11.652,11.103,0.534,
10,50,-60,0,0.000,1966.852,1493.013,,,,0.000,0,0,0,0,0,0,10,11.648,9.192,0.635,
10,50,-50,0,0.000,1966.852,1493.013,,,,0.000,0,0,0,0,0,0,10,14.093,11.365,0.561,
10,50,-40,0,0.000,1966.852,1493.013,,,,0.000,0,0,0,0,0,0,10,12.752,14.356,0.529,
10,50,-30,0,0.000,1966.852,1493.013,,,,0.000,0,0,0,0,0,0,10,10.350,10.801,0.551,
10,50,-20,0,0.000,1966.852,1493.013,,,,0.000,0,0,0,0,0,0,10,11.429,12.080,0.579,
10,50,-10,0,0.000,1966.852,1493.013,,,,0.000,0,0,0,0,0,0,10,8.256,11.306,0.588,
10,50,0,0,0.000,1966.852,1493.013,,,,0.400,2,0,0,0,3,0,7,12.043,7.488,0.614,
10,50,10,0,0.000,1966.852,1493.013,,,,0.900,3,0,0,0,4,0,6,12.091,11.437,0.547,
10,50,20,0,0.000,1966.852,1493.013,,,,1.600,4,0,0,0,7,0,3,12.544,11.737,0.429,
10,50,30,0,0.000,1966.852,1493.013,,,,2.600,4,0,0,0,10,0,0,13.582,11.995,0.587,
10,50,40,0,0.000,1966.852,1493.013,,,,3.200,4,0,0,0,10,0,0,6.910,9.571,0.435,
10,50,50,0,0.000,1966.852,1493.013,,,,3.200,4,0,0,0,10,0,0,12.936,12.409,0.574,
10,50,60,0,0.000,1966.852,1493.013,,,,2.900,4,0,0,0,10,0,0,12.217,9.908,0.561,
10,50,70,0,0.000,1966.852,1493.013,,,,3.000,4,0,0,0,10,0,0,13.156,9.977,0.637,
10,50,80,0,0.000,1966.852,1493.013,,,,3.200,4,0,0,0,10,0,0,9.809,15.267,0.575,
10,50,90,0,0.000,1966.852,1493.013,,,,3.100,4,0,0,0,10,0,0,12.983,7.411,0.544,
10,50,100,0,10.000,1966.852,1493.013,1973.196,1491.329,6.563,3.000,4,0,0,0,9,0,0,13.014,8.242,0.579,0.000
10,50,110,0,20.000,1966.852,1493.013,1968.625,1492.574,1.827,3.200,4,0,0,0,8,0,0,12.672,10.615,0.532,0.000
10,50,120,0,20.000,1966.852,1493.013,1973.245,1491.361,6.603,3.000,4,0,0,0,8,0,0,12.546,13.219,0.564,0.000
10,50,130,0,20.000,1966.852,1493.013,1972.845,1491.460,6.191,3.200,4,0,0,0,8,0,0,11.677,9.933,0.561,0.000
10,50,140,0,40.000,1966.852,1493.013,1973.338,1491.337,6.699,3.500,5,0,1,0,5,0,0,9.625,13.273,0.619,0.000
10,50,150,0,10.000,1966.852,1493.013,1969.856,1492.243,3.101,3.200,4,0,0,0,9,0,0,11.805,11.394,0.437,0.000
10,50,160,0,20.000,1966.852,1493.013,1972.007,1491.697,5.320,3.200,5,0,1,0,7,0,0,6.574,7.133,0.415,0.000
10,50,170,0,40.000,1966.852,1493.013,1970.868,1491.982,4.146,2.800,5,0,1,0,5,0,0,12.679,10.564,0.349,0.000
10,50,180,0,30.000,1966.852,1493.013,1968.976,1492.510,2.182,2.900,5,0,1,0,6,0,0,11.874,11.656,0.562,0.000
10,50,190,0,30.000,1966.852,1493.013,1969.575,1492.339,2.805,2.800,5,0,1,0,6,0,0,9.717,12.192,0.512,0.000
10,50,200,0,20.000,1966.852,1493.013,1970.839,1492.014,4.110,3.400,5,0,1,0,7,0,0,8.892,10.216,0.585,0.000
10,50,210,0,40.000,1966.852,1493.013,1971.335,1491.872,4.626,2.700,5,0,1,0,5,0,0,11.665,9.243,0.597,0.000
10,50,220,0,80.000,1966.852,1493.013,1969.653,1492.334,2.882,1.800,3,0,0,0,2,0,0,10.591,9.784,0.442,0.000
10,50,230,0,60.000,1966.852,1493.013,1969.129,1492.461,2.343,2.400,5,0,1,0,3,0,0,10.592,12.243,0.662,0.000
10,50,240,0,30.000,1966.852,1493.013,1969.608,1492.350,2.834,3.200,5,0,1,0,6,0,0,8.528,8.892,0.615,0.000
10,50,250,0,80.000,1966.852,1493.013,1969.917,1492.251,3.158,1.800,4,0,0,0,2,0,0,10.168,10.309,0.449,0.000
10,50,260,0,70.000,1966.852,1493.013,1967.157,1492.982,0.307,1.600,3,0,0,0,3,0,0,12.735,10.631,0.521,0.000
10,50,270,0,100.000,1966.852,1493.013,1968.975,1492.530,2.177,1.500,3,0,0,0,0,0,0,9.692,10.666,0.600,0.000
10,50,280,0,80.000,1966.852,1493.013,1970.341,1492.142,3.595,1.900,3,0,0,0,2,0,0,10.694,10.453,0.621,0.000
10,50,290,0,80.000,1966.852,1493.013,1970.877,1491.990,4.153,1.900,4,0,0,0,2,0,0,10.007,11.847,0.637,0.000
10,50,300,0,80.000,1966.852,1493.013,1969.629,1492.319,2.862,2.000,4,0,0,0,2,0,0,11.501,13.242,0.591,0.000
10,50,310,0,100.000,1966.852,1493.013,1967.563,1492.886,0.722,1.100,2,0,0,0,0,0,0,6.232,12.741,0.528,0.000
10,50,320,0,100.000,1966.852,1493.013,1969.630,1492.334,2.859,1.500,2,0,0,0,0,0,0,10.505,11.467,0.518,0.000
10,50,330,0,90.000,1966.852,1493.013,1968.423,1492.643,1.613,1.500,3,0,0,0,1,0,0,13.406,7.695,0.571,0.000
10,50,340,0,100.000,1966.852,1493.013,1969.057,1492.504,2.263,1.500,2,0,0,0,0,0,0,12.193,11.935,0.420,0.000
10,50,350,0,100.000,1966.852,1493.013,1967.660,1492.875,0.819,1.300,2,0,0,0,0,0,0,9.006,11.420,0.450,0.000
10,50,360,0,90.000,1966.852,1493.013,1967.982,1492.782,1.153,1.500,3,0,0,0,1,0,0,13.397,9.907,0.652,0.000
10,50,370,0,100.000,1966.852,1493.013,1967.511,1492.894,0.670,1.200,2,0,0,0,0,0,0,8.383,11.339,0.418,0.000
10,50,380,0,100.000,1966.852,1493.013,1967.152,1493.003,0.299,1.200,2,0,0,0,0,0,0,8.650,7.215,0.674,0.000
10,50,390,0,100.000,1966.852,1493.013,1967.977,1492.784,1.148,1.200,2,0,0,0,0,0,0,13.740,9.087,0.361,0.000
10,60,-100,0,0.000,1966.852,1493.013,,,,0.000,0,0,0,0,0,0,10,12.762,11.231,0.564,
10,60,-90,0,0.000,1966.852,1493.013,,,,0.000,0,0,0,0,0,0,10,14.298,12.736,0.649,
10,60,-80,0,0.000,1966.852,1493.013,,,,0.000,0,0,0,0,0,0,10,9.195,11.436,0.526,
10,60,-70,0,0.000,1966.852,1493.013,,,,0.000,0,0,0,0,0,0,10,11.585,7.127,0.580,
10,60,-60,0,0.000,1966.852,1493.013,,,,0.000,0,0,0,0,0,0,10,8.245,11.966,0.476,
10,60,-50,0,0.000,1966.852,1493.013,,,,0.000,0,0,0,0,0,0,10,11.258,8.872,0.585,
10,60,-40,0,0.000,1966.852,1493.013,,,,0.000,0,0,0,0,0,0,10,10.845,8.898,0.520,
10,60,-30,0,0.000,1966.852,1493.013,,,,0.000,0,0,0,0,0,0,10,10.746,13.938,0.487,
10,60,-20,0,0.000,1966.852,1493.013,,,,0.000,0,0,0,0,0,0,10,10.867,10.632,0.541,
10,60,-10,0,0.000,1966.852,1493.013,,,,0.000,0,0,0,0,0,0,10,8.316,10.143,0.543,
10,60,0,0,0.000,1966.852,1493.013,,,,0.400,2,0,0,0,2,0,8,9.159,11.725,0.464,
10,60,10,0,0.000,1966.852,1493.013,,,,1.400,4,0,0,0,6,0,4,10.863,11.208,0.438,
10,60,20,0,0.000,1966.852,1493.013,,,,1.900,5,0,2,0,5,0,3,7.633,11.510,0.618,
10,60,30,0,0.000,1966.852,1493.013,,,,2.700,4,0,0,0,10,0,0,10.721,8.701,0.494,
10,60,40,0,0.000,1966.852,1493.013,,,,2.900,3,0,0,0,10,0,0,12.747,10.205,0.420,
10,60,50,0,0.000,1966.852,1493.013,,,,3.000,5,0,1,0,9,0,0,10.735,11.759,0.419,
10,60,60,0,0.000,1966.852,1493.013,,,,2.900,4,0,0,0,10,0,0,12.257,12.137,0.575,
10,60,70,0,0.000,1966.852,1493.013,,,,3.600,5,0,3,0,7,0,0,10.277,8.794,0.347,
10,60,80,0,0.000,1966.852,1493.013,,,,3.400,5,0,3,0,7,0,0,9.888,10.446,0.455,
10,60,90,0,0.000,1966.852,1493.013,,,,3.000,4,0,0,0,10,0,0,8.197,13.006,0.483,
10,60,100,0,0.000,1966.852,1493.013,,,,3.200,4,0,0,0,10,0,0,10.635,14.860,0.422,
10,60,110,0,0.000,1966.852,1493.013,,,,3.500,4,0,0,0,10,0,0,6.585,11.834,0.488,
10,60,120,0,0.000,1966.852,1493.013,,,,2.900,3,0,0,0,10,0,0,11.168,12.828,0.537,
10,60,130,0,10.000,1966.852,1493.013,1968.641,1492.615,1.833,3.100,5,0,1,0,8,0,0,10.233,10.279,0.545,0.000
10,60,140,0,10.000,1966.852,1493.013,1973.529,1491.284,6.897,3.400,5,0,1,0,8,0,0,10.472,12.752,0.479,0.000
10,60,150,0,10.000,1966.852,1493.013,1973.126,1491.356,6.489,3.200,4,0,0,0,9,0,0,11.323,13.990,0.563,0.000
10,60,160,0,10.000,1966.852,1493.013,1970.487,1492.108,3.746,3.200,4,0,0,0,9,0,0,10.711,14.312,0.502,0.000
10,60,170,0,20.000,1966.852,1493.013,1968.869,1492.535,2.073,3.000,4,0,0,0,8,0,0,10.163,11.584,0.687,0.000
10,60,180,0,50.000,1966.852,1493.013,1969.437,1492.367,2.664,2.400,4,0,0,0,5,0,0,9.970,12.530,0.652,0.000
10,60,190,0,0.000,1966.852,1493.013,,,,3.400,5,0,1,0,9,0,0,9.980,11.298,0.489,
10,60,200,0,0.000,1966.852,1493.013,,,,3.200,4,0,0,0,10,0,0,7.689,12.744,0.404,
10,60,210,0,10.000,1966.852,1493.013,1972.563,1491.542,5.897,3.000,4,0,0,0,9,0,0,10.735,12.703,0.626,0.000
10,60,220,0,40.000,1966.852,1493.013,1970.964,1491.971,4.241,3.100,5,0,2,0,4,0,0,12.682,12.569,0.449,0.000
10,60,230,0,30.000,1966.852,1493.013,1972.178,1491.633,5.502,3.100,5,0,2,0,5,0,0,8.221,13.446,0.391,0.000
10,60,240,0,50.000,1966.852,1493.013,1971.086,1491.916,4.374,2.700,5,0,1,0,4,0,0,12.733,10.124,0.582,0.000
10,60,250,0,50.000,1966.852,1493.013,1969.136,1492.456,2.351,2.400,4,0,0,0,5,0,0,11.428,6.510,0.627,0.000
10,60,260,0,50.000,1966.852,1493.013,1969.694,1492.313,2.927,2.200,4,0,0,0,5,0,0,12.649,8.344,0.389,0.000
10,60,270,0,30.000,1966.852,1493.013,1968.135,1492.752,1.309,2.900,5,0,1,0,6,0,0,10.676,10.611,0.566,0.000
10,60,280,0,80.000,1966.852,1493.013,1970.315,1492.147,3.570,1.900,4,0,0,0,2,0,0,9.015,8.695,0.537,0.000
10,60,290,0,60.000,1966.852,1493.013,1969.240,1492.439,2.456,2.100,4,0,0,0,4,0,0,12.978,12.476,0.527,0.000
10,60,300,0,50.000,1966.852,1493.013,1972.849,1491.451,6.197,2.700,4,0,0,0,5,0,0,7.813,9.684,0.553,0.000
10,60,310,0,50.000,1966.852,1493.013,1967.727,1492.844,0.891,2.100,4,0,0,0,5,0,0,10.076,12.204,0.587,0.000
10,60,320,0,70.000,1966.852,1493.013,1968.547,1492.623,1.739,2.000,4,0,0,0,3,0,0,12.480,11.336,0.451,0.000
10,60,330,0,90.000,1966.852,1493.013,1968.731,1492.592,1.926,1.600,4,0,0,0,1,0,0,10.386,12.273,0.658,0.000
10,60,340,0,80.000,1966.852,1493.013,1968.062,1492.741,1.240,2.000,5,0,1,0,1,0,0,9.852,9.884,0.425,0.000
10,60,350,0,90.000,1966.852,1493.013,1968.716,1492.579,1.914,1.600,3,0,0,0,1,0,0,11.528,12.718,0.518,0.000
10,60,360,0,70.000,1966.852,1493.013,1968.126,1492.724,1.306,2.000,5,0,1,0,2,0,0,12.217,10.321,0.618,0.000
10,60,370,0,90.000,1966.852,1493.013,1968.043,1492.760,1.218,1.700,4,0,0,0,1,0,0,6.994,9.240,0.517,0.000
10,60,380,0,90.000,1966.852,1493.013,1968.519,1492.624,1.711,1.900,5,0,1,0,0,0,0,12.704,10.771,0.745,0.000
10,60,390,0,100.000,1966.852,1493.013,1968.578,1492.614,1.771,1.500,2,0,0,0,0,0,0,10.430,10.727,0.609,0.000
10,70,-100,0,0.000,1966.852,1493.013,,,,0.000,0,0,0,0,0,0,10,10.747,9.711,0.622,
10,70,-90,0,0.000,1966.852,1493.013,,,,0.000,0,0,0,0,0,0,10,12.554,11.155,0.541,
10,70,-80,0,0.000,1966.852,1493.013,,,,0.000,0,0,0,0,0,0,10,9.831,11.066,0.596,
10,70,-70,0,0.000,1966.852,1493.013,,,,0.000,0,0,0,0,0,0,10,9.751,10.846,0.473,
10,70,-60,0,0.000,1966.852,1493.013,,,,0.000,0,0,0,0,0,0,10,11.034,10.203,0.486,
10,70,-50,0,0.000,1966.852,1493.013,,,,0.000,0,0,0,0,0,0,10,12.962,10.683,0.502,
10,70,-40,0,0.000,1966.852,1493.013,,,,0.000,0,0,0,0,0,0,10,9.628,10.992,0.603,
10,70,-30,0,0.000,1966.852,1493.013,,,,0.000,0,0,0,0,0,0,10,11.105,11.639,0.502,
10,70,-20,0,0.000,1966.852,1493.013,,,,0.000,0,0,0,0,0,0,10,10.355,14.977,0.433,
10,70,-10,0,0.000,1966.852,1493.013,,,,0.000,0,0,0,0,0,0,10,11.278,7.580,0.666,
10,70,0,0,0.000,1966.852,1493.013,,,,0.300,2,0,0,0,2,0,8,12.987,9.861,0.647,
10,70,10,0,0.000,1966.852,1493.013,,,,1.100,5,0,1,0,4,0,5,10.507,10.901,0.560,
10,70,20,0,0.000,1966.852,1493.013,,,,1.500,4,0,0,0,6,0,4,10.051,12.762,0.560,
10,70,30,0,0.000,1966.852,1493.013,,,,2.200,4,0,0,0,9,0,1,9.916,10.038,0.428,
10,70,40,0,0.000,1966.852,1493.013,,,,2.800,4,0,0,0,10,0,0,12.221,10.351,0.559,
10,70,50,0,0.000,1966.852,1493.013,,,,2.800,4,0,0,0,10,0,0,13.491,11.467,0.654,
10,70,60,0,0.000,1966.852,1493.013,,,,3.200,4,0,0,0,10,0,0,8.700,8.824,0.373,
10,70,70,0,0.000,1966.852,1493.013,,,,3.000,5,0,1,0,9,0,0,11.924,10.497,0.578,
10,70,80,0,0.000,1966.852,1493.013,,,,3.100,4,0,0,0,10,0,0,12.106,9.181,0.438,
10,70,90,0,0.000,1966.852,1493.013,,,,3.100,5,0,1,0,9,0,0,8.103,10.638,0.449,
10,70,100,0,0.000,1966.852,1493.013,,,,3.400,4,0,0,0,10,0,0,10.883,10.716,0.559,
10,70,110,0,0.000,1966.852,1493.013,,,,3.600,5,0,2,0,8,0,0,12.498,10.518,0.478,
10,70,120,0,0.000,1966.852,1493.013,,,,3.200,4,0,0,0,10,0,0,9.141,11.138,0.550,
10,70,130,0,0.000,1966.852,1493.013,,,,3.700,5,0,2,0,8,0,0,10.465,12.411,0.232,
10,70,140,0,0.000,1966.852,1493.013,,,,4.000,5,0,3,0,7,0,0,10.340,11.460,0.514,
10,70,150,0,10.000,1966.852,1493.013,1969.452,1492.309,2.694,3.100,4,0,0,0,9,0,0,12.419,9.454,0.611,0.000
10,70,160,0,0.000,1966.852,1493.013,,,,3.500,4,0,0,0,10,0,0,10.450,11.535,0.657,
10,70,170,0,0.000,1966.852,1493.013,,,,3.500,5,0,1,0,9,0,0,10.147,10.888,0.588,
10,70,180,0,10.000,1966.852,1493.013,1970.880,1491.998,4.154,3.300,5,0,2,0,7,0,0,11.370,9.118,0.592,0.000
10,70,190,0,0.000,1966.852,1493.013,,,,3.300,5,0,1,0,9,0,0,10.780,8.924,0.488,
10,70,200,0,0.000,1966.852,1493.013,,,,3.600,4,0,0,0,10,0,0,7.003,10.079,0.679,
10,70,210,0,30.000,1966.852,1493.013,1966.543,1493.124,0.329,2.700,5,0,1,0,6,0,0,10.457,12.172,0.538,0.000
10,70,220,0,10.000,1966.852,1493.013,1970.399,1492.132,3.655,3.200,5,0,1,0,8,0,0,11.488,12.347,0.612,0.000
10,70,230,0,0.000,1966.852,1493.013,,,,3.400,5,0,1,0,9,0,0,10.579,12.646,0.544,
10,70,240,0,10.000,1966.852,1493.013,1973.065,1491.396,6.420,3.400,5,0,1,0,8,0,0,10.063,8.289,0.458,0.000
10,70,250,0,40.000,1966.852,1493.013,1971.512,1491.791,4.817,2.900,4,0,0,0,6,0,0,14.455,10.875,0.397,0.000
10,70,260,0,20.000,1966.852,1493.013,1971.207,1491.877,4.500,3.100,4,0,0,0,8,0,0,12.180,9.172,0.485,0.000
10,70,270,0,30.000,1966.852,1493.013,1971.414,1491.837,4.711,2.900,5,0,1,0,6,0,0,9.751,13.858,0.572,0.000
10,70,280,0,30.000,1966.852,1493.013,1972.101,1491.671,5.418,3.300,5,0,1,0,6,0,0,12.085,9.971,0.652,0.000
10,70,290,0,40.000,1966.852,1493.013,1970.565,1492.067,3.832,3.000,5,0,1,0,5,0,0,9.252,12.744,0.466,0.000
10,70,300,0,20.000,1966.852,1493.013,1971.770,1491.762,5.075,3.400,5,0,1,0,7,0,0,10.328,9.776,0.464,0.000
10,70,310,0,20.000,1966.852,1493.013,1971.586,1491.805,4.885,3.100,5,0,2,0,6,0,0,10.449,9.625,0.672,0.000
10,70,320,0,50.000,1966.852,1493.013,1969.327,1492.429,2.543,2.500,4,0,0,0,5,0,0,10.115,10.333,0.610,0.000
10,70,330,0,50.000,1966.852,1493.013,1971.753,1491.756,5.059,2.400,4,0,0,0,5,0,0,9.066,11.448,0.474,0.000
10,70,340,0,40.000,1966.852,1493.013,1970.760,1491.981,4.042,2.600,4,0,0,0,6,0,0,11.181,7.141,0.434,0.000
10,70,350,0,70.000,1966.852,1493.013,1969.328,1492.422,2.545,2.100,4,0,0,0,3,0,0,12.679,8.855,0.536,0.000
10,70,360,0,80.000,1966.852,1493.013,1969.658,1492.322,2.889,2.200,4,0,0,0,2,0,0,8.063,11.131,0.519,0.000
10,70,370,0,40.000,1966.852,1493.013,1968.474,1492.668,1.658,2.600,4,0,0,0,6,0,0,10.980,12.766,0.597,0.000
10,70,380,0,90.000,1966.852,1493.013,1969.921,1492.243,3.164,2.100,4,0,0,0,1,0,0,7.507,11.813,0.613,0.000
10,70,390,0,80.000,1966.852,1493.013,1967.918,1492.788,1.089,2.000,4,0,0,0,2,0,0,8.420,10.477,0.572,0.000
10,80,-100,0,0.000,1966.852,1493.013,,,,0.000,0,0,0,0,0,0,10,10.225,11.050,0.593,
10,80,-90,0,0.000,1966.852,1493.013,,,,0.000,0,0,0,0,0,0,10,9.342,10.202,0.423,
10,80,-80,0,0.000,1966.852,1493.013,,,,0.000,0,0,0,0,0,0,10,9.322,12.610,0.415,
10,80,-70,0,0.000,1966.852,1493.013,,,,0.000,0,0,0,0,0,0,10,9.231,9.393,0.583,
10,80,-60,0,0.000,1966.852,1493.013,,,,0.000,0,0,0,0,0,0,10,13.215,10.955,0.489,
10,80,-50,0,0.000,1966.852,1493.013,,,,0.000,0,0,0,0,0,0,10,6.458,7.126,0.667,
10,80,-40,0,0.000,1966.852,1493.013,,,,0.000,0,0,0,0,0,0,10,7.156,9.614,0.481,
10,80,-30,0,0.000,1966.852,1493.013,,,,0.000,0,0,0,0,0,0,10,12.654,12.507,0.679,
10,80,-20,0,0.000,1966.852,1493.013,,,,0.000,0,0,0,0,0,0,10,11.566,12.367,0.580,
10,80,-10,0,0.000,1966.852,1493.013,,,,0.000,0,0,0,0,0,0,10,12.205,9.685,0.560,
10,80,0,0,0.000,1966.852,1493.013,,,,0.100,1,0,0,0,1,0,9,12.792,8.441,0.372,
10,80,10,0,0.000,1966.852,1493.013,,,,0.600,3,0,0,0,2,0,8,12.514,12.340,0.366,
10,80,20,0,0.000,1966.852,1493.013,,,,1.600,3,0,0,0,7,0,3,10.279,10.653,0.594,
10,80,30,0,0.000,1966.852,1493.013,,,,1.800,4,0,0,0,8,0,2,8.894,13.033,0.675,
10,80,40,0,0.000,1966.852,1493.013,,,,3.300,5,0,1,0,9,0,0,13.131,10.441,0.508,
10,80,50,0,0.000,1966.852,1493.013,,,,2.800,5,0,2,0,8,0,0,12.304,12.524,0.548,
10,80,60,0,0.000,1966.852,1493.013,,,,3.500,5,0,1,0,9,0,0,9.938,12.790,0.440,
10,80,70,0,0.000,1966.852,1493.013,,,,3.700,5,0,3,0,7,0,0,9.174,7.736,0.468,
10,80,80,0,0.000,1966.852,1493.013,,,,2.900,4,0,0,0,10,0,0,10.695,11.660,0.547,
10,80,90,0,0.000,1966.852,1493.013,,,,3.200,5,0,2,0,8,0,0,10.750,10.520,0.486,
10,80,100,0,0.000,1966.852,1493.013,,,,3.500,5,0,1,0,9,0,0,10.736,7.423,0.397,
10,80,110,0,0.000,1966.852,1493.013,,,,3.400,4,0,0,0,10,0,0,10.335,9.521,0.673,
10,80,120,0,0.000,1966.852,1493.013,,,,3.600,5,0,1,0,9,0,0,11.198,9.979,0.602,
10,80,130,0,0.000,1966.852,1493.013,,,,3.200,4,0,0,0,10,0,0,10.716,11.222,0.672,
10,80,140,0,0.000,1966.852,1493.013,,,,3.400,5,0,1,0,9,0,0,11.575,9.639,0.489,
10,80,150,0,0.000,1966.852,1493.013,,,,3.600,5,0,1,0,9,0,0,8.292,10.380,0.567,
10,80,160,0,0.000,1966.852,1493.013,,,,3.400,5,0,1,0,9,0,0,10.259,9.832,0.599,
10,80,170,0,0.000,1966.852,1493.013,,,,3.700,5,0,3,0,7,0,0,11.861,10.373,0.591,
10,80,180,0,0.000,1966.852,1493.013,,,,3.600,4,0,0,0,10,0,0,10.783,10.880,0.693,
10,80,190,0,10.000,1966.852,1493.013,1969.982,1492.247,3.222,3.800,5,0,2,0,7,0,0,10.044,9.392,0.387,0.000
10,80,200,0,10.000,1966.852,1493.013,1971.085,1491.942,4.366,3.400,5,0,1,0,8,0,0,11.296,10.967,0.619,0.000
10,80,210,0,10.000,1966.852,1493.013,1968.106,1492.675,1.298,3.500,5,0,1,0,8,0,0,12.513,9.953,0.699,0.000
10,80,220,0,0.000,1966.852,1493.013,,,,3.700,5,0,3,0,7,0,0,9.711,14.030,0.559,
10,80,230,0,0.000,1966.852,1493.013,,,,3.300,4,0,0,0,10,0,0,12.462,12.066,0.346,
10,80,240,0,0.000,1966.852,1493.013,,,,3.600,4,0,0,0,10,0,0,12.376,12.306,0.422,
10,80,250,0,0.000,1966.852,1493.013,,,,3.500,4,0,0,0,10,0,0,6.751,10.803,0.605,
10,80,260,0,10.000,1966.852,1493.013,1974.769,1490.957,8.180,3.100,4,0,0,0,9,0,0,11.104,11.142,0.483,0.000
10,80,270,0,0.000,1966.852,1493.013,,,,4.100,5,0,3,0,7,0,0,11.548,11.218,0.421,
10,80,280,0,10.000,1966.852,1493.013,1969.883,1492.274,3.120,3.900,5,0,3,0,6,0,0,11.142,9.404,0.601,0.000
10,80,290,0,0.000,1966.852,1493.013,,,,3.500,5,0,1,0,9,0,0,7.539,13.433,0.707,
10,80,300,0,10.000,1966.852,1493.013,1969.860,1492.280,3.096,3.300,5,0,1,0,8,0,0,11.483,11.309,0.639,0.000
10,80,310,0,20.000,1966.852,1493.013,1970.197,1492.150,3.454,3.300,5,0,1,0,7,0,0,12.500,12.577,0.524,0.000
10,80,320,0,40.000,1966.852,1493.013,1969.080,1492.498,2.287,3.000,5,0,2,0,4,0,0,11.382,13.854,0.492,0.000
10,80,330,0,20.000,1966.852,1493.013,1967.781,1492.786,0.957,3.500,5,0,1,0,7,0,0,10.779,11.646,0.488,0.000
10,80,340,0,30.000,1966.852,1493.013,1970.541,1492.095,3.801,3.200,5,0,2,0,5,0,0,12.642,12.499,0.547,0.000
10,80,350,0,50.000,1966.852,1493.013,1971.200,1491.913,4.484,3.000,5,0,2,0,3,0,0,14.006,11.473,0.626,0.000
10,80,360,0,50.000,1966.852,1493.013,1971.888,1491.729,5.197,2.900,4,0,0,0,5,0,0,10.878,10.037,0.456,0.000
10,80,370,0,50.000,1966.852,1493.013,1972.037,1491.672,5.355,2.700,4,0,0,0,5,0,0,11.277,14.019,0.564,0.000
10,80,380,0,20.000,1966.852,1493.013,1972.449,1491.578,5.777,3.400,5,0,2,0,6,0,0,9.013,12.553,0.598,0.000
10,80,390,0,40.000,1966.852,1493.013,1968.726,1492.593,1.920,3.200,5,0,1,0,5,0,0,10.566,11.689,0.462,0.000
10,90,-100,0,0.000,1966.852,1493.013,,,,0.000,0,0,0,0,0,0,10,8.772,6.207,0.588,
10,90,-90,0,0.000,1966.852,1493.013,,,,0.000,0,0,0,0,0,0,10,11.628,9.102,0.534,
10,90,-80,0,0.000,1966.852,1493.013,,,,0.000,0,0,0,0,0,0,10,13.579,10.663,0.610,
10,90,-70,0,0.000,1966.852,1493.013,,,,0.000,0,0,0,0,0,0,10,10.725,13.666,0.534,
10,90,-60,0,0.000,1966.852,1493.013,,,,0.000,0,0,0,0,0,0,10,9.861,10.227,0.516,
10,90,-50,0,0.000,1966.852,1493.013,,,,0.000,0,0,0,0,0,0,10,11.773,12.204,0.544,
10,90,-40,0,0.000,1966.852,1493.013,,,,0.000,0,0,0,0,0,0,10,10.166,9.573,0.595,
10,90,-30,0,0.000,1966.852,1493.013,,,,0.000,0,0,0,0,0,0,10,7.934,9.677,0.400,
10,90,-20,0,0.000,1966.852,1493.013,,,,0.000,0,0,0,0,0,0,10,11.954,10.183,0.522,
10,90,-10,0,0.000,1966.852,1493.013,,,,0.000,0,0,0,0,0,0,10,6.919,9.871,0.601,
10,90,0,0,0.000,1966.852,1493.013,,,,0.000,0,0,0,0,0,0,10,10.429,10.934,0.395,
10,90,10,0,0.000,1966.852,1493.013,,,,0.900,3,0,0,0,4,0,6,7.973,14.297,0.529,
10,90,20,0,0.000,1966.852,1493.013,,,,2.000,4,0,0,0,8,0,2,11.055,7.863,0.433,
10,90,30,0,0.000,1966.852,1493.013,,,,2.200,3,0,0,0,9,0,1,10.869,11.213,0.411,
10,90,40,0,0.000,1966.852,1493.013,,,,2.500,4,0,0,0,10,0,0,11.373,9.504,0.522,
10,90,50,0,0.000,1966.852,1493.013,,,,2.800,5,0,1,0,9,0,0,11.378,13.095,0.607,
10,90,60,0,0.000,1966.852,1493.013,,,,3.200,5,0,1,0,9,0,0,12.258,9.872,0.552,
10,90,70,0,0.000,1966.852,1493.013,,,,2.600,4,0,0,0,10,0,0,10.940,12.438,0.534,
10,90,80,0,0.000,1966.852,1493.013,,,,3.300,5,0,1,0,9,0,0,8.548,12.483,0.504,
10,90,90,0,0.000,1966.852,1493.013,,,,3.200,4,0,0,0,10,0,0,9.715,11.413,0.584,
10,90,100,0,0.000,1966.852,1493.013,,,,3.400,4,0,0,0,10,0,0,10.767,7.251,0.484,
10,90,110,0,0.000,1966.852,1493.013,,,,3.100,4,0,0,0,10,0,0,8.665,9.013,0.609,
10,90,120,0,0.000,1966.852,1493.013,,,,3.600,5,0,1,0,9,0,0,12.200,8.930,0.499,
10,90,130,0,0.000,1966.852,1493.013,,,,3.500,5,0,1,0,9,0,0,12.153,13.584,0.550,
10,90,140,0,0.000,1966.852,1493.013,,,,3.600,5,0,1,0,9,0,0,8.923,11.681,0.552,
10,90,150,0,0.000,1966.852,1493.013,,,,3.400,4,0,0,0,10,0,0,8.645,10.807,0.557,
10,90,160,0,0.000,1966.852,1493.013,,,,3.400,4,0,0,0,10,0,0,11.652,10.855,0.536,
10,90,170,0,0.000,1966.852,1493.013,,,,3.300,4,0,0,0,10,0,0,8.830,9.588,0.513,
10,90,180,0,0.000,1966.852,1493.013,,,,3.800,5,0,1,0,9,0,0,11.809,9.970,0.460,
10,90,190,0,0.000,1966.852,1493.013,,,,3.500,5,0,1,0,9,0,0,7.658,11.100,0.610,
10,90,200,0,0.000,1966.852,1493.013,,,,3.500,5,0,2,0,8,0,0,11.395,9.652,0.528,
10,90,210,0,0.000,1966.852,1493.013,,,,3.900,5,0,3,0,7,0,0,8.921,12.429,0.600,
10,90,220,0,10.000,1966.852,1493.013,1972.889,1491.458,6.233,3.800,5,0,3,0,6,0,0,13.229,8.118,0.604,0.000
10,90,230,0,10.000,1966.852,1493.013,1968.286,1492.632,1.484,3.300,4,0,0,0,9,0,0,13.209,7.972,0.563,0.000
10,90,240,0,0.000,1966.852,1493.013,,,,3.500,4,0,0,0,10,0,0,14.309,12.504,0.614,
10,90,250,0,0.000,1966.852,1493.013,,,,3.700,5,0,2,0,8,0,0,10.922,10.894,0.629,
10,90,260,0,10.000,1966.852,1493.013,1972.020,1491.688,5.335,3.400,4,0,0,0,9,0,0,11.385,11.012,0.463,0.000
10,90,270,0,0.000,1966.852,1493.013,,,,3.300,5,0,1,0,9,0,0,10.911,11.347,0.577,
10,90,280,0,0.000,1966.852,1493.013,,,,3.500,4,0,0,0,10,0,0,9.370,14.884,0.510,
10,90,290,0,0.000,1966.852,1493.013,,,,3.700,5,0,1,0,9,0,0,9.994,12.138,0.514,
10,90,300,0,0.000,1966.852,1493.013,,,,3.500,5,0,1,0,9,0,0,11.315,9.990,0.593,
10,90,310,0,10.000,1966.852,1493.013,1974.195,1491.077,7.594,3.800,5,0,2,0,7,0,0,11.473,11.377,0.533,0.000
10,90,320,0,10.000,1966.852,1493.013,1969.099,1492.489,2.307,3.200,4,0,0,0,9,0,0,9.371,10.711,0.544,0.000
10,90,330,0,30.000,1966.852,1493.013,1971.935,1491.687,5.253,3.100,5,0,1,0,6,0,0,11.315,11.948,0.523,0.000
10,90,340,0,10.000,1966.852,1493.013,1966.558,1493.200,0.349,3.500,5,0,1,0,8,0,0,11.257,12.163,0.530,0.000
10,90,350,0,20.000,1966.852,1493.013,1973.561,1491.277,6.929,3.300,5,0,2,0,6,0,0,12.355,11.704,0.471,0.000
10,90,360,0,20.000,1966.852,1493.013,1969.044,1492.470,2.258,3.300,4,0,0,0,8,0,0,11.038,9.644,0.533,0.000
10,90,370,0,20.000,1966.852,1493.013,1970.277,1492.169,3.527,3.500,5,0,3,0,5,0,0,10.321,11.253,0.678,0.000
10,90,380,0,20.000,1966.852,1493.013,1972.587,1491.540,5.921,3.500,4,0,0,0,8,0,0,7.183,8.583,0.435,0.000
10,90,390,0,40.000,1966.852,1493.013,1972.476,1491.556,5.809,2.900,4,0,0,0,6,0,0,10.221,13.402,0.534,0.000
10,100,-100,0,0.000,1966.852,1493.013,,,,0.000,0,0,0,0,0,0,10,9.946,11.417,0.507,
10,100,-90,0,0.000,1966.852,1493.013,,,,0.000,0,0,0,0,0,0,10,10.599,13.064,0.544,
10,100,-80,0,0.000,1966.852,1493.013,,,,0.000,0,0,0,0,0,0,10,11.132,10.619,0.640,
10,100,-70,0,0.000,1966.852,1493.013,,,,0.000,0,0,0,0,0,0,10,8.047,13.422,0.646,
10,100,-60,0,0.000,1966.852,1493.013,,,,0.000,0,0,0,0,0,0,10,10.745,9.938,0.414,
10,100,-50,0,0.000,1966.852,1493.013,,,,0.000,0,0,0,0,0,0,10,9.125,9.456,0.287,
10,100,-40,0,0.000,1966.852,1493.013,,,,0.000,0,0,0,0,0,0,10,9.593,10.394,0.694,
10,100,-30,0,0.000,1966.852,1493.013,,,,0.000,0,0,0,0,0,0,10,10.699,8.082,0.684,
10,100,-20,0,0.000,1966.852,1493.013,,,,0.000,0,0,0,0,0,0,10,13.712,7.776,0.712,
10,100,-10,0,0.000,1966.852,1493.013,,,,0.000,0,0,0,0,0,0,10,11.059,12.200,0.630,
10,100,0,0,0.000,1966.852,1493.013,,,,0.000,0,0,0,0,0,0,10,8.739,12.149,0.476,
10,100,10,0,0.000,1966.852,1493.013,,,,0.800,4,0,0,0,3,0,7,11.492,11.817,0.592,
10,100,20,0,0.000,1966.852,1493.013,,,,2.000,4,0,0,0,6,0,4,12.733,13.646,0.598,
10,100,30,0,0.000,1966.852,1493.013,,,,2.200,4,0,0,0,9,0,1,14.907,11.268,0.567,
10,100,40,0,0.000,1966.852,1493.013,,,,2.800,5,0,1,0,9,0,0,8.507,9.698,0.298,
10,100,50,0,0.000,1966.852,1493.013,,,,2.800,4,0,0,0,10,0,0,10.941,11.126,0.559,
10,100,60,0,0.000,1966.852,1493.013,,,,3.000,4,0,0,0,10,0,0,10.103,11.732,0.620,
10,100,70,0,0.000,1966.852,1493.013,,,,3.200,4,0,0,0,10,0,0,11.378,9.077,0.570,
10,100,80,0,0.000,1966.852,1493.013,,,,3.100,4,0,0,0,10,0,0,9.510,9.182,0.518,
10,100,90,0,0.000,1966.852,1493.013,,,,3.000,5,0,1,0,9,0,0,10.431,13.724,0.430,
10,100,100,0,0.000,1966.852,1493.013,,,,3.900,5,0,3,0,7,0,0,13.462,14.422,0.470,
10,100,110,0,0.000,1966.852,1493.013,,,,3.100,4,0,0,0,10,0,0,11.287,9.847,0.569,
10,100,120,0,0.000,1966.852,1493.013,,,,3.600,5,0,1,0,9,0,0,10.874,13.209,0.458,
10,100,130,0,0.000,1966.852,1493.013,,,,3.200,4,0,0,0,10,0,0,11.898,14.203,0.601,
10,100,140,0,0.000,1966.852,1493.013,,,,3.500,5,0,1,0,9,0,0,10.592,9.260,0.440,
10,100,150,0,0.000,1966.852,1493.013,,,,3.300,4,0,0,0,10,0,0,13.677,10.809,0.826,
10,100,160,0,0.000,1966.852,1493.013,,,,3.200,4,0,0,0,10,0,0,12.339,9.119,0.460,
10,100,170,0,0.000,1966.852,1493.013,,,,4.000,5,0,3,0,7,0,0,11.856,9.216,0.545,
10,100,180,0,0.000,1966.852,1493.013,,,,3.200,5,0,1,0,9,0,0,10.721,11.110,0.642,
10,100,190,0,0.000,1966.852,1493.013,,,,3.400,4,0,0,0,10,0,0,8.630,12.059,0.498,
10,100,200,0,0.000,1966.852,1493.013,,,,3.400,4,0,0,0,10,0,0,10.159,13.115,0.313,
10,100,210,0,0.000,1966.852,1493.013,,,,3.500,5,0,1,0,9,0,0,10.724,12.599,0.557,
10,100,220,0,0.000,1966.852,1493.013,,,,3.300,4,0,0,0,10,0,0,13.069,10.515,0.519,
10,100,230,0,0.000,1966.852,1493.013,,,,3.300,4,0,0,0,10,0,0,8.376,9.816,0.453,
10,100,240,0,0.000,1966.852,1493.013,,,,3.600,5,0,1,0,9,0,0,6.615,10.790,0.479,
10,100,250,0,0.000,1966.852,1493.013,,,,4.100,5,0,4,0,6,0,0,11.924,13.332,0.609,
10,100,260,0,10.000,1966.852,1493.013,1967.143,1493.032,0.291,3.400,5,0,1,0,8,0,0,9.931,9.983,0.648,0.000
10,100,270,0,0.000,1966.852,1493.013,,,,3.800,5,0,1,0,9,0,0,11.984,12.892,0.479,
10,100,280,0,0.000,1966.852,1493.013,,,,3.600,5,0,1,0,9,0,0,10.120,10.890,0.551,
10,100,290,0,0.000,1966.852,1493.013,,,,3.700,5,0,2,0,8,0,0,9.337,9.534,0.421,
10,100,300,0,0.000,1966.852,1493.013,,,,4.000,5,0,3,0,7,0,0,11.085,13.512,0.654,
10,100,310,0,0.000,1966.852,1493.013,,,,3.800,5,0,2,0,8,0,0,8.443,10.829,0.562,
10,100,320,0,10.000,1966.852,1493.013,1973.734,1491.231,7.108,3.600,4,0,0,0,9,0,0,4.873,13.504,0.450,0.000
10,100,330,0,0.000,1966.852,1493.013,,,,3.900,5,0,2,0,8,0,0,10.977,12.126,0.453,
10,100,340,0,20.000,1966.852,1493.013,1971.641,1491.785,4.944,3.300,5,0,1,0,7,0,0,11.746,13.489,0.494,0.000
10,100,350,0,0.000,1966.852,1493.013,,,,3.700,5,0,1,0,9,0,0,9.964,7.320,0.578,
10,100,360,0,0.000,1966.852,1493.013,,,,3.700,5,0,1,0,9,0,0,10.980,7.534,0.468,
10,100,370,0,0.000,1966.852,1493.013,,,,3.300,4,0,0,0,10,0,0,8.792,10.069,0.586,
10,100,380,0,10.000,1966.852,1493.013,1973.213,1491.332,6.579,3.600,4,0,0,0,9,0,0,12.474,10.263,0.572,0.000
10,100,390,0,10.000,1966.852,1493.013,1966.556,1493.200,0.350,3.400,4,0,0,0,9,0,0,7.730,9.241,0.490,0.000
10,110,-100,0,0.000,1966.852,1493.013,,,,0.000,0,0,0,0,0,0,10,11.652,8.658,0.632,
10,110,-90,0,0.000,1966.852,1493.013,,,,0.000,0,0,0,0,0,0,10,10.080,11.910,0.579,
10,110,-80,0,0.000,1966.852,1493.013,,,,0.000,0,0,0,0,0,0,10,12.748,8.264,0.618,
10,110,-70,0,0.000,1966.852,1493.013,,,,0.000,0,0,0,0,0,0,10,11.202,8.075,0.585,
10,110,-60,0,0.000,1966.852,1493.013,,,,0.000,0,0,0,0,0,0,10,10.003,10.378,0.594,
10,110,-50,0,0.000,1966.852,1493.013,,,,0.000,0,0,0,0,0,0,10,10.611,10.046,0.450,
10,110,-40,0,0.000,1966.852,1493.013,,,,0.000,0,0,0,0,0,0,10,12.039,12.668,0.501,
10,110,-30,0,0.000,1966.852,1493.013,,,,0.000,0,0,0,0,0,0,10,10.994,8.331,0.566,
10,110,-20,0,0.000,1966.852,1493.013,,,,0.000,0,0,0,0,0,0,10,11.297,11.201,0.672,
10,110,-10,0,0.000,1966.852,1493.013,,,,0.000,0,0,0,0,0,0,10,11.900,10.444,0.521,
10,110,0,0,0.000,1966.852,1493.013,,,,0.000,0,0,0,0,0,0,10,12.523,7.994,0.414,
10,110,10,0,0.000,1966.852,1493.013,,,,0.300,3,0,0,0,1,0,9,14.129,7.842,0.511,
10,110,20,0,0.000,1966.852,1493.013,,,,1.200,3,0,0,0,6,0,4,10.413,10.123,0.702,
10,110,30,0,0.000,1966.852,1493.013,,,,0.800,3,0,0,0,4,0,6,11.377,6.856,0.607,
10,110,40,0,0.000,1966.852,1493.013,,,,2.700,4,0,0,0,10,0,0,11.346,9.382,0.558,
10,110,50,0,0.000,1966.852,1493.013,,,,3.000,5,0,1,0,9,0,0,12.390,11.344,0.567,
10,110,60,0,0.000,1966.852,1493.013,,,,3.400,5,0,3,0,7,0,0,10.063,10.361,0.552,
10,110,70,0,0.000,1966.852,1493.013,,,,3.600,5,0,1,0,9,0,0,8.189,6.072,0.440,
10,110,80,0,0.000,1966.852,1493.013,,,,3.200,5,0,1,0,9,0,0,10.799,8.310,0.638,
10,110,90,0,0.000,1966.852,1493.013,,,,3.100,4,0,0,0,10,0,0,10.878,11.785,0.526,
10,110,100,0,0.000,1966.852,1493.013,,,,3.600,5,0,1,0,9,0,0,11.204,9.071,0.463,
10,110,110,0,0.000,1966.852,1493.013,,,,3.100,4,0,0,0,10,0,0,7.526,7.908,0.552,
10,110,120,0,0.000,1966.852,1493.013,,,,3.400,4,0,0,0,10,0,0,10.969,10.687,0.493,
10,110,130,0,0.000,1966.852,1493.013,,,,3.900,5,0,3,0,7,0,0,10.280,11.824,0.565,
10,110,140,0,0.000,1966.852,1493.013,,,,3.800,5,0,2,0,8,0,0,12.371,11.784,0.555,
10,110,150,0,0.000,1966.852,1493.013,,,,3.500,5,0,2,0,8,0,0,12.924,12.271,0.201,
10,110,160,0,0.000,1966.852,1493.013,,,,3.500,5,0,1,0,9,0,0,6.192,8.919,0.474,
10,110,170,0,0.000,1966.852,1493.013,,,,3.700,5,0,2,0,8,0,0,10.803,5.179,0.690,
10,110,180,0,0.000,1966.852,1493.013,,,,3.300,4,0,0,0,10,0,0,10.038,11.785,0.621,
10,110,190,0,0.000,1966.852,1493.013,,,,3.300,4,0,0,0,10,0,0,11.027,11.336,0.524,
10,110,200,0,0.000,1966.852,1493.013,,,,3.400,5,0,1,0,9,0,0,10.795,12.013,0.448,
10,110,210,0,0.000,1966.852,1493.013,,,,3.600,5,0,3,0,7,0,0,12.316,9.711,0.496,
10,110,220,0,0.000,1966.852,1493.013,,,,3.700,5,0,2,0,8,0,0,12.926,10.510,0.571,
10,110,230,0,0.000,1966.852,1493.013,,,,3.300,4,0,0,0,10,0,0,14.528,10.325,0.670,
10,110,240,0,0.000,1966.852,1493.013,,,,3.700,5,0,1,0,9,0,0,8.791,11.985,0.459,
10,110,250,0,0.000,1966.852,1493.013,,,,3.500,5,0,1,0,9,0,0,12.328,11.151,0.544,
10,110,260,0,0.000,1966.852,1493.013,,,,3.700,5,0,2,0,8,0,0,9.196,10.543,0.570,
10,110,270,0,0.000,1966.852,1493.013,,,,3.700,5,0,2,0,8,0,0,7.773,11.088,0.502,
10,110,280,0,0.000,1966.852,1493.013,,,,3.800,5,0,3,0,7,0,0,13.096,12.119,0.531,
10,110,290,0,0.000,1966.852,1493.013,,,,4.100,5,0,3,0,7,0,0,12.476,12.233,0.621,
10,110,300,0,0.000,1966.852,1493.013,,,,4.000,5,0,2,0,8,0,0,10.589,9.044,0.642,
10,110,310,0,0.000,1966.852,1493.013,,,,3.500,5,0,1,0,9,0,0,12.447,9.055,0.586,
10,110,320,0,0.000,1966.852,1493.013,,,,4.000,5,0,3,0,7,0,0,11.872,10.403,0.500,
10,110,330,0,0.000,1966.852,1493.013,,,,3.600,5,0,2,0,8,0,0,13.815,11.597,0.377,
10,110,340,0,10.000,1966.852,1493.013,1971.055,1491.911,4.345,3.600,5,0,2,0,7,0,0,12.323,10.459,0.494,0.000
10,110,350,0,0.000,1966.852,1493.013,,,,3.700,5,0,2,0,8,0,0,8.026,11.203,0.282,
10,110,360,0,0.000,1966.852,1493.013,,,,3.600,5,0,1,0,9,0,0,9.671,13.440,0.657,
10,110,370,0,0.000,1966.852,1493.013,,,,3.700,5,0,3,0,7,0,0,11.852,9.814,0.459,
10,110,380,0,0.000,1966.852,1493.013,,,,4.000,5,0,3,0,7,0,0,9.471,13.269,0.626,
10,110,390,0,0.000,1966.852,1493.013,,,,4.000,5,0,2,0,8,0,0,10.932,12.996,0.408,
10,120,-100,0,0.000,1966.852,1493.013,,,,0.000,0,0,0,0,0,0,10,14.665,11.798,0.547,
10,120,-90,0,0.000,1966.852,1493.013,,,,0.000,0,0,0,0,0,0,10,7.176,11.838,0.533,
10,120,-80,0,0.000,1966.852,1493.013,,,,0.000,0,0,0,0,0,0,10,9.624,11.342,0.556,
10,120,-70,0,0.000,1966.852,1493.013,,,,0.000,0,0,0,0,0,0,10,15.719,10.149,0.466,
10,120,-60,0,0.000,1966.852,1493.013,,,,0.000,0,0,0,0,0,0,10,12.307,9.882,0.674,
10,120,-50,0,0.000,1966.852,1493.013,,,,0.000,0,0,0,0,0,0,10,8.032,14.833,0.510,
10,120,-40,0,0.000,1966.852,1493.013,,,,0.000,0,0,0,0,0,0,10,12.380,8.707,0.570,
10,120,-30,0,0.000,1966.852,1493.013,,,,0.000,0,0,0,0,0,0,10,13.449,9.467,0.515,
10,120,-20,0,0.000,1966.852,1493.013,,,,0.000,0,0,0,0,0,0,10,10.376,12.155,0.668,
10,120,-10,0,0.000,1966.852,1493.013,,,,0.000,0,0,0,0,0,0,10,8.490,8.885,0.608,
10,120,0,0,0.000,1966.852,1493.013,,,,0.000,0,0,0,0,0,0,10,15.537,11.679,0.575,
10,120,10,0,0.000,1966.852,1493.013,,,,0.800,2,0,0,0,4,0,6,12.172,10.177,0.551,
10,120,20,0,0.000,1966.852,1493.013,,,,1.500,3,0,0,0,7,0,3,9.911,7.563,0.405,
10,120,30,0,0.000,1966.852,1493.013,,,,1.200,3,0,0,0,6,0,4,12.172,12.211,0.577,
10,120,40,0,0.000,1966.852,1493.013,,,,2.600,5,0,1,0,9,0,0,10.598,12.437,0.559,
10,120,50,0,0.000,1966.852,1493.013,,,,2.800,4,0,0,0,10,0,0,8.852,7.497,0.688,
10,120,60,0,0.000,1966.852,1493.013,,,,3.000,4,0,0,0,10,0,0,10.797,10.362,0.530,
10,120,70,0,0.000,1966.852,1493.013,,,,3.100,5,0,1,0,9,0,0,9.108,7.096,0.257,
10,120,80,0,0.000,1966.852,1493.013,,,,3.200,4,0,0,0,10,0,0,10.077,10.103,0.467,
10,120,90,0,0.000,1966.852,1493.013,,,,3.300,5,0,2,0,8,0,0,12.608,13.157,0.553,
10,120,100,0,0.000,1966.852,1493.013,,,,3.300,4,0,0,0,10,0,0,13.052,9.069,0.534,
10,120,110,0,0.000,1966.852,1493.013,,,,3.500,5,0,1,0,9,0,0,11.918,10.979,0.683,
10,120,120,0,0.000,1966.852,1493.013,,,,3.300,5,0,1,0,9,0,0,9.241,11.722,0.502,
10,120,130,0,0.000,1966.852,1493.013,,,,3.400,5,0,1,0,9,0,0,8.241,11.085,0.515,
10,120,140,0,0.000,1966.852,1493.013,,,,3.400,4,0,0,0,10,0,0,11.301,9.351,0.581,
10,120,150,0,0.000,1966.852,1493.013,,,,4.100,5,0,4,0,6,0,0,13.238,10.171,0.482,
10,120,160,0,0.000,1966.852,1493.013,,,,3.400,5,0,1,0,9,0,0,8.638,11.106,0.549,
10,120,170,0,0.000,1966.852,1493.013,,,,3.600,5,0,1,0,9,0,0,10.807,11.802,0.393,
10,120,180,0,0.000,1966.852,1493.013,,,,3.600,5,0,1,0,9,0,0,10.465,11.056,0.540,
10,120,190,0,0.000,1966.852,1493.013,,,,3.300,4,0,0,0,10,0,0,14.896,6.899,0.553,
10,120,200,0,0.000,1966.852,1493.013,,,,3.600,5,0,2,0,8,0,0,11.128,11.556,0.550,
10,120,210,0,0.000,1966.852,1493.013,,,,4.100,5,0,4,0,6,0,0,11.028,12.013,0.564,
10,120,220,0,0.000,1966.852,1493.013,,,,3.300,5,0,1,0,9,0,0,13.009,12.918,0.419,
10,120,230,0,0.000,1966.852,1493.013,,,,3.800,5,0,1,0,9,0,0,11.002,12.080,0.419,
10,120,240,0,0.000,1966.852,1493.013,,,,3.600,5,0,3,0,7,0,0,10.612,9.656,0.588,
10,120,250,0,0.000,1966.852,1493.013,,,,4.000,5,0,3,0,7,0,0,9.437,9.450,0.622,
10,120,260,0,0.000,1966.852,1493.013,,,,3.700,5,0,2,0,8,0,0,10.886,9.312,0.626,
10,120,270,0,0.000,1966.852,1493.013,,,,3.400,4,0,0,0,10,0,0,10.167,11.095,0.459,
10,120,280,0,0.000,1966.852,1493.013,,,,3.500,4,0,0,0,10,0,0,9.458,8.090,0.623,
10,120,290,0,0.000,1966.852,1493.013,,,,3.800,5,0,2,0,8,0,0,10.313,9.302,0.534,
10,120,300,0,0.000,1966.852,1493.013,,,,3.500,5,0,1,0,9,0,0,10.835,12.851,0.445,
10,120,310,0,0.000,1966.852,1493.013,,,,3.400,5,0,1,0,9,0,0,12.228,11.388,0.281,
10,120,320,0,10.000,1966.852,1493.013,1970.637,1491.996,3.919,3.900,5,0,2,0,7,0,0,11.509,8.962,0.576,0.000
10,120,330,0,0.000,1966.852,1493.013,,,,3.500,4,0,0,0,10,0,0,11.578,10.694,0.553,
10,120,340,0,0.000,1966.852,1493.013,,,,3.700,5,0,2,0,8,0,0,11.725,11.350,0.610,
10,120,350,0,0.000,1966.852,1493.013,,,,4.000,5,0,3,0,7,0,0,11.651,11.916,0.288,
10,120,360,0,0.000,1966.852,1493.013,,,,3.900,5,0,2,0,8,0,0,11.272,9.321,0.527,
10,120,370,0,0.000,1966.852,1493.013,,,,3.900,5,0,3,0,7,0,0,10.911,12.490,0.532,
10,120,380,0,0.000,1966.852,1493.013,,,,3.900,5,0,1,0,9,0,0,9.047,12.266,0.351,
10,120,390,0,0.000,1966.852,1493.013,,,,4.100,5,0,4,0,6,0,0,10.672,10.313,0.460,
10,130,-100,0,0.000,1966.852,1493.013,,,,0.000,0,0,0,0,0,0,10,8.321,10.916,0.571,
10,130,-90,0,0.000,1966.852,1493.013,,,,0.000,0,0,0,0,0,0,10,11.809,11.972,0.548,
10,130,-80,0,0.000,1966.852,1493.013,,,,0.000,0,0,0,0,0,0,10,8.219,10.928,0.462,
10,130,-70,0,0.000,1966.852,1493.013,,,,0.000,0,0,0,0,0,0,10,9.914,12.212,0.401,
10,130,-60,0,0.000,1966.852,1493.013,,,,0.000,0,0,0,0,0,0,10,12.174,12.130,0.560,
10,130,-50,0,0.000,1966.852,1493.013,,,,0.000,0,0,0,0,0,0,10,11.452,11.502,0.612,
10,130,-40,0,0.000,1966.852,1493.013,,,,0.000,0,0,0,0,0,0,10,11.782,7.120,0.570,
10,130,-30,0,0.000,1966.852,1493.013,,,,0.000,0,0,0,0,0,0,10,9.928,11.579,0.490,
10,130,-20,0,0.000,1966.852,1493.013,,,,0.000,0,0,0,0,0,0,10,10.352,13.684,0.618,
10,130,-10,0,0.000,1966.852,1493.013,,,,0.000,0,0,0,0,0,0,10,11.407,8.705,0.480,
10,130,0,0,0.000,1966.852,1493.013,,,,0.000,0,0,0,0,0,0,10,11.971,9.469,0.581,
10,130,10,0,0.000,1966.852,1493.013,,,,0.700,3,0,0,0,3,0,7,10.998,13.954,0.525,
10,130,20,0,0.000,1966.852,1493.013,,,,0.500,2,0,0,0,3,0,7,11.174,11.259,0.531,
10,130,30,0,0.000,1966.852,1493.013,,,,2.300,4,0,0,0,8,0,2,10.415,11.814,0.312,
10,130,40,0,0.000,1966.852,1493.013,,,,2.700,4,0,0,0,10,0,0,13.316,11.164,0.514,
10,130,50,0,0.000,1966.852,1493.013,,,,2.600,3,0,0,0,10,0,0,8.395,7.220,0.512,
10,130,60,0,0.000,1966.852,1493.013,,,,3.100,5,0,1,0,9,0,0,8.461,9.951,0.676,
10,130,70,0,0.000,1966.852,1493.013,,,,3.100,5,0,1,0,9,0,0,11.192,10.322,0.651,
10,130,80,0,0.000,1966.852,1493.013,,,,3.500,5,0,2,0,8,0,0,10.939,12.518,0.576,
10,130,90,0,0.000,1966.852,1493.013,,,,3.300,5,0,1,0,9,0,0,5.912,8.886,0.540,
10,130,100,0,0.000,1966.852,1493.013,,,,3.900,5,0,1,0,9,0,0,9.869,12.233,0.499,
10,130,110,0,0.000,1966.852,1493.013,,,,3.300,5,0,1,0,9,0,0,10.291,9.082,0.536,
10,130,120,0,0.000,1966.852,1493.013,,,,3.200,5,0,1,0,9,0,0,8.831,8.371,0.400,
10,130,130,0,0.000,1966.852,1493.013,,,,3.600,5,0,1,0,9,0,0,10.536,10.080,0.596,
10,130,140,0,0.000,1966.852,1493.013,,,,3.500,5,0,2,0,8,0,0,7.300,10.785,0.332,
10,130,150,0,0.000,1966.852,1493.013,,,,3.800,5,0,2,0,8,0,0,11.488,10.429,0.607,
10,130,160,0,0.000,1966.852,1493.013,,,,3.700,5,0,2,0,8,0,0,9.846,7.558,0.628,
10,130,170,0,0.000,1966.852,1493.013,,,,3.600,5,0,1,0,9,0,0,12.930,12.070,0.519,
10,130,180,0,0.000,1966.852,1493.013,,,,3.300,4,0,0,0,10,0,0,8.159,8.357,0.703,
10,130,190,0,0.000,1966.852,1493.013,,,,3.400,5,0,1,0,9,0,0,11.107,10.818,0.605,
10,130,200,0,0.000,1966.852,1493.013,,,,3.600,5,0,2,0,8,0,0,8.795,11.898,0.539,
10,130,210,0,0.000,1966.852,1493.013,,,,3.800,5,0,1,0,9,0,0,13.628,9.962,0.554,
10,130,220,0,0.000,1966.852,1493.013,,,,3.900,5,0,2,0,8,0,0,9.358,12.439,0.594,
10,130,230,0,0.000,1966.852,1493.013,,,,3.600,5,0,1,0,9,0,0,11.530,13.337,0.703,
10,130,240,0,0.000,1966.852,1493.013,,,,3.500,5,0,1,0,9,0,0,11.420,11.624,0.615,
10,130,250,0,0.000,1966.852,1493.013,,,,3.600,5,0,2,0,8,0,0,9.845,9.253,0.499,
10,130,260,0,0.000,1966.852,1493.013,,,,3.500,5,0,1,0,9,0,0,10.600,12.589,0.659,
10,130,270,0,0.000,1966.852,1493.013,,,,3.700,5,0,2,0,8,0,0,10.923,8.750,0.359,
10,130,280,0,0.000,1966.852,1493.013,,,,3.900,5,0,3,0,7,0,0,14.250,10.987,0.429,
10,130,290,0,0.000,1966.852,1493.013,,,,4.100,5,0,3,0,7,0,0,12.578,11.246,0.536,
10,130,300,0,0.000,1966.852,1493.013,,,,3.800,5,0,3,0,7,0,0,9.528,11.886,0.680,
10,130,310,0,0.000,1966.852,1493.013,,,,3.600,5,0,1,0,9,0,0,8.195,11.140,0.539,
10,130,320,0,0.000,1966.852,1493.013,,,,3.900,5,0,2,0,8,0,0,9.316,11.542,0.567,
10,130,330,0,0.000,1966.852,1493.013,,,,3.800,5,0,3,0,7,0,0,8.176,10.335,0.525,
10,130,340,0,0.000,1966.852,1493.013,,,,3.800,5,0,2,0,8,0,0,11.624,10.993,0.610,
10,130,350,0,10.000,1966.852,1493.013,1970.657,1492.019,3.933,3.700,5,0,2,0,7,0,0,7.901,11.460,0.568,0.000
10,130,360,0,0.000,1966.852,1493.013,,,,4.200,5,0,3,0,7,0,0,10.094,11.479,0.623,
10,130,370,0,0.000,1966.852,1493.013,,,,4.000,5,0,3,0,7,0,0,10.101,10.533,0.532,
10,130,380,0,0.000,1966.852,1493.013,,,,3.800,5,0,1,0,9,0,0,10.020,10.406,0.641,
10,130,390,0,0.000,1966.852,1493.013,,,,3.800,5,0,1,0,9,0,0,11.407,9.528,0.549,
10,140,-100,0,0.000,1966.852,1493.013,,,,0.000,0,0,0,0,0,0,10,8.859,10.374,0.513,
10,140,-90,0,0.000,1966.852,1493.013,,,,0.000,0,0,0,0,0,0,10,10.607,9.770,0.647,
10,140,-80,0,0.000,1966.852,1493.013,,,,0.000,0,0,0,0,0,0,10,7.169,10.715,0.523,
10,140,-70,0,0.000,1966.852,1493.013,,,,0.000,0,0,0,0,0,0,10,10.695,10.178,0.571,
10,140,-60,0,0.000,1966.852,1493.013,,,,0.000,0,0,0,0,0,0,10,11.181,11.282,0.421,
10,140,-50,0,0.000,1966.852,1493.013,,,,0.000,0,0,0,0,0,0,10,9.846,9.003,0.535,
10,140,-40,0,0.000,1966.852,1493.013,,,,0.000,0,0,0,0,0,0,10,11.435,12.311,0.650,
10,140,-30,0,0.000,1966.852,1493.013,,,,0.000,0,0,0,0,0,0,10,11.189,14.059,0.428,
10,140,-20,0,0.000,1966.852,1493.013,,,,0.000,0,0,0,0,0,0,10,10.432,8.818,0.451,
10,140,-10,0,0.000,1966.852,1493.013,,,,0.000,0,0,0,0,0,0,10,11.645,10.324,0.580,
10,140,0,0,0.000,1966.852,1493.013,,,,0.000,0,0,0,0,0,0,10,11.298,12.206,0.627,
10,140,10,0,0.000,1966.852,1493.013,,,,0.600,4,0,0,0,2,0,8,10.751,10.373,0.341,
10,140,20,0,0.000,1966.852,1493.013,,,,1.000,3,0,0,0,4,0,6,9.739,10.740,0.616,
10,140,30,0,0.000,1966.852,1493.013,,,,1.700,4,0,0,0,6,0,4,9.774,11.830,0.503,
10,140,40,0,0.000,1966.852,1493.013,,,,2.600,4,0,0,0,10,0,0,12.432,12.987,0.669,
10,140,50,0,0.000,1966.852,1493.013,,,,3.200,5,0,2,0,8,0,0,11.508,7.586,0.499,
10,140,60,0,0.000,1966.852,1493.013,,,,3.300,5,0,1,0,9,0,0,15.489,11.182,0.506,
10,140,70,0,0.000,1966.852,1493.013,,,,3.200,5,0,2,0,8,0,0,12.244,11.085,0.592,
10,140,80,0,0.000,1966.852,1493.013,,,,3.800,5,0,3,0,7,0,0,12.329,8.883,0.497,
10,140,90,0,0.000,1966.852,1493.013,,,,3.500,4,0,0,0,10,0,0,8.797,8.751,0.415,
10,140,100,0,0.000,1966.852,1493.013,,,,3.300,5,0,1,0,9,0,0,8.122,9.859,0.625,
10,140,110,0,0.000,1966.852,1493.013,,,,3.600,5,0,1,0,9,0,0,13.263,8.781,0.542,
10,140,120,0,0.000,1966.852,1493.013,,,,3.700,5,0,2,0,8,0,0,13.151,11.594,0.529,
10,140,130,0,0.000,1966.852,1493.013,,,,3.400,5,0,1,0,9,0,0,7.634,10.254,0.515,
10,140,140,0,0.000,1966.852,1493.013,,,,3.800,5,0,1,0,9,0,0,9.157,13.171,0.346,
10,140,150,0,0.000,1966.852,1493.013,,,,3.600,5,0,1,0,9,0,0,10.770,12.748,0.616,
10,140,160,0,0.000,1966.852,1493.013,,,,3.500,5,0,1,0,9,0,0,9.001,10.346,0.573,
10,140,170,0,0.000,1966.852,1493.013,,,,3.500,5,0,2,0,8,0,0,11.729,10.171,0.607,
10,140,180,0,0.000,1966.852,1493.013,,,,3.400,5,0,2,0,8,0,0,12.179,13.422,0.485,
10,140,190,0,0.000,1966.852,1493.013,,,,3.500,5,0,1,0,9,0,0,11.227,6.878,0.359,
10,140,200,0,0.000,1966.852,1493.013,,,,3.600,5,0,2,0,8,0,0,10.657,8.067,0.591,
10,140,210,0,0.000,1966.852,1493.013,,,,3.400,5,0,1,0,9,0,0,9.434,8.652,0.709,
10,140,220,0,0.000,1966.852,1493.013,,,,3.600,4,0,0,0,10,0,0,14.031,8.737,0.583,
10,140,230,0,0.000,1966.852,1493.013,,,,3.600,5,0,1,0,9,0,0,9.750,12.262,0.505,
10,140,240,0,0.000,1966.852,1493.013,,,,4.200,5,0,4,0,6,0,0,10.014,10.187,0.556,
10,140,250,0,0.000,1966.852,1493.013,,,,3.500,5,0,1,0,9,0,0,12.236,8.252,0.494,
10,140,260,0,0.000,1966.852,1493.013,,,,3.700,5,0,2,0,8,0,0,9.178,9.284,0.545,
10,140,270,0,0.000,1966.852,1493.013,,,,3.900,5,0,2,0,8,0,0,10.857,12.375,0.461,
10,140,280,0,0.000,1966.852,1493.013,,,,3.300,4,0,0,0,10,0,0,12.081,13.124,0.365,
10,140,290,0,0.000,1966.852,1493.013,,,,3.300,4,0,0,0,10,0,0,14.421,9.440,0.570,
10,140,300,0,0.000,1966.852,1493.013,,,,3.600,5,0,1,0,9,0,0,13.193,10.820,0.530,
10,140,310,0,0.000,1966.852,1493.013,,,,3.400,4,0,0,0,10,0,0,9.300,12.814,0.600,
10,140,320,0,0.000,1966.852,1493.013,,,,3.800,5,0,3,0,7,0,0,11.679,12.358,0.662,
10,140,330,0,0.000,1966.852,1493.013,,,,3.800,5,0,1,0,9,0,0,10.432,12.445,0.550,
10,140,340,0,0.000,1966.852,1493.013,,,,3.800,5,0,2,0,8,0,0,11.716,9.573,0.678,
10,140,350,0,0.000,1966.852,1493.013,,,,3.700,5,0,1,0,9,0,0,9.260,11.726,0.445,
10,140,360,0,0.000,1966.852,1493.013,,,,3.900,5,0,2,0,8,0,0,12.208,12.849,0.508,
10,140,370,0,0.000,1966.852,1493.013,,,,3.600,5,0,1,0,9,0,0,13.592,10.677,0.378,
10,140,380,0,0.000,1966.852,1493.013,,,,3.600,4,0,0,0,10,0,0,10.027,7.355,0.481,
10,140,390,0,0.000,1966.852,1493.013,,,,3.600,5,0,2,0,8,0,0,13.995,11.958,0.500,
10,150,-100,0,0.000,1966.852,1493.013,,,,0.000,0,0,0,0,0,0,10,8.569,11.436,0.537,
10,150,-90,0,0.000,1966.852,1493.013,,,,0.000,0,0,0,0,0,0,10,11.267,13.770,0.507,
10,150,-80,0,0.000,1966.852,1493.013,,,,0.000,0,0,0,0,0,0,10,11.301,10.417,0.503,
10,150,-70,0,0.000,1966.852,1493.013,,,,0.000,0,0,0,0,0,0,10,7.262,12.083,0.402,
10,150,-60,0,0.000,1966.852,1493.013,,,,0.000,0,0,0,0,0,0,10,11.581,12.064,0.583,
10,150,-50,0,0.000,1966.852,1493.013,,,,0.000,0,0,0,0,0,0,10,10.720,10.359,0.693,
10,150,-40,0,0.000,1966.852,1493.013,,,,0.000,0,0,0,0,0,0,10,11.512,13.082,0.653,
10,150,-30,0,0.000,1966.852,1493.013,,,,0.000,0,0,0,0,0,0,10,8.849,8.745,0.568,
10,150,-20,0,0.000,1966.852,1493.013,,,,0.000,0,0,0,0,0,0,10,13.057,7.044,0.586,
10,150,-10,0,0.000,1966.852,1493.013,,,,0.000,0,0,0,0,0,0,10,13.819,9.170,0.612,
10,150,0,0,0.000,1966.852,1493.013,,,,0.000,0,0,0,0,0,0,10,12.961,6.890,0.473,
10,150,10,0,0.000,1966.852,1493.013,,,,0.200,2,0,0,0,1,0,9,9.552,10.847,0.500,
10,150,20,0,0.000,1966.852,1493.013,,,,1.100,3,0,0,0,5,0,5,10.008,9.582,0.664,
10,150,30,0,0.000,1966.852,1493.013,,,,1.400,3,0,0,0,7,0,3,9.853,10.591,0.692,
10,150,40,0,0.000,1966.852,1493.013,,,,1.700,3,0,0,0,8,0,2,11.168,12.354,0.471,
10,150,50,0,0.000,1966.852,1493.013,,,,2.400,3,0,0,0,10,0,0,10.493,12.085,0.551,
10,150,60,0,0.000,1966.852,1493.013,,,,2.300,3,0,0,0,10,0,0,13.042,12.583,0.557,
10,150,70,0,0.000,1966.852,1493.013,,,,2.700,3,0,0,0,10,0,0,10.653,10.345,0.545,
10,150,80,0,0.000,1966.852,1493.013,,,,3.400,5,0,1,0,9,0,0,11.985,9.409,0.546,
10,150,90,0,0.000,1966.852,1493.013,,,,3.400,4,0,0,0,10,0,0,14.557,10.005,0.650,
10,150,100,0,0.000,1966.852,1493.013,,,,3.400,5,0,1,0,9,0,0,9.609,8.751,0.578,
10,150,110,0,0.000,1966.852,1493.013,,,,3.600,4,0,0,0,10,0,0,14.701,10.380,0.462,
10,150,120,0,0.000,1966.852,1493.013,,,,3.300,4,0,0,0,10,0,0,10.527,12.532,0.542,
10,150,130,0,0.000,1966.852,1493.013,,,,4.100,5,0,4,0,6,0,0,13.287,11.215,0.555,
10,150,140,0,0.000,1966.852,1493.013,,,,3.500,5,0,1,0,9,0,0,12.512,10.393,0.624,
10,150,150,0,0.000,1966.852,1493.013,,,,3.100,4,0,0,0,10,0,0,11.351,11.221,0.668,
10,150,160,0,0.000,1966.852,1493.013,,,,3.700,5,0,2,0,8,0,0,8.876,10.247,0.581,
10,150,170,0,0.000,1966.852,1493.013,,,,3.400,5,0,1,0,9,0,0,10.591,8.540,0.595,
10,150,180,0,0.000,1966.852,1493.013,,,,4.200,5,0,3,0,7,0,0,11.119,12.608,0.572,
10,150,190,0,0.000,1966.852,1493.013,,,,3.900,5,0,3,0,7,0,0,12.732,10.257,0.519,
10,150,200,0,0.000,1966.852,1493.013,,,,3.700,5,0,3,0,7,0,0,11.107,11.330,0.454,
10,150,210,0,0.000,1966.852,1493.013,,,,3.500,5,0,1,0,9,0,0,7.914,6.448,0.431,
10,150,220,0,0.000,1966.852,1493.013,,,,3.600,5,0,2,0,8,0,0,10.424,10.516,0.376,
10,150,230,0,0.000,1966.852,1493.013,,,,4.000,5,0,3,0,7,0,0,5.502,13.637,0.533,
10,150,240,0,0.000,1966.852,1493.013,,,,3.700,4,0,0,0,10,0,0,11.292,11.546,0.497,
10,150,250,0,0.000,1966.852,1493.013,,,,3.800,5,0,2,0,8,0,0,9.010,13.564,0.637,
10,150,260,0,0.000,1966.852,1493.013,,,,3.400,4,0,0,0,10,0,0,8.112,12.395,0.620,
10,150,270,0,0.000,1966.852,1493.013,,,,3.800,5,0,1,0,9,0,0,9.339,9.466,0.544,
10,150,280,0,0.000,1966.852,1493.013,,,,4.000,5,0,3,0,7,0,0,13.604,9.933,0.538,
10,150,290,0,0.000,1966.852,1493.013,,,,3.400,4,0,0,0,10,0,0,10.853,10.661,0.373,
10,150,300,0,0.000,1966.852,1493.013,,,,3.600,5,0,1,0,9,0,0,13.387,13.490,0.535,
10,150,310,0,0.000,1966.852,1493.013,,,,3.600,5,0,1,0,9,0,0,12.050,9.073,0.519,
10,150,320,0,0.000,1966.852,1493.013,,,,3.700,5,0,1,0,9,0,0,10.317,10.939,0.590,
10,150,330,0,0.000,1966.852,1493.013,,,,3.400,4,0,0,0,10,0,0,9.501,11.763,0.404,
10,150,340,0,0.000,1966.852,1493.013,,,,3.800,5,0,2,0,8,0,0,11.341,8.959,0.428,
10,150,350,0,0.000,1966.852,1493.013,,,,3.600,5,0,1,0,9,0,0,10.694,11.817,0.560,
10,150,360,0,0.000,1966.852,1493.013,,,,3.600,4,0,0,0,10,0,0,11.604,13.315,0.585,
10,150,370,0,0.000,1966.852,1493.013,,,,3.600,4,0,0,0,10,0,0,11.928,11.429,0.660,
10,150,380,0,10.000,1966.852,1493.013,1972.407,1491.586,5.735,3.500,5,0,1,0,8,0,0,7.519,13.216,0.609,0.000
10,150,390,0,0.000,1966.852,1493.013,,,,3.600,5,0,1,0,9,0,0,10.025,10.995,0.602,
10,160,-100,0,0.000,1966.852,1493.013,,,,0.000,0,0,0,0,0,0,10,11.502,10.831,0.459,
10,160,-90,0,0.000,1966.852,1493.013,,,,0.000,0,0,0,0,0,0,10,9.245,10.724,0.644,
10,160,-80,0,0.000,1966.852,1493.013,,,,0.000,0,0,0,0,0,0,10,13.802,10.898,0.398,
10,160,-70,0,0.000,1966.852,1493.013,,,,0.000,0,0,0,0,0,0,10,7.140,7.717,0.704,
10,160,-60,0,0.000,1966.852,1493.013,,,,0.000,0,0,0,0,0,0,10,10.956,13.192,0.310,
10,160,-50,0,0.000,1966.852,1493.013,,,,0.000,0,0,0,0,0,0,10,8.789,6.657,0.535,
10,160,-40,0,0.000,1966.852,1493.013,,,,0.000,0,0,0,0,0,0,10,9.972,8.236,0.484,
10,160,-30,0,0.000,1966.852,1493.013,,,,0.000,0,0,0,0,0,0,10,9.789,14.377,0.563,
10,160,-20,0,0.000,1966.852,1493.013,,,,0.000,0,0,0,0,0,0,10,13.163,10.956,0.456,
10,160,-10,0,0.000,1966.852,1493.013,,,,0.000,0,0,0,0,0,0,10,13.475,11.419,0.650,
10,160,0,0,0.000,1966.852,1493.013,,,,0.000,0,0,0,0,0,0,10,7.934,10.570,0.508,
10,160,10,0,0.000,1966.852,1493.013,,,,0.100,1,0,0,0,1,0,9,11.988,9.747,0.664,
10,160,20,0,0.000,1966.852,1493.013,,,,0.100,1,0,0,0,1,0,9,9.726,10.421,0.649,
10,160,30,0,0.000,1966.852,1493.013,,,,1.000,3,0,0,0,4,0,6,9.997,12.444,0.640,
10,160,40,0,0.000,1966.852,1493.013,,,,2.400,4,0,0,0,9,0,1,10.477,7.428,0.441,
10,160,50,0,0.000,1966.852,1493.013,,,,2.900,4,0,0,0,10,0,0,10.637,10.312,0.416,
10,160,60,0,0.000,1966.852,1493.013,,,,3.100,5,0,1,0,9,0,0,8.233,7.732,0.460,
10,160,70,0,0.000,1966.852,1493.013,,,,3.000,4,0,0,0,10,0,0,11.569,12.184,0.342,
10,160,80,0,0.000,1966.852,1493.013,,,,3.200,5,0,1,0,9,0,0,13.310,9.934,0.168,
10,160,90,0,0.000,1966.852,1493.013,,,,3.300,5,0,1,0,9,0,0,10.287,12.571,0.466,
10,160,100,0,0.000,1966.852,1493.013,,,,3.300,4,0,0,0,10,0,0,10.432,12.153,0.602,
10,160,110,0,0.000,1966.852,1493.013,,,,3.300,5,0,1,0,9,0,0,8.783,11.224,0.568,
10,160,120,0,0.000,1966.852,1493.013,,,,3.500,5,0,2,0,8,0,0,10.556,9.827,0.679,
10,160,130,0,0.000,1966.852,1493.013,,,,3.800,5,0,1,0,9,0,0,12.126,10.723,0.591,
10,160,140,0,0.000,1966.852,1493.013,,,,4.200,5,0,4,0,6,0,0,12.953,8.922,0.518,
10,160,150,0,0.000,1966.852,1493.013,,,,3.400,5,0,1,0,9,0,0,8.756,8.468,0.632,
10,160,160,0,0.000,1966.852,1493.013,,,,3.800,5,0,1,0,9,0,0,11.091,13.210,0.488,
10,160,170,0,0.000,1966.852,1493.013,,,,3.600,5,0,1,0,9,0,0,10.860,11.324,0.282,
10,160,180,0,0.000,1966.852,1493.013,,,,3.800,5,0,2,0,8,0,0,15.751,13.125,0.421,
10,160,190,0,0.000,1966.852,1493.013,,,,3.600,4,0,0,0,10,0,0,12.627,12.902,0.543,
10,160,200,0,0.000,1966.852,1493.013,,,,3.600,5,0,2,0,8,0,0,12.130,8.415,0.601,
10,160,210,0,0.000,1966.852,1493.013,,,,3.700,5,0,1,0,9,0,0,10.395,11.855,0.403,
10,160,220,0,0.000,1966.852,1493.013,,,,3.800,5,0,2,0,8,0,0,9.761,11.542,0.513,
10,160,230,0,0.000,1966.852,1493.013,,,,3.700,5,0,2,0,8,0,0,11.996,10.698,0.443,
10,160,240,0,0.000,1966.852,1493.013,,,,3.600,4,0,0,0,10,0,0,11.929,11.521,0.589,
10,160,250,0,0.000,1966.852,1493.013,,,,3.600,5,0,1,0,9,0,0,10.204,11.240,0.398,
10,160,260,0,0.000,1966.852,1493.013,,,,3.600,4,0,0,0,10,0,0,13.029,10.765,0.622,
10,160,270,0,0.000,1966.852,1493.013,,,,4.100,5,0,3,0,7,0,0,11.582,10.656,0.507,
10,160,280,0,0.000,1966.852,1493.013,,,,3.400,4,0,0,0,10,0,0,11.864,10.384,0.364,
10,160,290,0,0.000,1966.852,1493.013,,,,3.700,5,0,1,0,9,0,0,9.999,9.400,0.493,
10,160,300,0,0.000,1966.852,1493.013,,,,3.600,5,0,1,0,9,0,0,9.471,13.251,0.581,
10,160,310,0,0.000,1966.852,1493.013,,,,3.500,5,0,1,0,9,0,0,11.360,12.119,0.608,
10,160,320,0,0.000,1966.852,1493.013,,,,3.500,4,0,0,0,10,0,0,10.037,10.129,0.599,
10,160,330,0,0.000,1966.852,1493.013,,,,4.000,5,0,3,0,7,0,0,11.423,12.857,0.572,
10,160,340,0,0.000,1966.852,1493.013,,,,3.600,5,0,1,0,9,0,0,10.863,12.321,0.532,
10,160,350,0,0.000,1966.852,1493.013,,,,3.900,5,0,3,0,7,0,0,10.220,5.302,0.545,
10,160,360,0,0.000,1966.852,1493.013,,,,3.700,5,0,2,0,8,0,0,10.512,9.125,0.497,
10,160,370,0,0.000,1966.852,1493.013,,,,4.400,5,0,6,0,4,0,0,11.614,6.384,0.541,
10,160,380,0,0.000,1966.852,1493.013,,,,4.000,5,0,2,0,8,0,0,9.713,11.700,0.393,
10,160,390,0,0.000,1966.852,1493.013,,,,4.000,5,0,2,0,8,0,0,4.111,10.690,0.667,
10,170,-100,0,0.000,1966.852,1493.013,,,,0.000,0,0,0,0,0,0,10,7.869,11.958,0.423,
10,170,-90,0,0.000,1966.852,1493.013,,,,0.000,0,0,0,0,0,0,10,9.811,13.268,0.617,
10,170,-80,0,0.000,1966.852,1493.013,,,,0.000,0,0,0,0,0,0,10,8.467,11.377,0.723,
10,170,-70,0,0.000,1966.852,1493.013,,,,0.000,0,0,0,0,0,0,10,9.885,10.025,0.666,
10,170,-60,0,0.000,1966.852,1493.013,,,,0.000,0,0,0,0,0,0,10,8.484,9.885,0.611,
10,170,-50,0,0.000,1966.852,1493.013,,,,0.000,0,0,0,0,0,0,10,12.243,13.970,0.704,
10,170,-40,0,0.000,1966.852,1493.013,,,,0.000,0,0,0,0,0,0,10,12.336,9.884,0.666,
10,170,-30,0,0.000,1966.852,1493.013,,,,0.000,0,0,0,0,0,0,10,10.147,8.153,0.647,
10,170,-20,0,0.000,1966.852,1493.013,,,,0.000,0,0,0,0,0,0,10,11.197,13.980,0.457,
10,170,-10,0,0.000,1966.852,1493.013,,,,0.000,0,0,0,0,0,0,10,9.339,10.231,0.661,
10,170,0,0,0.000,1966.852,1493.013,,,,0.000,0,0,0,0,0,0,10,10.626,11.114,0.489,
10,170,10,0,0.000,1966.852,1493.013,,,,0.000,0,0,0,0,0,0,10,12.612,10.860,0.543,
10,170,20,0,0.000,1966.852,1493.013,,,,0.700,3,0,0,0,4,0,6,8.329,14.174,0.559,
10,170,30,0,0.000,1966.852,1493.013,,,,1.400,4,0,0,0,5,0,5,11.079,12.291,0.587,
10,170,40,0,0.000,1966.852,1493.013,,,,1.900,4,0,0,0,7,0,3,9.600,10.387,0.575,
10,170,50,0,0.000,1966.852,1493.013,,,,2.900,5,0,1,0,9,0,0,8.187,13.712,0.495,
10,170,60,0,0.000,1966.852,1493.013,,,,3.000,4,0,0,0,10,0,0,9.465,10.271,0.559,
10,170,70,0,0.000,1966.852,1493.013,,,,3.000,5,0,1,0,9,0,0,7.779,11.316,0.626,
10,170,80,0,0.000,1966.852,1493.013,,,,3.100,5,0,1,0,9,0,0,11.206,9.079,0.538,
10,170,90,0,0.000,1966.852,1493.013,,,,3.000,4,0,0,0,10,0,0,7.514,6.453,0.417,
10,170,100,0,0.000,1966.852,1493.013,,,,3.100,5,0,1,0,9,0,0,11.347,9.119,0.509,
10,170,110,0,0.000,1966.852,1493.013,,,,3.700,5,0,2,0,8,0,0,9.183,10.901,0.582,
10,170,120,0,0.000,1966.852,1493.013,,,,3.800,4,0,0,0,10,0,0,10.666,8.028,0.611,
10,170,130,0,0.000,1966.852,1493.013,,,,3.900,5,0,3,0,7,0,0,13.796,9.681,0.533,
10,170,140,0,0.000,1966.852,1493.013,,,,4.000,5,0,3,0,7,0,0,10.967,10.659,0.468,
10,170,150,0,0.000,1966.852,1493.013,,,,3.500,5,0,1,0,9,0,0,7.629,6.663,0.684,
10,170,160,0,0.000,1966.852,1493.013,,,,3.100,4,0,0,0,10,0,0,11.184,12.473,0.500,
10,170,170,0,0.000,1966.852,1493.013,,,,3.500,5,0,1,0,9,0,0,11.612,10.088,0.551,
10,170,180,0,0.000,1966.852,1493.013,,,,3.300,5,0,1,0,9,0,0,11.435,11.863,0.571,
10,170,190,0,0.000,1966.852,1493.013,,,,4.100,5,0,3,0,7,0,0,14.236,11.167,0.599,
10,170,200,0,0.000,1966.852,1493.013,,,,3.600,5,0,1,0,9,0,0,9.793,10.709,0.501,
10,170,210,0,0.000,1966.852,1493.013,,,,3.800,5,0,1,0,9,0,0,10.839,8.450,0.483,
10,170,220,0,0.000,1966.852,1493.013,,,,3.400,4,0,0,0,10,0,0,11.958,9.479,0.529,
10,170,230,0,0.000,1966.852,1493.013,,,,3.500,4,0,0,0,10,0,0,10.679,12.018,0.453,
10,170,240,0,0.000,1966.852,1493.013,,,,3.700,5,0,1,0,9,0,0,10.332,10.523,0.380,
10,170,250,0,0.000,1966.852,1493.013,,,,3.700,5,0,2,0,8,0,0,8.384,11.954,0.535,
10,170,260,0,0.000,1966.852,1493.013,,,,3.800,5,0,2,0,8,0,0,10.842,11.592,0.564,
10,170,270,0,0.000,1966.852,1493.013,,,,3.300,5,0,1,0,9,0,0,12.642,11.990,0.608,
10,170,280,0,0.000,1966.852,1493.013,,,,3.600,5,0,2,0,8,0,0,13.308,12.097,0.568,
10,170,290,0,0.000,1966.852,1493.013,,,,3.600,5,0,1,0,9,0,0,10.053,12.576,0.672,
10,170,300,0,0.000,1966.852,1493.013,,,,3.700,5,0,1,0,9,0,0,9.962,12.972,0.560,
10,170,310,0,0.000,1966.852,1493.013,,,,3.400,4,0,0,0,10,0,0,11.775,10.119,0.653,
10,170,320,0,0.000,1966.852,1493.013,,,,3.900,5,0,2,0,8,0,0,10.639,10.996,0.540,
10,170,330,0,0.000,1966.852,1493.013,,,,3.800,5,0,2,0,8,0,0,12.086,12.029,0.636,
10,170,340,0,0.000,1966.852,1493.013,,,,4.000,5,0,4,0,6,0,0,13.180,9.927,0.501,
10,170,350,0,0.000,1966.852,1493.013,,,,3.400,4,0,0,0,10,0,0,9.709,10.716,0.642,
10,170,360,0,0.000,1966.852,1493.013,,,,3.800,5,0,1,0,9,0,0,11.259,10.062,0.534,
10,170,370,0,0.000,1966.852,1493.013,,,,3.600,4,0,0,0,10,0,0,13.682,11.376,0.627,
10,170,380,0,0.000,1966.852,1493.013,,,,3.700,4,0,0,0,10,0,0,9.700,8.869,0.475,
10,170,390,0,0.000,1966.852,1493.013,,,,3.800,5,0,3,0,7,0,0,14.094,11.131,0.461,
10,180,-100,0,0.000,1966.852,1493.013,,,,0.000,0,0,0,0,0,0,10,13.163,11.145,0.656,
10,180,-90,0,0.000,1966.852,1493.013,,,,0.000,0,0,0,0,0,0,10,11.386,11.150,0.604,
10,180,-80,0,0.000,1966.852,1493.013,,,,0.000,0,0,0,0,0,0,10,10.693,8.879,0.547,
10,180,-70,0,0.000,1966.852,1493.013,,,,0.000,0,0,0,0,0,0,10,9.534,10.033,0.511,
10,180,-60,0,0.000,1966.852,1493.013,,,,0.000,0,0,0,0,0,0,10,12.678,13.761,0.563,
10,180,-50,0,0.000,1966.852,1493.013,,,,0.000,0,0,0,0,0,0,10,12.702,11.164,0.605,
10,180,-40,0,0.000,1966.852,1493.013,,,,0.000,0,0,0,0,0,0,10,10.579,9.848,0.475,
10,180,-30,0,0.000,1966.852,1493.013,,,,0.000,0,0,0,0,0,0,10,10.130,10.363,0.703,
10,180,-20,0,0.000,1966.852,1493.013,,,,0.000,0,0,0,0,0,0,10,8.351,10.218,0.479,
10,180,-10,0,0.000,1966.852,1493.013,,,,0.000,0,0,0,0,0,0,10,7.929,10.456,0.553,
10,180,0,0,0.000,1966.852,1493.013,,,,0.000,0,0,0,0,0,0,10,9.454,9.250,0.563,
10,180,10,0,0.000,1966.852,1493.013,,,,0.000,0,0,0,0,0,0,10,9.591,11.397,0.486,
10,180,20,0,0.000,1966.852,1493.013,,,,0.700,3,0,0,0,3,0,7,12.025,12.157,0.383,
10,180,30,0,0.000,1966.852,1493.013,,,,1.100,3,0,0,0,5,0,5,11.384,10.645,0.418,
10,180,40,0,0.000,1966.852,1493.013,,,,2.700,5,0,1,0,8,0,1,13.440,8.907,0.345,
10,180,50,0,0.000,1966.852,1493.013,,,,2.600,5,0,1,0,9,0,0,8.671,8.861,0.532,
10,180,60,0,0.000,1966.852,1493.013,,,,2.700,5,0,1,0,9,0,0,7.498,12.533,0.284,
10,180,70,0,0.000,1966.852,1493.013,,,,3.200,5,0,1,0,9,0,0,11.914,12.119,0.490,
10,180,80,0,0.000,1966.852,1493.013,,,,3.500,5,0,2,0,8,0,0,12.256,9.671,0.539,
10,180,90,0,0.000,1966.852,1493.013,,,,3.300,5,0,1,0,9,0,0,10.568,9.859,0.618,
10,180,100,0,0.000,1966.852,1493.013,,,,3.500,5,0,1,0,9,0,0,11.981,9.927,0.430,
10,180,110,0,0.000,1966.852,1493.013,,,,4.100,5,0,5,0,5,0,0,7.706,10.143,0.404,
10,180,120,0,0.000,1966.852,1493.013,,,,3.900,5,0,4,0,6,0,0,10.481,9.448,0.549,
10,180,130,0,0.000,1966.852,1493.013,,,,3.600,5,0,2,0,8,0,0,10.974,12.709,0.645,
10,180,140,0,0.000,1966.852,1493.013,,,,3.400,4,0,0,0,10,0,0,10.116,13.215,0.562,
10,180,150,0,0.000,1966.852,1493.013,,,,3.700,4,0,0,0,10,0,0,8.305,9.447,0.441,
10,180,160,0,0.000,1966.852,1493.013,,,,4.100,5,0,4,0,6,0,0,11.768,10.934,0.535,
10,180,170,0,0.000,1966.852,1493.013,,,,3.800,5,0,2,0,8,0,0,10.277,11.199,0.597,
10,180,180,0,0.000,1966.852,1493.013,,,,3.600,5,0,2,0,8,0,0,9.802,11.453,0.530,
10,180,190,0,0.000,1966.852,1493.013,,,,3.700,5,0,3,0,7,0,0,10.118,9.448,0.622,
10,180,200,0,0.000,1966.852,1493.013,,,,3.900,5,0,3,0,7,0,0,9.789,11.839,0.683,
10,180,210,0,0.000,1966.852,1493.013,,,,3.700,5,0,2,0,8,0,0,11.385,8.963,0.662,
10,180,220,0,0.000,1966.852,1493.013,,,,4.100,5,0,4,0,6,0,0,11.182,11.683,0.587,
10,180,230,0,0.000,1966.852,1493.013,,,,3.500,5,0,1,0,9,0,0,14.340,8.990,0.683,
10,180,240,0,0.000,1966.852,1493.013,,,,3.500,5,0,1,0,9,0,0,10.666,10.793,0.472,
10,180,250,0,0.000,1966.852,1493.013,,,,3.300,4,0,0,0,10,0,0,10.308,12.357,0.356,
10,180,260,0,0.000,1966.852,1493.013,,,,3.400,4,0,0,0,10,0,0,11.170,10.328,0.644,
10,180,270,0,0.000,1966.852,1493.013,,,,3.900,5,0,3,0,7,0,0,10.008,7.252,0.661,
10,180,280,0,0.000,1966.852,1493.013,,,,3.700,5,0,1,0,9,0,0,10.717,11.120,0.557,
10,180,290,0,0.000,1966.852,1493.013,,,,4.200,5,0,5,0,5,0,0,10.109,10.546,0.615,
10,180,300,0,0.000,1966.852,1493.013,,,,3.600,5,0,1,0,9,0,0,13.508,12.225,0.601,
10,180,310,0,0.000,1966.852,1493.013,,,,3.800,5,0,2,0,8,0,0,12.103,9.851,0.618,
10,180,320,0,0.000,1966.852,1493.013,,,,3.800,5,0,3,0,7,0,0,12.321,10.796,0.628,
10,180,330,0,0.000,1966.852,1493.013,,,,3.600,5,0,2,0,8,0,0,7.198,10.624,0.549,
10,180,340,0,0.000,1966.852,1493.013,,,,3.900,5,0,3,0,7,0,0,9.569,15.311,0.478,
10,180,350,0,0.000,1966.852,1493.013,,,,3.700,5,0,2,0,8,0,0,7.146,12.817,0.570,
10,180,360,0,0.000,1966.852,1493.013,,,,3.700,4,0,0,0,10,0,0,12.882,7.944,0.457,
10,180,370,0,0.000,1966.852,1493.013,,,,3.600,5,0,1,0,9,0,0,13.050,6.949,0.502,
10,180,380,0,0.000,1966.852,1493.013,,,,3.500,4,0,0,0,10,0,0,10.816,14.498,0.534,
10,180,390,0,0.000,1966.852,1493.013,,,,3.900,5,0,1,0,9,0,0,10.238,13.945,0.525,
10,190,-100,0,0.000,1966.852,1493.013,,,,0.000,0,0,0,0,0,0,10,12.010,10.006,0.589,
10,190,-90,0,0.000,1966.852,1493.013,,,,0.000,0,0,0,0,0,0,10,11.912,10.566,0.578,
10,190,-80,0,0.000,1966.852,1493.013,,,,0.000,0,0,0,0,0,0,10,8.316,12.598,0.596,
10,190,-70,0,0.000,1966.852,1493.013,,,,0.000,0,0,0,0,0,0,10,11.601,9.866,0.505,
10,190,-60,0,0.000,1966.852,1493.013,,,,0.000,0,0,0,0,0,0,10,8.775,13.554,0.473,
10,190,-50,0,0.000,1966.852,1493.013,,,,0.000,0,0,0,0,0,0,10,10.735,12.458,0.515,
10,190,-40,0,0.000,1966.852,1493.013,,,,0.000,0,0,0,0,0,0,10,15.328,12.668,0.529,
10,190,-30,0,0.000,1966.852,1493.013,,,,0.000,0,0,0,0,0,0,10,10.547,10.890,0.476,
10,190,-20,0,0.000,1966.852,1493.013,,,,0.000,0,0,0,0,0,0,10,9.387,13.015,0.587,
10,190,-10,0,0.000,1966.852,1493.013,,,,0.000,0,0,0,0,0,0,10,11.599,12.438,0.459,
10,190,0,0,0.000,1966.852,1493.013,,,,0.000,0,0,0,0,0,0,10,12.073,9.063,0.523,
10,190,10,0,0.000,1966.852,1493.013,,,,0.000,0,0,0,0,0,0,10,12.579,10.866,0.494,
10,190,20,0,0.000,1966.852,1493.013,,,,0.200,2,0,0,0,1,0,9,12.622,9.709,0.527,
10,190,30,0,0.000,1966.852,1493.013,,,,1.200,5,0,1,0,3,0,6,10.922,8.860,0.601,
10,190,40,0,0.000,1966.852,1493.013,,,,1.600,4,0,0,0,6,0,4,10.756,14.897,0.601,
10,190,50,0,0.000,1966.852,1493.013,,,,2.500,3,0,0,0,9,0,1,9.545,7.160,0.623,
10,190,60,0,0.000,1966.852,1493.013,,,,3.500,5,0,2,0,8,0,0,7.411,6.409,0.537,
10,190,70,0,0.000,1966.852,1493.013,,,,3.200,5,0,2,0,8,0,0,10.010,11.721,0.360,
10,190,80,0,0.000,1966.852,1493.013,,,,3.100,5,0,1,0,9,0,0,11.466,9.935,0.474,
10,190,90,0,0.000,1966.852,1493.013,,,,3.700,5,0,3,0,7,0,0,10.550,13.153,0.609,
10,190,100,0,0.000,1966.852,1493.013,,,,3.600,5,0,2,0,8,0,0,10.110,11.927,0.456,
10,190,110,0,0.000,1966.852,1493.013,,,,3.600,5,0,2,0,8,0,0,10.534,8.927,0.662,
10,190,120,0,0.000,1966.852,1493.013,,,,3.600,5,0,1,0,9,0,0,10.504,11.286,0.352,
10,190,130,0,0.000,1966.852,1493.013,,,,3.600,5,0,3,0,7,0,0,12.376,12.612,0.659,
10,190,140,0,0.000,1966.852,1493.013,,,,3.600,5,0,1,0,9,0,0,9.383,10.740,0.537,
10,190,150,0,0.000,1966.852,1493.013,,,,4.200,5,0,5,0,5,0,0,10.968,12.145,0.690,
10,190,160,0,0.000,1966.852,1493.013,,,,3.600,5,0,2,0,8,0,0,11.352,11.888,0.592,
10,190,170,0,0.000,1966.852,1493.013,,,,3.900,5,0,3,0,7,0,0,10.617,12.740,0.357,
10,190,180,0,0.000,1966.852,1493.013,,,,4.100,5,0,4,0,6,0,0,11.732,9.609,0.611,
10,190,190,0,0.000,1966.852,1493.013,,,,3.300,4,0,0,0,10,0,0,9.415,9.843,0.573,
10,190,200,0,0.000,1966.852,1493.013,,,,3.600,5,0,1,0,9,0,0,7.325,8.800,0.726,
10,190,210,0,0.000,1966.852,1493.013,,,,3.700,5,0,2,0,8,0,0,13.885,13.044,0.410,
10,190,220,0,0.000,1966.852,1493.013,,,,3.800,5,0,2,0,8,0,0,9.883,13.900,0.495,
10,190,230,0,0.000,1966.852,1493.013,,,,3.400,4,0,0,0,10,0,0,9.042,12.091,0.649,
10,190,240,0,0.000,1966.852,1493.013,,,,4.000,5,0,4,0,6,0,0,12.616,6.740,0.541,
10,190,250,0,0.000,1966.852,1493.013,,,,3.800,5,0,2,0,8,0,0,11.102,11.180,0.580,
10,190,260,0,0.000,1966.852,1493.013,,,,3.500,5,0,1,0,9,0,0,10.606,10.545,0.709,
10,190,270,0,0.000,1966.852,1493.013,,,,3.900,5,0,3,0,7,0,0,12.348,10.729,0.517,
10,190,280,0,0.000,1966.852,1493.013,,,,3.700,5,0,2,0,8,0,0,10.183,7.384,0.531,
10,190,290,0,0.000,1966.852,1493.013,,,,4.300,5,0,5,0,5,0,0,7.265,8.292,0.683,
10,190,300,0,0.000,1966.852,1493.013,,,,4.200,5,0,4,0,6,0,0,7.841,12.417,0.634,
10,190,310,0,0.000,1966.852,1493.013,,,,3.700,5,0,3,0,7,0,0,10.574,12.914,0.482,
10,190,320,0,0.000,1966.852,1493.013,,,,3.900,5,0,2,0,8,0,0,11.991,8.771,0.557,
10,190,330,0,0.000,1966.852,1493.013,,,,3.700,5,0,2,0,8,0,0,10.110,10.633,0.468,
10,190,340,0,0.000,1966.852,1493.013,,,,3.700,4,0,0,0,10,0,0,5.895,11.201,0.528,
10,190,350,0,0.000,1966.852,1493.013,,,,3.500,5,0,1,0,9,0,0,7.925,7.919,0.514,
10,190,360,0,0.000,1966.852,1493.013,,,,3.900,5,0,3,0,7,0,0,14.417,9.993,0.556,
10,190,370,0,0.000,1966.852,1493.013,,,,4.600,5,0,6,0,4,0,0,11.497,6.677,0.510,
10,190,380,0,0.000,1966.852,1493.013,,,,4.100,5,0,3,0,7,0,0,9.439,14.621,0.466,
10,190,390,0,0.000,1966.852,1493.013,,,,3.700,5,0,1,0,9,0,0,8.352,7.050,0.401,
10,200,-100,0,0.000,1966.852,1493.013,,,,0.000,0,0,0,0,0,0,10,12.379,11.292,0.641,
10,200,-90,0,0.000,1966.852,1493.013,,,,0.000,0,0,0,0,0,0,10,11.119,6.290,0.654,
10,200,-80,0,0.000,1966.852,1493.013,,,,0.000,0,0,0,0,0,0,10,9.671,10.909,0.337,
10,200,-70,0,0.000,1966.852,1493.013,,,,0.000,0,0,0,0,0,0,10,14.776,9.360,0.521,
10,200,-60,0,0.000,1966.852,1493.013,,,,0.000,0,0,0,0,0,0,10,12.033,11.375,0.539,
10,200,-50,0,0.000,1966.852,1493.013,,,,0.000,0,0,0,0,0,0,10,11.308,10.097,0.644,
10,200,-40,0,0.000,1966.852,1493.013,,,,0.000,0,0,0,0,0,0,10,10.948,11.976,0.628,
10,200,-30,0,0.000,1966.852,1493.013,,,,0.000,0,0,0,0,0,0,10,13.249,8.850,0.537,
10,200,-20,0,0.000,1966.852,1493.013,,,,0.000,0,0,0,0,0,0,10,10.120,10.525,0.585,
10,200,-10,0,0.000,1966.852,1493.013,,,,0.000,0,0,0,0,0,0,10,11.145,5.526,0.445,
10,200,0,0,0.000,1966.852,1493.013,,,,0.000,0,0,0,0,0,0,10,13.177,12.834,0.522,
10,200,10,0,0.000,1966.852,1493.013,,,,0.000,0,0,0,0,0,0,10,10.650,8.786,0.616,
10,200,20,0,0.000,1966.852,1493.013,,,,0.300,3,0,0,0,1,0,9,8.776,11.185,0.578,
10,200,30,0,0.000,1966.852,1493.013,,,,1.100,4,0,0,0,4,0,6,9.359,12.389,0.457,
10,200,40,0,0.000,1966.852,1493.013,,,,2.200,4,0,0,0,8,0,2,9.993,12.519,0.509,
10,200,50,0,0.000,1966.852,1493.013,,,,1.800,3,0,0,0,7,0,3,13.009,11.318,0.678,
10,200,60,0,0.000,1966.852,1493.013,,,,2.800,4,0,0,0,10,0,0,11.770,11.415,0.448,
10,200,70,0,0.000,1966.852,1493.013,,,,3.200,5,0,1,0,9,0,0,11.225,12.143,0.581,
10,200,80,0,0.000,1966.852,1493.013,,,,3.100,4,0,0,0,10,0,0,7.249,11.105,0.634,
10,200,90,0,0.000,1966.852,1493.013,,,,3.400,4,0,0,0,10,0,0,10.656,12.867,0.798,
10,200,100,0,0.000,1966.852,1493.013,,,,3.000,5,0,1,0,9,0,0,12.875,8.854,0.437,
10,200,110,0,0.000,1966.852,1493.013,,,,3.400,5,0,1,0,9,0,0,13.643,9.070,0.643,
10,200,120,0,0.000,1966.852,1493.013,,,,3.400,5,0,1,0,9,0,0,11.417,12.483,0.662,
10,200,130,0,0.000,1966.852,1493.013,,,,3.400,5,0,1,0,9,0,0,10.552,12.606,0.400,
10,200,140,0,0.000,1966.852,1493.013,,,,3.700,5,0,2,0,8,0,0,9.585,6.236,0.479,
10,200,150,0,0.000,1966.852,1493.013,,,,4.000,5,0,4,0,6,0,0,11.695,11.218,0.515,
10,200,160,0,0.000,1966.852,1493.013,,,,3.500,5,0,1,0,9,0,0,10.656,8.802,0.553,
10,200,170,0,0.000,1966.852,1493.013,,,,3.900,5,0,3,0,7,0,0,10.956,8.027,0.519,
10,200,180,0,0.000,1966.852,1493.013,,,,3.300,5,0,1,0,9,0,0,10.879,11.343,0.394,
10,200,190,0,0.000,1966.852,1493.013,,,,3.200,4,0,0,0,10,0,0,7.237,11.026,0.421,
10,200,200,0,0.000,1966.852,1493.013,,,,3.400,5,0,1,0,9,0,0,11.886,11.339,0.573,
10,200,210,0,0.000,1966.852,1493.013,,,,3.900,5,0,2,0,8,0,0,8.414,11.711,0.721,
10,200,220,0,0.000,1966.852,1493.013,,,,4.500,5,0,6,0,4,0,0,9.474,9.780,0.429,
10,200,230,0,0.000,1966.852,1493.013,,,,3.600,5,0,1,0,9,0,0,11.731,6.235,0.347,
10,200,240,0,0.000,1966.852,1493.013,,,,3.700,5,0,2,0,8,0,0,12.620,10.471,0.464,
10,200,250,0,0.000,1966.852,1493.013,,,,3.700,5,0,2,0,8,0,0,11.341,10.928,0.689,
10,200,260,0,0.000,1966.852,1493.013,,,,3.800,5,0,3,0,7,0,0,11.080,11.600,0.481,
10,200,270,0,0.000,1966.852,1493.013,,,,3.400,5,0,1,0,9,0,0,10.205,10.150,0.556,
10,200,280,0,0.000,1966.852,1493.013,,,,3.600,4,0,0,0,10,0,0,10.104,9.399,0.447,
10,200,290,0,0.000,1966.852,1493.013,,,,3.300,5,0,1,0,9,0,0,7.420,11.605,0.586,
10,200,300,0,0.000,1966.852,1493.013,,,,3.800,5,0,2,0,8,0,0,13.238,10.051,0.379,
10,200,310,0,0.000,1966.852,1493.013,,,,3.400,5,0,1,0,9,0,0,9.502,9.589,0.670,
10,200,320,0,0.000,1966.852,1493.013,,,,3.800,5,0,1,0,9,0,0,10.176,11.940,0.493,
10,200,330,0,0.000,1966.852,1493.013,,,,3.900,5,0,3,0,7,0,0,13.818,6.342,0.692,
10,200,340,0,0.000,1966.852,1493.013,,,,3.900,5,0,3,0,7,0,0,9.014,13.367,0.501,
10,200,350,0,0.000,1966.852,1493.013,,,,3.700,5,0,1,0,9,0,0,11.160,9.473,0.444,
10,200,360,0,0.000,1966.852,1493.013,,,,3.900,5,0,2,0,8,0,0,12.459,10.881,0.471,
10,200,370,0,0.000,1966.852,1493.013,,,,3.900,5,0,3,0,7,0,0,11.350,11.733,0.521,
10,200,380,0,0.000,1966.852,1493.013,,,,3.900,5,0,3,0,7,0,0,9.346,10.392,0.559,
10,200,390,0,0.000,1966.852,1493.013,,,,4.300,5,0,5,0,5,0,0,8.625,11.378,0.484,
10,210,-100,0,0.000,1966.852,1493.013,,,,0.000,0,0,0,0,0,0,10,10.858,10.292,0.629,
10,210,-90,0,0.000,1966.852,1493.013,,,,0.000,0,0,0,0,0,0,10,10.469,10.552,0.440,
10,210,-80,0,0.000,1966.852,1493.013,,,,0.000,0,0,0,0,0,0,10,11.453,11.825,0.569,
10,210,-70,0,0.000,1966.852,1493.013,,,,0.000,0,0,0,0,0,0,10,12.739,13.199,0.582,
10,210,-60,0,0.000,1966.852,1493.013,,,,0.000,0,0,0,0,0,0,10,11.542,12.825,0.490,
10,210,-50,0,0.000,1966.852,1493.013,,,,0.000,0,0,0,0,0,0,10,13.568,11.563,0.452,
10,210,-40,0,0.000,1966.852,1493.013,,,,0.000,0,0,0,0,0,0,10,10.194,10.732,0.506,
10,210,-30,0,0.000,1966.852,1493.013,,,,0.000,0,0,0,0,0,0,10,12.602,6.775,0.534,
10,210,-20,0,0.000,1966.852,1493.013,,,,0.000,0,0,0,0,0,0,10,13.683,9.286,0.555,
10,210,-10,0,0.000,1966.852,1493.013,,,,0.000,0,0,0,0,0,0,10,14.149,12.318,0.627,
10,210,0,0,0.000,1966.852,1493.013,,,,0.000,0,0,0,0,0,0,10,10.626,9.737,0.404,
10,210,10,0,0.000,1966.852,1493.013,,,,0.000,0,0,0,0,0,0,10,9.683,11.858,0.582,
10,210,20,0,0.000,1966.852,1493.013,,,,0.000,0,0,0,0,0,0,10,11.092,11.322,0.432,
10,210,30,0,0.000,1966.852,1493.013,,,,0.600,3,0,0,0,3,0,7,8.748,15.518,0.520,
10,210,40,0,0.000,1966.852,1493.013,,,,1.300,4,0,0,0,4,0,6,10.613,10.604,0.598,
10,210,50,0,0.000,1966.852,1493.013,,,,3.100,5,0,1,0,9,0,0,10.508,8.818,0.556,
10,210,60,0,0.000,1966.852,1493.013,,,,3.200,5,0,2,0,8,0,0,10.826,5.750,0.403,
10,210,70,0,0.000,1966.852,1493.013,,,,2.900,5,0,1,0,9,0,0,11.185,11.868,0.495,
10,210,80,0,0.000,1966.852,1493.013,,,,3.200,5,0,1,0,9,0,0,11.454,14.095,0.655,
10,210,90,0,0.000,1966.852,1493.013,,,,3.200,5,0,1,0,9,0,0,9.828,7.951,0.657,
10,210,100,0,0.000,1966.852,1493.013,,,,3.400,4,0,0,0,10,0,0,9.594,10.239,0.552,
10,210,110,0,0.000,1966.852,1493.013,,,,3.500,5,0,1,0,9,0,0,10.808,11.834,0.766,
10,210,120,0,0.000,1966.852,1493.013,,,,3.600,5,0,1,0,9,0,0,11.845,12.581,0.514,
10,210,130,0,0.000,1966.852,1493.013,,,,3.500,5,0,1,0,9,0,0,9.540,9.768,0.496,
10,210,140,0,0.000,1966.852,1493.013,,,,3.200,4,0,0,0,10,0,0,10.576,8.344,0.516,
10,210,150,0,0.000,1966.852,1493.013,,,,4.000,5,0,1,0,9,0,0,13.919,10.729,0.544,
10,210,160,0,0.000,1966.852,1493.013,,,,3.600,5,0,1,0,9,0,0,13.878,12.106,0.517,
10,210,170,0,0.000,1966.852,1493.013,,,,3.600,5,0,2,0,8,0,0,10.870,11.657,0.649,
10,210,180,0,0.000,1966.852,1493.013,,,,3.800,5,0,2,0,8,0,0,12.958,8.535,0.550,
10,210,190,0,0.000,1966.852,1493.013,,,,3.600,5,0,1,0,9,0,0,8.124,11.131,0.694,
10,210,200,0,0.000,1966.852,1493.013,,,,3.800,5,0,3,0,7,0,0,7.033,9.026,0.524,
10,210,210,0,0.000,1966.852,1493.013,,,,4.300,5,0,5,0,5,0,0,11.898,11.328,0.595,
10,210,220,0,0.000,1966.852,1493.013,,,,3.800,5,0,3,0,7,0,0,9.077,11.651,0.526,
10,210,230,0,0.000,1966.852,1493.013,,,,3.900,5,0,3,0,7,0,0,10.665,11.569,0.435,
10,210,240,0,0.000,1966.852,1493.013,,,,3.600,5,0,1,0,9,0,0,11.233,12.559,0.555,
10,210,250,0,0.000,1966.852,1493.013,,,,3.400,4,0,0,0,10,0,0,8.310,12.997,0.417,
10,210,260,0,0.000,1966.852,1493.013,,,,4.000,5,0,5,0,5,0,0,13.158,11.051,0.386,
10,210,270,0,0.000,1966.852,1493.013,,,,3.900,5,0,3,0,7,0,0,6.065,9.543,0.734,
10,210,280,0,0.000,1966.852,1493.013,,,,3.800,5,0,3,0,7,0,0,9.664,12.042,0.414,
10,210,290,0,0.000,1966.852,1493.013,,,,3.800,5,0,1,0,9,0,0,12.471,11.684,0.531,
10,210,300,0,0.000,1966.852,1493.013,,,,3.600,4,0,0,0,10,0,0,9.655,6.565,0.588,
10,210,310,0,0.000,1966.852,1493.013,,,,3.600,5,0,2,0,8,0,0,12.104,11.293,0.397,
10,210,320,0,0.000,1966.852,1493.013,,,,3.800,5,0,1,0,9,0,0,11.215,10.621,0.573,
10,210,330,0,0.000,1966.852,1493.013,,,,3.400,4,0,0,0,10,0,0,10.649,11.136,0.540,
10,210,340,0,0.000,1966.852,1493.013,,,,4.000,5,0,2,0,8,0,0,9.331,12.083,0.459,
10,210,350,0,0.000,1966.852,1493.013,,,,3.800,5,0,2,0,8,0,0,10.302,9.375,0.629,
10,210,360,0,0.000,1966.852,1493.013,,,,4.000,5,0,4,0,6,0,0,12.791,11.182,0.512,
10,210,370,0,0.000,1966.852,1493.013,,,,3.200,4,0,0,0,10,0,0,11.126,9.669,0.456,
10,210,380,0,0.000,1966.852,1493.013,,,,4.200,5,0,5,0,5,0,0,9.938,13.976,0.537,
10,210,390,0,0.000,1966.852,1493.013,,,,3.700,5,0,2,0,8,0,0,9.428,11.370,0.545,
10,220,-100,0,0.000,1966.852,1493.013,,,,0.000,0,0,0,0,0,0,10,10.545,11.086,0.566,
10,220,-90,0,0.000,1966.852,1493.013,,,,0.000,0,0,0,0,0,0,10,14.514,9.115,0.597,
10,220,-80,0,0.000,1966.852,1493.013,,,,0.000,0,0,0,0,0,0,10,10.472,4.139,0.552,
10,220,-70,0,0.000,1966.852,1493.013,,,,0.000,0,0,0,0,0,0,10,9.269,11.070,0.528,
10,220,-60,0,0.000,1966.852,1493.013,,,,0.000,0,0,0,0,0,0,10,11.193,10.274,0.612,
10,220,-50,0,0.000,1966.852,1493.013,,,,0.000,0,0,0,0,0,0,10,10.845,10.299,0.499,
10,220,-40,0,0.000,1966.852,1493.013,,,,0.000,0,0,0,0,0,0,10,11.775,10.599,0.433,
10,220,-30,0,0.000,1966.852,1493.013,,,,0.000,0,0,0,0,0,0,10,9.819,12.717,0.461,
10,220,-20,0,0.000,1966.852,1493.013,,,,0.000,0,0,0,0,0,0,10,10.338,8.977,0.572,
10,220,-10,0,0.000,1966.852,1493.013,,,,0.000,0,0,0,0,0,0,10,12.093,12.687,0.532,
10,220,0,0,0.000,1966.852,1493.013,,,,0.000,0,0,0,0,0,0,10,8.232,8.146,0.549,
10,220,10,0,0.000,1966.852,1493.013,,,,0.000,0,0,0,0,0,0,10,12.480,9.879,0.561,
10,220,20,0,0.000,1966.852,1493.013,,,,0.000,0,0,0,0,0,0,10,13.721,9.232,0.566,
10,220,30,0,0.000,1966.852,1493.013,,,,1.000,4,0,0,0,3,0,7,10.105,14.063,0.576,
10,220,40,0,0.000,1966.852,1493.013,,,,2.100,4,0,0,0,7,0,3,12.450,11.778,0.510,
10,220,50,0,0.000,1966.852,1493.013,,,,2.000,4,0,0,0,7,0,3,11.070,14.418,0.512,
10,220,60,0,0.000,1966.852,1493.013,,,,3.000,5,0,1,0,9,0,0,11.047,10.561,0.545,
10,220,70,0,0.000,1966.852,1493.013,,,,2.900,5,0,1,0,9,0,0,11.473,6.348,0.604,
10,220,80,0,0.000,1966.852,1493.013,,,,3.100,5,0,1,0,9,0,0,13.222,10.947,0.327,
10,220,90,0,0.000,1966.852,1493.013,,,,3.300,5,0,2,0,8,0,0,8.927,10.767,0.617,
10,220,100,0,0.000,1966.852,1493.013,,,,3.800,5,0,1,0,9,0,0,10.069,13.058,0.616,
10,220,110,0,0.000,1966.852,1493.013,,,,3.300,5,0,2,0,8,0,0,9.628,12.837,0.619,
10,220,120,0,0.000,1966.852,1493.013,,,,3.200,5,0,1,0,9,0,0,13.704,8.383,0.433,
10,220,130,0,0.000,1966.852,1493.013,,,,3.300,5,0,1,0,9,0,0,6.614,14.412,0.423,
10,220,140,0,0.000,1966.852,1493.013,,,,3.600,5,0,2,0,8,0,0,13.144,7.843,0.607,
10,220,150,0,0.000,1966.852,1493.013,,,,3.600,5,0,3,0,7,0,0,7.894,10.560,0.486,
10,220,160,0,0.000,1966.852,1493.013,,,,3.700,5,0,3,0,7,0,0,12.138,9.076,0.467,
10,220,170,0,0.000,1966.852,1493.013,,,,3.500,5,0,1,0,9,0,0,8.410,10.948,0.465,
10,220,180,0,0.000,1966.852,1493.013,,,,3.500,5,0,2,0,8,0,0,10.976,10.359,0.528,
10,220,190,0,0.000,1966.852,1493.013,,,,3.900,5,0,3,0,7,0,0,10.893,12.523,0.502,
10,220,200,0,0.000,1966.852,1493.013,,,,3.900,5,0,4,0,6,0,0,9.013,12.129,0.379,
10,220,210,0,0.000,1966.852,1493.013,,,,3.700,5,0,1,0,9,0,0,9.931,14.310,0.611,
10,220,220,0,0.000,1966.852,1493.013,,,,3.500,5,0,1,0,9,0,0,12.504,13.095,0.500,
10,220,230,0,0.000,1966.852,1493.013,,,,3.700,5,0,2,0,8,0,0,10.617,10.832,0.538,
10,220,240,0,0.000,1966.852,1493.013,,,,3.800,5,0,3,0,7,0,0,8.987,6.218,0.521,
10,220,250,0,0.000,1966.852,1493.013,,,,4.300,5,0,5,0,5,0,0,11.074,10.543,0.481,
10,220,260,0,0.000,1966.852,1493.013,,,,3.900,5,0,4,0,6,0,0,9.224,7.769,0.445,
10,220,270,0,0.000,1966.852,1493.013,,,,3.500,4,0,0,0,10,0,0,10.696,11.224,0.533,
10,220,280,0,0.000,1966.852,1493.013,,,,4.100,5,0,4,0,6,0,0,8.869,11.066,0.473,
10,220,290,0,0.000,1966.852,1493.013,,,,4.000,5,0,2,0,8,0,0,10.308,11.385,0.504,
10,220,300,0,0.000,1966.852,1493.013,,,,3.600,5,0,1,0,9,0,0,9.673,7.334,0.467,
10,220,310,0,0.000,1966.852,1493.013,,,,3.700,5,0,2,0,8,0,0,7.994,11.095,0.576,
10,220,320,0,0.000,1966.852,1493.013,,,,4.300,5,0,6,0,4,0,0,11.018,11.191,0.370,
10,220,330,0,0.000,1966.852,1493.013,,,,3.700,5,0,2,0,8,0,0,13.777,12.191,0.522,
10,220,340,0,0.000,1966.852,1493.013,,,,3.600,5,0,2,0,8,0,0,14.265,11.423,0.489,
10,220,350,0,0.000,1966.852,1493.013,,,,3.700,5,0,2,0,8,0,0,10.206,12.172,0.602,
10,220,360,0,0.000,1966.852,1493.013,,,,4.200,5,0,5,0,5,0,0,8.628,10.368,0.375,
10,220,370,0,0.000,1966.852,1493.013,,,,4.000,5,0,3,0,7,0,0,11.506,11.237,0.452,
10,220,380,0,0.000,1966.852,1493.013,,,,4.100,5,0,3,0,7,0,0,9.197,11.738,0.651,
10,220,390,0,0.000,1966.852,1493.013,,,,3.500,5,0,1,0,9,0,0,11.054,11.535,0.522,
10,230,-100,0,0.000,1966.852,1493.013,,,,0.000,0,0,0,0,0,0,10,9.611,12.579,0.765,
10,230,-90,0,0.000,1966.852,1493.013,,,,0.000,0,0,0,0,0,0,10,11.881,8.290,0.696,
10,230,-80,0,0.000,1966.852,1493.013,,,,0.000,0,0,0,0,0,0,10,5.792,10.188,0.493,
10,230,-70,0,0.000,1966.852,1493.013,,,,0.000,0,0,0,0,0,0,10,13.427,9.915,0.607,
10,230,-60,0,0.000,1966.852,1493.013,,,,0.000,0,0,0,0,0,0,10,12.748,10.127,0.600,
10,230,-50,0,0.000,1966.852,1493.013,,,,0.000,0,0,0,0,0,0,10,11.246,11.334,0.533,
10,230,-40,0,0.000,1966.852,1493.013,,,,0.000,0,0,0,0,0,0,10,12.963,10.386,0.522,
10,230,-30,0,0.000,1966.852,1493.013,,,,0.000,0,0,0,0,0,0,10,12.717,11.708,0.634,
10,230,-20,0,0.000,1966.852,1493.013,,,,0.000,0,0,0,0,0,0,10,11.251,8.916,0.525,
10,230,-10,0,0.000,1966.852,1493.013,,,,0.000,0,0,0,0,0,0,10,10.577,11.260,0.731,
10,230,0,0,0.000,1966.852,1493.013,,,,0.000,0,0,0,0,0,0,10,7.415,10.011,0.475,
10,230,10,0,0.000,1966.852,1493.013,,,,0.000,0,0,0,0,0,0,10,12.501,9.656,0.478,
10,230,20,0,0.000,1966.852,1493.013,,,,0.000,0,0,0,0,0,0,10,11.582,6.508,0.396,
10,230,30,0,0.000,1966.852,1493.013,,,,0.500,3,0,0,0,2,0,8,8.401,12.681,0.580,
10,230,40,0,0.000,1966.852,1493.013,,,,0.900,4,0,0,0,3,0,7,11.235,10.574,0.543,
10,230,50,0,0.000,1966.852,1493.013,,,,2.800,4,0,0,0,9,0,1,5.317,10.010,0.537,
10,230,60,0,0.000,1966.852,1493.013,,,,2.800,5,0,1,0,8,0,1,8.870,9.855,0.583,
10,230,70,0,0.000,1966.852,1493.013,,,,3.100,5,0,1,0,9,0,0,9.638,13.073,0.542,
10,230,80,0,0.000,1966.852,1493.013,,,,3.300,5,0,1,0,9,0,0,13.399,11.937,0.574,
10,230,90,0,0.000,1966.852,1493.013,,,,3.900,5,0,4,0,6,0,0,10.298,8.036,0.552,
10,230,100,0,0.000,1966.852,1493.013,,,,3.100,5,0,1,0,9,0,0,7.175,9.997,0.523,
10,230,110,0,0.000,1966.852,1493.013,,,,3.600,5,0,1,0,9,0,0,12.772,11.252,0.471,
10,230,120,0,0.000,1966.852,1493.013,,,,3.100,5,0,1,0,9,0,0,11.380,11.082,0.539,
10,230,130,0,0.000,1966.852,1493.013,,,,3.700,5,0,1,0,9,0,0,12.575,12.350,0.613,
10,230,140,0,0.000,1966.852,1493.013,,,,3.500,5,0,2,0,8,0,0,10.711,10.265,0.484,
10,230,150,0,0.000,1966.852,1493.013,,,,4.100,5,0,4,0,6,0,0,8.524,13.130,0.602,
10,230,160,0,0.000,1966.852,1493.013,,,,3.700,5,0,3,0,7,0,0,10.296,13.552,0.674,
10,230,170,0,0.000,1966.852,1493.013,,,,4.300,5,0,4,0,6,0,0,13.190,8.824,0.561,
10,230,180,0,0.000,1966.852,1493.013,,,,4.200,5,0,5,0,5,0,0,8.373,8.992,0.542,
10,230,190,0,0.000,1966.852,1493.013,,,,4.300,5,0,4,0,6,0,0,11.769,11.817,0.608,
10,230,200,0,0.000,1966.852,1493.013,,,,3.600,5,0,1,0,9,0,0,10.384,10.641,0.644,
10,230,210,0,0.000,1966.852,1493.013,,,,4.500,5,0,6,0,4,0,0,9.050,11.488,0.612,
10,230,220,0,0.000,1966.852,1493.013,,,,3.900,5,0,3,0,7,0,0,9.130,13.574,0.519,
10,230,230,0,0.000,1966.852,1493.013,,,,3.900,5,0,3,0,7,0,0,12.143,9.343,0.549,
10,230,240,0,0.000,1966.852,1493.013,,,,4.200,5,0,5,0,5,0,0,5.634,12.508,0.632,
10,230,250,0,0.000,1966.852,1493.013,,,,4.000,5,0,3,0,7,0,0,9.536,10.975,0.647,
10,230,260,0,0.000,1966.852,1493.013,,,,3.600,5,0,2,0,8,0,0,6.334,9.951,0.515,
10,230,270,0,0.000,1966.852,1493.013,,,,4.300,5,0,5,0,5,0,0,11.762,6.420,0.486,
10,230,280,0,0.000,1966.852,1493.013,,,,3.800,5,0,3,0,7,0,0,10.218,12.562,0.591,
10,230,290,0,0.000,1966.852,1493.013,,,,4.100,5,0,3,0,7,0,0,10.983,12.180,0.354,
10,230,300,0,0.000,1966.852,1493.013,,,,4.100,5,0,2,0,8,0,0,11.784,13.959,0.481,
10,230,310,0,0.000,1966.852,1493.013,,,,3.900,5,0,3,0,7,0,0,13.529,5.334,0.399,
10,230,320,0,0.000,1966.852,1493.013,,,,3.800,5,0,2,0,8,0,0,8.843,9.115,0.682,
10,230,330,0,0.000,1966.852,1493.013,,,,4.200,5,0,4,0,6,0,0,11.321,8.172,0.479,
10,230,340,0,0.000,1966.852,1493.013,,,,3.600,5,0,1,0,9,0,0,13.028,11.516,0.568,
10,230,350,0,0.000,1966.852,1493.013,,,,3.900,5,0,4,0,6,0,0,11.416,11.965,0.439,
10,230,360,0,0.000,1966.852,1493.013,,,,4.200,5,0,3,0,7,0,0,12.761,9.017,0.556,
10,230,370,0,0.000,1966.852,1493.013,,,,3.800,5,0,2,0,8,0,0,11.664,12.403,0.569,
10,230,380,0,0.000,1966.852,1493.013,,,,3.800,5,0,2,0,8,0,0,9.800,13.773,0.645,
10,230,390,0,0.000,1966.852,1493.013,,,,4.200,5,0,6,0,4,0,0,13.588,9.810,0.496,
10,240,-100,0,0.000,1966.852,1493.013,,,,0.000,0,0,0,0,0,0,10,8.240,10.160,0.608,
10,240,-90,0,0.000,1966.852,1493.013,,,,0.000,0,0,0,0,0,0,10,7.806,9.810,0.757,
10,240,-80,0,0.000,1966.852,1493.013,,,,0.000,0,0,0,0,0,0,10,11.221,11.174,0.585,
10,240,-70,0,0.000,1966.852,1493.013,,,,0.000,0,0,0,0,0,0,10,11.026,9.090,0.330,
10,240,-60,0,0.000,1966.852,1493.013,,,,0.000,0,0,0,0,0,0,10,10.043,12.488,0.575,
10,240,-50,0,0.000,1966.852,1493.013,,,,0.000,0,0,0,0,0,0,10,9.045,14.914,0.555,
10,240,-40,0,0.000,1966.852,1493.013,,,,0.000,0,0,0,0,0,0,10,10.462,14.101,0.524,
10,240,-30,0,0.000,1966.852,1493.013,,,,0.000,0,0,0,0,0,0,10,9.538,11.471,0.541,
10,240,-20,0,0.000,1966.852,1493.013,,,,0.000,0,0,0,0,0,0,10,12.631,12.743,0.672,
10,240,-10,0,0.000,1966.852,1493.013,,,,0.000,0,0,0,0,0,0,10,13.268,8.894,0.591,
10,240,0,0,0.000,1966.852,1493.013,,,,0.000,0,0,0,0,0,0,10,11.050,8.889,0.489,
10,240,10,0,0.000,1966.852,1493.013,,,,0.000,0,0,0,0,0,0,10,10.444,10.114,0.449,
10,240,20,0,0.000,1966.852,1493.013,,,,0.000,0,0,0,0,0,0,10,12.742,10.517,0.657,
10,240,30,0,0.000,1966.852,1493.013,,,,0.700,4,0,0,0,3,0,7,12.097,13.649,0.577,
10,240,40,0,0.000,1966.852,1493.013,,,,1.900,5,0,1,0,6,0,3,14.120,10.717,0.440,
10,240,50,0,0.000,1966.852,1493.013,,,,2.300,5,0,1,0,6,0,3,12.006,13.805,0.343,
10,240,60,0,0.000,1966.852,1493.013,,,,3.100,5,0,1,0,8,0,1,12.217,9.821,0.379,
10,240,70,0,0.000,1966.852,1493.013,,,,3.500,5,0,1,0,9,0,0,8.401,9.245,0.505,
10,240,80,0,0.000,1966.852,1493.013,,,,3.900,5,0,3,0,7,0,0,12.426,11.692,0.659,
10,240,90,0,0.000,1966.852,1493.013,,,,3.500,5,0,1,0,9,0,0,11.293,8.783,0.490,
10,240,100,0,0.000,1966.852,1493.013,,,,3.600,5,0,3,0,7,0,0,11.446,11.446,0.466,
10,240,110,0,0.000,1966.852,1493.013,,,,3.800,5,0,3,0,7,0,0,7.638,10.685,0.601,
10,240,120,0,0.000,1966.852,1493.013,,,,3.700,5,0,1,0,9,0,0,12.798,11.223,0.565,
10,240,130,0,0.000,1966.852,1493.013,,,,3.600,5,0,1,0,9,0,0,9.990,10.849,0.572,
10,240,140,0,0.000,1966.852,1493.013,,,,4.000,5,0,3,0,7,0,0,11.967,8.998,0.687,
10,240,150,0,0.000,1966.852,1493.013,,,,3.700,5,0,2,0,8,0,0,9.686,11.077,0.535,
10,240,160,0,0.000,1966.852,1493.013,,,,3.800,5,0,2,0,8,0,0,11.467,11.636,0.583,
10,240,170,0,0.000,1966.852,1493.013,,,,3.500,5,0,1,0,9,0,0,12.830,10.061,0.605,
10,240,180,0,0.000,1966.852,1493.013,,,,3.900,5,0,3,0,7,0,0,7.901,8.749,0.586,
10,240,190,0,0.000,1966.852,1493.013,,,,4.000,5,0,3,0,7,0,0,9.742,9.474,0.536,
10,240,200,0,0.000,1966.852,1493.013,,,,3.500,5,0,1,0,9,0,0,11.398,11.587,0.592,
10,240,210,0,0.000,1966.852,1493.013,,,,4.100,5,0,1,0,9,0,0,10.098,9.390,0.479,
10,240,220,0,0.000,1966.852,1493.013,,,,4.100,5,0,2,0,8,0,0,8.787,12.103,0.589,
10,240,230,0,0.000,1966.852,1493.013,,,,4.100,5,0,4,0,6,0,0,11.608,11.382,0.462,
10,240,240,0,0.000,1966.852,1493.013,,,,3.800,5,0,2,0,8,0,0,10.932,11.709,0.578,
10,240,250,0,0.000,1966.852,1493.013,,,,3.700,5,0,2,0,8,0,0,8.989,11.860,0.497,
10,240,260,0,0.000,1966.852,1493.013,,,,3.700,5,0,2,0,8,0,0,11.498,8.601,0.670,
10,240,270,0,0.000,1966.852,1493.013,,,,4.000,5,0,3,0,7,0,0,12.045,10.774,0.583,
10,240,280,0,0.000,1966.852,1493.013,,,,3.800,5,0,2,0,8,0,0,13.677,12.864,0.489,
10,240,290,0,0.000,1966.852,1493.013,,,,4.100,5,0,3,0,7,0,0,8.573,13.234,0.614,
10,240,300,0,0.000,1966.852,1493.013,,,,3.800,5,0,2,0,8,0,0,12.476,12.472,0.340,
10,240,310,0,0.000,1966.852,1493.013,,,,3.600,5,0,2,0,8,0,0,10.721,11.982,0.563,
10,240,320,0,0.000,1966.852,1493.013,,,,3.500,5,0,1,0,9,0,0,4.678,10.615,0.668,
10,240,330,0,0.000,1966.852,1493.013,,,,3.600,5,0,2,0,8,0,0,13.970,10.483,0.528,
10,240,340,0,0.000,1966.852,1493.013,,,,4.100,5,0,4,0,6,0,0,11.476,6.007,0.714,
10,240,350,0,0.000,1966.852,1493.013,,,,3.700,5,0,1,0,9,0,0,10.927,10.433,0.440,
10,240,360,0,0.000,1966.852,1493.013,,,,3.900,5,0,3,0,7,0,0,11.839,12.991,0.625,
10,240,370,0,0.000,1966.852,1493.013,,,,3.700,5,0,1,0,9,0,0,12.204,9.577,0.502,
10,240,380,0,0.000,1966.852,1493.013,,,,4.000,5,0,3,0,7,0,0,11.154,14.448,0.758,
10,240,390,0,0.000,1966.852,1493.013,,,,4.200,5,0,4,0,6,0,0,9.210,11.761,0.336,
10,250,-100,0,0.000,1966.852,1493.013,,,,0.000,0,0,0,0,0,0,10,10.236,10.794,0.563,
10,250,-90,0,0.000,1966.852,1493.013,,,,0.000,0,0,0,0,0,0,10,10.707,14.572,0.643,
10,250,-80,0,0.000,1966.852,1493.013,,,,0.000,0,0,0,0,0,0,10,10.438,8.776,0.424,
10,250,-70,0,0.000,1966.852,1493.013,,,,0.000,0,0,0,0,0,0,10,9.023,9.415,0.406,
10,250,-60,0,0.000,1966.852,1493.013,,,,0.000,0,0,0,0,0,0,10,11.164,11.707,0.631,
10,250,-50,0,0.000,1966.852,1493.013,,,,0.000,0,0,0,0,0,0,10,11.175,15.035,0.643,
10,250,-40,0,0.000,1966.852,1493.013,,,,0.000,0,0,0,0,0,0,10,11.547,9.887,0.539,
10,250,-30,0,0.000,1966.852,1493.013,,,,0.000,0,0,0,0,0,0,10,7.396,13.965,0.545,
10,250,-20,0,0.000,1966.852,1493.013,,,,0.000,0,0,0,0,0,0,10,10.667,10.471,0.599,
10,250,-10,0,0.000,1966.852,1493.013,,,,0.000,0,0,0,0,0,0,10,8.444,11.305,0.746,
10,250,0,0,0.000,1966.852,1493.013,,,,0.000,0,0,0,0,0,0,10,10.385,12.741,0.567,
10,250,10,0,0.000,1966.852,1493.013,,,,0.000,0,0,0,0,0,0,10,8.533,11.202,0.576,
10,250,20,0,0.000,1966.852,1493.013,,,,0.000,0,0,0,0,0,0,10,9.077,12.041,0.501,
10,250,30,0,0.000,1966.852,1493.013,,,,0.000,0,0,0,0,0,0,10,11.653,9.221,0.628,
10,250,40,0,0.000,1966.852,1493.013,,,,1.400,3,0,0,0,5,0,5,7.228,10.105,0.515,
10,250,50,0,0.000,1966.852,1493.013,,,,2.000,4,0,0,0,6,0,4,9.922,9.102,0.375,
10,250,60,0,0.000,1966.852,1493.013,,,,2.500,4,0,0,0,8,0,2,11.790,11.888,0.621,
10,250,70,0,0.000,1966.852,1493.013,,,,3.500,5,0,3,0,7,0,0,10.134,12.658,0.708,
10,250,80,0,0.000,1966.852,1493.013,,,,3.800,5,0,3,0,7,0,0,13.215,10.636,0.667,
10,250,90,0,0.000,1966.852,1493.013,,,,3.900,5,0,2,0,8,0,0,12.649,13.042,0.316,
10,250,100,0,0.000,1966.852,1493.013,,,,3.700,5,0,1,0,9,0,0,9.539,8.795,0.390,
10,250,110,0,0.000,1966.852,1493.013,,,,4.000,5,0,3,0,7,0,0,10.668,15.088,0.499,
10,250,120,0,0.000,1966.852,1493.013,,,,3.700,5,0,2,0,8,0,0,12.442,10.038,0.539,
10,250,130,0,0.000,1966.852,1493.013,,,,3.900,5,0,1,0,9,0,0,9.269,9.861,0.436,
10,250,140,0,0.000,1966.852,1493.013,,,,3.900,5,0,3,0,7,0,0,10.805,10.848,0.612,
10,250,150,0,0.000,1966.852,1493.013,,,,4.100,5,0,4,0,6,0,0,12.349,9.107,0.541,
10,250,160,0,0.000,1966.852,1493.013,,,,3.700,5,0,1,0,9,0,0,13.522,12.794,0.501,
10,250,170,0,0.000,1966.852,1493.013,,,,4.000,5,0,3,0,7,0,0,12.902,9.729,0.513,
10,250,180,0,0.000,1966.852,1493.013,,,,4.100,5,0,3,0,7,0,0,12.233,11.667,0.655,
10,250,190,0,0.000,1966.852,1493.013,,,,3.500,5,0,1,0,9,0,0,11.714,11.912,0.406,
10,250,200,0,0.000,1966.852,1493.013,,,,4.100,5,0,4,0,6,0,0,9.618,13.122,0.644,
10,250,210,0,0.000,1966.852,1493.013,,,,4.100,5,0,3,0,7,0,0,11.541,5.859,0.609,
10,250,220,0,0.000,1966.852,1493.013,,,,3.700,5,0,3,0,7,0,0,12.969,9.639,0.592,
10,250,230,0,0.000,1966.852,1493.013,,,,3.700,5,0,1,0,9,0,0,9.264,10.449,0.522,
10,250,240,0,0.000,1966.852,1493.013,,,,4.100,5,0,3,0,7,0,0,11.629,11.075,0.541,
10,250,250,0,0.000,1966.852,1493.013,,,,3.800,5,0,3,0,7,0,0,14.423,9.690,0.534,
10,250,260,0,0.000,1966.852,1493.013,,,,4.000,5,0,3,0,7,0,0,8.679,9.553,0.419,
10,250,270,0,0.000,1966.852,1493.013,,,,3.600,5,0,1,0,9,0,0,9.658,8.825,0.575,
10,250,280,0,0.000,1966.852,1493.013,,,,4.000,5,0,2,0,8,0,0,10.761,12.027,0.440,
10,250,290,0,0.000,1966.852,1493.013,,,,3.700,5,0,3,0,7,0,0,10.353,9.870,0.634,
10,250,300,0,0.000,1966.852,1493.013,,,,4.000,5,0,1,0,9,0,0,8.890,11.213,0.490,
10,250,310,0,0.000,1966.852,1493.013,,,,4.000,5,0,3,0,7,0,0,10.652,12.378,0.574,
10,250,320,0,0.000,1966.852,1493.013,,,,3.900,5,0,2,0,8,0,0,13.292,11.988,0.576,
10,250,330,0,0.000,1966.852,1493.013,,,,4.300,5,0,4,0,6,0,0,10.996,8.169,0.349,
10,250,340,0,0.000,1966.852,1493.013,,,,4.000,5,0,3,0,7,0,0,15.154,9.457,0.461,
10,250,350,0,0.000,1966.852,1493.013,,,,4.000,5,0,4,0,6,0,0,10.590,9.329,0.450,
10,250,360,0,0.000,1966.852,1493.013,,,,3.800,5,0,1,0,9,0,0,9.605,14.461,0.447,
10,250,370,0,0.000,1966.852,1493.013,,,,3.700,5,0,2,0,8,0,0,13.362,8.871,0.472,
10,250,380,0,0.000,1966.852,1493.013,,,,4.400,5,0,5,0,5,0,0,12.309,9.085,0.638,
10,250,390,0,0.000,1966.852,1493.013,,,,4.200,5,0,4,0,6,0,0,11.656,12.557,0.667,
10,260,-100,0,0.000,1966.852,1493.013,,,,0.000,0,0,0,0,0,0,10,11.415,11.493,0.521,
10,260,-90,0,0.000,1966.852,1493.013,,,,0.000,0,0,0,0,0,0,10,9.730,11.228,0.709,
10,260,-80,0,0.000,1966.852,1493.013,,,,0.000,0,0,0,0,0,0,10,12.325,13.139,0.617,
10,260,-70,0,0.000,1966.852,1493.013,,,,0.000,0,0,0,0,0,0,10,10.093,9.100,0.587,
10,260,-60,0,0.000,1966.852,1493.013,,,,0.000,0,0,0,0,0,0,10,12.792,11.810,0.560,
10,260,-50,0,0.000,1966.852,1493.013,,,,0.000,0,0,0,0,0,0,10,12.354,10.839,0.634,
10,260,-40,0,0.000,1966.852,1493.013,,,,0.000,0,0,0,0,0,0,10,11.909,10.868,0.566,
10,260,-30,0,0.000,1966.852,1493.013,,,,0.000,0,0,0,0,0,0,10,7.487,13.200,0.611,
10,260,-20,0,0.000,1966.852,1493.013,,,,0.000,0,0,0,0,0,0,10,13.375,7.782,0.548,
10,260,-10,0,0.000,1966.852,1493.013,,,,0.000,0,0,0,0,0,0,10,12.655,12.250,0.771,
10,260,0,0,0.000,1966.852,1493.013,,,,0.000,0,0,0,0,0,0,10,9.877,7.798,0.379,
10,260,10,0,0.000,1966.852,1493.013,,,,0.000,0,0,0,0,0,0,10,11.129,13.735,0.680,
10,260,20,0,0.000,1966.852,1493.013,,,,0.000,0,0,0,0,0,0,10,7.217,11.814,0.325,
10,260,30,0,0.000,1966.852,1493.013,,,,0.000,0,0,0,0,0,0,10,10.335,10.922,0.533,
10,260,40,0,0.000,1966.852,1493.013,,,,0.600,3,0,0,0,2,0,8,10.979,9.576,0.549,
10,260,50,0,0.000,1966.852,1493.013,,,,2.600,4,0,0,0,8,0,2,8.105,9.958,0.508,
10,260,60,0,0.000,1966.852,1493.013,,,,2.500,4,0,0,0,9,0,1,10.452,11.275,0.499,
10,260,70,0,0.000,1966.852,1493.013,,,,3.900,5,0,2,0,8,0,0,10.401,9.200,0.525,
10,260,80,0,0.000,1966.852,1493.013,,,,3.600,5,0,1,0,9,0,0,13.773,9.964,0.649,
10,260,90,0,0.000,1966.852,1493.013,,,,4.100,5,0,3,0,7,0,0,12.672,10.002,0.551,
10,260,100,0,0.000,1966.852,1493.013,,,,4.200,5,0,5,0,5,0,0,13.704,10.294,0.578,
10,260,110,0,0.000,1966.852,1493.013,,,,4.000,5,0,5,0,5,0,0,10.678,10.762,0.528,
10,260,120,0,0.000,1966.852,1493.013,,,,4.100,5,0,3,0,7,0,0,11.580,7.348,0.607,
10,260,130,0,0.000,1966.852,1493.013,,,,4.100,5,0,3,0,7,0,0,10.212,10.938,0.392,
10,260,140,0,0.000,1966.852,1493.013,,,,3.900,5,0,1,0,9,0,0,9.895,9.052,0.437,
10,260,150,0,0.000,1966.852,1493.013,,,,4.200,5,0,4,0,6,0,0,10.465,9.722,0.530,
10,260,160,0,0.000,1966.852,1493.013,,,,3.900,5,0,2,0,8,0,0,12.673,13.408,0.502,
10,260,170,0,0.000,1966.852,1493.013,,,,4.500,5,0,5,0,5,0,0,11.838,11.101,0.610,
10,260,180,0,0.000,1966.852,1493.013,,,,3.800,5,0,2,0,8,0,0,9.618,13.234,0.641,
10,260,190,0,0.000,1966.852,1493.013,,,,3.900,5,0,2,0,8,0,0,10.741,9.765,0.415,
10,260,200,0,0.000,1966.852,1493.013,,,,4.100,5,0,5,0,5,0,0,8.385,9.322,0.661,
10,260,210,0,0.000,1966.852,1493.013,,,,3.700,5,0,1,0,9,0,0,9.348,12.346,0.513,
10,260,220,0,0.000,1966.852,1493.013,,,,4.000,5,0,4,0,6,0,0,10.682,9.273,0.585,
10,260,230,0,0.000,1966.852,1493.013,,,,3.800,5,0,2,0,8,0,0,8.589,8.601,0.575,
10,260,240,0,0.000,1966.852,1493.013,,,,3.500,5,0,2,0,8,0,0,10.615,10.350,0.433,
10,260,250,0,0.000,1966.852,1493.013,,,,3.500,5,0,1,0,9,0,0,10.822,13.177,0.522,
10,260,260,0,0.000,1966.852,1493.013,,,,4.100,5,0,4,0,6,0,0,9.335,8.806,0.527,
10,260,270,0,0.000,1966.852,1493.013,,,,3.500,4,0,0,0,10,0,0,12.639,11.293,0.461,
10,260,280,0,0.000,1966.852,1493.013,,,,3.700,5,0,2,0,8,0,0,12.133,14.723,0.413,
10,260,290,0,0.000,1966.852,1493.013,,,,3.700,5,0,2,0,8,0,0,12.116,13.199,0.562,
10,260,300,0,0.000,1966.852,1493.013,,,,3.900,5,0,2,0,8,0,0,11.428,11.975,0.553,
10,260,310,0,0.000,1966.852,1493.013,,,,3.700,5,0,2,0,8,0,0,11.042,10.572,0.654,
10,260,320,0,0.000,1966.852,1493.013,,,,3.500,5,0,1,0,9,0,0,14.382,10.403,0.614,
10,260,330,0,0.000,1966.852,1493.013,,,,3.900,5,0,2,0,8,0,0,11.126,12.409,0.537,
10,260,340,0,0.000,1966.852,1493.013,,,,3.900,5,0,2,0,8,0,0,11.242,9.763,0.505,
10,260,350,0,0.000,1966.852,1493.013,,,,4.300,5,0,4,0,6,0,0,8.943,7.025,0.518,
10,260,360,0,0.000,1966.852,1493.013,,,,4.300,5,0,4,0,6,0,0,8.996,10.705,0.555,
10,260,370,0,0.000,1966.852,1493.013,,,,3.800,5,0,1,0,9,0,0,10.408,10.174,0.521,
10,260,380,0,0.000,1966.852,1493.013,,,,3.500,4,0,0,0,10,0,0,8.960,12.545,0.649,
10,260,390,0,0.000,1966.852,1493.013,,,,4.100,5,0,2,0,8,0,0,10.786,8.452,0.615,
10,270,-100,0,0.000,1966.852,1493.013,,,,0.000,0,0,0,0,0,0,10,8.122,12.513,0.496,
10,270,-90,0,0.000,1966.852,1493.013,,,,0.000,0,0,0,0,0,0,10,10.675,11.840,0.493,
10,270,-80,0,0.000,1966.852,1493.013,,,,0.000,0,0,0,0,0,0,10,13.465,11.320,0.674,
10,270,-70,0,0.000,1966.852,1493.013,,,,0.000,0,0,0,0,0,0,10,11.676,9.580,0.601,
10,270,-60,0,0.000,1966.852,1493.013,,,,0.000,0,0,0,0,0,0,10,11.827,9.325,0.545,
10,270,-50,0,0.000,1966.852,1493.013,,,,0.000,0,0,0,0,0,0,10,8.984,13.050,0.498,
10,270,-40,0,0.000,1966.852,1493.013,,,,0.000,0,0,0,0,0,0,10,11.787,13.832,0.592,
10,270,-30,0,0.000,1966.852,1493.013,,,,0.000,0,0,0,0,0,0,10,13.111,10.802,0.490,
10,270,-20,0,0.000,1966.852,1493.013,,,,0.000,0,0,0,0,0,0,10,9.294,10.643,0.388,
10,270,-10,0,0.000,1966.852,1493.013,,,,0.000,0,0,0,0,0,0,10,8.009,13.785,0.530,
10,270,0,0,0.000,1966.852,1493.013,,,,0.000,0,0,0,0,0,0,10,10.652,9.186,0.509,
10,270,10,0,0.000,1966.852,1493.013,,,,0.000,0,0,0,0,0,0,10,11.644,12.027,0.603,
10,270,20,0,0.000,1966.852,1493.013,,,,0.000,0,0,0,0,0,0,10,11.741,7.610,0.705,
10,270,30,0,0.000,1966.852,1493.013,,,,0.000,0,0,0,0,0,0,10,8.768,8.366,0.681,
10,270,40,0,0.000,1966.852,1493.013,,,,1.300,5,0,1,0,3,0,6,12.796,11.714,0.588,
10,270,50,0,0.000,1966.852,1493.013,,,,1.300,4,0,0,0,4,0,6,12.680,13.139,0.543,
10,270,60,0,0.000,1966.852,1493.013,,,,3.800,5,0,3,0,6,0,1,9.827,12.290,0.537,
10,270,70,0,0.000,1966.852,1493.013,,,,3.400,5,0,1,0,9,0,0,12.995,7.903,0.554,
10,270,80,0,0.000,1966.852,1493.013,,,,4.000,5,0,2,0,8,0,0,9.277,8.054,0.463,
10,270,90,0,0.000,1966.852,1493.013,,,,4.400,5,0,6,0,4,0,0,12.199,13.022,0.591,
10,270,100,0,0.000,1966.852,1493.013,,,,4.100,5,0,2,0,8,0,0,9.974,9.181,0.532,
10,270,110,0,0.000,1966.852,1493.013,,,,4.100,5,0,4,0,6,0,0,7.663,8.286,0.339,
10,270,120,0,0.000,1966.852,1493.013,,,,3.900,5,0,3,0,7,0,0,11.157,12.351,0.537,
10,270,130,0,0.000,1966.852,1493.013,,,,4.100,5,0,2,0,8,0,0,13.441,9.448,0.729,
10,270,140,0,0.000,1966.852,1493.013,,,,4.300,5,0,4,0,6,0,0,11.846,12.246,0.390,
10,270,150,0,0.000,1966.852,1493.013,,,,4.200,5,0,3,0,7,0,0,10.555,10.442,0.500,
10,270,160,0,0.000,1966.852,1493.013,,,,4.000,5,0,3,0,7,0,0,9.365,8.794,0.671,
10,270,170,0,0.000,1966.852,1493.013,,,,4.200,5,0,4,0,6,0,0,12.484,14.071,0.586,
10,270,180,0,0.000,1966.852,1493.013,,,,4.000,5,0,3,0,7,0,0,11.617,12.387,0.535,
10,270,190,0,0.000,1966.852,1493.013,,,,4.200,5,0,3,0,7,0,0,11.931,9.824,0.663,
10,270,200,0,0.000,1966.852,1493.013,,,,3.900,5,0,2,0,8,0,0,10.295,13.179,0.595,
10,270,210,0,0.000,1966.852,1493.013,,,,4.400,5,0,5,0,5,0,0,6.332,10.953,0.569,
10,270,220,0,0.000,1966.852,1493.013,,,,4.200,5,0,4,0,6,0,0,8.662,11.663,0.508,
10,270,230,0,0.000,1966.852,1493.013,,,,4.100,5,0,4,0,6,0,0,10.797,12.885,0.437,
10,270,240,0,0.000,1966.852,1493.013,,,,4.600,5,0,6,0,4,0,0,11.031,11.480,0.540,
10,270,250,0,0.000,1966.852,1493.013,,,,3.800,5,0,3,0,7,0,0,6.992,8.406,0.563,
10,270,260,0,0.000,1966.852,1493.013,,,,3.900,5,0,2,0,8,0,0,11.276,12.544,0.531,
10,270,270,0,0.000,1966.852,1493.013,,,,4.100,5,0,4,0,6,0,0,11.729,10.178,0.584,
10,270,280,0,0.000,1966.852,1493.013,,,,4.300,5,0,3,0,7,0,0,11.669,8.848,0.572,
10,270,290,0,0.000,1966.852,1493.013,,,,4.200,5,0,4,0,6,0,0,12.430,8.615,0.499,
10,270,300,0,0.000,1966.852,1493.013,,,,3.900,5,0,3,0,7,0,0,10.119,8.244,0.604,
10,270,310,0,0.000,1966.852,1493.013,,,,4.100,5,0,4,0,6,0,0,14.490,9.669,0.623,
10,270,320,0,0.000,1966.852,1493.013,,,,4.000,5,0,3,0,7,0,0,10.792,11.140,0.435,
10,270,330,0,0.000,1966.852,1493.013,,,,3.800,5,0,1,0,9,0,0,10.078,11.620,0.350,
10,270,340,0,0.000,1966.852,1493.013,,,,4.100,5,0,4,0,6,0,0,8.279,11.034,0.567,
10,270,350,0,0.000,1966.852,1493.013,,,,3.600,4,0,0,0,10,0,0,11.909,11.478,0.395,
10,270,360,0,0.000,1966.852,1493.013,,,,3.500,5,0,1,0,9,0,0,9.939,10.440,0.472,
10,270,370,0,0.000,1966.852,1493.013,,,,4.000,5,0,2,0,8,0,0,11.510,11.717,0.533,
10,270,380,0,0.000,1966.852,1493.013,,,,4.100,5,0,3,0,7,0,0,10.980,10.417,0.458,
10,270,390,0,0.000,1966.852,1493.013,,,,3.700,5,0,2,0,8,0,0,10.921,9.223,0.589,
10,280,-100,0,0.000,1966.852,1493.013,,,,0.000,0,0,0,0,0,0,10,14.329,13.647,0.614,
10,280,-90,0,0.000,1966.852,1493.013,,,,0.000,0,0,0,0,0,0,10,12.590,10.914,0.627,
10,280,-80,0,0.000,1966.852,1493.013,,,,0.000,0,0,0,0,0,0,10,13.969,11.025,0.434,
10,280,-70,0,0.000,1966.852,1493.013,,,,0.000,0,0,0,0,0,0,10,8.881,12.337,0.484,
10,280,-60,0,0.000,1966.852,1493.013,,,,0.000,0,0,0,0,0,0,10,9.945,11.267,0.595,
10,280,-50,0,0.000,1966.852,1493.013,,,,0.000,0,0,0,0,0,0,10,9.136,13.950,0.398,
10,280,-40,0,0.000,1966.852,1493.013,,,,0.000,0,0,0,0,0,0,10,12.090,10.037,0.501,
10,280,-30,0,0.000,1966.852,1493.013,,,,0.000,0,0,0,0,0,0,10,11.498,6.649,0.524,
10,280,-20,0,0.000,1966.852,1493.013,,,,0.000,0,0,0,0,0,0,10,8.822,11.256,0.390,
10,280,-10,0,0.000,1966.852,1493.013,,,,0.000,0,0,0,0,0,0,10,10.188,10.721,0.713,
10,280,0,0,0.000,1966.852,1493.013,,,,0.000,0,0,0,0,0,0,10,11.218,7.635,0.690,
10,280,10,0,0.000,1966.852,1493.013,,,,0.000,0,0,0,0,0,0,10,13.444,11.012,0.582,
10,280,20,0,0.000,1966.852,1493.013,,,,0.000,0,0,0,0,0,0,10,12.663,10.738,0.442,
10,280,30,0,0.000,1966.852,1493.013,,,,0.000,0,0,0,0,0,0,10,11.503,10.386,0.555,
10,280,40,0,0.000,1966.852,1493.013,,,,1.100,3,0,0,0,4,0,6,11.980,10.713,0.465,
10,280,50,0,0.000,1966.852,1493.013,,,,2.900,5,0,2,0,6,0,2,13.750,7.136,0.604,
10,280,60,0,0.000,1966.852,1493.013,,,,3.300,5,0,1,0,8,0,1,13.134,9.977,0.647,
10,280,70,0,0.000,1966.852,1493.013,,,,3.500,4,0,0,0,10,0,0,14.200,9.581,0.420,
10,280,80,0,0.000,1966.852,1493.013,,,,4.200,5,0,4,0,6,0,0,7.571,9.159,0.493,
10,280,90,0,0.000,1966.852,1493.013,,,,4.000,5,0,2,0,8,0,0,9.637,11.322,0.571,
10,280,100,0,0.000,1966.852,1493.013,,,,4.200,5,0,3,0,7,0,0,12.509,13.171,0.552,
10,280,110,0,0.000,1966.852,1493.013,,,,3.500,5,0,1,0,9,0,0,11.333,11.063,0.645,
10,280,120,0,0.000,1966.852,1493.013,,,,3.900,5,0,2,0,8,0,0,12.292,14.153,0.505,
10,280,130,0,0.000,1966.852,1493.013,,,,4.100,5,0,3,0,7,0,0,12.067,11.758,0.496,
10,280,140,0,0.000,1966.852,1493.013,,,,4.200,5,0,2,0,8,0,0,8.485,14.567,0.506,
10,280,150,0,0.000,1966.852,1493.013,,,,4.000,5,0,2,0,8,0,0,9.491,11.921,0.562,
10,280,160,0,0.000,1966.852,1493.013,,,,4.400,5,0,5,0,5,0,0,15.731,12.379,0.653,
10,280,170,0,0.000,1966.852,1493.013,,,,4.400,5,0,4,0,6,0,0,10.211,10.601,0.455,
10,280,180,0,0.000,1966.852,1493.013,,,,4.600,5,0,6,0,4,0,0,10.706,10.157,0.584,
10,280,190,0,0.000,1966.852,1493.013,,,,4.700,5,0,7,0,3,0,0,11.468,11.724,0.377,
10,280,200,0,0.000,1966.852,1493.013,,,,4.400,5,0,4,0,6,0,0,11.197,13.589,0.629,
10,280,210,0,0.000,1966.852,1493.013,,,,4.400,5,0,5,0,5,0,0,13.270,10.904,0.698,
10,280,220,0,0.000,1966.852,1493.013,,,,4.700,5,0,8,0,2,0,0,11.879,11.598,0.623,
10,280,230,0,0.000,1966.852,1493.013,,,,4.400,5,0,4,0,6,0,0,5.841,8.354,0.472,
10,280,240,0,0.000,1966.852,1493.013,,,,4.200,5,0,3,0,7,0,0,11.612,11.394,0.621,
10,280,250,0,0.000,1966.852,1493.013,,,,4.400,5,0,6,0,4,0,0,10.034,8.610,0.650,
10,280,260,0,0.000,1966.852,1493.013,,,,4.300,5,0,5,0,5,0,0,13.403,11.467,0.632,
10,280,270,0,0.000,1966.852,1493.013,,,,4.100,5,0,4,0,6,0,0,15.747,12.336,0.495,
10,280,280,0,0.000,1966.852,1493.013,,,,4.000,5,0,2,0,8,0,0,11.915,6.437,0.682,
10,280,290,0,0.000,1966.852,1493.013,,,,4.100,5,0,4,0,6,0,0,10.595,13.124,0.575,
10,280,300,0,0.000,1966.852,1493.013,,,,4.300,5,0,5,0,5,0,0,6.197,11.024,0.509,
10,280,310,0,0.000,1966.852,1493.013,,,,4.100,5,0,4,0,6,0,0,11.011,11.395,0.541,
10,280,320,0,0.000,1966.852,1493.013,,,,4.300,5,0,5,0,5,0,0,9.997,8.714,0.614,
10,280,330,0,0.000,1966.852,1493.013,,,,4.200,5,0,5,0,5,0,0,11.420,10.541,0.679,
10,280,340,0,0.000,1966.852,1493.013,,,,4.100,5,0,2,0,8,0,0,12.144,12.127,0.306,
10,280,350,0,0.000,1966.852,1493.013,,,,3.600,5,0,2,0,8,0,0,8.248,9.013,0.344,
10,280,360,0,0.000,1966.852,1493.013,,,,4.100,5,0,5,0,5,0,0,9.284,11.074,0.540,
10,280,370,0,0.000,1966.852,1493.013,,,,3.700,5,0,2,0,8,0,0,10.842,11.759,0.585,
10,280,380,0,0.000,1966.852,1493.013,,,,4.200,5,0,5,0,5,0,0,7.961,13.470,0.699,
10,280,390,0,0.000,1966.852,1493.013,,,,3.800,5,0,3,0,7,0,0,10.314,8.666,0.598,
10,290,-100,0,0.000,1966.852,1493.013,,,,0.000,0,0,0,0,0,0,10,11.658,13.911,0.629,
10,290,-90,0,0.000,1966.852,1493.013,,,,0.000,0,0,0,0,0,0,10,12.317,7.712,0.582,
10,290,-80,0,0.000,1966.852,1493.013,,,,0.000,0,0,0,0,0,0,10,10.735,10.233,0.493,
10,290,-70,0,0.000,1966.852,1493.013,,,,0.000,0,0,0,0,0,0,10,9.270,9.123,0.568,
10,290,-60,0,0.000,1966.852,1493.013,,,,0.000,0,0,0,0,0,0,10,10.696,7.335,0.664,
10,290,-50,0,0.000,1966.852,1493.013,,,,0.000,0,0,0,0,0,0,10,11.405,10.887,0.753,
10,290,-40,0,0.000,1966.852,1493.013,,,,0.000,0,0,0,0,0,0,10,10.242,7.675,0.550,
10,290,-30,0,0.000,1966.852,1493.013,,,,0.000,0,0,0,0,0,0,10,11.582,10.421,0.429,
10,290,-20,0,0.000,1966.852,1493.013,,,,0.000,0,0,0,0,0,0,10,7.455,12.022,0.396,
10,290,-10,0,0.000,1966.852,1493.013,,,,0.000,0,0,0,0,0,0,10,11.954,14.114,0.395,
10,290,0,0,0.000,1966.852,1493.013,,,,0.000,0,0,0,0,0,0,10,9.655,11.101,0.497,
10,290,10,0,0.000,1966.852,1493.013,,,,0.000,0,0,0,0,0,0,10,13.152,12.387,0.517,
10,290,20,0,0.000,1966.852,1493.013,,,,0.000,0,0,0,0,0,0,10,10.208,10.153,0.486,
10,290,30,0,0.000,1966.852,1493.013,,,,0.200,2,0,0,0,1,0,9,11.885,11.817,0.539,
10,290,40,0,0.000,1966.852,1493.013,,,,0.200,2,0,0,0,1,0,9,8.452,11.317,0.394,
10,290,50,0,0.000,1966.852,1493.013,,,,0.700,4,0,0,0,2,0,8,11.514,11.631,0.556,
10,290,60,0,0.000,1966.852,1493.013,,,,2.000,4,0,0,0,6,0,4,13.634,8.278,0.487,
10,290,70,0,0.000,1966.852,1493.013,,,,3.800,5,0,2,0,8,0,0,11.787,11.126,0.605,
10,290,80,0,0.000,1966.852,1493.013,,,,3.800,5,0,2,0,8,0,0,11.541,10.251,0.596,
10,290,90,0,0.000,1966.852,1493.013,,,,3.900,5,0,2,0,8,0,0,13.701,11.434,0.619,
10,290,100,0,0.000,1966.852,1493.013,,,,3.900,5,0,4,0,6,0,0,11.040,13.480,0.540,
10,290,110,0,0.000,1966.852,1493.013,,,,4.300,5,0,4,0,6,0,0,13.859,8.133,0.265,
10,290,120,0,0.000,1966.852,1493.013,,,,4.300,5,0,4,0,6,0,0,12.443,14.903,0.556,
10,290,130,0,0.000,1966.852,1493.013,,,,4.200,5,0,4,0,6,0,0,12.222,10.463,0.451,
10,290,140,0,0.000,1966.852,1493.013,,,,4.400,5,0,4,0,6,0,0,11.011,10.460,0.587,
10,290,150,0,0.000,1966.852,1493.013,,,,4.000,5,0,1,0,9,0,0,12.089,13.517,0.321,
10,290,160,0,0.000,1966.852,1493.013,,,,4.600,5,0,6,0,4,0,0,12.380,10.335,0.552,
10,290,170,0,0.000,1966.852,1493.013,,,,4.200,5,0,3,0,7,0,0,13.273,10.739,0.604,
10,290,180,0,0.000,1966.852,1493.013,,,,4.400,5,0,5,0,5,0,0,8.631,13.985,0.406,
10,290,190,0,0.000,1966.852,1493.013,,,,4.200,5,0,3,0,7,0,0,10.166,12.968,0.612,
10,290,200,0,0.000,1966.852,1493.013,,,,4.600,5,0,6,0,4,0,0,11.301,13.107,0.445,
10,290,210,0,0.000,1966.852,1493.013,,,,4.300,5,0,3,0,7,0,0,7.105,11.336,0.539,
10,290,220,0,0.000,1966.852,1493.013,,,,4.000,5,0,3,0,7,0,0,13.875,9.921,0.358,
10,290,230,0,0.000,1966.852,1493.013,,,,4.800,5,0,8,0,2,0,0,10.311,12.504,0.573,
10,290,240,0,0.000,1966.852,1493.013,,,,4.200,5,0,3,0,7,0,0,9.981,7.911,0.696,
10,290,250,0,0.000,1966.852,1493.013,,,,4.200,5,0,4,0,6,0,0,8.607,7.044,0.559,
10,290,260,0,0.000,1966.852,1493.013,,,,4.200,5,0,3,0,7,0,0,12.443,12.684,0.428,
10,290,270,0,0.000,1966.852,1493.013,,,,4.400,5,0,5,0,5,0,0,14.211,12.813,0.343,
10,290,280,0,0.000,1966.852,1493.013,,,,4.200,5,0,3,0,7,0,0,10.514,10.910,0.472,
10,290,290,0,0.000,1966.852,1493.013,,,,4.300,5,0,5,0,5,0,0,11.171,9.071,0.597,
10,290,300,0,0.000,1966.852,1493.013,,,,4.300,5,0,5,0,5,0,0,8.969,12.604,0.520,
10,290,310,0,0.000,1966.852,1493.013,,,,3.900,5,0,3,0,7,0,0,9.547,11.512,0.549,
10,290,320,0,0.000,1966.852,1493.013,,,,4.100,5,0,3,0,7,0,0,7.765,12.627,0.446,
10,290,330,0,0.000,1966.852,1493.013,,,,4.500,5,0,6,0,4,0,0,9.741,6.925,0.629,
10,290,340,0,0.000,1966.852,1493.013,,,,4.200,5,0,4,0,6,0,0,11.520,11.659,0.556,
10,290,350,0,0.000,1966.852,1493.013,,,,4.000,5,0,4,0,6,0,0,11.317,12.413,0.329,
10,290,360,0,0.000,1966.852,1493.013,,,,4.100,5,0,4,0,6,0,0,7.778,11.282,0.576,
10,290,370,0,0.000,1966.852,1493.013,,,,4.200,5,0,3,0,7,0,0,10.895,12.212,0.714,
10,290,380,0,0.000,1966.852,1493.013,,,,4.300,5,0,6,0,4,0,0,12.667,11.110,0.580,
10,290,390,0,0.000,1966.852,1493.013,,,,4.400,5,0,5,0,5,0,0,12.236,11.658,0.511,
20,-200,-100,0,0.000,1879.319,1506.472,,,,0.000,0,10,0,0,0,0,0,9.071,8.267,0.634,
20,-200,-90,0,0.000,1879.319,1506.472,,,,0.000,0,10,0,0,0,0,0,12.978,12.495,0.550,
20,-200,-80,0,0.000,1879.319,1506.472,,,,0.000,0,10,0,0,0,0,0,12.255,9.956,0.637,
20,-200,-70,0,0.000,1879.319,1506.472,,,,0.000,0,10,0,0,0,0,0,9.348,9.306,0.560,
20,-200,-60,0,0.000,1879.319,1506.472,,,,0.000,0,10,0,0,0,0,0,12.053,8.459,0.614,
20,-200,-50,0,0.000,1879.319,1506.472,,,,0.000,0,10,0,0,0,0,0,9.238,11.838,0.415,
20,-200,-40,0,0.000,1879.319,1506.472,,,,0.000,0,10,0,0,0,0,0,13.678,11.140,0.711,
20,-200,-30,0,0.000,1879.319,1506.472,,,,0.000,0,10,0,0,0,0,0,12.791,13.626,0.573,
20,-200,-20,0,0.000,1879.319,1506.472,,,,0.000,0,10,0,0,0,0,0,12.023,10.616,0.574,
20,-200,-10,0,0.000,1879.319,1506.472,,,,0.000,0,10,0,0,0,0,0,11.294,10.146,0.541,
20,-200,0,0,0.000,1879.319,1506.472,,,,0.000,0,10,0,0,0,0,0,8.993,7.089,0.590,
20,-200,10,0,0.000,1879.319,1506.472,,,,0.000,0,10,0,0,0,0,0,11.708,10.870,0.684,
20,-200,20,0,0.000,1879.319,1506.472,,,,0.000,0,10,0,0,0,0,0,12.608,7.971,0.634,
20,-200,30,0,0.000,1879.319,1506.472,,,,0.000,0,10,0,0,0,0,0,10.205,8.483,0.527,
20,-200,40,0,0.000,1879.319,1506.472,,,,0.000,0,10,0,0,0,0,0,11.175,11.984,0.518,
20,-200,50,0,0.000,1879.319,1506.472,,,,0.000,0,10,0,0,0,0,0,9.439,13.261,0.642,
20,-200,60,0,0.000,1879.319,1506.472,,,,0.000,0,10,0,0,0,0,0,9.579,11.848,0.566,
20,-200,70,0,0.000,1879.319,1506.472,,,,0.000,0,10,0,0,0,0,0,11.559,10.098,0.461,
20,-200,80,0,0.000,1879.319,1506.472,,,,0.000,0,10,0,0,0,0,0,8.846,13.105,0.527,
20,-200,90,0,0.000,1879.319,1506.472,,,,0.000,0,10,0,0,0,0,0,7.631,11.810,0.654,
20,-200,100,0,0.000,1879.319,1506.472,,,,0.000,0,10,0,0,0,0,0,12.977,10.314,0.445,
20,-200,110,0,0.000,1879.319,1506.472,,,,0.000,0,10,0,0,0,0,0,12.686,10.940,0.680,
20,-200,120,0,0.000,1879.319,1506.472,,,,0.000,0,10,0,0,0,0,0,9.061,11.960,0.629,
20,-200,130,0,0.000,1879.319,1506.472,,,,0.000,0,10,0,0,0,0,0,8.415,13.481,0.642,
20,-200,140,0,0.000,1879.319,1506.472,,,,0.000,0,10,0,0,0,0,0,10.578,11.691,0.514,
20,-200,150,0,0.000,1879.319,1506.472,,,,0.000,0,10,0,0,0,0,0,6.043,11.108,0.459,
20,-200,160,0,0.000,1879.319,1506.472,,,,0.000,0,9,0,0,0,0,1,13.428,12.871,0.471,
20,-200,170,0,0.000,1879.319,1506.472,,,,0.000,0,8,0,0,0,0,2,12.763,8.955,0.535,
20,-200,180,0,0.000,1879.319,1506.472,,,,0.000,0,9,0,0,0,0,1,12.003,10.567,0.585,
20,-200,190,0,0.000,1879.319,1506.472,,,,0.000,0,4,0,0,0,0,6,12.813,9.490,0.621,
20,-200,200,0,0.000,1879.319,1506.472,,,,0.000,0,6,0,0,0,0,4,14.131,11.429,0.607,
20,-200,210,0,0.000,1879.319,1506.472,,,,0.000,0,6,0,0,0,0,4,13.884,7.830,0.505,
20,-200,220,0,0.000,1879.319,1506.472,,,,0.000,0,6,0,0,0,0,4,10.871,12.655,0.494,
20,-200,230,0,0.000,1879.319,1506.472,,,,0.000,0,1,0,0,0,0,9,10.300,11.468,0.475,
20,-200,240,0,0.000,1879.319,1506.472,,,,0.000,0,3,0,0,0,0,7,9.134,12.248,0.677,
20,-200,250,0,0.000,1879.319,1506.472,,,,0.000,0,1,0,0,0,0,9,9.007,9.951,0.427,
20,-200,260,0,0.000,1879.319,1506.472,,,,0.000,0,0,0,0,0,0,10,8.574,12.697,0.638,
20,-200,270,0,0.000,1879.319,1506.472,,,,0.000,0,0,0,0,0,0,10,11.090,10.931,0.561,
20,-200,280,0,0.000,1879.319,1506.472,,,,0.000,0,0,0,0,0,0,10,9.035,12.470,0.507,
20,-200,290,0,0.000,1879.319,1506.472,,,,0.000,0,0,0,0,0,0,10,12.139,9.104,0.508,
20,-200,300,0,0.000,1879.319,1506.472,,,,0.000,0,0,0,0,0,0,10,10.707,9.529,0.746,
20,-200,310,0,0.000,1879.319,1506.472,,,,0.000,0,0,0,0,0,0,10,12.110,8.213,0.483,
20,-200,320,0,0.000,1879.319,1506.472,,,,0.000,0,0,0,0,0,0,10,12.229,7.740,0.612,
20,-200,330,0,0.000,1879.319,1506.472,,,,0.000,0,0,0,0,0,0,10,10.795,10.572,0.479,
20,-200,340,0,0.000,1879.319,1506.472,,,,0.000,0,0,0,0,0,0,10,11.471,6.587,0.464,
20,-200,350,0,0.000,1879.319,1506.472,,,,0.000,0,0,0,0,0,0,10,11.155,10.913,0.532,
20,-200,360,0,0.000,1879.319,1506.472,,,,0.000,0,0,0,0,0,0,10,11.061,10.483,0.597,
20,-200,370,0,0.000,1879.319,1506.472,,,,0.000,0,0,0,0,0,0,10,10.548,7.135,0.484,
20,-200,380,0,0.000,1879.319,1506.472,,,,0.000,0,0,0,0,0,0,10,10.859,13.323,0.449,
20,-200,390,0,0.000,1879.319,1506.472,,,,0.000,0,0,0,0,0,0,10,10.543,8.573,0.587,
20,-190,-100,0,0.000,1879.319,1506.472,,,,0.000,0,10,0,0,0,0,0,12.528,11.099,0.525,
20,-190,-90,0,0.000,1879.319,1506.472,,,,0.000,0,10,0,0,0,0,0,12.015,11.837,0.487,
20,-190,-80,0,0.000,1879.319,1506.472,,,,0.000,0,10,0,0,0,0,0,9.871,10.470,0.543,
20,-190,-70,0,0.000,1879.319,1506.472,,,,0.000,0,10,0,0,0,0,0,9.825,11.404,0.606,
20,-190,-60,0,0.000,1879.319,1506.472,,,,0.000,0,10,0,0,0,0,0,12.357,11.529,0.680,
20,-190,-50,0,0.000,1879.319,1506.472,,,,0.000,0,10,0,0,0,0,0,12.252,12.535,0.562,
20,-190,-40,0,0.000,1879.319,1506.472,,,,0.000,0,10,0,0,0,0,0,10.035,10.524,0.491,
20,-190,-30,0,0.000,1879.319,1506.472,,,,0.000,0,10,0,0,0,0,0,12.835,10.306,0.416,
20,-190,-20,0,0.000,1879.319,1506.472,,,,0.000,0,10,0,0,0,0,0,10.121,12.371,0.500,
20,-190,-10,0,0.000,1879.319,1506.472,,,,0.000,0,10,0,0,0,0,0,10.602,12.436,0.620,
20,-190,0,0,0.000,1879.319,1506.472,,,,0.000,0,10,0,0,0,0,0,13.173,9.866,0.407,
20,-190,10,0,0.000,1879.319,1506.472,,,,0.000,0,10,0,0,0,0,0,10.004,12.773,0.515,
20,-190,20,0,0.000,1879.319,1506.472,,,,0.000,0,10,0,0,0,0,0,14.504,9.232,0.401,
20,-190,30,0,0.000,1879.319,1506.472,,,,0.000,0,10,0,0,0,0,0,11.478,10.913,0.540,
20,-190,40,0,0.000,1879.319,1506.472,,,,0.000,0,10,0,0,0,0,0,11.472,11.257,0.402,
20,-190,50,0,0.000,1879.319,1506.472,,,,0.000,0,10,0,0,0,0,0,11.450,10.372,0.648,
20,-190,60,0,0.000,1879.319,1506.472,,,,0.000,0,10,0,0,0,0,0,8.482,12.780,0.576,
20,-190,70,0,0.000,1879.319,1506.472,,,,0.000,0,10,0,0,0,0,0,11.989,9.881,0.541,
20,-190,80,0,0.000,1879.319,1506.472,,,,0.000,0,10,0,0,0,0,0,9.457,13.179,0.448,
20,-190,90,0,0.000,1879.319,1506.472,,,,0.000,0,10,0,0,0,0,0,10.724,10.506,0.603,
20,-190,100,0,0.000,1879.319,1506.472,,,,0.000,0,10,0,0,0,0,0,10.009,12.699,0.262,
20,-190,110,0,0.000,1879.319,1506.472,,,,0.000,0,10,0,0,0,0,0,11.105,11.730,0.342,
20,-190,120,0,0.000,1879.319,1506.472,,,,0.000,0,10,0,0,0,0,0,14.357,11.233,0.543,
20,-190,130,0,0.000,1879.319,1506.472,,,,0.000,0,10,0,0,0,0,0,7.332,12.649,0.642,
20,-190,140,0,0.000,1879.319,1506.472,,,,0.000,0,10,0,0,0,0,0,11.495,11.004,0.505,
20,-190,150,0,0.000,1879.319,1506.472,,,,0.000,0,9,0,0,0,0,1,9.125,14.424,0.464,
20,-190,160,0,0.000,1879.319,1506.472,,,,0.000,0,9,0,0,0,0,1,9.531,6.183,0.455,
20,-190,170,0,0.000,1879.319,1506.472,,,,0.000,0,5,0,0,0,0,5,6.037,11.241,0.599,
20,-190,180,0,0.000,1879.319,1506.472,,,,0.000,0,8,0,0,0,0,2,9.243,11.241,0.470,
20,-190,190,0,0.000,1879.319,1506.472,,,,0.000,0,6,0,0,0,0,4,10.856,11.029,0.526,
20,-190,200,0,0.000,1879.319,1506.472,,,,0.000,0,6,0,0,0,0,4,11.140,9.270,0.536,
20,-190,210,0,0.000,1879.319,1506.472,,,,0.000,0,4,0,0,0,0,6,10.083,9.851,0.763,
20,-190,220,0,0.000,1879.319,1506.472,,,,0.000,0,1,0,0,0,0,9,10.164,13.576,0.401,
20,-190,230,0,0.000,1879.319,1506.472,,,,0.000,0,1,0,0,0,0,9,10.042,7.919,0.572,
20,-190,240,0,0.000,1879.319,1506.472,,,,0.000,0,2,0,0,0,0,8,8.966,8.568,0.484,
20,-190,250,0,0.000,1879.319,1506.472,,,,0.000,0,0,0,0,0,0,10,8.610,11.391,0.537,
20,-190,260,0,0.000,1879.319,1506.472,,,,0.000,0,0,0,0,0,0,10,7.708,10.907,0.531,
20,-190,270,0,0.000,1879.319,1506.472,,,,0.000,0,0,0,0,0,0,10,13.515,10.300,0.425,
20,-190,280,0,0.000,1879.319,1506.472,,,,0.000,0,0,0,0,0,0,10,7.896,9.629,0.635,
20,-190,290,0,0.000,1879.319,1506.472,,,,0.000,0,0,0,0,0,0,10,12.707,11.709,0.472,
20,-190,300,0,0.000,1879.319,1506.472,,,,0.000,0,0,0,0,0,0,10,11.957,12.521,0.524,
20,-190,310,0,0.000,1879.319,1506.472,,,,0.000,0,0,0,0,0,0,10,12.377,12.098,0.650,
20,-190,320,0,0.000,1879.319,1506.472,,,,0.000,0,0,0,0,0,0,10,11.815,12.611,0.591,
20,-190,330,0,0.000,1879.319,1506.472,,,,0.000,0,0,0,0,0,0,10,12.156,10.886,0.523,
20,-190,340,0,0.000,1879.319,1506.472,,,,0.000,0,0,0,0,0,0,10,12.950,12.550,0.421,
20,-190,350,0,0.000,1879.319,1506.472,,,,0.000,0,0,0,0,0,0,10,11.997,11.767,0.452,
20,-190,360,0,0.000,1879.319,1506.472,,,,0.000,0,0,0,0,0,0,10,10.535,13.736,0.622,
20,-190,370,0,0.000,1879.319,1506.472,,,,0.000,0,0,0,0,0,0,10,13.253,8.830,0.760,
20,-190,380,0,0.000,1879.319,1506.472,,,,0.000,0,0,0,0,0,0,10,9.861,8.710,0.507,
20,-190,390,0,0.000,1879.319,1506.472,,,,0.000,0,0,0,0,0,0,10,11.180,7.195,0.512,
20,-180,-100,0,0.000,1879.319,1506.472,,,,0.000,0,10,0,0,0,0,0,11.802,10.675,0.627,
20,-180,-90,0,0.000,1879.319,1506.472,,,,0.000,0,10,0,0,0,0,0,10.547,9.889,0.528,
20,-180,-80,0,0.000,1879.319,1506.472,,,,0.000,0,10,0,0,0,0,0,9.782,11.599,0.582,
20,-180,-70,0,0.000,1879.319,1506.472,,,,0.000,0,10,0,0,0,0,0,8.148,11.071,0.512,
20,-180,-60,0,0.000,1879.319,1506.472,,,,0.000,0,10,0,0,0,0,0,13.355,14.520,0.700,
20,-180,-50,0,0.000,1879.319,1506.472,,,,0.000,0,10,0,0,0,0,0,9.838,11.425,0.545,
20,-180,-40,0,0.000,1879.319,1506.472,,,,0.000,0,10,0,0,0,0,0,10.077,11.099,0.542,
20,-180,-30,0,0.000,1879.319,1506.472,,,,0.000,0,10,0,0,0,0,0,14.524,8.929,0.425,
20,-180,-20,0,0.000,1879.319,1506.472,,,,0.000,0,10,0,0,0,0,0,12.818,12.468,0.531,
20,-180,-10,0,0.000,1879.319,1506.472,,,,0.000,0,10,0,0,0,0,0,12.116,12.207,0.442,
20,-180,0,0,0.000,1879.319,1506.472,,,,0.000,0,10,0,0,0,0,0,9.727,7.565,0.536,
20,-180,10,0,0.000,1879.319,1506.472,,,,0.000,0,10,0,0,0,0,0,11.304,11.972,0.523,
20,-180,20,0,0.000,1879.319,1506.472,,,,0.000,0,10,0,0,0,0,0,10.436,9.356,0.469,
20,-180,30,0,0.000,1879.319,1506.472,,,,0.000,0,10,0,0,0,0,0,8.614,15.351,0.502,
20,-180,40,0,0.000,1879.319,1506.472,,,,0.000,0,10,0,0,0,0,0,12.164,9.204,0.550,
20,-180,50,0,0.000,1879.319,1506.472,,,,0.000,0,10,0,0,0,0,0,7.967,8.657,0.462,
20,-180,60,0,0.000,1879.319,1506.472,,,,0.000,0,10,0,0,0,0,0,6.252,11.143,0.564,
20,-180,70,0,0.000,1879.319,1506.472,,,,0.000,0,10,0,0,0,0,0,14.968,11.773,0.644,
20,-180,80,0,0.000,1879.319,1506.472,,,,0.000,0,10,0,0,0,0,0,8.149,8.431,0.601,
20,-180,90,0,0.000,1879.319,1506.472,,,,0.000,0,10,0,0,0,0,0,10.203,6.725,0.396,
20,-180,100,0,0.000,1879.319,1506.472,,,,0.000,0,10,0,0,0,0,0,9.395,13.044,0.601,
20,-180,110,0,0.000,1879.319,1506.472,,,,0.000,0,9,0,0,0,0,1,12.056,10.617,0.665,
20,-180,120,0,0.000,1879.319,1506.472,,,,0.000,0,10,0,0,0,0,0,8.544,7.380,0.398,
20,-180,130,0,0.000,1879.319,1506.472,,,,0.000,0,7,0,0,0,0,3,10.685,12.102,0.385,
20,-180,140,0,0.000,1879.319,1506.472,,,,0.000,0,5,0,0,0,0,5,13.883,10.460,0.684,
20,-180,150,0,0.000,1879.319,1506.472,,,,0.000,0,6,0,0,0,0,4,11.030,11.067,0.598,
20,-180,160,0,0.000,1879.319,1506.472,,,,0.000,0,5,0,0,0,0,5,12.888,11.214,0.511,
20,-180,170,0,0.000,1879.319,1506.472,,,,0.000,0,8,0,0,0,0,2,7.142,8.753,0.553,
20,-180,180,0,0.000,1879.319,1506.472,,,,0.000,0,3,0,0,0,0,7,11.371,10.285,0.661,
20,-180,190,0,0.000,1879.319,1506.472,,,,0.000,0,2,0,0,0,0,8,11.850,11.970,0.482,
20,-180,200,0,0.000,1879.319,1506.472,,,,0.000,0,1,0,0,0,0,9,11.248,9.800,0.500,
20,-180,210,0,0.000,1879.319,1506.472,,,,0.000,0,1,0,0,0,0,9,13.572,10.246,0.567,
20,-180,220,0,0.000,1879.319,1506.472,,,,0.000,0,0,0,0,0,0,10,9.617,9.439,0.596,
20,-180,230,0,0.000,1879.319,1506.472,,,,0.000,0,0,0,0,0,0,10,9.274,9.506,0.628,
20,-180,240,0,0.000,1879.319,1506.472,,,,0.000,0,0,0,0,0,0,10,11.457,7.842,0.642,
20,-180,250,0,0.000,1879.319,1506.472,,,,0.000,0,0,0,0,0,0,10,12.296,8.214,0.594,
20,-180,260,0,0.000,1879.319,1506.472,,,,0.000,0,0,0,0,0,0,10,7.622,11.074,0.414,
20,-180,270,0,0.000,1879.319,1506.472,,,,0.000,0,0,0,0,0,0,10,11.693,12.534,0.628,
20,-180,280,0,0.000,1879.319,1506.472,,,,0.000,0,0,0,0,0,0,10,10.361,12.363,0.583,
20,-180,290,0,0.000,1879.319,1506.472,,,,0.000,0,0,0,0,0,0,10,11.130,9.947,0.560,
20,-180,300,0,0.000,1879.319,1506.472,,,,0.000,0,0,0,0,0,0,10,10.326,10.492,0.438,
20,-180,310,0,0.000,1879.319,1506.472,,,,0.000,0,0,0,0,0,0,10,9.920,12.247,0.549,
20,-180,320,0,0.000,1879.319,1506.472,,,,0.000,0,0,0,0,0,0,10,10.366,10.713,0.358,
20,-180,330,0,0.000,1879.319,1506.472,,,,0.000,0,0,0,0,0,0,10,10.096,6.998,0.549,
20,-180,340,0,0.000,1879.319,1506.472,,,,0.000,0,0,0,0,0,0,10,11.065,12.403,0.553,
20,-180,350,0,0.000,1879.319,1506.472,,,,0.000,0,0,0,0,0,0,10,9.412,9.300,0.589,
20,-180,360,0,0.000,1879.319,1506.472,,,,0.000,0,0,0,0,0,0,10,12.889,11.840,0.588,
20,-180,370,0,0.000,1879.319,1506.472,,,,0.000,0,0,0,0,0,0,10,12.758,10.097,0.657,
20,-180,380,0,0.000,1879.319,1506.472,,,,0.000,0,0,0,0,0,0,10,12.218,13.324,0.628,
20,-180,390,0,0.000,1879.319,1506.472,,,,0.000,0,0,0,0,0,0,10,11.479,11.293,0.522,
20,-170,-100,0,0.000,1879.319,1506.472,,,,0.000,0,10,0,0,0,0,0,12.448,10.935,0.488,
20,-170,-90,0,0.000,1879.319,1506.472,,,,0.000,0,10,0,0,0,0,0,12.106,10.995,0.596,
20,-170,-80,0,0.000,1879.319,1506.472,,,,0.000,0,10,0,0,0,0,0,9.815,10.743,0.730,
20,-170,-70,0,0.000,1879.319,1506.472,,,,0.000,0,10,0,0,0,0,0,10.977,11.353,0.558,
20,-170,-60,0,0.000,1879.319,1506.472,,,,0.000,0,10,0,0,0,0,0,9.390,8.007,0.543,
20,-170,-50,0,0.000,1879.319,1506.472,,,,0.000,0,10,0,0,0,0,0,6.375,7.533,0.536,
20,-170,-40,0,0.000,1879.319,1506.472,,,,0.000,0,10,0,0,0,0,0,11.967,9.653,0.638,
20,-170,-30,0,0.000,1879.319,1506.472,,,,0.000,0,10,0,0,0,0,0,10.654,11.197,0.647,
20,-170,-20,0,0.000,1879.319,1506.472,,,,0.000,0,10,0,0,0,0,0,9.291,10.545,0.624,
20,-170,-10,0,0.000,1879.319,1506.472,,,,0.000,0,10,0,0,0,0,0,10.107,9.233,0.521,
20,-170,0,0,0.000,1879.319,1506.472,,,,0.000,0,10,0,0,0,0,0,11.208,10.774,0.495,
20,-170,10,0,0.000,1879.319,1506.472,,,,0.000,0,10,0,0,0,0,0,13.381,11.639,0.540,
20,-170,20,0,0.000,1879.319,1506.472,,,,0.000,0,10,0,0,0,0,0,6.268,8.780,0.677,
20,-170,30,0,0.000,1879.319,1506.472,,,,0.000,0,10,0,0,0,0,0,12.931,11.979,0.522,
20,-170,40,0,0.000,1879.319,1506.472,,,,0.000,0,10,0,0,0,0,0,12.772,13.351,0.567,
20,-170,50,0,0.000,1879.319,1506.472,,,,0.000,0,9,0,0,0,0,1,13.134,10.367,0.595,
20,-170,60,0,0.000,1879.319,1506.472,,,,0.000,0,10,0,0,0,0,0,8.896,8.121,0.586,
20,-170,70,0,0.000,1879.319,1506.472,,,,0.000,0,10,0,0,0,0,0,8.715,8.917,0.374,
20,-170,80,0,0.000,1879.319,1506.472,,,,0.000,0,9,0,0,0,0,1,12.568,8.495,0.562,
20,-170,90,0,0.000,1879.319,1506.472,,,,0.000,0,9,0,0,0,0,1,9.202,10.958,0.548,
20,-170,100,0,0.000,1879.319,1506.472,,,,0.000,0,7,0,0,0,0,3,11.522,13.036,0.551,
20,-170,110,0,0.000,1879.319,1506.472,,,,0.000,0,9,0,0,0,0,1,9.752,10.829,0.447,
20,-170,120,0,0.000,1879.319,1506.472,,,,0.000,0,6,0,0,0,0,4,11.323,8.062,0.526,
20,-170,130,0,0.000,1879.319,1506.472,,,,0.000,0,2,0,0,0,0,8,9.209,12.390,0.527,
20,-170,140,0,0.000,1879.319,1506.472,,,,0.000,0,5,0,0,0,0,5,11.255,14.052,0.599,
20,-170,150,0,0.000,1879.319,1506.472,,,,0.000,0,3,0,0,0,0,7,9.464,12.645,0.451,
20,-170,160,0,0.000,1879.319,1506.472,,,,0.000,0,3,0,0,0,0,7,12.626,9.503,0.533,
20,-170,170,0,0.000,1879.319,1506.472,,,,0.000,0,3,0,0,0,0,7,13.816,9.043,0.621,
20,-170,180,0,0.000,1879.319,1506.472,,,,0.000,0,1,0,0,0,0,9,10.466,11.202,0.629,
20,-170,190,0,0.000,1879.319,1506.472,,,,0.000,0,2,0,0,0,0,8,11.196,11.671,0.514,
20,-170,200,0,0.000,1879.319,1506.472,,,,0.000,0,0,0,0,0,0,10,11.839,11.078,0.544,
20,-170,210,0,0.000,1879.319,1506.472,,,,0.000,0,0,0,0,0,0,10,8.962,9.185,0.388,
20,-170,220,0,0.000,1879.319,1506.472,,,,0.000,0,0,0,0,0,0,10,12.074,13.267,0.621,
20,-170,230,0,0.000,1879.319,1506.472,,,,0.000,0,0,0,0,0,0,10,12.582,9.798,0.555,
20,-170,240,0,0.000,1879.319,1506.472,,,,0.000,0,0,0,0,0,0,10,8.555,10.924,0.668,
20,-170,250,0,0.000,1879.319,1506.472,,,,0.000,0,0,0,0,0,0,10,11.438,3.957,0.620,
20,-170,260,0,0.000,1879.319,1506.472,,,,0.000,0,0,0,0,0,0,10,13.177,10.565,0.462,
20,-170,270,0,0.000,1879.319,1506.472,,,,0.000,0,0,0,0,0,0,10,10.351,13.103,0.507,
20,-170,280,0,0.000,1879.319,1506.472,,,,0.000,0,0,0,0,0,0,10,13.349,8.604,0.531,
20,-170,290,0,0.000,1879.319,1506.472,,,,0.000,0,0,0,0,0,0,10,9.673,11.661,0.457,
20,-170,300,0,0.000,1879.319,1506.472,,,,0.000,0,0,0,0,0,0,10,11.815,9.798,0.573,
20,-170,310,0,0.000,1879.319,1506.472,,,,0.000,0,0,0,0,0,0,10,6.997,9.303,0.696,
20,-170,320,0,0.000,1879.319,1506.472,,,,0.000,0,0,0,0,0,0,10,8.853,12.344,0.549,
20,-170,330,0,0.000,1879.319,1506.472,,,,0.000,0,0,0,0,0,0,10,10.844,13.362,0.465,
20,-170,340,0,0.000,1879.319,1506.472,,,,0.000,0,0,0,0,0,0,10,6.062,11.768,0.584,
20,-170,350,0,0.000,1879.319,1506.472,,,,0.000,0,0,0,0,0,0,10,7.890,9.367,0.443,
20,-170,360,0,0.000,1879.319,1506.472,,,,0.000,0,0,0,0,0,0,10,8.759,8.380,0.544,
20,-170,370,0,0.000,1879.319,1506.472,,,,0.000,0,0,0,0,0,0,10,11.403,13.143,0.402,
20,-170,380,0,0.000,1879.319,1506.472,,,,0.000,0,0,0,0,0,0,10,12.677,12.000,0.564,
20,-170,390,0,0.000,1879.319,1506.472,,,,0.000,0,0,0,0,0,0,10,14.544,8.974,0.407,
20,-160,-100,0,0.000,1879.319,1506.472,,,,0.000,0,10,0,0,0,0,0,11.945,12.224,0.543,
20,-160,-90,0,0.000,1879.319,1506.472,,,,0.000,0,10,0,0,0,0,0,9.048,12.287,0.647,
20,-160,-80,0,0.000,1879.319,1506.472,,,,0.000,0,10,0,0,0,0,0,12.466,12.001,0.692,
20,-160,-70,0,0.000,1879.319,1506.472,,,,0.000,0,10,0,0,0,0,0,7.467,10.190,0.535,
20,-160,-60,0,0.000,1879.319,1506.472,,,,0.000,0,10,0,0,0,0,0,9.108,10.724,0.474,
20,-160,-50,0,0.000,1879.319,1506.472,,,,0.000,0,10,0,0,0,0,0,14.329,13.093,0.741,
20,-160,-40,0,0.000,1879.319,1506.472,,,,0.000,0,10,0,0,0,0,0,9.825,11.881,0.413,
20,-160,-30,0,0.000,1879.319,1506.472,,,,0.000,0,10,0,0,0,0,0,10.629,12.181,0.426,
20,-160,-20,0,0.000,1879.319,1506.472,,,,0.000,0,10,0,0,0,0,0,10.246,9.263,0.381,
20,-160,-10,0,0.000,1879.319,1506.472,,,,0.000,0,10,0,0,0,0,0,9.377,12.500,0.492,
20,-160,0,0,0.000,1879.319,1506.472,,,,0.000,0,10,0,0,0,0,0,5.658,12.164,0.696,
20,-160,10,0,0.000,1879.319,1506.472,,,,0.000,0,10,0,0,0,0,0,5.325,12.998,0.585,
20,-160,20,0,0.000,1879.319,1506.472,,,,0.000,0,10,0,0,0,0,0,11.934,10.484,0.511,
20,-160,30,0,0.000,1879.319,1506.472,,,,0.000,0,10,0,0,0,0,0,10.405,13.048,0.513,
20,-160,40,0,0.000,1879.319,1506.472,,,,0.000,0,10,0,0,0,0,0,12.603,12.920,0.462,
20,-160,50,0,0.000,1879.319,1506.472,,,,0.000,0,9,0,0,0,0,1,12.580,12.121,0.595,
20,-160,60,0,0.000,1879.319,1506.472,,,,0.000,0,9,0,0,0,0,1,10.049,5.961,0.515,
20,-160,70,0,0.000,1879.319,1506.472,,,,0.000,0,9,0,0,0,0,1,10.461,9.863,0.609,
20,-160,80,0,0.000,1879.319,1506.472,,,,0.000,0,7,0,0,0,0,3,13.192,12.093,0.486,
20,-160,90,0,0.000,1879.319,1506.472,,,,0.000,0,6,0,0,0,0,4,12.037,9.445,0.512,
20,-160,100,0,0.000,1879.319,1506.472,,,,0.000,0,5,0,0,0,0,5,10.622,12.157,0.498,
20,-160,110,0,0.000,1879.319,1506.472,,,,0.000,0,5,0,0,0,0,5,11.754,11.702,0.562,
20,-160,120,0,0.000,1879.319,1506.472,,,,0.000,0,1,0,0,0,0,9,12.589,12.691,0.720,
20,-160,130,0,0.000,1879.319,1506.472,,,,0.000,0,4,0,0,0,0,6,12.847,9.815,0.553,
20,-160,140,0,0.000,1879.319,1506.472,,,,0.000,0,3,0,0,0,0,7,12.792,9.831,0.448,
20,-160,150,0,0.000,1879.319,1506.472,,,,0.000,0,0,0,0,0,0,10,11.839,7.949,0.524,
20,-160,160,0,0.000,1879.319,1506.472,,,,0.000,0,0,0,0,0,0,10,8.690,11.773,0.584,
20,-160,170,0,0.000,1879.319,1506.472,,,,0.000,0,0,0,0,0,0,10,13.115,13.506,0.603,
20,-160,180,0,0.000,1879.319,1506.472,,,,0.000,0,0,0,0,0,0,10,9.130,10.991,0.530,
20,-160,190,0,0.000,1879.319,1506.472,,,,0.000,0,0,0,0,0,0,10,10.984,12.612,0.602,
20,-160,200,0,0.000,1879.319,1506.472,,,,0.000,0,0,0,0,0,0,10,10.228,11.583,0.509,
20,-160,210,0,0.000,1879.319,1506.472,,,,0.000,0,0,0,0,0,0,10,11.465,10.130,0.521,
20,-160,220,0,0.000,1879.319,1506.472,,,,0.000,0,0,0,0,0,0,10,10.141,12.696,0.553,
20,-160,230,0,0.000,1879.319,1506.472,,,,0.000,0,0,0,0,0,0,10,11.879,12.162,0.605,
20,-160,240,0,0.000,1879.319,1506.472,,,,0.000,0,0,0,0,0,0,10,11.230,10.799,0.628,
20,-160,250,0,0.000,1879.319,1506.472,,,,0.000,0,0,0,0,0,0,10,11.044,12.341,0.582,
20,-160,260,0,0.000,1879.319,1506.472,,,,0.000,0,0,0,0,0,0,10,12.977,10.859,0.711,
20,-160,270,0,0.000,1879.319,1506.472,,,,0.000,0,0,0,0,0,0,10,11.291,10.602,0.727,
20,-160,280,0,0.000,1879.319,1506.472,,,,0.000,0,0,0,0,0,0,10,11.473,11.862,0.528,
20,-160,290,0,0.000,1879.319,1506.472,,,,0.000,0,0,0,0,0,0,10,7.055,8.149,0.486,
20,-160,300,0,0.000,1879.319,1506.472,,,,0.000,0,0,0,0,0,0,10,10.747,11.949,0.622,
20,-160,310,0,0.000,1879.319,1506.472,,,,0.000,0,0,0,0,0,0,10,10.284,13.234,0.515,
20,-160,320,0,0.000,1879.319,1506.472,,,,0.000,0,0,0,0,0,0,10,10.397,9.581,0.578,
20,-160,330,0,0.000,1879.319,1506.472,,,,0.000,0,0,0,0,0,0,10,11.564,9.260,0.409,
20,-160,340,0,0.000,1879.319,1506.472,,,,0.000,0,0,0,0,0,0,10,11.407,10.682,0.603,
20,-160,350,0,0.000,1879.319,1506.472,,,,0.000,0,0,0,0,0,0,10,13.046,9.100,0.547,
20,-160,360,0,0.000,1879.319,1506.472,,,,0.000,0,0,0,0,0,0,10,10.729,12.069,0.468,
20,-160,370,0,0.000,1879.319,1506.472,,,,0.000,0,0,0,0,0,0,10,10.135,11.598,0.570,
20,-160,380,0,0.000,1879.319,1506.472,,,,0.000,0,0,0,0,0,0,10,8.895,10.506,0.590,
20,-160,390,0,10.000,1879.319,1506.472,1878.958,1506.714,0.435,0.000,0,0,0,0,0,0,9,11.599,9.553,0.559,0.000
20,-150,-100,0,0.000,1879.319,1506.472,,,,0.000,0,10,0,0,0,0,0,10.712,7.497,0.781,
20,-150,-90,0,0.000,1879.319,1506.472,,,,0.000,0,10,0,0,0,0,0,12.252,12.566,0.432,
20,-150,-80,0,0.000,1879.319,1506.472,,,,0.000,0,10,0,0,0,0,0,10.536,10.894,0.587,
20,-150,-70,0,0.000,1879.319,1506.472,,,,0.000,0,10,0,0,0,0,0,9.158,11.817,0.379,
20,-150,-60,0,0.000,1879.319,1506.472,,,,0.000,0,10,0,0,0,0,0,9.873,9.722,0.524,
20,-150,-50,0,0.000,1879.319,1506.472,,,,0.000,0,10,0,0,0,0,0,8.627,12.314,0.766,
20,-150,-40,0,0.000,1879.319,1506.472,,,,0.000,0,10,0,0,0,0,0,11.975,10.061,0.435,
20,-150,-30,0,0.000,1879.319,1506.472,,,,0.000,0,10,0,0,0,0,0,12.610,10.243,0.389,
20,-150,-20,0,0.000,1879.319,1506.472,,,,0.000,0,10,0,0,0,0,0,7.447,12.651,0.579,
20,-150,-10,0,0.000,1879.319,1506.472,,,,0.000,0,10,0,0,0,0,0,8.304,14.150,0.412,
20,-150,0,0,0.000,1879.319,1506.472,,,,0.000,0,10,0,0,0,0,0,14.886,9.761,0.612,
20,-150,10,0,0.000,1879.319,1506.472,,,,0.000,0,10,0,0,0,0,0,10.131,7.962,0.356,
20,-150,20,0,0.000,1879.319,1506.472,,,,0.000,0,9,0,0,0,0,1,11.540,7.915,0.567,
20,-150,30,0,0.000,1879.319,1506.472,,,,0.000,0,9,0,0,0,0,1,11.537,10.041,0.383,
20,-150,40,0,0.000,1879.319,1506.472,,,,0.000,0,8,0,0,0,0,2,11.353,13.151,0.554,
20,-150,50,0,0.000,1879.319,1506.472,,,,0.000,0,8,0,0,0,0,2,9.651,13.976,0.646,
20,-150,60,0,0.000,1879.319,1506.472,,,,0.000,0,6,0,0,0,0,4,11.579,11.995,0.642,
20,-150,70,0,0.000,1879.319,1506.472,,,,0.000,0,6,0,0,0,0,4,11.338,12.294,0.578,
20,-150,80,0,0.000,1879.319,1506.472,,,,0.000,0,3,0,0,0,0,7,15.495,9.146,0.559,
20,-150,90,0,0.000,1879.319,1506.472,,,,0.000,0,3,0,0,0,0,7,11.925,3.950,0.510,
20,-150,100,0,0.000,1879.319,1506.472,,,,0.000,0,2,0,0,0,0,8,12.521,10.930,0.495,
20,-150,110,0,0.000,1879.319,1506.472,,,,0.000,0,4,0,0,0,0,6,11.181,9.234,0.572,
20,-150,120,0,0.000,1879.319,1506.472,,,,0.000,0,0,0,0,0,0,10,9.890,10.294,0.341,
20,-150,130,0,0.000,1879.319,1506.472,,,,0.000,0,1,0,0,0,0,9,11.451,10.488,0.541,
20,-150,140,0,0.000,1879.319,1506.472,,,,0.000,0,1,0,0,0,0,9,12.242,15.072,0.469,
20,-150,150,0,0.000,1879.319,1506.472,,,,0.000,0,0,0,0,0,0,10,9.880,9.175,0.509,
20,-150,160,0,0.000,1879.319,1506.472,,,,0.000,0,0,0,0,0,0,10,9.113,5.848,0.423,
20,-150,170,0,0.000,1879.319,1506.472,,,,0.000,0,0,0,0,0,0,10,13.940,9.666,0.612,
20,-150,180,0,0.000,1879.319,1506.472,,,,0.000,0,0,0,0,0,0,10,11.159,12.652,0.649,
20,-150,190,0,0.000,1879.319,1506.472,,,,0.000,0,0,0,0,0,0,10,9.827,8.055,0.649,
20,-150,200,0,0.000,1879.319,1506.472,,,,0.000,0,0,0,0,0,0,10,11.243,12.453,0.489,
20,-150,210,0,0.000,1879.319,1506.472,,,,0.000,0,0,0,0,0,0,10,7.423,8.643,0.612,
20,-150,220,0,0.000,1879.319,1506.472,,,,0.000,0,0,0,0,0,0,10,11.635,11.377,0.602,
20,-150,230,0,0.000,1879.319,1506.472,,,,0.000,0,0,0,0,0,0,10,12.221,8.846,0.592,
20,-150,240,0,0.000,1879.319,1506.472,,,,0.000,0,0,0,0,0,0,10,10.586,11.522,0.756,
20,-150,250,0,0.000,1879.319,1506.472,,,,0.000,0,0,0,0,0,0,10,9.574,11.218,0.650,
20,-150,260,0,0.000,1879.319,1506.472,,,,0.000,0,0,0,0,0,0,10,9.708,12.226,0.401,
20,-150,270,0,0.000,1879.319,1506.472,,,,0.000,0,0,0,0,0,0,10,10.139,11.367,0.518,
20,-150,280,0,0.000,1879.319,1506.472,,,,0.000,0,0,0,0,0,0,10,11.932,12.920,0.550,
20,-150,290,0,0.000,1879.319,1506.472,,,,0.000,0,0,0,0,0,0,10,12.226,8.964,0.661,
20,-150,300,0,0.000,1879.319,1506.472,,,,0.000,0,0,0,0,0,0,10,14.234,13.939,0.406,
20,-150,310,0,0.000,1879.319,1506.472,,,,0.000,0,0,0,0,0,0,10,12.651,10.228,0.594,
20,-150,320,0,0.000,1879.319,1506.472,,,,0.000,0,0,0,0,0,0,10,14.615,11.224,0.613,
20,-150,330,0,0.000,1879.319,1506.472,,,,0.000,0,0,0,0,0,0,10,11.743,11.038,0.582,
20,-150,340,0,0.000,1879.319,1506.472,,,,0.000,0,0,0,0,0,0,10,11.632,12.279,0.555,
20,-150,350,0,0.000,1879.319,1506.472,,,,0.000,0,0,0,0,0,0,10,11.332,11.932,0.444,
20,-150,360,0,10.000,1879.319,1506.472,1878.918,1506.686,0.454,0.000,0,0,0,0,0,0,9,10.083,13.612,0.659,0.000
20,-150,370,0,20.000,1879.319,1506.472,1878.952,1506.754,0.462,0.000,0,0,0,0,0,0,8,11.804,11.663,0.462,0.000
20,-150,380,0,30.000,1879.319,1506.472,1878.935,1506.708,0.450,0.000,0,0,0,0,0,0,7,6.742,13.232,0.641,0.000
20,-150,390,0,10.000,1879.319,1506.472,1878.943,1506.757,0.472,0.000,0,0,0,0,0,0,9,10.937,10.086,0.494,0.000
20,-140,-100,0,0.000,1879.319,1506.472,,,,0.000,0,10,0,0,0,0,0,7.538,11.087,0.634,
20,-140,-90,0,0.000,1879.319,1506.472,,,,0.000,0,10,0,0,0,0,0,9.152,11.845,0.428,
20,-140,-80,0,0.000,1879.319,1506.472,,,,0.000,0,10,0,0,0,0,0,11.598,9.170,0.536,
20,-140,-70,0,0.000,1879.319,1506.472,,,,0.000,0,10,0,0,0,0,0,9.877,13.167,0.562,
20,-140,-60,0,0.000,1879.319,1506.472,,,,0.000,0,10,0,0,0,0,0,13.487,9.844,0.492,
20,-140,-50,0,0.000,1879.319,1506.472,,,,0.000,0,10,0,0,0,0,0,11.396,12.014,0.521,
20,-140,-40,0,0.000,1879.319,1506.472,,,,0.000,0,10,0,0,0,0,0,10.183,11.312,0.537,
20,-140,-30,0,0.000,1879.319,1506.472,,,,0.000,0,10,0,0,0,0,0,9.831,14.514,0.619,
20,-140,-20,0,0.000,1879.319,1506.472,,,,0.000,0,10,0,0,0,0,0,10.631,12.396,0.752,
20,-140,-10,0,0.000,1879.319,1506.472,,,,0.000,0,10,0,0,0,0,0,10.643,11.639,0.463,
20,-140,0,0,0.000,1879.319,1506.472,,,,0.000,0,8,0,0,0,0,2,13.053,11.328,0.691,
20,-140,10,0,0.000,1879.319,1506.472,,,,0.000,0,10,0,0,0,0,0,10.446,11.723,0.566,
20,-140,20,0,0.000,1879.319,1506.472,,,,0.000,0,6,0,0,0,0,4,10.861,10.669,0.504,
20,-140,30,0,0.000,1879.319,1506.472,,,,0.000,0,6,0,0,0,0,4,9.710,11.262,0.722,
20,-140,40,0,0.000,1879.319,1506.472,,,,0.000,0,6,0,0,0,0,4,7.656,10.067,0.583,
20,-140,50,0,0.000,1879.319,1506.472,,,,0.000,0,6,0,0,0,0,4,10.887,9.723,0.448,
20,-140,60,0,0.000,1879.319,1506.472,,,,0.000,0,5,0,0,0,0,5,10.994,9.622,0.450,
20,-140,70,0,0.000,1879.319,1506.472,,,,0.000,0,3,0,0,0,0,7,10.707,10.521,0.604,
20,-140,80,0,0.000,1879.319,1506.472,,,,0.000,0,0,0,0,0,0,10,8.694,7.677,0.589,
20,-140,90,0,0.000,1879.319,1506.472,,,,0.000,0,1,0,0,0,0,9,12.347,13.064,0.667,
20,-140,100,0,0.000,1879.319,1506.472,,,,0.000,0,0,0,0,0,0,10,11.166,11.263,0.460,
20,-140,110,0,0.000,1879.319,1506.472,,,,0.000,0,0,0,0,0,0,10,10.959,10.296,0.728,
20,-140,120,0,0.000,1879.319,1506.472,,,,0.000,0,0,0,0,0,0,10,11.160,10.189,0.634,
20,-140,130,0,0.000,1879.319,1506.472,,,,0.000,0,0,0,0,0,0,10,9.304,7.200,0.532,
20,-140,140,0,0.000,1879.319,1506.472,,,,0.000,0,0,0,0,0,0,10,11.172,10.825,0.526,
20,-140,150,0,0.000,1879.319,1506.472,,,,0.000,0,0,0,0,0,0,10,12.690,10.687,0.675,
20,-140,160,0,0.000,1879.319,1506.472,,,,0.000,0,0,0,0,0,0,10,12.191,9.248,0.643,
20,-140,170,0,0.000,1879.319,1506.472,,,,0.000,0,0,0,0,0,0,10,9.825,9.734,0.546,
20,-140,180,0,0.000,1879.319,1506.472,,,,0.000,0,0,0,0,0,0,10,11.183,13.129,0.653,
20,-140,190,0,0.000,1879.319,1506.472,,,,0.000,0,0,0,0,0,0,10,13.392,12.772,0.574,
20,-140,200,0,0.000,1879.319,1506.472,,,,0.000,0,0,0,0,0,0,10,12.937,7.756,0.467,
20,-140,210,0,0.000,1879.319,1506.472,,,,0.000,0,0,0,0,0,0,10,10.638,10.848,0.517,
20,-140,220,0,0.000,1879.319,1506.472,,,,0.000,0,0,0,0,0,0,10,10.038,8.612,0.482,
20,-140,230,0,0.000,1879.319,1506.472,,,,0.000,0,0,0,0,0,0,10,9.456,13.017,0.374,
20,-140,240,0,0.000,1879.319,1506.472,,,,0.000,0,0,0,0,0,0,10,9.162,12.151,0.616,
20,-140,250,0,0.000,1879.319,1506.472,,,,0.000,0,0,0,0,0,0,10,7.568,9.683,0.646,
20,-140,260,0,0.000,1879.319,1506.472,,,,0.000,0,0,0,0,0,0,10,9.913,14.383,0.571,
20,-140,270,0,0.000,1879.319,1506.472,,,,0.000,0,0,0,0,0,0,10,11.605,11.940,0.453,
20,-140,280,0,0.000,1879.319,1506.472,,,,0.000,0,0,0,0,0,0,10,12.151,11.232,0.476,
20,-140,290,0,0.000,1879.319,1506.472,,,,0.000,0,0,0,0,0,0,10,10.538,10.779,0.613,
20,-140,300,0,0.000,1879.319,1506.472,,,,0.000,0,0,0,0,0,0,10,13.117,11.178,0.475,
20,-140,310,0,0.000,1879.319,1506.472,,,,0.000,0,0,0,0,0,0,10,8.376,11.594,0.563,
20,-140,320,0,0.000,1879.319,1506.472,,,,0.000,0,0,0,0,0,0,10,13.948,11.927,0.585,
20,-140,330,0,0.000,1879.319,1506.472,,,,0.000,0,0,0,0,0,0,10,11.568,8.026,0.585,
20,-140,340,0,10.000,1879.319,1506.472,1878.920,1506.708,0.463,0.000,0,0,0,0,0,0,9,10.975,12.061,0.591,0.000
20,-140,350,0,10.000,1879.319,1506.472,1878.935,1506.720,0.457,0.000,0,0,0,0,0,0,9,10.788,9.315,0.455,0.000
20,-140,360,0,20.000,1879.319,1506.472,1878.939,1506.709,0.447,0.000,0,0,0,0,0,0,8,10.533,9.516,0.574,0.000
20,-140,370,0,30.000,1879.319,1506.472,1878.949,1506.707,0.438,0.000,0,0,0,0,0,0,7,11.683,9.579,0.522,0.000
20,-140,380,0,60.000,1879.319,1506.472,1878.943,1506.742,0.463,0.000,0,0,0,0,0,0,4,11.595,9.139,0.464,0.000
20,-140,390,0,30.000,1879.319,1506.472,1878.924,1506.746,0.481,0.000,0,0,0,0,0,0,7,10.468,9.802,0.630,0.000
20,-130,-100,0,0.000,1879.319,1506.472,,,,0.000,0,10,0,0,0,0,0,12.679,11.644,0.494,
20,-130,-90,0,0.000,1879.319,1506.472,,,,0.000,0,10,0,0,0,0,0,9.533,7.454,0.515,
20,-130,-80,0,0.000,1879.319,1506.472,,,,0.000,0,10,0,0,0,0,0,9.832,9.113,0.396,
20,-130,-70,0,0.000,1879.319,1506.472,,,,0.000,0,10,0,0,0,0,0,10.501,9.365,0.466,
20,-130,-60,0,0.000,1879.319,1506.472,,,,0.000,0,10,0,0,0,0,0,10.895,7.868,0.394,
20,-130,-50,0,0.000,1879.319,1506.472,,,,0.000,0,10,0,0,0,0,0,11.129,10.041,0.583,
20,-130,-40,0,0.000,1879.319,1506.472,,,,0.000,0,10,0,0,0,0,0,12.486,10.630,0.496,
20,-130,-30,0,0.000,1879.319,1506.472,,,,0.000,0,10,0,0,0,0,0,9.244,10.919,0.579,
20,-130,-20,0,0.000,1879.319,1506.472,,,,0.000,0,9,0,0,0,0,1,9.592,11.126,0.737,
20,-130,-10,0,0.000,1879.319,1506.472,,,,0.000,0,8,0,0,0,0,2,11.763,8.154,0.445,
20,-130,0,0,0.000,1879.319,1506.472,,,,0.000,0,8,0,0,0,0,2,12.538,13.411,0.469,
20,-130,10,0,0.000,1879.319,1506.472,,,,0.000,0,7,0,0,0,0,3,12.276,8.418,0.594,
20,-130,20,0,0.000,1879.319,1506.472,,,,0.000,0,6,0,0,0,0,4,8.056,9.530,0.659,
20,-130,30,0,0.000,1879.319,1506.472,,,,0.000,0,5,0,0,0,0,5,10.545,12.794,0.553,
20,-130,40,0,0.000,1879.319,1506.472,,,,0.000,0,2,0,0,0,0,8,10.671,12.840,0.518,
20,-130,50,0,0.000,1879.319,1506.472,,,,0.000,0,2,0,0,0,0,8,12.732,8.765,0.403,
20,-130,60,0,0.000,1879.319,1506.472,,,,0.000,0,2,0,0,0,0,8,14.412,9.815,0.564,
20,-130,70,0,0.000,1879.319,1506.472,,,,0.000,0,3,0,0,0,0,7,13.566,13.387,0.474,
20,-130,80,0,0.000,1879.319,1506.472,,,,0.000,0,0,0,0,0,0,10,7.700,12.450,0.530,
20,-130,90,0,0.000,1879.319,1506.472,,,,0.000,0,1,0,0,0,0,9,9.402,11.529,0.311,
20,-130,100,0,0.000,1879.319,1506.472,,,,0.000,0,0,0,0,0,0,10,9.858,9.021,0.417,
20,-130,110,0,0.000,1879.319,1506.472,,,,0.000,0,0,0,0,0,0,10,8.131,8.397,0.629,
20,-130,120,0,0.000,1879.319,1506.472,,,,0.000,0,0,0,0,0,0,10,12.120,9.736,0.550,
20,-130,130,0,0.000,1879.319,1506.472,,,,0.000,0,0,0,0,0,0,10,15.193,10.485,0.664,
20,-130,140,0,0.000,1879.319,1506.472,,,,0.000,0,0,0,0,0,0,10,9.960,11.174,0.434,
20,-130,150,0,0.000,1879.319,1506.472,,,,0.000,0,0,0,0,0,0,10,8.740,11.084,0.672,
20,-130,160,0,0.000,1879.319,1506.472,,,,0.000,0,0,0,0,0,0,10,13.318,8.910,0.539,
20,-130,170,0,0.000,1879.319,1506.472,,,,0.000,0,0,0,0,0,0,10,9.519,10.332,0.452,
20,-130,180,0,0.000,1879.319,1506.472,,,,0.000,0,0,0,0,0,0,10,10.014,10.877,0.551,
20,-130,190,0,0.000,1879.319,1506.472,,,,0.000,0,0,0,0,0,0,10,13.177,11.267,0.616,
20,-130,200,0,0.000,1879.319,1506.472,,,,0.000,0,0,0,0,0,0,10,7.014,12.269,0.702,
20,-130,210,0,0.000,1879.319,1506.472,,,,0.000,0,0,0,0,0,0,10,12.136,10.975,0.640,
20,-130,220,0,0.000,1879.319,1506.472,,,,0.000,0,0,0,0,0,0,10,11.590,9.363,0.462,
20,-130,230,0,0.000,1879.319,1506.472,,,,0.000,0,0,0,0,0,0,10,7.006,13.941,0.479,
20,-130,240,0,0.000,1879.319,1506.472,,,,0.000,0,0,0,0,0,0,10,9.569,10.113,0.580,
20,-130,250,0,0.000,1879.319,1506.472,,,,0.000,0,0,0,0,0,0,10,14.515,11.829,0.388,
20,-130,260,0,0.000,1879.319,1506.472,,,,0.000,0,0,0,0,0,0,10,10.287,10.934,0.593,
20,-130,270,0,0.000,1879.319,1506.472,,,,0.000,0,0,0,0,0,0,10,12.179,11.061,0.431,
20,-130,280,0,0.000,1879.319,1506.472,,,,0.000,0,0,0,0,0,0,10,10.813,9.741,0.590,
20,-130,290,0,0.000,1879.319,1506.472,,,,0.000,0,0,0,0,0,0,10,11.993,14.328,0.573,
20,-130,300,0,0.000,1879.319,1506.472,,,,0.000,0,0,0,0,0,0,10,10.851,10.833,0.573,
20,-130,310,0,10.000,1879.319,1506.472,1878.917,1506.721,0.473,0.000,0,0,0,0,0,0,9,8.562,11.410,0.425,0.000
20,-130,320,0,10.000,1879.319,1506.472,1878.921,1506.764,0.493,0.000,0,0,0,0,0,0,9,12.979,7.902,0.580,0.000
20,-130,330,0,20.000,1879.319,1506.472,1878.932,1506.683,0.441,0.000,0,0,0,0,0,0,8,11.731,11.799,0.514,0.000
20,-130,340,0,50.000,1879.319,1506.472,1878.947,1506.742,0.460,0.000,0,0,0,0,0,0,5,11.372,7.544,0.581,0.000
20,-130,350,0,40.000,1879.319,1506.472,1878.948,1506.721,0.447,0.000,0,0,0,0,0,0,6,9.417,15.033,0.553,0.000
20,-130,360,0,30.000,1879.319,1506.472,1878.953,1506.753,0.461,0.000,0,0,0,0,0,0,7,8.286,11.574,0.506,0.000
20,-130,370,0,70.000,1879.319,1506.472,1878.929,1506.710,0.457,0.000,0,0,0,0,0,0,3,9.473,6.928,0.686,0.000
20,-130,380,0,60.000,1879.319,1506.472,1878.934,1506.717,0.456,0.000,0,0,0,0,0,0,4,12.782,10.827,0.704,0.000
20,-130,390,0,70.000,1879.319,1506.472,1878.929,1506.714,0.459,0.000,0,0,0,0,0,0,3,10.334,12.477,0.631,0.000
20,-120,-100,0,0.000,1879.319,1506.472,,,,0.000,0,10,0,0,0,0,0,11.770,11.249,0.595,
20,-120,-90,0,0.000,1879.319,1506.472,,,,0.000,0,10,0,0,0,0,0,12.528,12.476,0.430,
20,-120,-80,0,0.000,1879.319,1506.472,,,,0.000,0,10,0,0,0,0,0,11.065,10.047,0.692,
20,-120,-70,0,0.000,1879.319,1506.472,,,,0.000,0,9,0,0,0,0,1,11.842,9.980,0.434,
20,-120,-60,0,0.000,1879.319,1506.472,,,,0.000,0,9,0,0,0,0,1,10.280,10.534,0.640,
20,-120,-50,0,0.000,1879.319,1506.472,,,,0.000,0,9,0,0,0,0,1,11.439,9.767,0.619,
20,-120,-40,0,0.000,1879.319,1506.472,,,,0.000,0,8,0,0,0,0,2,12.058,12.323,0.398,
20,-120,-30,0,0.000,1879.319,1506.472,,,,0.000,0,7,0,0,0,0,3,10.248,10.274,0.557,
20,-120,-20,0,0.000,1879.319,1506.472,,,,0.000,0,3,0,0,0,0,7,8.332,12.413,0.636,
20,-120,-10,0,0.000,1879.319,1506.472,,,,0.000,0,8,0,0,0,0,2,11.669,9.059,0.594,
20,-120,0,0,0.000,1879.319,1506.472,,,,0.000,0,3,0,0,0,0,7,12.696,12.004,0.545,
20,-120,10,0,0.000,1879.319,1506.472,,,,0.000,0,2,0,0,0,0,8,13.614,7.368,0.503,
20,-120,20,0,0.000,1879.319,1506.472,,,,0.000,0,3,0,0,0,0,7,12.983,7.461,0.394,
20,-120,30,0,0.000,1879.319,1506.472,,,,0.000,0,1,0,0,0,0,9,9.830,14.058,0.553,
20,-120,40,0,0.000,1879.319,1506.472,,,,0.000,0,2,0,0,0,0,8,9.933,6.242,0.608,
20,-120,50,0,0.000,1879.319,1506.472,,,,0.000,0,0,0,0,0,0,10,9.958,11.207,0.514,
20,-120,60,0,0.000,1879.319,1506.472,,,,0.000,0,0,0,0,0,0,10,9.893,14.088,0.516,
20,-120,70,0,0.000,1879.319,1506.472,,,,0.000,0,0,0,0,0,0,10,7.559,9.829,0.485,
20,-120,80,0,0.000,1879.319,1506.472,,,,0.000,0,0,0,0,0,0,10,11.105,9.595,0.411,
20,-120,90,0,0.000,1879.319,1506.472,,,,0.000,0,0,0,0,0,0,10,11.498,10.544,0.489,
20,-120,100,0,0.000,1879.319,1506.472,,,,0.000,0,0,0,0,0,0,10,10.535,9.161,0.595,
20,-120,110,0,0.000,1879.319,1506.472,,,,0.000,0,0,0,0,0,0,10,12.013,10.339,0.351,
20,-120,120,0,0.000,1879.319,1506.472,,,,0.000,0,0,0,0,0,0,10,9.449,10.488,0.609,
20,-120,130,0,0.000,1879.319,1506.472,,,,0.000,0,0,0,0,0,0,10,10.995,12.564,0.435,
20,-120,140,0,0.000,1879.319,1506.472,,,,0.000,0,0,0,0,0,0,10,11.103,6.327,0.586,
20,-120,150,0,0.000,1879.319,1506.472,,,,0.000,0,0,0,0,0,0,10,11.540,10.366,0.398,
20,-120,160,0,0.000,1879.319,1506.472,,,,0.000,0,0,0,0,0,0,10,11.587,10.805,0.420,
20,-120,170,0,0.000,1879.319,1506.472,,,,0.000,0,0,0,0,0,0,10,9.838,10.955,0.547,
20,-120,180,0,0.000,1879.319,1506.472,,,,0.000,0,0,0,0,0,0,10,13.330,11.826,0.564,
20,-120,190,0,0.000,1879.319,1506.472,,,,0.000,0,0,0,0,0,0,10,12.399,8.005,0.520,
20,-120,200,0,0.000,1879.319,1506.472,,,,0.000,0,0,0,0,0,0,10,8.838,7.963,0.573,
20,-120,210,0,0.000,1879.319,1506.472,,,,0.000,0,0,0,0,0,0,10,11.150,11.071,0.452,
20,-120,220,0,0.000,1879.319,1506.472,,,,0.000,0,0,0,0,0,0,10,10.533,8.237,0.473,
20,-120,230,0,0.000,1879.319,1506.472,,,,0.000,0,0,0,0,0,0,10,9.589,11.565,0.452,
20,-120,240,0,0.000,1879.319,1506.472,,,,0.000,0,0,0,0,0,0,10,10.312,12.257,0.644,
20,-120,250,0,0.000,1879.319,1506.472,,,,0.000,0,0,0,0,0,0,10,8.299,11.026,0.577,
20,-120,260,0,0.000,1879.319,1506.472,,,,0.000,0,0,0,0,0,0,10,8.956,9.454,0.462,
20,-120,270,0,0.000,1879.319,1506.472,,,,0.000,0,0,0,0,0,0,10,11.737,11.717,0.647,
20,-120,280,0,0.000,1879.319,1506.472,,,,0.000,0,0,0,0,0,0,10,7.316,11.168,0.423,
20,-120,290,0,0.000,1879.319,1506.472,,,,0.000,0,0,0,0,0,0,10,8.795,13.330,0.655,
20,-120,300,0,0.000,1879.319,1506.472,,,,0.000,0,0,0,0,0,0,10,8.445,12.055,0.609,
20,-120,310,0,20.000,1879.319,1506.472,1878.941,1506.757,0.473,0.000,0,0,0,0,0,0,8,12.158,11.183,0.444,0.000
20,-120,320,0,20.000,1879.319,1506.472,1878.959,1506.751,0.455,0.000,0,0,0,0,0,0,8,10.950,11.374,0.648,0.000
20,-120,330,0,50.000,1879.319,1506.472,1878.939,1506.742,0.466,0.000,0,0,0,0,0,0,5,11.626,10.645,0.551,0.000
20,-120,340,0,50.000,1879.319,1506.472,1878.949,1506.720,0.446,0.000,0,0,0,0,0,0,5,14.732,12.258,0.512,0.000
20,-120,350,0,90.000,1879.319,1506.472,1878.950,1506.733,0.452,0.000,0,0,0,0,0,0,1,9.592,9.022,0.479,0.000
20,-120,360,0,40.000,1879.319,1506.472,1878.926,1506.729,0.470,0.000,0,0,0,0,0,0,6,12.318,10.512,0.706,0.000
20,-120,370,0,70.000,1879.319,1506.472,1878.923,1506.718,0.466,0.000,0,0,0,0,0,0,3,14.076,9.701,0.447,0.000
20,-120,380,0,80.000,1879.319,1506.472,1878.933,1506.725,0.461,0.000,0,0,0,0,0,0,2,11.066,8.902,0.521,0.000
20,-120,390,0,100.000,1879.319,1506.472,1878.933,1506.727,0.463,0.000,0,0,0,0,0,0,0,10.300,11.000,0.601,0.000
20,-110,-100,0,0.000,1879.319,1506.472,,,,0.000,0,10,0,0,0,0,0,12.833,11.549,0.461,
20,-110,-90,0,0.000,1879.319,1506.472,,,,0.000,0,9,0,0,0,0,1,12.200,10.474,0.585,
20,-110,-80,0,0.000,1879.319,1506.472,,,,0.000,0,7,0,0,0,0,3,9.563,11.133,0.531,
20,-110,-70,0,0.000,1879.319,1506.472,,,,0.000,0,8,0,0,0,0,2,9.213,9.515,0.491,
20,-110,-60,0,0.000,1879.319,1506.472,,,,0.000,0,9,0,0,0,0,1,5.122,11.553,0.455,
20,-110,-50,0,0.000,1879.319,1506.472,,,,0.000,0,7,0,0,0,0,3,14.422,12.829,0.506,
20,-110,-40,0,0.000,1879.319,1506.472,,,,0.000,0,7,0,0,0,0,3,11.355,12.234,0.473,
20,-110,-30,0,0.000,1879.319,1506.472,,,,0.000,0,4,0,0,0,0,6,13.344,13.363,0.631,
20,-110,-20,0,0.000,1879.319,1506.472,,,,0.000,0,3,0,0,0,0,7,11.029,11.482,0.574,
20,-110,-10,0,0.000,1879.319,1506.472,,,,0.000,0,1,0,0,0,0,9,8.105,12.433,0.524,
20,-110,0,0,0.000,1879.319,1506.472,,,,0.000,0,2,0,0,0,0,8,9.904,13.472,0.534,
20,-110,10,0,0.000,1879.319,1506.472,,,,0.000,0,1,0,0,0,0,9,11.144,11.801,0.614,
20,-110,20,0,0.000,1879.319,1506.472,,,,0.000,0,1,0,0,0,0,9,11.421,8.258,0.316,
20,-110,30,0,0.000,1879.319,1506.472,,,,0.000,0,1,0,0,0,0,9,12.877,11.262,0.590,
20,-110,40,0,0.000,1879.319,1506.472,,,,0.000,0,0,0,0,0,0,10,14.078,10.466,0.575,
20,-110,50,0,0.000,1879.319,1506.472,,,,0.000,0,0,0,0,0,0,10,9.920,13.487,0.410,
20,-110,60,0,0.000,1879.319,1506.472,,,,0.000,0,0,0,0,0,0,10,8.642,12.832,0.607,
20,-110,70,0,0.000,1879.319,1506.472,,,,0.000,0,0,0,0,0,0,10,13.814,8.937,0.460,
20,-110,80,0,0.000,1879.319,1506.472,,,,0.000,0,0,0,0,0,0,10,13.272,10.879,0.684,
20,-110,90,0,0.000,1879.319,1506.472,,,,0.000,0,0,0,0,0,0,10,11.733,11.265,0.495,
20,-110,100,0,0.000,1879.319,1506.472,,,,0.000,0,0,0,0,0,0,10,11.716,14.053,0.518,
20,-110,110,0,0.000,1879.319,1506.472,,,,0.000,0,0,0,0,0,0,10,11.735,10.677,0.415,
20,-110,120,0,0.000,1879.319,1506.472,,,,0.000,0,0,0,0,0,0,10,13.822,11.472,0.396,
20,-110,130,0,0.000,1879.319,1506.472,,,,0.000,0,0,0,0,0,0,10,11.376,12.009,0.598,
20,-110,140,0,0.000,1879.319,1506.472,,,,0.000,0,0,0,0,0,0,10,11.027,5.553,0.601,
20,-110,150,0,0.000,1879.319,1506.472,,,,0.000,0,0,0,0,0,0,10,9.753,11.006,0.568,
20,-110,160,0,0.000,1879.319,1506.472,,,,0.000,0,0,0,0,0,0,10,10.192,15.225,0.562,
20,-110,170,0,0.000,1879.319,1506.472,,,,0.000,0,0,0,0,0,0,10,12.197,10.321,0.572,
20,-110,180,0,0.000,1879.319,1506.472,,,,0.000,0,0,0,0,0,0,10,10.950,12.600,0.641,
20,-110,190,0,0.000,1879.319,1506.472,,,,0.000,0,0,0,0,0,0,10,10.182,11.328,0.520,
20,-110,200,0,0.000,1879.319,1506.472,,,,0.000,0,0,0,0,0,0,10,7.085,8.096,0.519,
20,-110,210,0,0.000,1879.319,1506.472,,,,0.000,0,0,0,0,0,0,10,9.998,13.393,0.556,
20,-110,220,0,0.000,1879.319,1506.472,,,,0.000,0,0,0,0,0,0,10,10.135,14.013,0.676,
20,-110,230,0,0.000,1879.319,1506.472,,,,0.000,0,0,0,0,0,0,10,9.244,13.947,0.505,
20,-110,240,0,0.000,1879.319,1506.472,,,,0.000,0,0,0,0,0,0,10,10.998,14.123,0.690,
20,-110,250,0,0.000,1879.319,1506.472,,,,0.000,0,0,0,0,0,0,10,7.688,11.876,0.586,
20,-110,260,0,10.000,1879.319,1506.472,1878.953,1506.751,0.460,0.000,0,0,0,0,0,0,9,12.619,11.405,0.585,0.000
20,-110,270,0,10.000,1879.319,1506.472,1878.897,1506.687,0.474,0.000,0,0,0,0,0,0,9,9.180,10.368,0.536,0.000
20,-110,280,0,10.000,1879.319,1506.472,1878.964,1506.750,0.451,0.000,0,0,0,0,0,0,9,10.569,8.898,0.577,0.000
20,-110,290,0,60.000,1879.319,1506.472,1878.929,1506.720,0.463,0.000,0,0,0,0,0,0,4,9.852,10.285,0.574,0.000
20,-110,300,0,40.000,1879.319,1506.472,1878.951,1506.719,0.443,0.000,0,0,0,0,0,0,6,13.241,13.485,0.770,0.000
20,-110,310,0,40.000,1879.319,1506.472,1878.944,1506.733,0.457,0.000,0,0,0,0,0,0,6,11.027,8.473,0.600,0.000
20,-110,320,0,40.000,1879.319,1506.472,1878.951,1506.729,0.449,0.000,0,0,0,0,0,0,6,10.609,11.946,0.666,0.000
20,-110,330,0,70.000,1879.319,1506.472,1878.927,1506.723,0.466,0.000,0,0,0,0,0,0,3,12.428,13.084,0.519,0.000
20,-110,340,0,80.000,1879.319,1506.472,1878.928,1506.730,0.468,0.000,0,0,0,0,0,0,2,7.573,10.190,0.433,0.000
20,-110,350,0,80.000,1879.319,1506.472,1878.945,1506.740,0.460,0.000,0,0,0,0,0,0,2,11.191,11.751,0.381,0.000
20,-110,360,0,100.000,1879.319,1506.472,1878.933,1506.718,0.457,0.000,0,0,0,0,0,0,0,11.303,11.290,0.625,0.000
20,-110,370,0,90.000,1879.319,1506.472,1878.936,1506.736,0.465,0.000,0,0,0,0,0,0,1,13.266,9.057,0.660,0.000
20,-110,380,0,100.000,1879.319,1506.472,1878.930,1506.734,0.469,0.000,0,0,0,0,0,0,0,9.335,11.466,0.645,0.000
20,-110,390,0,100.000,1879.319,1506.472,1878.944,1506.719,0.449,0.000,0,0,0,0,0,0,0,10.470,9.797,0.522,0.000
20,-100,-100,0,0.000,1879.319,1506.472,,,,0.000,0,9,0,0,0,0,1,8.351,10.972,0.628,
20,-100,-90,0,0.000,1879.319,1506.472,,,,0.000,0,9,0,0,0,0,1,11.239,10.361,0.570,
20,-100,-80,0,0.000,1879.319,1506.472,,,,0.000,0,7,0,0,0,0,3,9.148,9.258,0.702,
20,-100,-70,0,0.000,1879.319,1506.472,,,,0.000,0,4,0,0,0,0,6,9.961,11.476,0.623,
20,-100,-60,0,0.000,1879.319,1506.472,,,,0.000,0,4,0,0,0,0,6,11.604,9.606,0.437,
20,-100,-50,0,0.000,1879.319,1506.472,,,,0.000,0,5,0,0,0,0,5,13.047,14.672,0.721,
20,-100,-40,0,0.000,1879.319,1506.472,,,,0.000,0,2,0,0,0,0,8,11.441,10.902,0.633,
20,-100,-30,0,0.000,1879.319,1506.472,,,,0.000,0,1,0,0,0,0,9,10.556,9.889,0.602,
20,-100,-20,0,0.000,1879.319,1506.472,,,,0.000,0,2,0,0,0,0,8,11.946,13.188,0.612,
20,-100,-10,0,0.000,1879.319,1506.472,,,,0.000,0,1,0,0,0,0,9,12.385,10.309,0.508,
20,-100,0,0,0.000,1879.319,1506.472,,,,0.000,0,0,0,0,0,0,10,13.995,12.007,0.560,
20,-100,10,0,0.000,1879.319,1506.472,,,,0.000,0,0,0,0,0,0,10,9.732,9.713,0.564,
20,-100,20,0,0.000,1879.319,1506.472,,,,0.000,0,0,0,0,0,0,10,6.224,13.620,0.353,
20,-100,30,0,0.000,1879.319,1506.472,,,,0.000,0,0,0,0,0,0,10,7.162,8.442,0.488,
20,-100,40,0,0.000,1879.319,1506.472,,,,0.000,0,0,0,0,0,0,10,14.848,13.130,0.626,
20,-100,50,0,0.000,1879.319,1506.472,,,,0.000,0,0,0,0,0,0,10,7.951,13.551,0.618,
20,-100,60,0,0.000,1879.319,1506.472,,,,0.000,0,0,0,0,0,0,10,8.663,10.414,0.534,
20,-100,70,0,0.000,1879.319,1506.472,,,,0.000,0,0,0,0,0,0,10,12.988,13.318,0.578,
20,-100,80,0,0.000,1879.319,1506.472,,,,0.000,0,0,0,0,0,0,10,10.477,10.705,0.616,
20,-100,90,0,0.000,1879.319,1506.472,,,,0.000,0,0,0,0,0,0,10,10.596,11.096,0.559,
20,-100,100,0,0.000,1879.319,1506.472,,,,0.000,0,0,0,0,0,0,10,13.378,10.288,0.683,
20,-100,110,0,0.000,1879.319,1506.472,,,,0.000,0,0,0,0,0,0,10,12.474,9.767,0.602,
20,-100,120,0,0.000,1879.319,1506.472,,,,0.000,0,0,0,0,0,0,10,12.554,10.258,0.585,
20,-100,130,0,0.000,1879.319,1506.472,,,,0.000,0,0,0,0,0,0,10,11.992,11.725,0.453,
20,-100,140,0,0.000,1879.319,1506.472,,,,0.000,0,0,0,0,0,0,10,9.631,12.446,0.571,
20,-100,150,0,0.000,1879.319,1506.472,,,,0.000,0,0,0,0,0,0,10,11.589,11.667,0.658,
20,-100,160,0,0.000,1879.319,1506.472,,,,0.000,0,0,0,0,0,0,10,12.979,7.770,0.461,
20,-100,170,0,0.000,1879.319,1506.472,,,,0.000,0,0,0,0,0,0,10,10.526,13.542,0.587,
20,-100,180,0,0.000,1879.319,1506.472,,,,0.000,0,0,0,0,0,0,10,8.394,10.147,0.590,
20,-100,190,0,0.000,1879.319,1506.472,,,,0.000,0,0,0,0,0,0,10,11.160,10.181,0.516,
20,-100,200,0,0.000,1879.319,1506.472,,,,0.000,0,0,0,0,0,0,10,11.602,10.826,0.548,
20,-100,210,0,0.000,1879.319,1506.472,,,,0.000,0,0,0,0,0,0,10,9.088,8.497,0.564,
20,-100,220,0,0.000,1879.319,1506.472,,,,0.000,0,0,0,0,0,0,10,8.232,15.197,0.731,
20,-100,230,0,10.000,1879.319,1506.472,1878.915,1506.691,0.459,0.000,0,0,0,0,0,0,9,12.630,11.456,0.454,0.000
20,-100,240,0,0.000,1879.319,1506.472,,,,0.000,0,0,0,0,0,0,10,11.414,10.862,0.576,
20,-100,250,0,20.000,1879.319,1506.472,1878.930,1506.738,0.471,0.000,0,0,0,0,0,0,8,12.301,13.376,0.524,0.000
20,-100,260,0,30.000,1879.319,1506.472,1878.955,1506.717,0.439,0.000,0,0,0,0,0,0,7,11.292,10.197,0.293,0.000
20,-100,270,0,40.000,1879.319,1506.472,1878.949,1506.730,0.451,0.000,0,0,0,0,0,0,6,10.960,14.624,0.593,0.000
20,-100,280,0,70.000,1879.319,1506.472,1878.925,1506.707,0.458,0.000,0,0,0,0,0,0,3,11.872,9.394,0.435,0.000
20,-100,290,0,60.000,1879.319,1506.472,1878.947,1506.727,0.451,0.000,0,0,0,0,0,0,4,10.608,12.393,0.493,0.000
20,-100,300,0,80.000,1879.319,1506.472,1878.927,1506.733,0.471,0.000,0,0,0,0,0,0,2,11.916,10.384,0.689,0.000
20,-100,310,0,60.000,1879.319,1506.472,1878.930,1506.731,0.467,0.000,0,0,0,0,0,0,4,11.342,11.415,0.648,0.000
20,-100,320,0,60.000,1879.319,1506.472,1878.946,1506.738,0.458,0.000,0,0,0,0,0,0,4,11.696,10.310,0.798,0.000
20,-100,330,0,100.000,1879.319,1506.472,1878.950,1506.723,0.447,0.000,0,0,0,0,0,0,0,10.366,12.420,0.591,0.000
20,-100,340,0,100.000,1879.319,1506.472,1878.940,1506.726,0.456,0.000,0,0,0,0,0,0,0,10.367,9.534,0.563,0.000
20,-100,350,0,90.000,1879.319,1506.472,1878.940,1506.749,0.469,0.000,0,0,0,0,0,0,1,10.604,13.052,0.570,0.000
20,-100,360,0,100.000,1879.319,1506.472,1878.939,1506.735,0.462,0.000,0,0,0,0,0,0,0,9.491,6.956,0.417,0.000
20,-100,370,0,100.000,1879.319,1506.472,1878.940,1506.730,0.458,0.000,0,0,0,0,0,0,0,10.772,13.462,0.486,0.000
20,-100,380,0,100.000,1879.319,1506.472,1878.947,1506.729,0.452,0.000,0,0,0,0,0,0,0,9.633,9.339,0.454,0.000
20,-100,390,0,100.000,1879.319,1506.472,1878.930,1506.712,0.456,0.000,0,0,0,0,0,0,0,10.805,8.936,0.619,0.000
20,-90,-100,0,0.000,1879.319,1506.472,,,,0.000,0,7,0,0,0,0,3,9.564,11.084,0.614,
20,-90,-90,0,0.000,1879.319,1506.472,,,,0.000,0,6,0,0,0,0,4,9.418,14.119,0.606,
20,-90,-80,0,0.000,1879.319,1506.472,,,,0.000,0,6,0,0,0,0,4,12.026,7.689,0.596,
20,-90,-70,0,0.000,1879.319,1506.472,,,,0.000,0,3,0,0,0,0,7,10.300,10.281,0.484,
20,-90,-60,0,0.000,1879.319,1506.472,,,,0.000,0,2,0,0,0,0,8,12.358,10.513,0.472,
20,-90,-50,0,0.000,1879.319,1506.472,,,,0.000,0,2,0,0,0,0,8,13.341,7.078,0.308,
20,-90,-40,0,0.000,1879.319,1506.472,,,,0.000,0,0,0,0,0,0,10,11.689,11.075,0.473,
20,-90,-30,0,0.000,1879.319,1506.472,,,,0.000,0,0,0,0,0,0,10,5.817,8.636,0.581,
20,-90,-20,0,0.000,1879.319,1506.472,,,,0.000,0,0,0,0,0,0,10,8.023,9.815,0.560,
20,-90,-10,0,0.000,1879.319,1506.472,,,,0.000,0,0,0,0,0,0,10,9.761,14.744,0.561,
20,-90,0,0,0.000,1879.319,1506.472,,,,0.000,0,0,0,0,0,0,10,10.965,10.026,0.564,
20,-90,10,0,0.000,1879.319,1506.472,,,,0.000,0,0,0,0,0,0,10,7.649,10.841,0.726,
20,-90,20,0,0.000,1879.319,1506.472,,,,0.000,0,0,0,0,0,0,10,7.912,9.029,0.496,
20,-90,30,0,0.000,1879.319,1506.472,,,,0.000,0,0,0,0,0,0,10,10.257,8.910,0.624,
20,-90,40,0,0.000,1879.319,1506.472,,,,0.000,0,0,0,0,0,0,10,11.395,13.285,0.332,
20,-90,50,0,0.000,1879.319,1506.472,,,,0.000,0,0,0,0,0,0,10,10.652,12.231,0.611,
20,-90,60,0,0.000,1879.319,1506.472,,,,0.000,0,0,0,0,0,0,10,10.524,11.173,0.485,
20,-90,70,0,0.000,1879.319,1506.472,,,,0.000,0,0,0,0,0,0,10,12.599,8.898,0.678,
20,-90,80,0,0.000,1879.319,1506.472,,,,0.000,0,0,0,0,0,0,10,10.908,12.987,0.509,
20,-90,90,0,0.000,1879.319,1506.472,,,,0.000,0,0,0,0,0,0,10,11.162,11.734,0.464,
20,-90,100,0,0.000,1879.319,1506.472,,,,0.000,0,0,0,0,0,0,10,9.218,8.136,0.510,
20,-90,110,0,0.000,1879.319,1506.472,,,,0.000,0,0,0,0,0,0,10,9.690,11.170,0.694,
20,-90,120,0,0.000,1879.319,1506.472,,,,0.000,0,0,0,0,0,0,10,9.488,12.041,0.543,
20,-90,130,0,0.000,1879.319,1506.472,,,,0.000,0,0,0,0,0,0,10,10.421,11.835,0.529,
20,-90,140,0,0.000,1879.319,1506.472,,,,0.000,0,0,0,0,0,0,10,10.633,12.127,0.454,
20,-90,150,0,0.000,1879.319,1506.472,,,,0.000,0,0,0,0,0,0,10,12.596,12.533,0.527,
20,-90,160,0,0.000,1879.319,1506.472,,,,0.000,0,0,0,0,0,0,10,10.325,9.517,0.486,
20,-90,170,0,0.000,1879.319,1506.472,,,,0.000,0,0,0,0,0,0,10,12.781,13.453,0.521,
20,-90,180,0,0.000,1879.319,1506.472,,,,0.000,0,0,0,0,0,0,10,10.346,12.943,0.486,
20,-90,190,0,10.000,1879.319,1506.472,1878.946,1506.755,0.468,0.000,0,0,0,0,0,0,9,12.957,11.792,0.516,0.000
20,-90,200,0,0.000,1879.319,1506.472,,,,0.000,0,0,0,0,0,0,10,10.471,14.631,0.495,
20,-90,210,0,20.000,1879.319,1506.472,1878.905,1506.666,0.457,0.000,0,0,0,0,0,0,8,13.063,10.190,0.587,0.000
20,-90,220,0,10.000,1879.319,1506.472,1878.927,1506.763,0.488,0.000,0,0,0,0,0,0,9,10.170,11.502,0.424,0.000
20,-90,230,0,10.000,1879.319,1506.472,1878.913,1506.716,0.473,0.000,0,0,0,0,0,0,9,7.039,10.659,0.426,0.000
20,-90,240,0,30.000,1879.319,1506.472,1878.928,1506.713,0.459,0.000,0,0,0,0,0,0,7,12.768,11.927,0.444,0.000
20,-90,250,0,40.000,1879.319,1506.472,1878.942,1506.716,0.449,0.000,0,0,0,0,0,0,6,11.130,5.448,0.511,0.000
20,-90,260,0,40.000,1879.319,1506.472,1878.945,1506.730,0.454,0.000,0,0,0,0,0,0,6,8.635,11.863,0.735,0.000
20,-90,270,0,40.000,1879.319,1506.472,1878.941,1506.735,0.460,0.000,0,0,0,0,0,0,6,11.181,12.315,0.646,0.000
20,-90,280,0,70.000,1879.319,1506.472,1878.935,1506.740,0.468,0.000,0,0,0,0,0,0,3,11.317,11.098,0.431,0.000
20,-90,290,0,80.000,1879.319,1506.472,1878.942,1506.730,0.457,0.000,0,0,0,0,0,0,2,12.963,10.656,0.544,0.000
20,-90,300,0,100.000,1879.319,1506.472,1878.945,1506.729,0.454,0.000,0,0,0,0,0,0,0,9.408,10.414,0.405,0.000
20,-90,310,0,70.000,1879.319,1506.472,1878.941,1506.730,0.458,0.000,0,0,0,0,0,0,3,10.211,10.135,0.479,0.000
20,-90,320,0,100.000,1879.319,1506.472,1878.929,1506.714,0.459,0.000,0,0,0,0,0,0,0,9.165,8.210,0.647,0.000
20,-90,330,0,100.000,1879.319,1506.472,1878.929,1506.734,0.469,0.000,0,0,0,0,0,0,0,11.244,12.220,0.549,0.000
20,-90,340,0,100.000,1879.319,1506.472,1878.929,1506.730,0.467,0.000,0,0,0,0,0,0,0,11.949,7.431,0.504,0.000
20,-90,350,0,100.000,1879.319,1506.472,1878.934,1506.718,0.456,0.000,0,0,0,0,0,0,0,13.473,9.546,0.495,0.000
20,-90,360,0,100.000,1879.319,1506.472,1878.933,1506.729,0.464,0.000,0,0,0,0,0,0,0,8.305,13.095,0.302,0.000
20,-90,370,0,100.000,1879.319,1506.472,1878.937,1506.744,0.469,0.000,0,0,0,0,0,0,0,9.941,10.790,0.632,0.000
20,-90,380,0,100.000,1879.319,1506.472,1878.925,1506.712,0.462,0.000,0,0,0,0,0,0,0,10.231,10.984,0.532,0.000
20,-90,390,0,100.000,1879.319,1506.472,1878.933,1506.725,0.461,0.000,0,0,0,0,0,0,0,12.238,11.204,0.372,0.000
20,-80,-100,0,0.000,1879.319,1506.472,,,,0.000,0,6,0,0,0,0,4,7.512,14.226,0.384,
20,-80,-90,0,0.000,1879.319,1506.472,,,,0.000,0,2,0,0,0,0,8,11.091,8.078,0.566,
20,-80,-80,0,0.000,1879.319,1506.472,,,,0.000,0,1,0,0,0,0,9,12.842,9.440,0.598,
20,-80,-70,0,0.000,1879.319,1506.472,,,,0.000,0,0,0,0,0,0,10,11.813,11.910,0.734,
20,-80,-60,0,0.000,1879.319,1506.472,,,,0.000,0,0,0,0,0,0,10,11.665,9.282,0.595,
20,-80,-50,0,0.000,1879.319,1506.472,,,,0.000,0,0,0,0,0,0,10,10.797,7.845,0.528,
20,-80,-40,0,0.000,1879.319,1506.472,,,,0.000,0,0,0,0,0,0,10,12.268,11.389,0.498,
20,-80,-30,0,0.000,1879.319,1506.472,,,,0.000,0,0,0,0,0,0,10,10.672,10.899,0.536,
20,-80,-20,0,0.000,1879.319,1506.472,,,,0.000,0,0,0,0,0,0,10,11.764,12.838,0.365,
20,-80,-10,0,0.000,1879.319,1506.472,,,,0.000,0,0,0,0,0,0,10,12.300,13.364,0.591,
20,-80,0,0,0.000,1879.319,1506.472,,,,0.000,0,0,0,0,0,0,10,10.099,11.696,0.560,
20,-80,10,0,0.000,1879.319,1506.472,,,,0.000,0,0,0,0,0,0,10,12.264,12.768,0.312,
20,-80,20,0,0.000,1879.319,1506.472,,,,0.000,0,0,0,0,0,0,10,9.857,9.443,0.490,
20,-80,30,0,0.000,1879.319,1506.472,,,,0.000,0,0,0,0,0,0,10,9.726,10.655,0.454,
20,-80,40,0,0.000,1879.319,1506.472,,,,0.000,0,0,0,0,0,0,10,13.000,9.960,0.518,
20,-80,50,0,0.000,1879.319,1506.472,,,,0.000,0,0,0,0,0,0,10,7.858,13.001,0.564,
20,-80,60,0,0.000,1879.319,1506.472,,,,0.000,0,0,0,0,0,0,10,9.999,7.077,0.619,
20,-80,70,0,0.000,1879.319,1506.472,,,,0.000,0,0,0,0,0,0,10,11.493,10.084,0.460,
20,-80,80,0,0.000,1879.319,1506.472,,,,0.000,0,0,0,0,0,0,10,11.674,10.760,0.601,
20,-80,90,0,0.000,1879.319,1506.472,,,,0.000,0,0,0,0,0,0,10,13.155,10.431,0.588,
20,-80,100,0,0.000,1879.319,1506.472,,,,0.000,0,0,0,0,0,0,10,10.547,13.031,0.577,
20,-80,110,0,0.000,1879.319,1506.472,,,,0.000,0,0,0,0,0,0,10,10.390,11.893,0.604,
20,-80,120,0,0.000,1879.319,1506.472,,,,0.000,0,0,0,0,0,0,10,12.257,9.772,0.539,
20,-80,130,0,0.000,1879.319,1506.472,,,,0.000,0,0,0,0,0,0,10,10.484,6.578,0.667,
20,-80,140,0,0.000,1879.319,1506.472,,,,0.000,0,0,0,0,0,0,10,12.320,10.616,0.480,
20,-80,150,0,0.000,1879.319,1506.472,,,,0.000,0,0,0,0,0,0,10,10.837,9.987,0.587,
20,-80,160,0,0.000,1879.319,1506.472,,,,0.000,0,0,0,0,0,0,10,10.969,11.325,0.655,
20,-80,170,0,0.000,1879.319,1506.472,,,,0.000,0,0,0,0,0,0,10,11.196,10.706,0.547,
20,-80,180,0,10.000,1879.319,1506.472,1878.890,1506.703,0.487,0.000,0,0,0,0,0,0,9,10.752,8.562,0.483,0.000
20,-80,190,0,30.000,1879.319,1506.472,1878.953,1506.734,0.450,0.000,0,0,0,0,0,0,7,12.221,11.325,0.380,0.000
20,-80,200,0,0.000,1879.319,1506.472,,,,0.000,0,0,0,0,0,0,10,8.650,12.765,0.613,
20,-80,210,0,10.000,1879.319,1506.472,1878.909,1506.691,0.465,0.000,0,0,0,0,0,0,9,9.942,10.868,0.606,0.000
20,-80,220,0,60.000,1879.319,1506.472,1878.946,1506.716,0.446,0.000,0,0,0,0,0,0,4,9.929,9.016,0.553,0.000
20,-80,230,0,40.000,1879.319,1506.472,1878.916,1506.724,0.475,0.000,0,0,0,0,0,0,6,12.492,11.718,0.629,0.000
20,-80,240,0,60.000,1879.319,1506.472,1878.923,1506.734,0.474,0.000,0,0,0,0,0,0,4,12.098,14.550,0.662,0.000
20,-80,250,0,70.000,1879.319,1506.472,1878.941,1506.743,0.465,0.000,0,0,0,0,0,0,3,8.773,9.866,0.639,0.000
20,-80,260,0,90.000,1879.319,1506.472,1878.932,1506.739,0.470,0.000,0,0,0,0,0,0,1,8.866,9.161,0.600,0.000
20,-80,270,0,70.000,1879.319,1506.472,1878.947,1506.737,0.456,0.000,0,0,0,0,0,0,3,9.150,7.138,0.578,0.000
20,-80,280,0,100.000,1879.319,1506.472,1878.933,1506.743,0.471,0.000,0,0,0,0,0,0,0,11.305,11.860,0.488,0.000
20,-80,290,0,100.000,1879.319,1506.472,1878.931,1506.719,0.460,0.000,0,0,0,0,0,0,0,9.086,9.528,0.425,0.000
20,-80,300,0,100.000,1879.319,1506.472,1878.938,1506.717,0.452,0.000,0,0,0,0,0,0,0,13.126,15.155,0.571,0.000
20,-80,310,0,100.000,1879.319,1506.472,1878.935,1506.727,0.461,0.000,0,0,0,0,0,0,0,11.848,12.489,0.542,0.000
20,-80,320,0,100.000,1879.319,1506.472,1878.931,1506.722,0.462,0.000,0,0,0,0,0,0,0,13.046,7.498,0.577,0.000
20,-80,330,0,100.000,1879.319,1506.472,1878.929,1506.726,0.465,0.000,0,0,0,0,0,0,0,11.946,10.815,0.436,0.000
20,-80,340,0,100.000,1879.319,1506.472,1878.925,1506.715,0.463,0.000,0,0,0,0,0,0,0,11.364,9.362,0.637,0.000
20,-80,350,0,100.000,1879.319,1506.472,1878.933,1506.717,0.457,0.000,0,0,0,0,0,0,0,9.434,9.630,0.401,0.000
20,-80,360,0,100.000,1879.319,1506.472,1878.939,1506.736,0.463,0.000,0,0,0,0,0,0,0,8.713,11.351,0.595,0.000
20,-80,370,0,100.000,1879.319,1506.472,1878.931,1506.731,0.466,0.000,0,0,0,0,0,0,0,12.365,10.531,0.516,0.000
20,-80,380,0,100.000,1879.319,1506.472,1878.911,1506.730,0.482,0.000,0,0,0,0,0,0,0,5.119,12.870,0.512,0.000
20,-80,390,0,100.000,1879.319,1506.472,1878.927,1506.729,0.468,0.000,0,0,0,0,0,0,0,9.884,8.973,0.750,0.000
20,-70,-100,0,0.000,1879.319,1506.472,,,,0.000,0,2,0,0,0,0,8,10.503,10.572,0.492,
20,-70,-90,0,0.000,1879.319,1506.472,,,,0.000,0,0,0,0,0,0,10,10.548,8.134,0.498,
20,-70,-80,0,0.000,1879.319,1506.472,,,,0.000,0,1,0,0,0,0,9,10.706,10.344,0.476,
20,-70,-70,0,0.000,1879.319,1506.472,,,,0.000,0,0,0,0,0,0,10,10.066,10.479,0.470,
20,-70,-60,0,0.000,1879.319,1506.472,,,,0.000,0,0,0,0,0,0,10,8.221,11.593,0.562,
20,-70,-50,0,0.000,1879.319,1506.472,,,,0.000,0,0,0,0,0,0,10,11.263,6.678,0.504,
20,-70,-40,0,0.000,1879.319,1506.472,,,,0.000,0,0,0,0,0,0,10,10.274,12.238,0.559,
20,-70,-30,0,0.000,1879.319,1506.472,,,,0.000,0,0,0,0,0,0,10,9.919,12.083,0.407,
20,-70,-20,0,0.000,1879.319,1506.472,,,,0.000,0,0,0,0,0,0,10,10.362,9.784,0.574,
20,-70,-10,0,0.000,1879.319,1506.472,,,,0.000,0,0,0,0,0,0,10,6.793,10.768,0.569,
20,-70,0,0,0.000,1879.319,1506.472,,,,0.000,0,0,0,0,0,0,10,12.437,9.196,0.561,
20,-70,10,0,0.000,1879.319,1506.472,,,,0.000,0,0,0,0,0,0,10,13.589,14.381,0.616,
20,-70,20,0,0.000,1879.319,1506.472,,,,0.000,0,0,0,0,0,0,10,8.230,13.296,0.555,
20,-70,30,0,0.000,1879.319,1506.472,,,,0.000,0,0,0,0,0,0,10,13.418,10.944,0.581,
20,-70,40,0,0.000,1879.319,1506.472,,,,0.000,0,0,0,0,0,0,10,9.299,11.092,0.444,
20,-70,50,0,0.000,1879.319,1506.472,,,,0.000,0,0,0,0,0,0,10,11.834,12.660,0.710,
20,-70,60,0,0.000,1879.319,1506.472,,,,0.000,0,0,0,0,0,0,10,7.755,8.099,0.476,
20,-70,70,0,0.000,1879.319,1506.472,,,,0.000,0,0,0,0,0,0,10,11.594,11.313,0.487,
20,-70,80,0,0.000,1879.319,1506.472,,,,0.000,0,0,0,0,0,0,10,9.983,11.001,0.311,
20,-70,90,0,0.000,1879.319,1506.472,,,,0.000,0,0,0,0,0,0,10,10.352,10.273,0.527,
20,-70,100,0,0.000,1879.319,1506.472,,,,0.000,0,0,0,0,0,0,10,9.988,10.867,0.644,
20,-70,110,0,0.000,1879.319,1506.472,,,,0.000,0,0,0,0,0,0,10,9.453,9.761,0.701,
20,-70,120,0,0.000,1879.319,1506.472,,,,0.000,0,0,0,0,0,0,10,12.587,11.000,0.525,
20,-70,130,0,0.000,1879.319,1506.472,,,,0.000,0,0,0,0,0,0,10,10.762,12.046,0.558,
20,-70,140,0,0.000,1879.319,1506.472,,,,0.000,0,0,0,0,0,0,10,9.295,11.121,0.488,
20,-70,150,0,20.000,1879.319,1506.472,1878.932,1506.730,0.465,0.000,0,0,0,0,0,0,8,11.999,12.042,0.432,0.000
20,-70,160,0,0.000,1879.319,1506.472,,,,0.000,0,0,0,0,0,0,10,8.224,16.308,0.645,
20,-70,170,0,10.000,1879.319,1506.472,1878.930,1506.761,0.484,0.000,0,0,0,0,0,0,9,8.102,9.742,0.478,0.000
20,-70,180,0,40.000,1879.319,1506.472,1878.947,1506.730,0.453,0.000,0,0,0,0,0,0,6,11.568,8.826,0.600,0.000
20,-70,190,0,40.000,1879.319,1506.472,1878.935,1506.752,0.476,0.000,0,0,0,0,0,0,6,13.142,12.120,0.604,0.000
20,-70,200,0,80.000,1879.319,1506.472,1878.944,1506.747,0.465,0.000,0,0,0,0,0,0,2,10.764,12.162,0.569,0.000
20,-70,210,0,70.000,1879.319,1506.472,1878.942,1506.734,0.459,0.000,0,0,0,0,0,0,3,8.831,13.350,0.462,0.000
20,-70,220,0,80.000,1879.319,1506.472,1878.932,1506.738,0.469,0.000,0,0,0,0,0,0,2,11.847,11.533,0.557,0.000
20,-70,230,0,70.000,1879.319,1506.472,1878.943,1506.730,0.456,0.000,0,0,0,0,0,0,3,12.745,10.769,0.787,0.000
20,-70,240,0,100.000,1879.319,1506.472,1878.935,1506.728,0.462,0.000,0,0,0,0,0,0,0,7.366,14.815,0.261,0.000
20,-70,250,0,90.000,1879.319,1506.472,1878.924,1506.722,0.467,0.000,0,0,0,0,0,0,1,10.706,9.469,0.396,0.000
20,-70,260,0,100.000,1879.319,1506.472,1878.930,1506.724,0.464,0.000,0,0,0,0,0,0,0,12.395,8.518,0.570,0.000
20,-70,270,0,100.000,1879.319,1506.472,1878.940,1506.725,0.455,0.000,0,0,0,0,0,0,0,8.697,12.315,0.536,0.000
20,-70,280,0,100.000,1879.319,1506.472,1878.934,1506.722,0.458,0.000,0,0,0,0,0,0,0,10.526,10.698,0.626,0.000
20,-70,290,0,100.000,1879.319,1506.472,1878.934,1506.744,0.472,0.000,0,0,0,0,0,0,0,13.231,10.292,0.603,0.000
20,-70,300,0,100.000,1879.319,1506.472,1878.933,1506.731,0.464,0.000,0,0,0,0,0,0,0,9.071,12.106,0.506,0.000
20,-70,310,0,100.000,1879.319,1506.472,1878.935,1506.728,0.462,0.000,0,0,0,0,0,0,0,13.770,12.366,0.467,0.000
20,-70,320,0,100.000,1879.319,1506.472,1878.942,1506.729,0.457,0.000,0,0,0,0,0,0,0,10.093,12.005,0.470,0.000
20,-70,330,0,100.000,1879.319,1506.472,1878.944,1506.731,0.456,0.000,0,0,0,0,0,0,0,11.205,8.488,0.590,0.000
20,-70,340,0,100.000,1879.319,1506.472,1878.940,1506.732,0.459,0.000,0,0,0,0,0,0,0,11.867,10.985,0.687,0.000
20,-70,350,0,100.000,1879.319,1506.472,1878.922,1506.723,0.470,0.000,0,0,0,0,0,0,0,11.473,10.566,0.455,0.000
20,-70,360,0,100.000,1879.319,1506.472,1878.937,1506.718,0.454,0.000,0,0,0,0,0,0,0,9.331,11.016,0.647,0.000
20,-70,370,0,100.000,1879.319,1506.472,1878.922,1506.752,0.485,0.000,0,0,0,0,0,0,0,8.201,10.734,0.527,0.000
20,-70,380,0,100.000,1879.319,1506.472,1878.932,1506.726,0.462,0.000,0,0,0,0,0,0,0,12.748,10.544,0.478,0.000
20,-70,390,0,100.000,1879.319,1506.472,1878.925,1506.735,0.474,0.000,0,0,0,0,0,0,0,9.829,11.483,0.454,0.000
20,-60,-100,0,0.000,1879.319,1506.472,,,,0.000,0,0,0,0,0,0,10,10.911,9.215,0.510,
20,-60,-90,0,0.000,1879.319,1506.472,,,,0.000,0,0,0,0,0,0,10,6.981,10.724,0.400,
20,-60,-80,0,0.000,1879.319,1506.472,,,,0.000,0,0,0,0,0,0,10,14.605,12.745,0.579,
20,-60,-70,0,0.000,1879.319,1506.472,,,,0.000,0,0,0,0,0,0,10,10.505,12.281,0.413,
20,-60,-60,0,0.000,1879.319,1506.472,,,,0.000,0,0,0,0,0,0,10,9.608,10.685,0.562,
20,-60,-50,0,0.000,1879.319,1506.472,,,,0.000,0,0,0,0,0,0,10,10.619,8.955,0.497,
20,-60,-40,0,0.000,1879.319,1506.472,,,,0.000,0,0,0,0,0,0,10,11.431,15.017,0.508,
20,-60,-30,0,0.000,1879.319,1506.472,,,,0.000,0,0,0,0,0,0,10,9.253,8.194,0.546,
20,-60,-20,0,0.000,1879.319,1506.472,,,,0.000,0,0,0,0,0,0,10,11.554,10.942,0.572,
20,-60,-10,0,0.000,1879.319,1506.472,,,,0.000,0,0,0,0,0,0,10,11.079,14.578,0.583,
20,-60,0,0,0.000,1879.319,1506.472,,,,0.000,0,0,0,0,0,0,10,11.320,11.539,0.460,
20,-60,10,0,0.000,1879.319,1506.472,,,,0.000,0,0,0,0,0,0,10,10.508,8.312,0.459,
20,-60,20,0,0.000,1879.319,1506.472,,,,0.000,0,0,0,0,0,0,10,10.133,9.113,0.493,
20,-60,30,0,0.000,1879.319,1506.472,,,,0.000,0,0,0,0,0,0,10,11.257,11.337,0.418,
20,-60,40,0,0.000,1879.319,1506.472,,,,0.000,0,0,0,0,0,0,10,11.554,15.070,0.477,
20,-60,50,0,0.000,1879.319,1506.472,,,,0.000,0,0,0,0,0,0,10,6.529,10.788,0.574,
20,-60,60,0,0.000,1879.319,1506.472,,,,0.000,0,0,0,0,0,0,10,11.246,6.989,0.645,
20,-60,70,0,0.000,1879.319,1506.472,,,,0.000,0,0,0,0,0,0,10,9.162,10.555,0.608,
20,-60,80,0,0.000,1879.319,1506.472,,,,0.000,0,0,0,0,0,0,10,11.669,8.841,0.622,
20,-60,90,0,0.000,1879.319,1506.472,,,,0.000,0,0,0,0,0,0,10,12.058,12.526,0.637,
20,-60,100,0,0.000,1879.319,1506.472,,,,0.000,0,0,0,0,0,0,10,9.763,8.375,0.318,
20,-60,110,0,0.000,1879.319,1506.472,,,,0.000,0,0,0,0,0,0,10,9.593,11.696,0.496,
20,-60,120,0,0.000,1879.319,1506.472,,,,0.000,0,0,0,0,0,0,10,6.680,9.950,0.568,
20,-60,130,0,0.000,1879.319,1506.472,,,,0.000,0,0,0,0,0,0,10,11.000,7.391,0.451,
20,-60,140,0,0.000,1879.319,1506.472,,,,0.000,0,0,0,0,0,0,10,6.101,13.613,0.413,
20,-60,150,0,10.000,1879.319,1506.472,1878.966,1506.747,0.447,0.000,0,0,0,0,0,0,9,10.065,10.502,0.372,0.000
20,-60,160,0,60.000,1879.319,1506.472,1878.928,1506.737,0.473,0.000,0,0,0,0,0,0,4,8.410,11.507,0.447,0.000
20,-60,170,0,30.000,1879.319,1506.472,1878.951,1506.743,0.457,0.000,0,0,0,0,0,0,7,11.177,12.446,0.677,0.000
20,-60,180,0,60.000,1879.319,1506.472,1878.923,1506.729,0.472,0.000,0,0,0,0,0,0,4,8.661,10.618,0.460,0.000
20,-60,190,0,80.000,1879.319,1506.472,1878.914,1506.722,0.476,0.000,0,0,0,0,0,0,2,11.234,8.734,0.561,0.000
20,-60,200,0,80.000,1879.319,1506.472,1878.930,1506.721,0.462,0.000,0,0,0,0,0,0,2,12.009,12.097,0.664,0.000
20,-60,210,0,80.000,1879.319,1506.472,1878.925,1506.724,0.468,0.000,0,0,0,0,0,0,2,12.441,10.901,0.526,0.000
20,-60,220,0,90.000,1879.319,1506.472,1878.926,1506.733,0.472,0.000,0,0,0,0,0,0,1,10.745,12.545,0.622,0.000
20,-60,230,0,100.000,1879.319,1506.472,1878.911,1506.720,0.477,0.000,0,0,0,0,0,0,0,9.112,7.831,0.552,0.000
20,-60,240,0,100.000,1879.319,1506.472,1878.946,1506.738,0.458,0.000,0,0,0,0,0,0,0,11.061,13.203,0.603,0.000
20,-60,250,0,100.000,1879.319,1506.472,1878.942,1506.730,0.457,0.000,0,0,0,0,0,0,0,11.624,9.635,0.581,0.000
20,-60,260,0,100.000,1879.319,1506.472,1878.933,1506.728,0.463,0.000,0,0,0,0,0,0,0,11.510,11.277,0.663,0.000
20,-60,270,0,100.000,1879.319,1506.472,1878.927,1506.728,0.468,0.000,0,0,0,0,0,0,0,12.736,8.776,0.480,0.000
20,-60,280,0,100.000,1879.319,1506.472,1878.934,1506.730,0.463,0.000,0,0,0,0,0,0,0,10.874,7.790,0.522,0.000
20,-60,290,0,100.000,1879.319,1506.472,1878.938,1506.715,0.452,0.000,0,0,0,0,0,0,0,8.286,10.036,0.593,0.000
20,-60,300,0,100.000,1879.319,1506.472,1878.919,1506.719,0.470,0.000,0,0,0,0,0,0,0,9.290,14.105,0.507,0.000
20,-60,310,0,100.000,1879.319,1506.472,1878.933,1506.742,0.471,0.000,0,0,0,0,0,0,0,12.065,8.296,0.566,0.000
20,-60,320,0,100.000,1879.319,1506.472,1878.936,1506.734,0.464,0.000,0,0,0,0,0,0,0,14.034,11.551,0.482,0.000
20,-60,330,0,100.000,1879.319,1506.472,1878.931,1506.730,0.466,0.000,0,0,0,0,0,0,0,7.903,10.225,0.587,0.000
20,-60,340,0,100.000,1879.319,1506.472,1878.934,1506.731,0.464,0.000,0,0,0,0,0,0,0,10.182,11.235,0.372,0.000
20,-60,350,0,100.000,1879.319,1506.472,1878.936,1506.738,0.467,0.000,0,0,0,0,0,0,0,10.474,9.327,0.468,0.000
20,-60,360,0,100.000,1879.319,1506.472,1878.937,1506.750,0.473,0.000,0,0,0,0,0,0,0,8.034,11.194,0.363,0.000
20,-60,370,0,100.000,1879.319,1506.472,1878.933,1506.754,0.478,0.000,0,0,0,0,0,0,0,10.070,12.038,0.574,0.000
20,-60,380,0,100.000,1879.319,1506.472,1878.939,1506.741,0.466,0.000,0,0,0,0,0,0,0,12.110,11.417,0.578,0.000
20,-60,390,0,100.000,1879.319,1506.472,1878.927,1506.711,0.459,0.000,0,0,0,0,0,0,0,10.412,11.937,0.602,0.000
20,-50,-100,0,0.000,1879.319,1506.472,,,,0.000,0,0,0,0,0,0,10,9.814,7.975,0.535,
20,-50,-90,0,0.000,1879.319,1506.472,,,,0.000,0,0,0,0,0,0,10,13.406,11.441,0.505,
20,-50,-80,0,0.000,1879.319,1506.472,,,,0.000,0,0,0,0,0,0,10,10.974,12.410,0.443,
20,-50,-70,0,0.000,1879.319,1506.472,,,,0.000,0,0,0,0,0,0,10,10.368,11.175,0.587,
20,-50,-60,0,0.000,1879.319,1506.472,,,,0.000,0,0,0,0,0,0,10,9.750,13.564,0.450,
20,-50,-50,0,0.000,1879.319,1506.472,,,,0.000,0,0,0,0,0,0,10,12.222,12.057,0.529,
20,-50,-40,0,0.000,1879.319,1506.472,,,,0.000,0,0,0,0,0,0,10,11.296,11.587,0.308,
20,-50,-30,0,0.000,1879.319,1506.472,,,,0.000,0,0,0,0,0,0,10,12.405,9.604,0.641,
20,-50,-20,0,0.000,1879.319,1506.472,,,,0.000,0,0,0,0,0,0,10,8.134,9.638,0.517,
20,-50,-10,0,0.000,1879.319,1506.472,,,,0.000,0,0,0,0,0,0,10,8.153,10.089,0.616,
20,-50,0,0,0.000,1879.319,1506.472,,,,0.000,0,0,0,0,0,0,10,13.456,10.421,0.708,
20,-50,10,0,0.000,1879.319,1506.472,,,,0.000,0,0,0,0,0,0,10,12.725,13.223,0.674,
20,-50,20,0,0.000,1879.319,1506.472,,,,0.000,0,0,0,0,0,0,10,11.731,5.883,0.496,
20,-50,30,0,0.000,1879.319,1506.472,,,,0.000,0,0,0,0,0,0,10,12.638,10.711,0.370,
20,-50,40,0,0.000,1879.319,1506.472,,,,0.000,0,0,0,0,0,0,10,14.613,11.047,0.375,
20,-50,50,0,0.000,1879.319,1506.472,,,,0.000,0,0,0,0,0,0,10,11.538,11.641,0.669,
20,-50,60,0,0.000,1879.319,1506.472,,,,0.000,0,0,0,0,0,0,10,6.854,9.260,0.611,
20,-50,70,0,0.000,1879.319,1506.472,,,,0.000,0,0,0,0,0,0,10,11.744,10.933,0.501,
20,-50,80,0,0.000,1879.319,1506.472,,,,0.000,0,0,0,0,0,0,10,10.219,8.716,0.628,
20,-50,90,0,10.000,1879.319,1506.472,1878.897,1506.695,0.477,0.000,0,0,0,0,0,0,9,13.302,12.089,0.582,0.000
20,-50,100,0,10.000,1879.319,1506.472,1878.907,1506.726,0.483,0.000,0,0,0,0,0,0,9,8.068,9.579,0.667,0.000
20,-50,110,0,20.000,1879.319,1506.472,1878.942,1506.756,0.472,0.000,0,0,0,0,0,0,8,10.195,10.122,0.454,0.000
20,-50,120,0,10.000,1879.319,1506.472,1878.903,1506.691,0.470,0.000,0,0,0,0,0,0,9,11.645,11.876,0.500,0.000
20,-50,130,0,30.000,1879.319,1506.472,1878.931,1506.714,0.457,0.000,0,0,0,0,0,0,7,11.336,13.223,0.644,0.000
20,-50,140,0,40.000,1879.319,1506.472,1878.931,1506.751,0.477,0.000,0,0,0,0,0,0,6,12.947,9.869,0.702,0.000
20,-50,150,0,60.000,1879.319,1506.472,1878.939,1506.758,0.476,0.000,0,0,0,0,0,0,4,12.928,15.675,0.454,0.000
20,-50,160,0,30.000,1879.319,1506.472,1878.909,1506.688,0.463,0.000,0,0,0,0,0,0,7,9.729,13.184,0.546,0.000
20,-50,170,0,70.000,1879.319,1506.472,1878.939,1506.745,0.467,0.000,0,0,0,0,0,0,3,8.200,12.622,0.643,0.000
20,-50,180,0,80.000,1879.319,1506.472,1878.937,1506.747,0.471,0.000,0,0,0,0,0,0,2,9.374,7.983,0.529,0.000
20,-50,190,0,90.000,1879.319,1506.472,1878.916,1506.727,0.477,0.000,0,0,0,0,0,0,1,12.263,10.425,0.560,0.000
20,-50,200,0,90.000,1879.319,1506.472,1878.934,1506.724,0.460,0.000,0,0,0,0,0,0,1,10.760,12.167,0.591,0.000
20,-50,210,0,100.000,1879.319,1506.472,1878.935,1506.744,0.470,0.000,0,0,0,0,0,0,0,11.078,8.348,0.513,0.000
20,-50,220,0,100.000,1879.319,1506.472,1878.933,1506.733,0.466,0.000,0,0,0,0,0,0,0,13.037,12.251,0.575,0.000
20,-50,230,0,100.000,1879.319,1506.472,1878.932,1506.730,0.465,0.000,0,0,0,0,0,0,0,11.016,10.547,0.404,0.000
20,-50,240,0,100.000,1879.319,1506.472,1878.929,1506.749,0.478,0.000,0,0,0,0,0,0,0,11.439,10.065,0.515,0.000
20,-50,250,0,100.000,1879.319,1506.472,1878.927,1506.741,0.475,0.000,0,0,0,0,0,0,0,10.583,7.849,0.487,0.000
20,-50,260,0,100.000,1879.319,1506.472,1878.935,1506.747,0.473,0.000,0,0,0,0,0,0,0,10.393,9.943,0.569,0.000
20,-50,270,0,100.000,1879.319,1506.472,1878.932,1506.729,0.465,0.000,0,0,0,0,0,0,0,10.458,12.806,0.619,0.000
20,-50,280,0,100.000,1879.319,1506.472,1878.921,1506.732,0.475,0.000,0,0,0,0,0,0,0,10.249,12.320,0.550,0.000
20,-50,290,0,100.000,1879.319,1506.472,1878.921,1506.744,0.481,0.000,0,0,0,0,0,0,0,12.216,12.357,0.497,0.000
20,-50,300,0,100.000,1879.319,1506.472,1878.935,1506.739,0.468,0.000,0,0,0,0,0,0,0,11.926,11.667,0.742,0.000
20,-50,310,0,100.000,1879.319,1506.472,1878.929,1506.725,0.465,0.000,0,0,0,0,0,0,0,11.532,12.545,0.621,0.000
20,-50,320,0,100.000,1879.319,1506.472,1878.928,1506.747,0.478,0.000,0,0,0,0,0,0,0,10.311,12.081,0.462,0.000
20,-50,330,0,100.000,1879.319,1506.472,1878.940,1506.753,0.472,0.000,0,0,0,0,0,0,0,11.974,10.761,0.646,0.000
20,-50,340,0,100.000,1879.319,1506.472,1878.928,1506.729,0.467,0.000,0,0,0,0,0,0,0,6.933,11.274,0.477,0.000
20,-50,350,0,100.000,1879.319,1506.472,1878.938,1506.710,0.449,0.000,0,0,0,0,0,0,0,9.328,11.354,0.603,0.000
20,-50,360,0,100.000,1879.319,1506.472,1878.935,1506.729,0.462,0.000,0,0,0,0,0,0,0,14.366,9.042,0.709,0.000
20,-50,370,0,100.000,1879.319,1506.472,1878.929,1506.737,0.472,0.000,0,0,0,0,0,0,0,11.764,9.980,0.677,0.000
20,-50,380,0,100.000,1879.319,1506.472,1878.927,1506.737,0.473,0.000,0,0,0,0,0,0,0,8.415,11.476,0.502,0.000
20,-50,390,0,100.000,1879.319,1506.472,1879.032,1506.691,0.361,0.000,0,0,0,0,0,0,0,11.211,11.154,0.510,0.000
20,-40,-100,0,0.000,1879.319,1506.472,,,,0.000,0,0,0,0,0,0,10,8.094,9.267,0.635,
20,-40,-90,0,0.000,1879.319,1506.472,,,,0.000,0,0,0,0,0,0,10,10.242,9.665,0.556,
20,-40,-80,0,0.000,1879.319,1506.472,,,,0.000,0,0,0,0,0,0,10,10.399,10.625,0.515,
20,-40,-70,0,0.000,1879.319,1506.472,,,,0.000,0,0,0,0,0,0,10,9.765,11.856,0.560,
20,-40,-60,0,0.000,1879.319,1506.472,,,,0.000,0,0,0,0,0,0,10,10.919,9.977,0.506,
20,-40,-50,0,0.000,1879.319,1506.472,,,,0.000,0,0,0,0,0,0,10,13.039,7.171,0.576,
20,-40,-40,0,0.000,1879.319,1506.472,,,,0.000,0,0,0,0,0,0,10,11.005,10.237,0.491,
20,-40,-30,0,0.000,1879.319,1506.472,,,,0.000,0,0,0,0,0,0,10,14.741,8.936,0.466,
20,-40,-20,0,0.000,1879.319,1506.472,,,,0.000,0,0,0,0,0,0,10,8.822,14.297,0.373,
20,-40,-10,0,0.000,1879.319,1506.472,,,,0.000,0,0,0,0,0,0,10,11.291,12.925,0.433,
20,-40,0,0,0.000,1879.319,1506.472,,,,0.000,0,0,0,0,0,0,10,10.686,11.641,0.626,
20,-40,10,0,0.000,1879.319,1506.472,,,,0.000,0,0,0,0,0,0,10,12.677,11.467,0.653,
20,-40,20,0,0.000,1879.319,1506.472,,,,0.000,0,0,0,0,0,0,10,10.231,8.044,0.669,
20,-40,30,0,0.000,1879.319,1506.472,,,,0.000,0,0,0,0,0,0,10,10.097,10.862,0.587,
20,-40,40,0,0.000,1879.319,1506.472,,,,0.000,0,0,0,0,0,0,10,13.953,9.869,0.576,
20,-40,50,0,0.000,1879.319,1506.472,,,,0.000,0,0,0,0,0,0,10,9.770,12.147,0.655,
20,-40,60,0,0.000,1879.319,1506.472,,,,0.000,0,0,0,0,0,0,10,10.149,10.594,0.629,
20,-40,70,0,20.000,1879.319,1506.472,1878.931,1506.697,0.448,0.000,0,0,0,0,0,0,8,10.750,10.055,0.630,0.000
20,-40,80,0,10.000,1879.319,1506.472,1878.927,1506.698,0.453,0.000,0,0,0,0,0,0,9,9.982,14.218,0.513,0.000
20,-40,90,0,60.000,1879.319,1506.472,1878.905,1506.716,0.481,0.000,0,0,0,0,0,0,4,11.352,12.130,0.589,0.000
20,-40,100,0,10.000,1879.319,1506.472,1878.930,1506.759,0.483,0.000,0,0,0,0,0,0,9,9.417,9.765,0.510,0.000
20,-40,110,0,50.000,1879.319,1506.472,1878.919,1506.737,0.480,0.000,0,0,0,0,0,0,5,14.050,12.596,0.520,0.000
20,-40,120,0,80.000,1879.319,1506.472,1878.911,1506.724,0.479,0.000,0,0,0,0,0,0,2,8.927,5.730,0.551,0.000
20,-40,130,0,80.000,1879.319,1506.472,1878.920,1506.736,0.479,0.000,0,0,0,0,0,0,2,7.302,9.500,0.583,0.000
20,-40,140,0,80.000,1879.319,1506.472,1878.939,1506.738,0.464,0.000,0,0,0,0,0,0,2,9.960,8.953,0.641,0.000
20,-40,150,0,60.000,1879.319,1506.472,1878.923,1506.735,0.475,0.000,0,0,0,0,0,0,4,10.134,10.054,0.693,0.000
20,-40,160,0,80.000,1879.319,1506.472,1878.914,1506.722,0.476,0.000,0,0,0,0,0,0,2,10.839,12.836,0.614,0.000
20,-40,170,0,90.000,1879.319,1506.472,1878.926,1506.737,0.474,0.000,0,0,0,0,0,0,1,12.843,9.415,0.574,0.000
20,-40,180,0,90.000,1879.319,1506.472,1878.930,1506.734,0.469,0.000,0,0,0,0,0,0,1,10.596,10.187,0.602,0.000
20,-40,190,0,100.000,1879.319,1506.472,1878.924,1506.731,0.473,0.000,0,0,0,0,0,0,0,11.231,12.700,0.554,0.000
20,-40,200,0,100.000,1879.319,1506.472,1878.903,1506.711,0.480,0.000,0,0,0,0,0,0,0,11.046,11.140,0.585,0.000
20,-40,210,0,100.000,1879.319,1506.472,1878.940,1506.741,0.465,0.000,0,0,0,0,0,0,0,8.319,9.711,0.482,0.000
20,-40,220,0,100.000,1879.319,1506.472,1878.923,1506.748,0.483,0.000,0,0,0,0,0,0,0,11.394,11.677,0.395,0.000
20,-40,230,0,100.000,1879.319,1506.472,1878.926,1506.746,0.479,0.000,0,0,0,0,0,0,0,10.134,11.486,0.504,0.000
20,-40,240,0,100.000,1879.319,1506.472,1878.915,1506.725,0.476,0.000,0,0,0,0,0,0,0,11.631,11.588,0.361,0.000
20,-40,250,0,100.000,1879.319,1506.472,1878.936,1506.743,0.469,0.000,0,0,0,0,0,0,0,9.735,10.372,0.583,0.000
20,-40,260,0,100.000,1879.319,1506.472,1878.931,1506.738,0.470,0.000,0,0,0,0,0,0,0,11.544,11.594,0.624,0.000
20,-40,270,0,100.000,1879.319,1506.472,1878.915,1506.720,0.474,0.000,0,0,0,0,0,0,0,14.433,10.077,0.630,0.000
20,-40,280,0,100.000,1879.319,1506.472,1878.934,1506.749,0.474,0.000,0,0,0,0,0,0,0,11.968,11.967,0.660,0.000
20,-40,290,0,100.000,1879.319,1506.472,1878.927,1506.729,0.469,0.000,0,0,0,0,0,0,0,12.013,12.366,0.567,0.000
20,-40,300,0,100.000,1879.319,1506.472,1878.978,1506.721,0.422,0.000,0,0,0,0,0,0,0,11.389,10.777,0.473,0.000
20,-40,310,0,100.000,1879.319,1506.472,1878.916,1506.736,0.481,0.000,0,0,0,0,0,0,0,9.323,9.656,0.622,0.000
20,-40,320,0,100.000,1879.319,1506.472,1878.925,1506.730,0.470,0.000,0,0,0,0,0,0,0,10.573,11.578,0.528,0.000
20,-40,330,0,100.000,1879.319,1506.472,1878.940,1506.721,0.453,0.000,0,0,0,0,0,0,0,11.929,10.730,0.604,0.000
20,-40,340,0,100.000,1879.319,1506.472,1878.935,1506.731,0.463,0.000,0,0,0,0,0,0,0,11.944,13.074,0.365,0.000
20,-40,350,0,100.000,1879.319,1506.472,1878.923,1506.733,0.475,0.000,0,0,0,0,0,0,0,12.200,11.881,0.521,0.000
20,-40,360,0,100.000,1879.319,1506.472,1878.921,1506.733,0.476,0.100,1,0,0,0,0,0,0,12.603,10.605,0.561,0.000
20,-40,370,0,100.000,1879.319,1506.472,1878.941,1506.736,0.461,0.000,0,0,0,0,0,0,0,12.280,10.809,0.608,0.000
20,-40,380,0,100.000,1879.319,1506.472,1879.655,1506.393,0.345,0.100,1,0,0,0,0,0,0,13.458,9.168,0.667,0.000
20,-40,390,0,100.000,1879.319,1506.472,1879.251,1506.564,0.114,0.000,0,0,0,0,0,0,0,8.870,12.258,0.551,0.000
20,-30,-100,0,0.000,1879.319,1506.472,,,,0.000,0,0,0,0,0,0,10,12.821,10.058,0.541,
20,-30,-90,0,0.000,1879.319,1506.472,,,,0.000,0,0,0,0,0,0,10,9.986,6.169,0.515,
20,-30,-80,0,0.000,1879.319,1506.472,,,,0.000,0,0,0,0,0,0,10,9.013,13.348,0.605,
20,-30,-70,0,0.000,1879.319,1506.472,,,,0.000,0,0,0,0,0,0,10,6.934,10.040,0.582,
20,-30,-60,0,0.000,1879.319,1506.472,,,,0.000,0,0,0,0,0,0,10,10.441,5.048,0.506,
20,-30,-50,0,0.000,1879.319,1506.472,,,,0.000,0,0,0,0,0,0,10,8.235,9.614,0.527,
20,-30,-40,0,0.000,1879.319,1506.472,,,,0.000,0,0,0,0,0,0,10,9.656,13.272,0.589,
20,-30,-30,0,0.000,1879.319,1506.472,,,,0.000,0,0,0,0,0,0,10,9.373,12.127,0.519,
20,-30,-20,0,0.000,1879.319,1506.472,,,,0.000,0,0,0,0,0,0,10,9.933,13.416,0.621,
20,-30,-10,0,0.000,1879.319,1506.472,,,,0.000,0,0,0,0,0,0,10,7.785,8.398,0.589,
20,-30,0,0,0.000,1879.319,1506.472,,,,0.000,0,0,0,0,0,0,10,11.858,10.522,0.590,
20,-30,10,0,0.000,1879.319,1506.472,,,,0.000,0,0,0,0,0,0,10,9.981,11.818,0.438,
20,-30,20,0,0.000,1879.319,1506.472,,,,0.000,0,0,0,0,0,0,10,10.147,12.304,0.716,
20,-30,30,0,0.000,1879.319,1506.472,,,,0.000,0,0,0,0,0,0,10,10.882,10.249,0.414,
20,-30,40,0,0.000,1879.319,1506.472,,,,0.000,0,0,0,0,0,0,10,11.017,12.140,0.500,
20,-30,50,0,20.000,1879.319,1506.472,1878.879,1506.697,0.494,0.000,0,0,0,0,0,0,8,13.147,11.252,0.529,0.000
20,-30,60,0,10.000,1879.319,1506.472,1878.944,1506.755,0.469,0.000,0,0,0,0,0,0,9,11.289,12.657,0.598,0.000
20,-30,70,0,40.000,1879.319,1506.472,1878.920,1506.735,0.478,0.000,0,0,0,0,0,0,6,9.342,14.308,0.524,0.000
20,-30,80,0,20.000,1879.319,1506.472,1878.931,1506.751,0.478,0.000,0,0,0,0,0,0,8,11.666,7.553,0.569,0.000
20,-30,90,0,50.000,1879.319,1506.472,1878.923,1506.763,0.492,0.000,0,0,0,0,0,0,5,12.564,10.686,0.522,0.000
20,-30,100,0,40.000,1879.319,1506.472,1878.924,1506.741,0.478,0.000,0,0,0,0,0,0,6,10.816,11.098,0.503,0.000
20,-30,110,0,90.000,1879.319,1506.472,1878.922,1506.738,0.478,0.000,0,0,0,0,0,0,1,10.152,9.090,0.343,0.000
20,-30,120,0,70.000,1879.319,1506.472,1878.908,1506.713,0.477,0.000,0,0,0,0,0,0,3,8.274,13.049,0.550,0.000
20,-30,130,0,80.000,1879.319,1506.472,1878.943,1506.736,0.459,0.000,0,0,0,0,0,0,2,11.239,12.196,0.595,0.000
20,-30,140,0,90.000,1879.319,1506.472,1878.926,1506.719,0.464,0.000,0,0,0,0,0,0,1,8.333,12.343,0.508,0.000
20,-30,150,0,100.000,1879.319,1506.472,1878.921,1506.745,0.483,0.000,0,0,0,0,0,0,0,10.978,12.630,0.527,0.000
20,-30,160,0,100.000,1879.319,1506.472,1878.921,1506.733,0.476,0.000,0,0,0,0,0,0,0,9.912,13.795,0.563,0.000
20,-30,170,0,100.000,1879.319,1506.472,1878.923,1506.745,0.481,0.000,0,0,0,0,0,0,0,13.133,7.946,0.535,0.000
20,-30,180,0,100.000,1879.319,1506.472,1879.213,1506.592,0.160,0.000,0,0,0,0,0,0,0,9.153,6.484,0.566,0.000
20,-30,190,0,100.000,1879.319,1506.472,1878.927,1506.734,0.471,0.000,0,0,0,0,0,0,0,12.144,10.897,0.562,0.000
20,-30,200,0,100.000,1879.319,1506.472,1878.926,1506.747,0.480,0.000,0,0,0,0,0,0,0,9.758,10.033,0.563,0.000
20,-30,210,0,100.000,1879.319,1506.472,1878.906,1506.728,0.486,0.000,0,0,0,0,0,0,0,14.085,9.777,0.589,0.000
20,-30,220,0,100.000,1879.319,1506.472,1878.916,1506.733,0.480,0.000,0,0,0,0,0,0,0,10.721,12.790,0.668,0.000
20,-30,230,0,100.000,1879.319,1506.472,1878.925,1506.751,0.482,0.000,0,0,0,0,0,0,0,6.529,13.737,0.587,0.000
20,-30,240,0,100.000,1879.319,1506.472,1878.963,1506.716,0.431,0.000,0,0,0,0,0,0,0,12.328,10.651,0.551,0.000
20,-30,250,0,100.000,1879.319,1506.472,1878.916,1506.710,0.468,0.000,0,0,0,0,0,0,0,9.172,11.034,0.437,0.000
20,-30,260,0,100.000,1879.319,1506.472,1878.925,1506.725,0.468,0.000,0,0,0,0,0,0,0,11.805,12.618,0.634,0.000
20,-30,270,0,100.000,1879.319,1506.472,1878.925,1506.735,0.474,0.000,0,0,0,0,0,0,0,11.219,7.339,0.798,0.000
20,-30,280,0,100.000,1879.319,1506.472,1878.930,1506.733,0.468,0.000,0,0,0,0,0,0,0,11.374,8.178,0.570,0.000
20,-30,290,0,100.000,1879.319,1506.472,1878.925,1506.744,0.479,0.000,0,0,0,0,0,0,0,12.526,10.149,0.676,0.000
20,-30,300,0,100.000,1879.319,1506.472,1878.914,1506.742,0.487,0.000,0,0,0,0,0,0,0,7.836,9.809,0.403,0.000
20,-30,310,0,100.000,1879.319,1506.472,1879.334,1506.549,0.079,0.000,0,0,0,0,0,0,0,10.679,11.394,0.467,0.000
20,-30,320,0,100.000,1879.319,1506.472,1878.904,1506.718,0.483,0.000,0,0,0,0,0,0,0,9.561,11.934,0.629,0.000
20,-30,330,0,100.000,1879.319,1506.472,1878.931,1506.721,0.461,0.000,0,0,0,0,0,0,0,9.363,12.181,0.657,0.000
20,-30,340,0,100.000,1879.319,1506.472,1879.568,1506.416,0.256,0.000,0,0,0,0,0,0,0,14.646,12.185,0.601,0.000
20,-30,350,0,100.000,1879.319,1506.472,1878.926,1506.758,0.486,0.000,0,0,0,0,0,0,0,10.628,7.465,0.625,0.000
20,-30,360,0,100.000,1879.319,1506.472,1879.194,1506.594,0.174,0.500,3,0,0,0,0,0,0,12.792,9.278,0.573,0.000
20,-30,370,0,100.000,1879.319,1506.472,1879.088,1506.633,0.282,0.100,1,0,0,0,0,0,0,12.367,12.910,0.526,0.000
20,-30,380,0,100.000,1879.319,1506.472,1879.429,1506.483,0.111,0.300,2,0,0,0,0,0,0,12.468,6.637,0.471,0.000
20,-30,390,0,100.000,1879.319,1506.472,1879.820,1506.311,0.526,0.200,1,0,0,0,0,0,0,10.372,11.158,0.488,0.000
20,-20,-100,0,0.000,1879.319,1506.472,,,,0.000,0,0,0,0,0,0,10,9.462,13.493,0.547,
20,-20,-90,0,0.000,1879.319,1506.472,,,,0.000,0,0,0,0,0,0,10,11.166,11.214,0.556,
20,-20,-80,0,0.000,1879.319,1506.472,,,,0.000,0,0,0,0,0,0,10,13.083,13.689,0.530,
20,-20,-70,0,0.000,1879.319,1506.472,,,,0.000,0,0,0,0,0,0,10,9.748,10.509,0.512,
20,-20,-60,0,0.000,1879.319,1506.472,,,,0.000,0,0,0,0,0,0,10,11.787,12.677,0.410,
20,-20,-50,0,0.000,1879.319,1506.472,,,,0.000,0,0,0,0,0,0,10,9.411,9.206,0.433,
20,-20,-40,0,0.000,1879.319,1506.472,,,,0.000,0,0,0,0,0,0,10,10.137,9.112,0.686,
20,-20,-30,0,0.000,1879.319,1506.472,,,,0.000,0,0,0,0,0,0,10,12.576,10.418,0.535,
20,-20,-20,0,0.000,1879.319,1506.472,,,,0.000,0,0,0,0,0,0,10,11.413,8.358,0.529,
20,-20,-10,0,0.000,1879.319,1506.472,,,,0.000,0,0,0,0,0,0,10,12.184,11.361,0.538,
20,-20,0,0,0.000,1879.319,1506.472,,,,0.000,0,0,0,0,0,0,10,11.277,11.179,0.532,
20,-20,10,0,0.000,1879.319,1506.472,,,,0.000,0,0,0,0,0,0,10,8.193,9.958,0.609,
20,-20,20,0,10.000,1879.319,1506.472,1878.980,1506.743,0.434,0.000,0,0,0,0,0,0,9,10.669,11.222,0.484,0.000
20,-20,30,0,0.000,1879.319,1506.472,,,,0.000,0,0,0,0,0,0,10,9.206,8.919,0.378,
20,-20,40,0,30.000,1879.319,1506.472,1878.955,1506.700,0.430,0.000,0,0,0,0,0,0,7,13.209,12.079,0.612,0.000
20,-20,50,0,30.000,1879.319,1506.472,1878.915,1506.742,0.486,0.000,0,0,0,0,0,0,7,12.191,11.824,0.743,0.000
20,-20,60,0,40.000,1879.319,1506.472,1878.929,1506.752,0.480,0.000,0,0,0,0,0,0,6,11.012,10.608,0.449,0.000
20,-20,70,0,60.000,1879.319,1506.472,1878.920,1506.724,0.472,0.000,0,0,0,0,0,0,4,8.091,10.066,0.489,0.000
20,-20,80,0,40.000,1879.319,1506.472,1878.944,1506.753,0.468,0.000,0,0,0,0,0,0,6,11.129,10.266,0.502,0.000
20,-20,90,0,70.000,1879.319,1506.472,1878.910,1506.749,0.494,0.000,0,0,0,0,0,0,3,9.617,13.044,0.475,0.000
20,-20,100,0,100.000,1879.319,1506.472,1878.931,1506.733,0.467,0.000,0,0,0,0,0,0,0,7.058,11.183,0.523,0.000
20,-20,110,0,80.000,1879.319,1506.472,1878.912,1506.715,0.474,0.000,0,0,0,0,0,0,2,13.000,8.044,0.676,0.000
20,-20,120,0,100.000,1879.319,1506.472,1878.919,1506.714,0.468,0.000,0,0,0,0,0,0,0,9.862,11.355,0.399,0.000
20,-20,130,0,100.000,1879.319,1506.472,1878.998,1506.710,0.400,0.000,0,0,0,0,0,0,0,13.062,9.527,0.422,0.000
20,-20,140,0,100.000,1879.319,1506.472,1878.924,1506.742,0.478,0.000,0,0,0,0,0,0,0,11.272,9.275,0.623,0.000
20,-20,150,0,100.000,1879.319,1506.472,1879.019,1506.672,0.361,0.000,0,0,0,0,0,0,0,10.936,9.684,0.676,0.000
20,-20,160,0,100.000,1879.319,1506.472,1878.909,1506.737,0.488,0.000,0,0,0,0,0,0,0,11.825,12.263,0.610,0.000
20,-20,170,0,100.000,1879.319,1506.472,1879.186,1506.637,0.212,0.000,0,0,0,0,0,0,0,12.567,10.020,0.509,0.000
20,-20,180,0,100.000,1879.319,1506.472,1878.912,1506.737,0.485,0.000,0,0,0,0,0,0,0,12.327,9.328,0.645,0.000
20,-20,190,0,100.000,1879.319,1506.472,1878.973,1506.701,0.415,0.000,0,0,0,0,0,0,0,10.485,9.613,0.491,0.000
20,-20,200,0,100.000,1879.319,1506.472,1879.073,1506.672,0.317,0.000,0,0,0,0,0,0,0,12.567,7.817,0.557,0.000
20,-20,210,0,100.000,1879.319,1506.472,1879.154,1506.620,0.221,0.000,0,0,0,0,0,0,0,12.110,12.175,0.360,0.000
20,-20,220,0,100.000,1879.319,1506.472,1879.119,1506.641,0.262,0.000,0,0,0,0,0,0,0,9.421,9.075,0.458,0.000
20,-20,230,0,100.000,1879.319,1506.472,1878.913,1506.735,0.484,0.000,0,0,0,0,0,0,0,12.598,8.286,0.640,0.000
20,-20,240,0,100.000,1879.319,1506.472,1879.347,1506.551,0.085,0.000,0,0,0,0,0,0,0,8.584,11.157,0.651,0.000
20,-20,250,0,100.000,1879.319,1506.472,1878.973,1506.692,0.410,0.000,0,0,0,0,0,0,0,10.883,13.004,0.625,0.000
20,-20,260,0,100.000,1879.319,1506.472,1879.249,1506.595,0.142,0.000,0,0,0,0,0,0,0,11.443,9.639,0.522,0.000
20,-20,270,0,100.000,1879.319,1506.472,1879.614,1506.402,0.304,0.000,0,0,0,0,0,0,0,13.181,10.743,0.557,0.000
20,-20,280,0,100.000,1879.319,1506.472,1878.927,1506.724,0.466,0.000,0,0,0,0,0,0,0,11.901,12.054,0.557,0.000
20,-20,290,0,100.000,1879.319,1506.472,1879.027,1506.687,0.363,0.000,0,0,0,0,0,0,0,10.299,9.987,0.504,0.000
20,-20,300,0,100.000,1879.319,1506.472,1878.921,1506.717,0.467,0.000,0,0,0,0,0,0,0,9.994,10.117,0.584,0.000
20,-20,310,0,100.000,1879.319,1506.472,1879.147,1506.613,0.222,0.000,0,0,0,0,0,0,0,12.039,9.381,0.575,0.000
20,-20,320,0,100.000,1879.319,1506.472,1879.448,1506.474,0.130,0.000,0,0,0,0,0,0,0,12.340,11.627,0.442,0.000
20,-20,330,0,100.000,1879.319,1506.472,1879.193,1506.605,0.183,0.000,0,0,0,0,0,0,0,9.822,11.973,0.511,0.000
20,-20,340,0,100.000,1879.319,1506.472,1879.971,1506.239,0.692,0.000,0,0,0,0,0,0,0,10.292,14.327,0.589,0.000
20,-20,350,0,100.000,1879.319,1506.472,1879.281,1506.564,0.100,0.600,3,0,0,0,0,0,0,10.774,14.021,0.557,0.000
20,-20,360,0,100.000,1879.319,1506.472,1879.025,1506.648,0.342,0.400,3,0,0,0,0,0,0,10.784,10.884,0.389,0.000
20,-20,370,0,100.000,1879.319,1506.472,1878.926,1506.706,0.457,0.000,0,0,0,0,0,0,0,11.846,11.271,0.484,0.000
20,-20,380,0,100.000,1879.319,1506.472,1878.929,1506.695,0.449,0.200,1,0,0,0,0,0,0,13.184,11.779,0.530,0.000
20,-20,390,0,100.000,1879.319,1506.472,1879.942,1506.239,0.666,0.300,2,0,0,0,0,0,0,9.380,9.513,0.566,0.000
20,-10,-100,0,0.000,1879.319,1506.472,,,,0.000,0,0,0,0,0,0,10,11.109,12.201,0.608,
20,-10,-90,0,0.000,1879.319,1506.472,,,,0.000,0,0,0,0,0,0,10,10.303,8.012,0.471,
20,-10,-80,0,0.000,1879.319,1506.472,,,,0.000,0,0,0,0,0,0,10,8.733,11.862,0.620,
20,-10,-70,0,0.000,1879.319,1506.472,,,,0.000,0,0,0,0,0,0,10,9.417,12.342,0.532,
20,-10,-60,0,0.000,1879.319,1506.472,,,,0.000,0,0,0,0,0,0,10,10.252,10.508,0.631,
20,-10,-50,0,0.000,1879.319,1506.472,,,,0.000,0,0,0,0,0,0,10,10.956,13.059,0.634,
20,-10,-40,0,0.000,1879.319,1506.472,,,,0.000,0,0,0,0,0,0,10,9.996,10.076,0.548,
20,-10,-30,0,0.000,1879.319,1506.472,,,,0.000,0,0,0,0,0,0,10,12.631,9.370,0.485,
20,-10,-20,0,0.000,1879.319,1506.472,,,,0.000,0,0,0,0,0,0,10,8.398,9.928,0.534,
20,-10,-10,0,0.000,1879.319,1506.472,,,,0.000,0,0,0,0,0,0,10,10.181,10.904,0.556,
20,-10,0,0,10.000,1879.319,1506.472,1879.485,1506.498,0.169,0.000,0,0,0,0,0,0,9,9.689,9.344,0.474,0.000
20,-10,10,0,20.000,1879.319,1506.472,1878.938,1506.712,0.450,0.000,0,0,0,0,0,0,8,12.020,11.257,0.369,0.000
20,-10,20,0,40.000,1879.319,1506.472,1879.421,1506.475,0.102,0.100,1,0,0,0,0,0,6,13.325,12.946,0.486,0.000
20,-10,30,0,50.000,1879.319,1506.472,1881.250,1505.628,2.108,0.000,0,0,0,0,0,0,5,12.979,12.685,0.716,0.000
20,-10,40,0,40.000,1879.319,1506.472,1878.981,1506.712,0.415,0.000,0,0,0,0,0,0,6,9.772,13.755,0.513,0.000
20,-10,50,0,70.000,1879.319,1506.472,1879.110,1506.638,0.267,0.000,0,0,0,0,0,0,3,7.477,12.332,0.493,0.000
20,-10,60,0,50.000,1879.319,1506.472,1878.924,1506.736,0.475,0.000,0,0,0,0,0,0,5,11.898,10.140,0.666,0.000
20,-10,70,0,60.000,1879.319,1506.472,1878.938,1506.712,0.451,0.000,0,0,0,0,0,0,4,12.004,8.000,0.584,0.000
20,-10,80,0,80.000,1879.319,1506.472,1878.992,1506.711,0.405,0.100,1,0,0,0,0,0,2,11.419,10.450,0.506,0.000
20,-10,90,0,90.000,1879.319,1506.472,1878.980,1506.700,0.409,0.000,0,0,0,0,0,0,1,13.567,6.984,0.511,0.000
20,-10,100,0,90.000,1879.319,1506.472,1879.159,1506.605,0.208,0.000,0,0,0,0,0,0,1,10.870,12.329,0.506,0.000
20,-10,110,0,100.000,1879.319,1506.472,1879.187,1506.612,0.192,0.000,0,0,0,0,0,0,0,11.302,9.324,0.501,0.000
20,-10,120,0,100.000,1879.319,1506.472,1878.946,1506.716,0.446,0.000,0,0,0,0,0,0,0,10.309,12.261,0.589,0.000
20,-10,130,0,100.000,1879.319,1506.472,1878.912,1506.717,0.475,0.000,0,0,0,0,0,0,0,9.008,10.812,0.642,0.000
20,-10,140,0,100.000,1879.319,1506.472,1878.974,1506.710,0.419,0.000,0,0,0,0,0,0,0,12.758,10.537,0.267,0.000
20,-10,150,0,100.000,1879.319,1506.472,1878.973,1506.718,0.425,0.000,0,0,0,0,0,0,0,10.899,11.700,0.459,0.000
20,-10,160,0,100.000,1879.319,1506.472,1878.911,1506.736,0.486,0.000,0,0,0,0,0,0,0,8.922,9.440,0.574,0.000
20,-10,170,0,100.000,1879.319,1506.472,1879.324,1506.544,0.072,0.000,0,0,0,0,0,0,0,12.208,7.655,0.642,0.000
20,-10,180,0,100.000,1879.319,1506.472,1878.908,1506.731,0.486,0.000,0,0,0,0,0,0,0,12.633,11.140,0.496,0.000
20,-10,190,0,100.000,1879.319,1506.472,1878.984,1506.704,0.407,0.000,0,0,0,0,0,0,0,12.258,9.852,0.541,0.000
20,-10,200,0,100.000,1879.319,1506.472,1878.923,1506.749,0.484,0.100,1,0,0,0,0,0,0,10.955,12.632,0.414,0.000
20,-10,210,0,100.000,1879.319,1506.472,1878.919,1506.737,0.480,0.000,0,0,0,0,0,0,0,9.465,10.953,0.433,0.000
20,-10,220,0,100.000,1879.319,1506.472,1879.163,1506.624,0.218,0.000,0,0,0,0,0,0,0,6.811,12.465,0.496,0.000
20,-10,230,0,100.000,1879.319,1506.472,1879.141,1506.642,0.246,0.000,0,0,0,0,0,0,0,12.557,9.181,0.602,0.000
20,-10,240,0,100.000,1879.319,1506.472,1878.913,1506.724,0.478,0.100,1,0,0,0,0,0,0,13.152,10.675,0.597,0.000
20,-10,250,0,100.000,1879.319,1506.472,1879.474,1506.479,0.156,0.000,0,0,0,0,0,0,0,9.523,9.893,0.729,0.000
20,-10,260,0,100.000,1879.319,1506.472,1878.914,1506.715,0.472,0.000,0,0,0,0,0,0,0,9.280,12.389,0.617,0.000
20,-10,270,0,100.000,1879.319,1506.472,1879.052,1506.665,0.329,0.000,0,0,0,0,0,0,0,9.566,11.262,0.560,0.000
20,-10,280,0,100.000,1879.319,1506.472,1878.912,1506.749,0.492,0.100,1,0,0,0,0,0,0,10.861,9.963,0.474,0.000
20,-10,290,0,100.000,1879.319,1506.472,1879.309,1506.555,0.084,0.000,0,0,0,0,0,0,0,12.211,10.186,0.772,0.000
20,-10,300,0,100.000,1879.319,1506.472,1879.742,1506.323,0.449,0.000,0,0,0,0,0,0,0,12.719,9.621,0.528,0.000
20,-10,310,0,100.000,1879.319,1506.472,1879.023,1506.683,0.363,0.000,0,0,0,0,0,0,0,12.289,12.626,0.421,0.000
20,-10,320,0,100.000,1879.319,1506.472,1879.175,1506.583,0.182,0.200,1,0,0,0,0,0,0,12.150,10.110,0.485,0.000
20,-10,330,0,100.000,1879.319,1506.472,1879.110,1506.626,0.259,0.200,2,0,0,0,0,0,0,8.995,11.990,0.505,0.000
20,-10,340,0,100.000,1879.319,1506.472,1879.515,1506.448,0.198,0.300,2,0,0,0,0,0,0,8.041,10.588,0.551,0.000
20,-10,350,0,100.000,1879.319,1506.472,1879.459,1506.471,0.140,0.000,0,0,0,0,0,0,0,11.770,11.000,0.714,0.000
20,-10,360,0,100.000,1879.319,1506.472,1879.098,1506.622,0.267,0.100,1,0,0,0,0,0,0,8.518,10.755,0.549,0.000
20,-10,370,0,100.000,1879.319,1506.472,1878.951,1506.699,0.432,0.100,1,0,0,0,0,0,0,10.117,10.013,0.558,0.000
20,-10,380,0,100.000,1879.319,1506.472,1879.352,1506.526,0.064,0.000,0,0,0,0,0,0,0,12.660,11.480,0.450,0.000
20,-10,390,0,100.000,1879.319,1506.472,1879.576,1506.425,0.262,0.300,2,0,0,0,0,0,0,10.151,10.826,0.549,0.000
20,0,-100,0,0.000,1879.319,1506.472,,,,0.000,0,0,0,0,0,0,10,13.164,10.107,0.671,
20,0,-90,0,0.000,1879.319,1506.472,,,,0.000,0,0,0,0,0,0,10,13.344,8.143,0.368,
20,0,-80,0,0.000,1879.319,1506.472,,,,0.000,0,0,0,0,0,0,10,10.052,10.258,0.610,
20,0,-70,0,0.000,1879.319,1506.472,,,,0.000,0,0,0,0,0,0,10,7.702,10.915,0.571,
20,0,-60,0,0.000,1879.319,1506.472,,,,0.000,0,0,0,0,0,0,10,13.841,13.663,0.571,
20,0,-50,0,0.000,1879.319,1506.472,,,,0.000,0,0,0,0,0,0,10,9.896,10.335,0.424,
20,0,-40,0,0.000,1879.319,1506.472,,,,0.000,0,0,0,0,0,0,10,14.409,12.601,0.345,
20,0,-30,0,0.000,1879.319,1506.472,,,,0.000,0,0,0,0,0,0,10,11.530,8.558,0.763,
20,0,-20,0,0.000,1879.319,1506.472,,,,0.000,0,0,0,0,0,0,10,11.032,8.773,0.516,
20,0,-10,0,0.000,1879.319,1506.472,,,,0.000,0,0,0,0,0,0,10,12.568,3.734,0.502,
20,0,0,0,0.000,1879.319,1506.472,,,,0.000,0,0,0,0,0,0,10,13.914,11.994,0.403,
20,0,10,0,40.000,1879.319,1506.472,1884.279,1504.207,5.453,0.500,2,0,0,0,0,0,6,13.189,6.617,0.603,0.000
20,0,20,0,40.000,1879.319,1506.472,1880.487,1506.020,1.253,0.300,1,0,0,0,1,0,5,11.444,9.382,0.564,0.000
20,0,30,0,50.000,1879.319,1506.472,1881.499,1505.524,2.377,0.300,1,0,0,0,0,0,5,10.840,9.305,0.573,0.000
20,0,40,0,100.000,1879.319,1506.472,1879.617,1506.408,0.305,0.300,2,0,0,0,0,0,0,10.146,11.510,0.383,0.000
20,0,50,0,100.000,1879.319,1506.472,1878.957,1506.702,0.429,0.200,1,0,0,0,0,0,0,10.730,7.184,0.542,0.000
20,0,60,0,90.000,1879.319,1506.472,1879.332,1506.555,0.084,0.300,1,0,0,0,0,0,1,11.921,13.082,0.363,0.000
20,0,70,0,100.000,1879.319,1506.472,1878.941,1506.732,0.459,0.100,1,0,0,0,0,0,0,10.443,9.962,0.581,0.000
20,0,80,0,100.000,1879.319,1506.472,1879.245,1506.564,0.118,0.300,1,0,0,0,0,0,0,12.320,10.520,0.693,0.000
20,0,90,0,100.000,1879.319,1506.472,1879.339,1506.557,0.088,0.300,1,0,0,0,0,0,0,9.517,10.911,0.531,0.000
20,0,100,0,100.000,1879.319,1506.472,1879.032,1506.700,0.366,0.100,1,0,0,0,0,0,0,10.024,10.308,0.606,0.000
20,0,110,0,100.000,1879.319,1506.472,1879.179,1506.588,0.181,0.300,1,0,0,0,0,0,0,12.959,9.632,0.505,0.000
20,0,120,0,100.000,1879.319,1506.472,1879.065,1506.678,0.327,0.200,1,0,0,0,0,0,0,11.454,12.764,0.667,0.000
20,0,130,0,100.000,1879.319,1506.472,1878.997,1506.683,0.385,0.300,1,0,0,0,0,0,0,11.843,11.400,0.732,0.000
20,0,140,0,100.000,1879.319,1506.472,1878.970,1506.712,0.424,0.100,1,0,0,0,0,0,0,10.893,9.539,0.655,0.000
20,0,150,0,100.000,1879.319,1506.472,1878.948,1506.711,0.441,0.200,1,0,0,0,0,0,0,8.569,9.189,0.497,0.000
20,0,160,0,100.000,1879.319,1506.472,1879.207,1506.610,0.178,0.100,1,0,0,0,0,0,0,8.908,8.641,0.509,0.000
20,0,170,0,100.000,1879.319,1506.472,1879.263,1506.584,0.126,0.100,1,0,0,0,0,0,0,10.787,10.079,0.462,0.000
20,0,180,0,100.000,1879.319,1506.472,1879.474,1506.469,0.155,0.100,1,0,0,0,0,0,0,7.346,11.763,0.586,0.000
20,0,190,0,100.000,1879.319,1506.472,1879.255,1506.591,0.135,0.300,1,0,0,0,0,0,0,12.085,11.078,0.624,0.000
20,0,200,0,100.000,1879.319,1506.472,1879.225,1506.596,0.156,0.300,1,0,0,0,0,0,0,12.153,11.269,0.650,0.000
20,0,210,0,100.000,1879.319,1506.472,1879.109,1506.652,0.276,0.300,1,0,0,0,0,0,0,11.305,14.167,0.437,0.000
20,0,220,0,100.000,1879.319,1506.472,1879.308,1506.543,0.072,0.300,1,0,0,0,0,0,0,11.572,13.054,0.705,0.000
20,0,230,0,100.000,1879.319,1506.472,1878.980,1506.672,0.393,0.100,1,0,0,0,0,0,0,9.993,10.790,0.449,0.000
20,0,240,0,100.000,1879.319,1506.472,1879.226,1506.570,0.135,0.400,1,0,0,0,0,0,0,13.093,11.551,0.573,0.000
20,0,250,0,100.000,1879.319,1506.472,1879.319,1506.533,0.061,0.400,1,0,0,0,0,0,0,9.176,11.399,0.518,0.000
20,0,260,0,100.000,1879.319,1506.472,1878.908,1506.737,0.489,0.300,1,0,0,0,0,0,0,13.585,9.918,0.559,0.000
20,0,270,0,100.000,1879.319,1506.472,1879.378,1506.522,0.077,0.300,1,0,0,0,0,0,0,11.776,12.481,0.527,0.000
20,0,280,0,100.000,1879.319,1506.472,1879.413,1506.491,0.097,0.300,1,0,0,0,0,0,0,10.321,9.885,0.543,0.000
20,0,290,0,100.000,1879.319,1506.472,1878.961,1506.711,0.430,0.300,1,0,0,0,0,0,0,14.351,10.578,0.300,0.000
20,0,300,0,100.000,1879.319,1506.472,1879.148,1506.612,0.221,0.300,1,0,0,0,0,0,0,10.815,11.777,0.484,0.000
20,0,310,0,100.000,1879.319,1506.472,1879.112,1506.640,0.267,0.800,1,0,0,0,0,0,0,14.803,9.386,0.512,0.000
20,0,320,0,100.000,1879.319,1506.472,1878.971,1506.719,0.427,0.300,1,0,0,0,0,0,0,11.134,8.355,0.546,0.000
20,0,330,0,100.000,1879.319,1506.472,1879.233,1506.581,0.139,0.100,1,0,0,0,0,0,0,9.070,12.190,0.558,0.000
20,0,340,0,100.000,1879.319,1506.472,1879.260,1506.562,0.108,0.300,1,0,0,0,0,0,0,12.873,10.181,0.507,0.000
20,0,350,0,100.000,1879.319,1506.472,1879.073,1506.638,0.296,0.700,2,0,0,0,0,0,0,12.661,10.776,0.456,0.000
20,0,360,0,100.000,1879.319,1506.472,1879.714,1506.357,0.411,0.300,1,0,0,0,0,0,0,12.593,9.499,0.529,0.000
20,0,370,0,100.000,1879.319,1506.472,1879.499,1506.440,0.183,0.500,1,0,0,0,0,0,0,13.449,11.778,0.604,0.000
20,0,380,0,100.000,1879.319,1506.472,1879.422,1506.477,0.103,0.200,1,0,0,0,0,0,0,8.178,10.204,0.773,0.000
20,0,390,0,100.000,1879.319,1506.472,1879.293,1506.544,0.077,0.300,1,0,0,0,0,0,0,11.955,9.631,0.602,0.000
20,10,-100,0,0.000,1879.319,1506.472,,,,0.000,0,0,0,0,0,0,10,9.439,7.119,0.532,
20,10,-90,0,0.000,1879.319,1506.472,,,,0.000,0,0,0,0,0,0,10,8.761,8.385,0.475,
20,10,-80,0,0.000,1879.319,1506.472,,,,0.000,0,0,0,0,0,0,10,8.435,10.173,0.621,
20,10,-70,0,0.000,1879.319,1506.472,,,,0.000,0,0,0,0,0,0,10,10.325,10.482,0.387,
20,10,-60,0,0.000,1879.319,1506.472,,,,0.000,0,0,0,0,0,0,10,11.863,12.730,0.516,
20,10,-50,0,0.000,1879.319,1506.472,,,,0.000,0,0,0,0,0,0,10,10.231,10.365,0.640,
20,10,-40,0,0.000,1879.319,1506.472,,,,0.000,0,0,0,0,0,0,10,13.927,12.628,0.517,
20,10,-30,0,0.000,1879.319,1506.472,,,,0.000,0,0,0,0,0,0,10,8.563,7.663,0.564,
20,10,-20,0,0.000,1879.319,1506.472,,,,0.000,0,0,0,0,0,0,10,9.012,11.509,0.561,
20,10,-10,0,0.000,1879.319,1506.472,,,,0.000,0,0,0,0,0,0,10,12.945,10.267,0.682,
20,10,0,0,40.000,1879.319,1506.472,1881.638,1505.422,2.546,0.100,1,0,0,0,0,0,6,11.337,12.269,0.697,0.000
20,10,10,0,10.000,1879.319,1506.472,1880.049,1506.221,0.772,0.500,2,0,0,0,3,0,6,13.029,10.336,0.331,0.000
20,10,20,0,70.000,1879.319,1506.472,1879.893,1506.281,0.605,0.700,3,0,0,0,2,0,1,12.374,9.602,0.444,0.000
20,10,30,0,70.000,1879.319,1506.472,1881.241,1505.655,2.089,0.900,2,0,0,0,1,0,2,10.296,12.437,0.578,0.000
20,10,40,0,80.000,1879.319,1506.472,1880.887,1505.795,1.708,1.100,3,0,0,0,1,0,1,11.961,11.457,0.552,0.000
20,10,50,0,100.000,1879.319,1506.472,1879.527,1506.454,0.209,0.600,1,0,0,0,0,0,0,8.269,11.317,0.554,0.000
20,10,60,0,100.000,1879.319,1506.472,1879.162,1506.611,0.210,0.500,1,0,0,0,0,0,0,12.675,12.565,0.543,0.000
20,10,70,0,100.000,1879.319,1506.472,1879.718,1506.342,0.420,0.600,1,0,0,0,0,0,0,9.028,13.911,0.494,0.000
20,10,80,0,100.000,1879.319,1506.472,1879.131,1506.615,0.236,0.400,1,0,0,0,0,0,0,13.338,13.337,0.521,0.000
20,10,90,0,100.000,1879.319,1506.472,1878.962,1506.705,0.426,0.600,1,0,0,0,0,0,0,12.156,12.727,0.397,0.000
20,10,100,0,100.000,1879.319,1506.472,1879.253,1506.559,0.109,0.700,1,0,0,0,0,0,0,12.599,11.308,0.535,0.000
20,10,110,0,100.000,1879.319,1506.472,1879.298,1506.546,0.078,0.600,1,0,0,0,0,0,0,12.751,12.785,0.524,0.000
20,10,120,0,100.000,1879.319,1506.472,1879.481,1506.471,0.162,0.400,1,0,0,0,0,0,0,11.327,10.847,0.599,0.000
20,10,130,0,100.000,1879.319,1506.472,1879.604,1506.415,0.291,0.500,1,0,0,0,0,0,0,11.403,12.700,0.535,0.000
20,10,140,0,100.000,1879.319,1506.472,1879.149,1506.636,0.236,0.400,1,0,0,0,0,0,0,10.697,10.961,0.440,0.000
20,10,150,0,100.000,1879.319,1506.472,1878.962,1506.711,0.429,0.400,1,0,0,0,0,0,0,12.586,10.137,0.595,0.000
20,10,160,0,100.000,1879.319,1506.472,1878.991,1506.700,0.399,0.200,1,0,0,0,0,0,0,10.961,11.491,0.526,0.000
20,10,170,0,100.000,1879.319,1506.472,1879.173,1506.611,0.202,0.500,1,0,0,0,0,0,0,10.871,9.678,0.614,0.000
20,10,180,0,100.000,1879.319,1506.472,1878.966,1506.708,0.425,0.500,1,0,0,0,0,0,0,10.427,12.444,0.596,0.000
20,10,190,0,100.000,1879.319,1506.472,1878.968,1506.687,0.411,0.400,1,0,0,0,0,0,0,10.288,9.249,0.528,0.000
20,10,200,0,100.000,1879.319,1506.472,1879.087,1506.644,0.289,0.500,1,0,0,0,0,0,0,14.610,12.885,0.521,0.000
20,10,210,0,100.000,1879.319,1506.472,1879.582,1506.423,0.268,0.700,1,0,0,0,0,0,0,11.556,10.961,0.504,0.000
20,10,220,0,100.000,1879.319,1506.472,1879.584,1506.429,0.269,0.600,1,0,0,0,0,0,0,12.577,9.332,0.650,0.000
20,10,230,0,100.000,1879.319,1506.472,1879.645,1506.402,0.333,0.600,1,0,0,0,0,0,0,9.913,9.357,0.555,0.000
20,10,240,0,100.000,1879.319,1506.472,1879.299,1506.557,0.087,0.200,1,0,0,0,0,0,0,8.926,10.451,0.333,0.000
20,10,250,0,100.000,1879.319,1506.472,1879.647,1506.410,0.334,0.800,1,0,0,0,0,0,0,8.958,10.184,0.438,0.000
20,10,260,0,100.000,1879.319,1506.472,1879.747,1506.338,0.449,0.400,1,0,0,0,0,0,0,12.934,12.350,0.536,0.000
20,10,270,0,100.000,1879.319,1506.472,1879.127,1506.639,0.255,0.400,1,0,0,0,0,0,0,10.649,12.398,0.561,0.000
20,10,280,0,100.000,1879.319,1506.472,1879.437,1506.475,0.119,0.700,1,0,0,0,0,0,0,8.620,14.621,0.466,0.000
20,10,290,0,100.000,1879.319,1506.472,1879.253,1506.571,0.118,0.400,1,0,0,0,0,0,0,10.214,10.587,0.424,0.000
20,10,300,0,100.000,1879.319,1506.472,1879.131,1506.635,0.249,0.500,1,0,0,0,0,0,0,11.476,8.763,0.542,0.000
20,10,310,0,100.000,1879.319,1506.472,1879.525,1506.459,0.206,0.700,1,0,0,0,0,0,0,11.897,10.797,0.496,0.000
20,10,320,0,100.000,1879.319,1506.472,1879.357,1506.536,0.074,0.600,1,0,0,0,0,0,0,13.441,8.834,0.447,0.000
20,10,330,0,100.000,1879.319,1506.472,1879.878,1506.270,0.595,0.400,1,0,0,0,0,0,0,10.687,11.507,0.566,0.000
20,10,340,0,100.000,1879.319,1506.472,1879.778,1506.334,0.479,0.400,1,0,0,0,0,0,0,11.860,13.342,0.591,0.000
20,10,350,0,100.000,1879.319,1506.472,1879.150,1506.656,0.249,0.800,1,0,0,0,0,0,0,8.903,10.159,0.582,0.000
20,10,360,0,100.000,1879.319,1506.472,1879.548,1506.440,0.232,0.500,1,0,0,0,0,0,0,11.798,9.952,0.502,0.000
20,10,370,0,100.000,1879.319,1506.472,1879.449,1506.478,0.131,0.400,1,0,0,0,0,0,0,9.754,10.530,0.504,0.000
20,10,380,0,100.000,1879.319,1506.472,1879.702,1506.358,0.400,0.900,1,0,0,0,0,0,0,9.805,14.311,0.504,0.000
20,10,390,0,100.000,1879.319,1506.472,1879.320,1506.551,0.079,0.700,1,0,0,0,0,0,0,12.320,10.000,0.650,0.000
20,20,-100,0,0.000,1879.319,1506.472,,,,0.000,0,0,0,0,0,0,10,9.368,10.377,0.683,
20,20,-90,0,0.000,1879.319,1506.472,,,,0.000,0,0,0,0,0,0,10,14.230,10.376,0.601,
20,20,-80,0,0.000,1879.319,1506.472,,,,0.000,0,0,0,0,0,0,10,9.460,8.112,0.396,
20,20,-70,0,0.000,1879.319,1506.472,,,,0.000,0,0,0,0,0,0,10,10.792,9.415,0.374,
20,20,-60,0,0.000,1879.319,1506.472,,,,0.000,0,0,0,0,0,0,10,11.775,8.918,0.485,
20,20,-50,0,0.000,1879.319,1506.472,,,,0.000,0,0,0,0,0,0,10,11.595,11.324,0.395,
20,20,-40,0,0.000,1879.319,1506.472,,,,0.000,0,0,0,0,0,0,10,11.973,14.587,0.552,
20,20,-30,0,0.000,1879.319,1506.472,,,,0.000,0,0,0,0,0,0,10,7.725,12.329,0.661,
20,20,-20,0,0.000,1879.319,1506.472,,,,0.000,0,0,0,0,0,0,10,11.338,7.620,0.599,
20,20,-10,0,20.000,1879.319,1506.472,1882.285,1505.143,3.250,0.200,1,0,0,0,0,0,8,9.229,9.043,0.566,0.000
20,20,0,0,20.000,1879.319,1506.472,1879.746,1506.329,0.450,0.100,1,0,0,0,0,0,8,10.146,11.162,0.611,0.000
20,20,10,0,30.000,1879.319,1506.472,1881.142,1505.663,1.994,0.400,2,0,0,0,2,0,5,10.881,12.354,0.696,0.000
20,20,20,0,30.000,1879.319,1506.472,1879.039,1506.667,0.342,1.100,4,0,0,0,4,0,3,14.459,12.504,0.701,0.000
20,20,30,0,70.000,1879.319,1506.472,1880.488,1505.993,1.263,0.900,2,0,0,0,3,0,0,12.420,9.332,0.566,0.000
20,20,40,0,80.000,1879.319,1506.472,1879.594,1506.418,0.280,0.700,2,0,0,0,2,0,0,7.483,9.424,0.618,0.000
20,20,50,0,100.000,1879.319,1506.472,1881.384,1505.585,2.248,0.600,1,0,0,0,0,0,0,10.518,8.860,0.609,0.000
20,20,60,0,100.000,1879.319,1506.472,1879.755,1506.351,0.453,0.500,1,0,0,0,0,0,0,8.748,9.045,0.533,0.000
20,20,70,0,90.000,1879.319,1506.472,1879.046,1506.666,0.335,1.000,2,0,0,0,1,0,0,10.497,11.824,0.489,0.000
20,20,80,0,90.000,1879.319,1506.472,1880.220,1506.123,0.967,1.100,3,0,0,0,1,0,0,11.906,11.478,0.621,0.000
20,20,90,0,100.000,1879.319,1506.472,1879.000,1506.681,0.381,0.600,1,0,0,0,0,0,0,10.692,11.742,0.503,0.000
20,20,100,0,100.000,1879.319,1506.472,1879.653,1506.408,0.340,0.600,1,0,0,0,0,0,0,13.199,12.050,0.531,0.000
20,20,110,0,100.000,1879.319,1506.472,1879.012,1506.698,0.381,0.700,1,0,0,0,0,0,0,11.306,13.813,0.427,0.000
20,20,120,0,100.000,1879.319,1506.472,1879.530,1506.461,0.211,0.700,1,0,0,0,0,0,0,11.416,11.352,0.555,0.000
20,20,130,0,100.000,1879.319,1506.472,1879.480,1506.475,0.162,0.900,1,0,0,0,0,0,0,10.099,10.373,0.519,0.000
20,20,140,0,100.000,1879.319,1506.472,1879.404,1506.523,0.100,0.600,1,0,0,0,0,0,0,12.098,10.631,0.417,0.000
20,20,150,0,100.000,1879.319,1506.472,1879.041,1506.686,0.351,0.900,1,0,0,0,0,0,0,11.893,9.570,0.578,0.000
20,20,160,0,100.000,1879.319,1506.472,1879.144,1506.624,0.232,1.000,1,0,0,0,0,0,0,8.064,11.395,0.622,0.000
20,20,170,0,100.000,1879.319,1506.472,1879.935,1506.276,0.647,0.800,1,0,0,0,0,0,0,9.805,11.163,0.646,0.000
20,20,180,0,100.000,1879.319,1506.472,1879.375,1506.505,0.065,0.800,1,0,0,0,0,0,0,11.569,11.970,0.741,0.000
20,20,190,0,100.000,1879.319,1506.472,1879.501,1506.444,0.184,0.800,1,0,0,0,0,0,0,11.051,12.112,0.682,0.000
20,20,200,0,100.000,1879.319,1506.472,1879.307,1506.539,0.068,0.800,1,0,0,0,0,0,0,11.014,10.845,0.552,0.000
20,20,210,0,100.000,1879.319,1506.472,1878.981,1506.724,0.422,0.800,1,0,0,0,0,0,0,10.041,13.686,0.490,0.000
20,20,220,0,100.000,1879.319,1506.472,1879.209,1506.594,0.164,1.000,1,0,0,0,0,0,0,8.639,14.104,0.406,0.000
20,20,230,0,100.000,1879.319,1506.472,1879.213,1506.588,0.157,0.900,1,0,0,0,0,0,0,12.611,13.030,0.529,0.000
20,20,240,0,100.000,1879.319,1506.472,1879.161,1506.614,0.212,1.000,1,0,0,0,0,0,0,6.783,8.865,0.610,0.000
20,20,250,0,100.000,1879.319,1506.472,1879.314,1506.543,0.072,1.000,1,0,0,0,0,0,0,8.447,10.957,0.427,0.000
20,20,260,0,100.000,1879.319,1506.472,1879.683,1506.386,0.374,0.600,1,0,0,0,0,0,0,9.818,8.991,0.412,0.000
20,20,270,0,100.000,1879.319,1506.472,1878.974,1506.697,0.411,0.600,1,0,0,0,0,0,0,11.683,11.087,0.394,0.000
20,20,280,0,100.000,1879.319,1506.472,1879.259,1506.582,0.126,0.900,1,0,0,0,0,0,0,8.505,10.561,0.544,0.000
20,20,290,0,100.000,1879.319,1506.472,1879.644,1506.402,0.333,0.600,1,0,0,0,0,0,0,12.420,8.503,0.473,0.000
20,20,300,0,100.000,1879.319,1506.472,1879.912,1506.256,0.631,0.900,1,0,0,0,0,0,0,8.378,9.024,0.499,0.000
20,20,310,0,100.000,1879.319,1506.472,1879.231,1506.590,0.147,0.600,1,0,0,0,0,0,0,12.014,9.354,0.436,0.000
20,20,320,0,100.000,1879.319,1506.472,1878.982,1506.714,0.415,0.900,1,0,0,0,0,0,0,11.630,10.687,0.486,0.000
20,20,330,0,100.000,1879.319,1506.472,1880.067,1506.185,0.802,0.500,1,0,0,0,0,0,0,11.568,9.421,0.427,0.000
20,20,340,0,100.000,1879.319,1506.472,1879.288,1506.562,0.095,0.700,1,0,0,0,0,0,0,10.811,11.477,0.559,0.000
20,20,350,0,100.000,1879.319,1506.472,1879.193,1506.627,0.200,1.000,1,0,0,0,0,0,0,7.182,11.460,0.643,0.000
20,20,360,0,100.000,1879.319,1506.472,1879.839,1506.298,0.548,0.700,1,0,0,0,0,0,0,12.010,10.492,0.522,0.000
20,20,370,0,100.000,1879.319,1506.472,1879.609,1506.408,0.297,0.500,1,0,0,0,0,0,0,12.419,10.163,0.287,0.000
20,20,380,0,100.000,1879.319,1506.472,1879.746,1506.354,0.444,0.900,1,0,0,0,0,0,0,10.769,9.896,0.431,0.000
20,20,390,0,100.000,1879.319,1506.472,1878.989,1506.691,0.396,0.700,1,0,0,0,0,0,0,13.748,11.275,0.552,0.000
20,30,-100,0,0.000,1879.319,1506.472,,,,0.000,0,0,0,0,0,0,10,12.258,13.193,0.470,
20,30,-90,0,0.000,1879.319,1506.472,,,,0.000,0,0,0,0,0,0,10,10.828,8.152,0.417,
20,30,-80,0,0.000,1879.319,1506.472,,,,0.000,0,0,0,0,0,0,10,10.795,6.398,0.569,
20,30,-70,0,0.000,1879.319,1506.472,,,,0.000,0,0,0,0,0,0,10,7.731,9.900,0.545,
20,30,-60,0,0.000,1879.319,1506.472,,,,0.000,0,0,0,0,0,0,10,12.943,8.973,0.387,
20,30,-50,0,0.000,1879.319,1506.472,,,,0.000,0,0,0,0,0,0,10,13.685,10.265,0.460,
20,30,-40,0,0.000,1879.319,1506.472,,,,0.000,0,0,0,0,0,0,10,9.937,6.194,0.499,
20,30,-30,0,0.000,1879.319,1506.472,,,,0.000,0,0,0,0,0,0,10,9.842,11.538,0.567,
20,30,-20,0,0.000,1879.319,1506.472,,,,0.000,0,0,0,0,0,0,10,14.594,11.476,0.243,
20,30,-10,0,0.000,1879.319,1506.472,,,,0.000,0,0,0,0,0,0,10,11.523,11.353,0.570,
20,30,0,0,20.000,1879.319,1506.472,1884.448,1504.118,5.644,0.900,4,0,0,0,1,0,7,10.944,12.639,0.531,0.000
20,30,10,0,10.000,1879.319,1506.472,1884.249,1504.231,5.415,1.000,2,0,0,0,4,0,5,13.493,10.840,0.219,0.000
20,30,20,0,30.000,1879.319,1506.472,1883.786,1504.440,4.908,1.800,4,0,0,0,6,0,1,9.145,11.298,0.447,0.000
20,30,30,0,20.000,1879.319,1506.472,1881.144,1505.655,2.000,1.500,2,0,0,0,7,0,1,8.481,10.756,0.508,0.000
20,30,40,0,50.000,1879.319,1506.472,1882.059,1505.260,2.996,2.000,4,0,0,0,5,0,0,11.959,10.716,0.587,0.000
20,30,50,0,80.000,1879.319,1506.472,1882.131,1505.217,3.080,1.500,3,0,0,0,2,0,0,11.378,10.548,0.423,0.000
20,30,60,0,60.000,1879.319,1506.472,1881.649,1505.441,2.548,1.700,3,0,0,0,4,0,0,11.041,7.899,0.529,0.000
20,30,70,0,80.000,1879.319,1506.472,1881.819,1505.350,2.740,1.500,4,0,0,0,2,0,0,9.381,9.324,0.423,0.000
20,30,80,0,50.000,1879.319,1506.472,1880.405,1506.029,1.173,1.600,3,0,0,0,5,0,0,12.070,8.145,0.474,0.000
20,30,90,0,70.000,1879.319,1506.472,1879.911,1506.253,0.631,1.600,4,0,0,0,3,0,0,12.086,9.837,0.610,0.000
20,30,100,0,80.000,1879.319,1506.472,1879.788,1506.315,0.495,1.200,2,0,0,0,2,0,0,9.975,11.187,0.542,0.000
20,30,110,0,100.000,1879.319,1506.472,1879.393,1506.505,0.081,1.000,1,0,0,0,0,0,0,11.001,11.399,0.472,0.000
20,30,120,0,90.000,1879.319,1506.472,1879.191,1506.590,0.174,1.200,3,0,0,0,1,0,0,13.450,11.451,0.502,0.000
20,30,130,0,100.000,1879.319,1506.472,1879.373,1506.531,0.081,1.000,1,0,0,0,0,0,0,10.395,12.753,0.562,0.000
20,30,140,0,100.000,1879.319,1506.472,1879.449,1506.500,0.133,1.000,1,0,0,0,0,0,0,7.904,6.488,0.537,0.000
20,30,150,0,100.000,1879.319,1506.472,1879.621,1506.408,0.309,1.000,1,0,0,0,0,0,0,10.108,12.543,0.485,0.000
20,30,160,0,100.000,1879.319,1506.472,1879.358,1506.530,0.071,1.000,1,0,0,0,0,0,0,11.502,9.929,0.491,0.000
20,30,170,0,100.000,1879.319,1506.472,1879.867,1506.292,0.577,1.000,1,0,0,0,0,0,0,9.837,12.440,0.500,0.000
20,30,180,0,100.000,1879.319,1506.472,1879.802,1506.317,0.507,1.000,1,0,0,0,0,0,0,13.171,7.509,0.403,0.000
20,30,190,0,100.000,1879.319,1506.472,1879.915,1506.263,0.632,1.000,1,0,0,0,0,0,0,12.043,9.906,0.471,0.000
20,30,200,0,100.000,1879.319,1506.472,1879.324,1506.543,0.071,1.000,1,0,0,0,0,0,0,8.837,10.497,0.376,0.000
20,30,210,0,100.000,1879.319,1506.472,1879.211,1506.590,0.160,1.000,1,0,0,0,0,0,0,9.741,9.654,0.663,0.000
20,30,220,0,100.000,1879.319,1506.472,1879.226,1506.604,0.162,1.000,1,0,0,0,0,0,0,11.067,5.929,0.479,0.000
20,30,230,0,100.000,1879.319,1506.472,1879.287,1506.550,0.084,1.000,1,0,0,0,0,0,0,11.311,9.785,0.682,0.000
20,30,240,0,100.000,1879.319,1506.472,1880.229,1506.121,0.976,1.000,1,0,0,0,0,0,0,8.217,9.479,0.657,0.000
20,30,250,0,100.000,1879.319,1506.472,1879.619,1506.408,0.307,1.000,1,0,0,0,0,0,0,9.207,12.809,0.547,0.000
20,30,260,0,100.000,1879.319,1506.472,1879.544,1506.445,0.227,1.000,1,0,0,0,0,0,0,12.127,11.692,0.558,0.000
20,30,270,0,100.000,1879.319,1506.472,1880.786,1505.831,1.601,1.000,1,0,0,0,0,0,0,10.949,9.597,0.545,0.000
20,30,280,0,100.000,1879.319,1506.472,1879.552,1506.423,0.239,1.000,1,0,0,0,0,0,0,11.723,10.446,0.565,0.000
20,30,290,0,100.000,1879.319,1506.472,1879.376,1506.517,0.073,1.000,1,0,0,0,0,0,0,10.086,8.246,0.585,0.000
20,30,300,0,100.000,1879.319,1506.472,1879.125,1506.646,0.261,1.000,1,0,0,0,0,0,0,8.354,11.461,0.555,0.000
20,30,310,0,100.000,1879.319,1506.472,1879.156,1506.645,0.237,1.000,1,0,0,0,0,0,0,10.268,11.604,0.490,0.000
20,30,320,0,100.000,1879.319,1506.472,1880.227,1506.118,0.975,1.000,1,0,0,0,0,0,0,11.216,12.897,0.570,0.000
20,30,330,0,100.000,1879.319,1506.472,1879.683,1506.380,0.376,1.000,1,0,0,0,0,0,0,11.025,11.707,0.654,0.000
20,30,340,0,100.000,1879.319,1506.472,1879.504,1506.473,0.185,1.000,1,0,0,0,0,0,0,9.664,11.296,0.557,0.000
20,30,350,0,100.000,1879.319,1506.472,1879.819,1506.267,0.541,1.000,1,0,0,0,0,0,0,13.679,11.708,0.455,0.000
20,30,360,0,100.000,1879.319,1506.472,1879.744,1506.346,0.443,1.000,1,0,0,0,0,0,0,6.610,9.965,0.550,0.000
20,30,370,0,100.000,1879.319,1506.472,1879.370,1506.527,0.076,1.000,1,0,0,0,0,0,0,12.404,11.786,0.388,0.000
20,30,380,0,100.000,1879.319,1506.472,1879.178,1506.604,0.193,1.000,1,0,0,0,0,0,0,10.786,9.913,0.373,0.000
20,30,390,0,100.000,1879.319,1506.472,1879.770,1506.339,0.471,1.000,1,0,0,0,0,0,0,11.226,12.617,0.622,0.000
20,40,-100,0,0.000,1879.319,1506.472,,,,0.000,0,0,0,0,0,0,10,11.259,8.747,0.471,
20,40,-90,0,0.000,1879.319,1506.472,,,,0.000,0,0,0,0,0,0,10,9.676,8.597,0.634,
20,40,-80,0,0.000,1879.319,1506.472,,,,0.000,0,0,0,0,0,0,10,12.714,13.158,0.552,
20,40,-70,0,0.000,1879.319,1506.472,,,,0.000,0,0,0,0,0,0,10,9.554,8.249,0.590,
20,40,-60,0,0.000,1879.319,1506.472,,,,0.000,0,0,0,0,0,0,10,13.495,10.939,0.571,
20,40,-50,0,0.000,1879.319,1506.472,,,,0.000,0,0,0,0,0,0,10,12.682,9.456,0.501,
20,40,-40,0,0.000,1879.319,1506.472,,,,0.000,0,0,0,0,0,0,10,8.547,10.083,0.519,
20,40,-30,0,0.000,1879.319,1506.472,,,,0.000,0,0,0,0,0,0,10,9.840,12.276,0.431,
20,40,-20,0,0.000,1879.319,1506.472,,,,0.000,0,0,0,0,0,0,10,13.197,13.855,0.567,
20,40,-10,0,0.000,1879.319,1506.472,,,,0.000,0,0,0,0,0,0,10,11.948,11.162,0.654,
20,40,0,0,0.000,1879.319,1506.472,,,,0.300,1,0,0,0,3,0,7,10.767,14.319,0.591,
20,40,10,0,10.000,1879.319,1506.472,1881.782,1505.404,2.685,1.800,3,0,0,0,7,0,2,10.730,9.124,0.493,0.000
20,40,20,0,0.000,1879.319,1506.472,,,,2.000,4,0,0,0,8,0,2,7.848,8.373,0.338,
20,40,30,0,20.000,1879.319,1506.472,1881.986,1505.297,2.915,2.400,4,0,0,0,8,0,0,8.037,10.124,0.458,0.000
20,40,40,0,0.000,1879.319,1506.472,,,,2.500,4,0,0,0,10,0,0,9.213,10.078,0.621,
20,40,50,0,30.000,1879.319,1506.472,1883.496,1504.558,4.595,2.000,3,0,0,0,7,0,0,10.686,10.588,0.701,0.000
20,40,60,0,30.000,1879.319,1506.472,1880.928,1505.807,1.741,2.600,4,0,0,0,7,0,0,9.515,12.743,0.576,0.000
20,40,70,0,20.000,1879.319,1506.472,1879.245,1506.557,0.113,1.900,3,0,0,0,8,0,0,8.939,8.305,0.558,0.000
20,40,80,0,50.000,1879.319,1506.472,1882.939,1504.844,3.969,2.100,4,0,0,0,5,0,0,8.245,11.979,0.411,0.000
20,40,90,0,70.000,1879.319,1506.472,1878.966,1506.713,0.428,1.700,4,0,0,0,3,0,0,10.707,8.693,0.490,0.000
20,40,100,0,70.000,1879.319,1506.472,1879.890,1506.288,0.600,2.000,4,0,0,0,3,0,0,9.972,10.572,0.623,0.000
20,40,110,0,70.000,1879.319,1506.472,1880.935,1505.795,1.753,1.500,3,0,0,0,3,0,0,9.988,9.913,0.439,0.000
20,40,120,0,90.000,1879.319,1506.472,1879.699,1506.364,0.395,1.100,2,0,0,0,1,0,0,13.846,10.790,0.504,0.000
20,40,130,0,100.000,1879.319,1506.472,1879.804,1506.297,0.516,1.000,1,0,0,0,0,0,0,10.709,10.350,0.517,0.000
20,40,140,0,100.000,1879.319,1506.472,1879.476,1506.481,0.157,1.000,1,0,0,0,0,0,0,10.097,11.027,0.499,0.000
20,40,150,0,100.000,1879.319,1506.472,1880.310,1506.064,1.072,1.000,1,0,0,0,0,0,0,8.628,11.954,0.594,0.000
20,40,160,0,100.000,1879.319,1506.472,1880.439,1506.018,1.209,1.000,1,0,0,0,0,0,0,13.743,11.150,0.418,0.000
20,40,170,0,100.000,1879.319,1506.472,1879.226,1506.590,0.150,1.000,1,0,0,0,0,0,0,10.446,13.874,0.430,0.000
20,40,180,0,100.000,1879.319,1506.472,1879.760,1506.320,0.467,1.000,1,0,0,0,0,0,0,11.647,9.847,0.606,0.000
20,40,190,0,100.000,1879.319,1506.472,1879.292,1506.574,0.106,1.000,1,0,0,0,0,0,0,9.691,10.611,0.626,0.000
20,40,200,0,100.000,1879.319,1506.472,1879.039,1506.687,0.353,1.000,1,0,0,0,0,0,0,13.045,14.466,0.448,0.000
20,40,210,0,100.000,1879.319,1506.472,1878.982,1506.698,0.406,1.000,1,0,0,0,0,0,0,10.450,10.707,0.583,0.000
20,40,220,0,100.000,1879.319,1506.472,1879.336,1506.544,0.074,1.000,1,0,0,0,0,0,0,12.127,8.642,0.597,0.000
20,40,230,0,100.000,1879.319,1506.472,1879.514,1506.445,0.197,1.000,1,0,0,0,0,0,0,9.526,10.889,0.562,0.000
20,40,240,0,100.000,1879.319,1506.472,1879.585,1506.417,0.271,1.000,1,0,0,0,0,0,0,12.392,11.594,0.476,0.000
20,40,250,0,100.000,1879.319,1506.472,1879.786,1506.322,0.490,1.000,1,0,0,0,0,0,0,9.748,13.668,0.501,0.000
20,40,260,0,100.000,1879.319,1506.472,1879.581,1506.427,0.266,1.000,1,0,0,0,0,0,0,7.838,9.956,0.407,0.000
20,40,270,0,100.000,1879.319,1506.472,1879.904,1506.271,0.619,1.000,1,0,0,0,0,0,0,11.143,14.284,0.556,0.000
20,40,280,0,100.000,1879.319,1506.472,1879.942,1506.244,0.663,1.000,1,0,0,0,0,0,0,11.126,10.692,0.496,0.000
20,40,290,0,100.000,1879.319,1506.472,1880.298,1506.091,1.050,1.000,1,0,0,0,0,0,0,11.390,11.233,0.658,0.000
20,40,300,0,100.000,1879.319,1506.472,1880.552,1505.957,1.337,1.000,1,0,0,0,0,0,0,11.843,11.494,0.431,0.000
20,40,310,0,100.000,1879.319,1506.472,1879.598,1506.427,0.283,1.000,1,0,0,0,0,0,0,12.774,14.459,0.508,0.000
20,40,320,0,100.000,1879.319,1506.472,1879.669,1506.404,0.357,1.000,1,0,0,0,0,0,0,12.428,7.534,0.543,0.000
20,40,330,0,100.000,1879.319,1506.472,1879.060,1506.664,0.322,1.000,1,0,0,0,0,0,0,10.489,14.624,0.674,0.000
20,40,340,0,100.000,1879.319,1506.472,1880.168,1506.145,0.910,1.000,1,0,0,0,0,0,0,11.440,8.657,0.616,0.000
20,40,350,0,100.000,1879.319,1506.472,1879.902,1506.257,0.622,1.000,1,0,0,0,0,0,0,10.741,11.425,0.579,0.000
20,40,360,0,100.000,1879.319,1506.472,1879.283,1506.555,0.091,1.000,1,0,0,0,0,0,0,9.881,12.122,0.619,0.000
20,40,370,0,100.000,1879.319,1506.472,1879.830,1506.303,0.539,1.000,1,0,0,0,0,0,0,8.505,10.616,0.558,0.000
20,40,380,0,100.000,1879.319,1506.472,1880.005,1506.231,0.727,1.000,1,0,0,0,0,0,0,11.771,9.363,0.513,0.000
20,40,390,0,100.000,1879.319,1506.472,1879.764,1506.346,0.462,1.000,1,0,0,0,0,0,0,11.122,8.689,0.494,0.000
20,50,-100,0,0.000,1879.319,1506.472,,,,0.000,0,0,0,0,0,0,10,9.608,13.465,0.624,
20,50,-90,0,0.000,1879.319,1506.472,,,,0.000,0,0,0,0,0,0,10,12.950,11.881,0.421,
20,50,-80,0,0.000,1879.319,1506.472,,,,0.000,0,0,0,0,0,0,10,9.158,12.136,0.579,
20,50,-70,0,0.000,1879.319,1506.472,,,,0.000,0,0,0,0,0,0,10,11.708,7.669,0.479,
20,50,-60,0,0.000,1879.319,1506.472,,,,0.000,0,0,0,0,0,0,10,11.824,9.729,0.415,
20,50,-50,0,0.000,1879.319,1506.472,,,,0.000,0,0,0,0,0,0,10,9.649,12.199,0.482,
20,50,-40,0,0.000,1879.319,1506.472,,,,0.000,0,0,0,0,0,0,10,13.031,13.418,0.594,
20,50,-30,0,0.000,1879.319,1506.472,,,,0.000,0,0,0,0,0,0,10,9.726,11.718,0.637,
20,50,-20,0,0.000,1879.319,1506.472,,,,0.000,0,0,0,0,0,0,10,9.977,11.289,0.645,
20,50,-10,0,0.000,1879.319,1506.472,,,,0.000,0,0,0,0,0,0,10,6.745,12.437,0.484,
20,50,0,0,0.000,1879.319,1506.472,,,,0.000,0,0,0,0,0,0,10,9.693,11.892,0.508,
20,50,10,0,0.000,1879.319,1506.472,,,,0.900,3,0,0,0,3,0,7,10.366,11.611,0.422,
20,50,20,0,0.000,1879.319,1506.472,,,,1.800,4,0,0,0,7,0,3,11.880,14.036,0.423,
20,50,30,0,0.000,1879.319,1506.472,,,,2.000,3,0,0,0,8,0,2,13.242,10.944,0.466,
20,50,40,0,0.000,1879.319,1506.472,,,,2.800,5,0,1,0,9,0,0,13.168,9.963,0.670,
20,50,50,0,0.000,1879.319,1506.472,,,,2.600,4,0,0,0,10,0,0,8.017,12.258,0.636,
20,50,60,0,0.000,1879.319,1506.472,,,,2.600,4,0,0,0,10,0,0,10.797,12.770,0.560,
20,50,70,0,0.000,1879.319,1506.472,,,,2.800,4,0,0,0,10,0,0,10.071,10.528,0.472,
20,50,80,0,10.000,1879.319,1506.472,1879.172,1506.588,0.187,3.100,5,0,1,0,8,0,0,9.559,12.401,0.499,0.000
20,50,90,0,20.000,1879.319,1506.472,1879.980,1506.259,0.694,2.500,3,0,0,0,8,0,0,9.028,12.102,0.719,0.000
20,50,100,0,30.000,1879.319,1506.472,1882.434,1505.063,3.419,2.600,5,0,1,0,6,0,0,11.667,9.934,0.560,0.000
20,50,110,0,60.000,1879.319,1506.472,1880.786,1505.843,1.596,1.800,4,0,0,0,4,0,0,9.929,11.255,0.497,0.000
20,50,120,0,100.000,1879.319,1506.472,1880.927,1505.799,1.743,1.200,2,0,0,0,0,0,0,9.077,10.664,0.613,0.000
20,50,130,0,90.000,1879.319,1506.472,1879.342,1506.537,0.069,1.100,2,0,0,0,1,0,0,9.713,10.592,0.420,0.000
20,50,140,0,70.000,1879.319,1506.472,1879.993,1506.236,0.715,1.800,4,0,0,0,3,0,0,11.818,11.664,0.540,0.000
20,50,150,0,100.000,1879.319,1506.472,1879.784,1506.322,0.488,1.000,1,0,0,0,0,0,0,10.880,10.066,0.717,0.000
20,50,160,0,100.000,1879.319,1506.472,1879.148,1506.618,0.224,1.000,1,0,0,0,0,0,0,9.708,8.810,0.371,0.000
20,50,170,0,90.000,1879.319,1506.472,1879.246,1506.580,0.130,1.100,2,0,0,0,1,0,0,11.612,10.901,0.365,0.000
20,50,180,0,100.000,1879.319,1506.472,1879.457,1506.488,0.139,1.000,1,0,0,0,0,0,0,11.996,12.336,0.508,0.000
20,50,190,0,100.000,1879.319,1506.472,1879.065,1506.670,0.322,1.000,1,0,0,0,0,0,0,12.871,9.185,0.512,0.000
20,50,200,0,100.000,1879.319,1506.472,1879.466,1506.456,0.148,1.000,1,0,0,0,0,0,0,11.078,12.497,0.367,0.000
20,50,210,0,100.000,1879.319,1506.472,1879.967,1506.246,0.686,1.000,1,0,0,0,0,0,0,10.676,13.365,0.612,0.000
20,50,220,0,100.000,1879.319,1506.472,1879.936,1506.245,0.658,1.000,1,0,0,0,0,0,0,12.863,8.758,0.645,0.000
20,50,230,0,100.000,1879.319,1506.472,1880.099,1506.194,0.828,1.000,1,0,0,0,0,0,0,13.842,11.556,0.388,0.000
20,50,240,0,100.000,1879.319,1506.472,1879.410,1506.494,0.095,1.000,1,0,0,0,0,0,0,12.015,10.758,0.468,0.000
20,50,250,0,100.000,1879.319,1506.472,1879.287,1506.570,0.103,1.000,1,0,0,0,0,0,0,8.261,10.646,0.560,0.000
20,50,260,0,100.000,1879.319,1506.472,1879.298,1506.544,0.075,1.000,1,0,0,0,0,0,0,11.784,5.763,0.649,0.000
20,50,270,0,100.000,1879.319,1506.472,1879.418,1506.506,0.105,1.000,1,0,0,0,0,0,0,12.164,13.867,0.643,0.000
20,50,280,0,100.000,1879.319,1506.472,1879.831,1506.313,0.536,1.000,1,0,0,0,0,0,0,9.588,11.064,0.646,0.000
20,50,290,0,100.000,1879.319,1506.472,1880.244,1506.120,0.990,1.000,1,0,0,0,0,0,0,12.764,10.085,0.579,0.000
20,50,300,0,100.000,1879.319,1506.472,1879.127,1506.622,0.244,1.000,1,0,0,0,0,0,0,8.425,12.058,0.453,0.000
20,50,310,0,100.000,1879.319,1506.472,1879.056,1506.686,0.339,1.000,1,0,0,0,0,0,0,11.888,14.825,0.588,0.000
20,50,320,0,100.000,1879.319,1506.472,1880.484,1506.012,1.253,1.100,2,0,0,0,0,0,0,13.212,9.657,0.622,0.000
20,50,330,0,100.000,1879.319,1506.472,1879.858,1506.300,0.566,1.000,1,0,0,0,0,0,0,10.197,8.606,0.499,0.000
20,50,340,0,100.000,1879.319,1506.472,1880.220,1506.125,0.966,1.100,2,0,0,0,0,0,0,13.659,10.617,0.562,0.000
20,50,350,0,90.000,1879.319,1506.472,1879.571,1506.427,0.256,1.000,1,0,0,0,1,0,0,11.355,8.387,0.612,0.000
20,50,360,0,100.000,1879.319,1506.472,1879.295,1506.553,0.085,1.000,1,0,0,0,0,0,0,12.242,9.732,0.292,0.000
20,50,370,0,100.000,1879.319,1506.472,1880.210,1506.124,0.957,1.000,1,0,0,0,0,0,0,14.110,13.615,0.691,0.000
20,50,380,0,100.000,1879.319,1506.472,1879.327,1506.532,0.061,1.000,1,0,0,0,0,0,0,7.746,11.071,0.489,0.000
20,50,390,0,100.000,1879.319,1506.472,1878.941,1506.730,0.458,1.000,1,0,0,0,0,0,0,11.205,8.113,0.379,0.000
20,60,-100,0,0.000,1879.319,1506.472,,,,0.000,0,0,0,0,0,0,10,13.436,9.204,0.441,
20,60,-90,0,0.000,1879.319,1506.472,,,,0.000,0,0,0,0,0,0,10,11.880,7.951,0.414,
20,60,-80,0,0.000,1879.319,1506.472,,,,0.000,0,0,0,0,0,0,10,10.895,10.389,0.416,
20,60,-70,0,0.000,1879.319,1506.472,,,,0.000,0,0,0,0,0,0,10,11.085,10.844,0.529,
20,60,-60,0,0.000,1879.319,1506.472,,,,0.000,0,0,0,0,0,0,10,12.414,8.600,0.694,
20,60,-50,0,0.000,1879.319,1506.472,,,,0.000,0,0,0,0,0,0,10,11.003,10.478,0.585,
20,60,-40,0,0.000,1879.319,1506.472,,,,0.000,0,0,0,0,0,0,10,11.995,8.353,0.289,
20,60,-30,0,0.000,1879.319,1506.472,,,,0.000,0,0,0,0,0,0,10,13.374,11.627,0.598,
20,60,-20,0,0.000,1879.319,1506.472,,,,0.000,0,0,0,0,0,0,10,11.049,8.455,0.579,
20,60,-10,0,0.000,1879.319,1506.472,,,,0.000,0,0,0,0,0,0,10,12.729,6.047,0.466,
20,60,0,0,0.000,1879.319,1506.472,,,,0.000,0,0,0,0,0,0,10,11.879,10.418,0.453,
20,60,10,0,0.000,1879.319,1506.472,,,,0.300,2,0,0,0,2,0,8,9.098,9.711,0.497,
20,60,20,0,0.000,1879.319,1506.472,,,,1.200,4,0,0,0,4,0,6,11.110,13.655,0.541,
20,60,30,0,0.000,1879.319,1506.472,,,,1.700,4,0,0,0,7,0,3,8.759,10.684,0.503,
20,60,40,0,0.000,1879.319,1506.472,,,,1.900,3,0,0,0,8,0,2,14.023,10.552,0.586,
20,60,50,0,0.000,1879.319,1506.472,,,,2.500,3,0,0,0,10,0,0,9.186,12.484,0.545,
20,60,60,0,0.000,1879.319,1506.472,,,,2.800,5,0,1,0,9,0,0,10.049,9.896,0.509,
20,60,70,0,0.000,1879.319,1506.472,,,,2.700,4,0,0,0,10,0,0,9.734,14.135,0.510,
20,60,80,0,0.000,1879.319,1506.472,,,,2.800,4,0,0,0,10,0,0,9.008,12.077,0.715,
20,60,90,0,0.000,1879.319,1506.472,,,,3.100,4,0,0,0,10,0,0,11.901,10.135,0.645,
20,60,100,0,20.000,1879.319,1506.472,1884.025,1504.346,5.164,3.100,5,0,2,0,6,0,0,13.464,10.214,0.632,0.000
20,60,110,0,30.000,1879.319,1506.472,1884.477,1504.090,5.682,2.700,4,0,0,0,7,0,0,11.547,6.689,0.559,0.000
20,60,120,0,30.000,1879.319,1506.472,1879.880,1506.239,0.608,2.100,4,0,0,0,7,0,0,10.918,11.679,0.615,0.000
20,60,130,0,80.000,1879.319,1506.472,1880.406,1506.034,1.172,1.700,4,0,0,0,2,0,0,11.692,9.120,0.534,0.000
20,60,140,0,40.000,1879.319,1506.472,1879.648,1506.382,0.341,2.300,5,0,1,0,5,0,0,11.938,9.493,0.472,0.000
20,60,150,0,80.000,1879.319,1506.472,1879.878,1506.279,0.592,1.200,2,0,0,0,2,0,0,11.806,13.474,0.497,0.000
20,60,160,0,90.000,1879.319,1506.472,1879.706,1506.360,0.403,1.300,3,0,0,0,1,0,0,9.180,11.935,0.630,0.000
20,60,170,0,100.000,1879.319,1506.472,1879.631,1506.398,0.321,1.000,1,0,0,0,0,0,0,8.402,10.213,0.580,0.000
20,60,180,0,90.000,1879.319,1506.472,1879.693,1506.356,0.392,1.400,3,0,0,0,1,0,0,13.806,10.585,0.637,0.000
20,60,190,0,100.000,1879.319,1506.472,1880.520,1505.975,1.300,1.200,2,0,0,0,0,0,0,10.982,11.782,0.577,0.000
20,60,200,0,100.000,1879.319,1506.472,1879.214,1506.599,0.165,1.000,1,0,0,0,0,0,0,9.160,10.930,0.557,0.000
20,60,210,0,100.000,1879.319,1506.472,1879.942,1506.249,0.662,1.000,1,0,0,0,0,0,0,7.385,12.141,0.571,0.000
20,60,220,0,100.000,1879.319,1506.472,1879.816,1506.309,0.523,1.000,1,0,0,0,0,0,0,13.299,9.663,0.444,0.000
20,60,230,0,100.000,1879.319,1506.472,1879.135,1506.623,0.237,1.000,1,0,0,0,0,0,0,9.699,10.628,0.442,0.000
20,60,240,0,90.000,1879.319,1506.472,1879.314,1506.533,0.062,1.000,1,0,0,0,1,0,0,11.868,12.711,0.593,0.000
20,60,250,0,100.000,1879.319,1506.472,1879.737,1506.324,0.443,1.000,1,0,0,0,0,0,0,9.796,10.569,0.569,0.000
20,60,260,0,100.000,1879.319,1506.472,1880.456,1505.998,1.232,1.000,1,0,0,0,0,0,0,13.036,11.466,0.621,0.000
20,60,270,0,100.000,1879.319,1506.472,1879.439,1506.493,0.122,1.000,1,0,0,0,0,0,0,12.262,11.057,0.537,0.000
20,60,280,0,100.000,1879.319,1506.472,1879.981,1506.227,0.706,1.000,1,0,0,0,0,0,0,10.156,5.652,0.366,0.000
20,60,290,0,100.000,1879.319,1506.472,1879.678,1506.382,0.371,1.000,1,0,0,0,0,0,0,9.586,11.261,0.534,0.000
20,60,300,0,100.000,1879.319,1506.472,1879.412,1506.506,0.099,1.000,1,0,0,0,0,0,0,12.148,12.300,0.366,0.000
20,60,310,0,100.000,1879.319,1506.472,1880.044,1506.189,0.778,1.000,1,0,0,0,0,0,0,12.554,8.322,0.531,0.000
20,60,320,0,100.000,1879.319,1506.472,1879.403,1506.509,0.092,1.000,1,0,0,0,0,0,0,13.265,10.771,0.572,0.000
20,60,330,0,100.000,1879.319,1506.472,1879.234,1506.596,0.150,1.000,1,0,0,0,0,0,0,14.276,11.263,0.573,0.000
20,60,340,0,100.000,1879.319,1506.472,1879.716,1506.368,0.410,1.000,1,0,0,0,0,0,0,13.626,10.627,0.578,0.000
20,60,350,0,100.000,1879.319,1506.472,1879.612,1506.427,0.297,1.000,1,0,0,0,0,0,0,10.756,5.306,0.556,0.000
20,60,360,0,100.000,1879.319,1506.472,1879.158,1506.628,0.224,1.000,1,0,0,0,0,0,0,7.511,12.031,0.572,0.000
20,60,370,0,100.000,1879.319,1506.472,1880.108,1506.158,0.850,1.000,1,0,0,0,0,0,0,11.195,9.556,0.684,0.000
20,60,380,0,100.000,1879.319,1506.472,1880.561,1505.950,1.348,1.000,1,0,0,0,0,0,0,11.392,10.335,0.554,0.000
20,60,390,0,100.000,1879.319,1506.472,1879.735,1506.346,0.435,1.000,1,0,0,0,0,0,0,12.743,8.699,0.558,0.000
20,70,-100,0,0.000,1879.319,1506.472,,,,0.000,0,0,0,0,0,0,10,6.021,10.456,0.465,
20,70,-90,0,0.000,1879.319,1506.472,,,,0.000,0,0,0,0,0,0,10,9.428,7.318,0.497,
20,70,-80,0,0.000,1879.319,1506.472,,,,0.000,0,0,0,0,0,0,10,9.381,11.664,0.605,
20,70,-70,0,0.000,1879.319,1506.472,,,,0.000,0,0,0,0,0,0,10,13.173,11.543,0.582,
20,70,-60,0,0.000,1879.319,1506.472,,,,0.000,0,0,0,0,0,0,10,9.853,7.752,0.536,
20,70,-50,0,0.000,1879.319,1506.472,,,,0.000,0,0,0,0,0,0,10,11.786,10.934,0.472,
20,70,-40,0,0.000,1879.319,1506.472,,,,0.000,0,0,0,0,0,0,10,10.545,8.480,0.640,
20,70,-30,0,0.000,1879.319,1506.472,,,,0.000,0,0,0,0,0,0,10,8.311,12.113,0.720,
20,70,-20,0,0.000,1879.319,1506.472,,,,0.000,0,0,0,0,0,0,10,6.531,11.090,0.560,
20,70,-10,0,0.000,1879.319,1506.472,,,,0.000,0,0,0,0,0,0,10,8.379,11.603,0.547,
20,70,0,0,0.000,1879.319,1506.472,,,,0.000,0,0,0,0,0,0,10,10.605,13.103,0.578,
20,70,10,0,0.000,1879.319,1506.472,,,,0.100,1,0,0,0,1,0,9,9.860,7.255,0.667,
20,70,20,0,0.000,1879.319,1506.472,,,,1.200,3,0,0,0,5,0,5,9.239,12.768,0.531,
20,70,30,0,0.000,1879.319,1506.472,,,,0.900,4,0,0,0,4,0,6,10.998,9.289,0.623,
20,70,40,0,0.000,1879.319,1506.472,,,,2.200,3,0,0,0,9,0,1,7.075,10.838,0.487,
20,70,50,0,0.000,1879.319,1506.472,,,,2.400,3,0,0,0,10,0,0,11.430,11.022,0.485,
20,70,60,0,0.000,1879.319,1506.472,,,,2.800,5,0,2,0,8,0,0,12.417,12.474,0.630,
20,70,70,0,0.000,1879.319,1506.472,,,,2.700,4,0,0,0,10,0,0,11.308,7.273,0.510,
20,70,80,0,0.000,1879.319,1506.472,,,,2.900,4,0,0,0,10,0,0,12.477,13.777,0.520,
20,70,90,0,0.000,1879.319,1506.472,,,,3.200,5,0,1,0,9,0,0,9.449,9.980,0.568,
20,70,100,0,0.000,1879.319,1506.472,,,,3.100,4,0,0,0,10,0,0,7.996,13.756,0.573,
20,70,110,0,20.000,1879.319,1506.472,1882.162,1505.231,3.102,2.800,4,0,0,0,8,0,0,12.984,12.837,0.634,0.000
20,70,120,0,20.000,1879.319,1506.472,1886.119,1503.363,7.477,3.300,5,0,3,0,5,0,0,13.090,10.235,0.491,0.000
20,70,130,0,40.000,1879.319,1506.472,1880.130,1506.170,0.866,2.200,5,0,1,0,5,0,0,10.886,9.611,0.419,0.000
20,70,140,0,30.000,1879.319,1506.472,1879.349,1506.551,0.085,2.400,4,0,0,0,7,0,0,13.753,11.790,0.564,0.000
20,70,150,0,50.000,1879.319,1506.472,1880.108,1506.178,0.843,2.200,4,0,0,0,5,0,0,12.888,11.446,0.511,0.000
20,70,160,0,30.000,1879.319,1506.472,1878.962,1506.696,0.421,2.200,4,0,0,0,7,0,0,7.610,11.984,0.576,0.000
20,70,170,0,70.000,1879.319,1506.472,1880.908,1505.779,1.734,1.700,4,0,0,0,3,0,0,13.030,9.097,0.520,0.000
20,70,180,0,50.000,1879.319,1506.472,1879.590,1506.430,0.274,2.300,4,0,0,0,5,0,0,11.110,6.715,0.712,0.000
20,70,190,0,80.000,1879.319,1506.472,1881.574,1505.472,2.467,1.700,3,0,0,0,2,0,0,8.737,13.081,0.598,0.000
20,70,200,0,90.000,1879.319,1506.472,1880.412,1506.029,1.180,1.300,2,0,0,0,1,0,0,14.391,9.746,0.498,0.000
20,70,210,0,100.000,1879.319,1506.472,1879.337,1506.548,0.079,1.000,1,0,0,0,0,0,0,9.459,8.257,0.514,0.000
20,70,220,0,100.000,1879.319,1506.472,1879.240,1506.563,0.120,1.100,2,0,0,0,0,0,0,11.708,11.231,0.538,0.000
20,70,230,0,100.000,1879.319,1506.472,1879.405,1506.501,0.091,1.000,1,0,0,0,0,0,0,10.765,6.487,0.455,0.000
20,70,240,0,100.000,1879.319,1506.472,1879.479,1506.461,0.160,1.000,1,0,0,0,0,0,0,11.081,12.241,0.528,0.000
20,70,250,0,100.000,1879.319,1506.472,1880.300,1506.096,1.051,1.100,2,0,0,0,0,0,0,13.229,11.016,0.521,0.000
20,70,260,0,100.000,1879.319,1506.472,1880.564,1505.957,1.347,1.000,1,0,0,0,0,0,0,11.962,7.951,0.682,0.000
20,70,270,0,100.000,1879.319,1506.472,1880.061,1506.176,0.799,1.000,1,0,0,0,0,0,0,12.100,12.856,0.564,0.000
20,70,280,0,100.000,1879.319,1506.472,1879.881,1506.262,0.600,1.000,1,0,0,0,0,0,0,12.643,9.026,0.453,0.000
20,70,290,0,100.000,1879.319,1506.472,1880.090,1506.170,0.828,1.000,1,0,0,0,0,0,0,12.731,7.758,0.513,0.000
20,70,300,0,100.000,1879.319,1506.472,1879.519,1506.442,0.202,1.000,1,0,0,0,0,0,0,6.363,10.453,0.506,0.000
20,70,310,0,100.000,1879.319,1506.472,1879.490,1506.469,0.171,1.000,1,0,0,0,0,0,0,9.994,12.824,0.500,0.000
20,70,320,0,90.000,1879.319,1506.472,1879.338,1506.550,0.080,1.100,2,0,0,0,1,0,0,10.417,13.239,0.572,0.000
20,70,330,0,100.000,1879.319,1506.472,1879.584,1506.414,0.271,1.000,1,0,0,0,0,0,0,15.039,12.245,0.655,0.000
20,70,340,0,100.000,1879.319,1506.472,1880.477,1506.004,1.249,1.000,1,0,0,0,0,0,0,6.798,9.994,0.571,0.000
20,70,350,0,100.000,1879.319,1506.472,1880.391,1506.040,1.156,1.100,2,0,0,0,0,0,0,12.167,12.545,0.606,0.000
20,70,360,0,100.000,1879.319,1506.472,1879.570,1506.415,0.257,1.000,1,0,0,0,0,0,0,13.621,11.942,0.676,0.000
20,70,370,0,90.000,1879.319,1506.472,1878.943,1506.706,0.442,1.200,3,0,0,0,1,0,0,10.750,11.992,0.458,0.000
20,70,380,0,100.000,1879.319,1506.472,1879.850,1506.274,0.567,1.000,1,0,0,0,0,0,0,12.054,12.560,0.653,0.000
20,70,390,0,100.000,1879.319,1506.472,1879.247,1506.581,0.130,1.000,1,0,0,0,0,0,0,14.651,9.668,0.516,0.000
20,80,-100,0,0.000,1879.319,1506.472,,,,0.000,0,0,0,0,0,0,10,11.361,10.613,0.507,
20,80,-90,0,0.000,1879.319,1506.472,,,,0.000,0,0,0,0,0,0,10,10.675,13.170,0.612,
20,80,-80,0,0.000,1879.319,1506.472,,,,0.000,0,0,0,0,0,0,10,7.631,8.150,0.504,
20,80,-70,0,0.000,1879.319,1506.472,,,,0.000,0,0,0,0,0,0,10,14.537,10.483,0.636,
20,80,-60,0,0.000,1879.319,1506.472,,,,0.000,0,0,0,0,0,0,10,11.991,9.294,0.518,
20,80,-50,0,0.000,1879.319,1506.472,,,,0.000,0,0,0,0,0,0,10,7.976,11.747,0.493,
20,80,-40,0,0.000,1879.319,1506.472,,,,0.000,0,0,0,0,0,0,10,10.442,10.923,0.636,
20,80,-30,0,0.000,1879.319,1506.472,,,,0.000,0,0,0,0,0,0,10,12.738,8.770,0.573,
20,80,-20,0,0.000,1879.319,1506.472,,,,0.000,0,0,0,0,0,0,10,11.615,12.534,0.479,
20,80,-10,0,0.000,1879.319,1506.472,,,,0.000,0,0,0,0,0,0,10,8.747,11.378,0.466,
20,80,0,0,0.000,1879.319,1506.472,,,,0.000,0,0,0,0,0,0,10,12.376,12.027,0.600,
20,80,10,0,0.000,1879.319,1506.472,,,,0.200,2,0,0,0,1,0,9,8.399,11.271,0.467,
20,80,20,0,0.000,1879.319,1506.472,,,,0.900,3,0,0,0,3,0,7,13.084,11.270,0.485,
20,80,30,0,0.000,1879.319,1506.472,,,,0.900,3,0,0,0,4,0,6,10.692,11.729,0.530,
20,80,40,0,0.000,1879.319,1506.472,,,,1.900,3,0,0,0,7,0,3,11.005,10.876,0.635,
20,80,50,0,0.000,1879.319,1506.472,,,,2.600,5,0,1,0,9,0,0,10.695,11.518,0.531,
20,80,60,0,0.000,1879.319,1506.472,,,,3.000,5,0,1,0,9,0,0,10.596,10.420,0.318,
20,80,70,0,0.000,1879.319,1506.472,,,,2.600,4,0,0,0,10,0,0,8.690,12.835,0.456,
20,80,80,0,0.000,1879.319,1506.472,,,,2.900,4,0,0,0,10,0,0,10.772,12.602,0.538,
20,80,90,0,0.000,1879.319,1506.472,,,,2.600,3,0,0,0,10,0,0,7.182,11.360,0.353,
20,80,100,0,0.000,1879.319,1506.472,,,,3.400,5,0,1,0,9,0,0,11.862,10.484,0.511,
20,80,110,0,0.000,1879.319,1506.472,,,,3.200,4,0,0,0,10,0,0,9.522,12.957,0.244,
20,80,120,0,0.000,1879.319,1506.472,,,,3.500,5,0,1,0,9,0,0,11.089,10.909,0.442,
20,80,130,0,0.000,1879.319,1506.472,,,,3.400,4,0,0,0,10,0,0,7.808,10.004,0.591,
20,80,140,0,0.000,1879.319,1506.472,,,,2.800,4,0,0,0,10,0,0,6.810,11.285,0.531,
20,80,150,0,30.000,1879.319,1506.472,1880.750,1505.876,1.551,3.000,5,0,1,0,6,0,0,11.644,10.136,0.557,0.000
20,80,160,0,30.000,1879.319,1506.472,1882.075,1505.269,3.007,2.100,3,0,0,0,7,0,0,9.994,12.913,0.669,0.000
20,80,170,0,40.000,1879.319,1506.472,1880.401,1506.051,1.161,2.800,5,0,2,0,4,0,0,10.592,12.842,0.660,0.000
20,80,180,0,50.000,1879.319,1506.472,1879.255,1506.572,0.119,2.100,4,0,0,0,5,0,0,13.047,10.728,0.614,0.000
20,80,190,0,40.000,1879.319,1506.472,1879.149,1506.649,0.245,2.700,5,0,1,0,5,0,0,11.621,10.937,0.746,0.000
20,80,200,0,80.000,1879.319,1506.472,1881.337,1505.592,2.201,1.700,3,0,0,0,2,0,0,8.345,11.634,0.513,0.000
20,80,210,0,80.000,1879.319,1506.472,1879.879,1506.270,0.595,1.600,3,0,0,0,2,0,0,9.421,11.859,0.500,0.000
20,80,220,0,80.000,1879.319,1506.472,1880.038,1506.196,0.770,1.700,4,0,0,0,2,0,0,12.217,11.346,0.699,0.000
20,80,230,0,90.000,1879.319,1506.472,1880.048,1506.208,0.775,1.200,2,0,0,0,1,0,0,11.081,11.803,0.702,0.000
20,80,240,0,90.000,1879.319,1506.472,1879.675,1506.371,0.370,1.300,4,0,0,0,1,0,0,12.654,10.073,0.379,0.000
20,80,250,0,100.000,1879.319,1506.472,1880.391,1506.026,1.161,1.200,2,0,0,0,0,0,0,13.120,9.238,0.523,0.000
20,80,260,0,100.000,1879.319,1506.472,1879.575,1506.421,0.261,1.100,2,0,0,0,0,0,0,12.897,11.472,0.547,0.000
20,80,270,0,100.000,1879.319,1506.472,1880.317,1506.073,1.075,1.100,2,0,0,0,0,0,0,8.358,11.179,0.525,0.000
20,80,280,0,100.000,1879.319,1506.472,1880.397,1506.028,1.166,1.000,1,0,0,0,0,0,0,10.597,10.479,0.583,0.000
20,80,290,0,100.000,1879.319,1506.472,1879.887,1506.277,0.601,1.100,2,0,0,0,0,0,0,9.104,10.338,0.402,0.000
20,80,300,0,100.000,1879.319,1506.472,1881.038,1505.718,1.877,1.200,2,0,0,0,0,0,0,11.197,12.249,0.658,0.000
20,80,310,0,100.000,1879.319,1506.472,1880.118,1506.170,0.854,1.000,1,0,0,0,0,0,0,14.147,11.956,0.528,0.000
20,80,320,0,100.000,1879.319,1506.472,1881.031,1505.733,1.865,1.200,2,0,0,0,0,0,0,12.919,8.277,0.572,0.000
20,80,330,0,100.000,1879.319,1506.472,1880.324,1506.072,1.082,1.100,2,0,0,0,0,0,0,9.745,10.361,0.673,0.000
20,80,340,0,100.000,1879.319,1506.472,1879.434,1506.498,0.118,1.000,1,0,0,0,0,0,0,10.539,8.668,0.609,0.000
20,80,350,0,100.000,1879.319,1506.472,1879.606,1506.409,0.294,1.000,1,0,0,0,0,0,0,11.275,12.694,0.526,0.000
20,80,360,0,100.000,1879.319,1506.472,1879.664,1506.376,0.359,1.000,1,0,0,0,0,0,0,10.195,9.981,0.517,0.000
20,80,370,0,100.000,1879.319,1506.472,1880.072,1506.187,0.806,1.000,1,0,0,0,0,0,0,10.579,11.486,0.575,0.000
20,80,380,0,100.000,1879.319,1506.472,1879.189,1506.613,0.192,1.000,1,0,0,0,0,0,0,9.832,8.867,0.334,0.000
20,80,390,0,100.000,1879.319,1506.472,1879.636,1506.380,0.330,1.000,1,0,0,0,0,0,0,10.238,10.901,0.485,0.000
20,90,-100,0,0.000,1879.319,1506.472,,,,0.000,0,0,0,0,0,0,10,10.947,11.918,0.582,
20,90,-90,0,0.000,1879.319,1506.472,,,,0.000,0,0,0,0,0,0,10,12.039,10.882,0.628,
20,90,-80,0,0.000,1879.319,1506.472,,,,0.000,0,0,0,0,0,0,10,11.153,9.311,0.462,
20,90,-70,0,0.000,1879.319,1506.472,,,,0.000,0,0,0,0,0,0,10,10.050,10.695,0.689,
20,90,-60,0,0.000,1879.319,1506.472,,,,0.000,0,0,0,0,0,0,10,11.493,11.600,0.623,
20,90,-50,0,0.000,1879.319,1506.472,,,,0.000,0,0,0,0,0,0,10,12.381,12.282,0.589,
20,90,-40,0,0.000,1879.319,1506.472,,,,0.000,0,0,0,0,0,0,10,12.441,12.172,0.416,
20,90,-30,0,0.000,1879.319,1506.472,,,,0.000,0,0,0,0,0,0,10,7.340,12.273,0.486,
20,90,-20,0,0.000,1879.319,1506.472,,,,0.000,0,0,0,0,0,0,10,11.895,10.335,0.592,
20,90,-10,0,0.000,1879.319,1506.472,,,,0.000,0,0,0,0,0,0,10,11.457,13.480,0.552,
20,90,0,0,0.000,1879.319,1506.472,,,,0.000,0,0,0,0,0,0,10,11.924,7.931,0.496,
20,90,10,0,0.000,1879.319,1506.472,,,,0.200,2,0,0,0,1,0,9,12.760,10.994,0.514,
20,90,20,0,0.000,1879.319,1506.472,,,,0.100,1,0,0,0,1,0,9,13.397,12.996,0.651,
20,90,30,0,0.000,1879.319,1506.472,,,,1.600,4,0,0,0,5,0,5,12.723,13.379,0.542,
20,90,40,0,0.000,1879.319,1506.472,,,,1.900,4,0,0,0,6,0,4,11.594,9.104,0.472,
20,90,50,0,0.000,1879.319,1506.472,,,,1.600,3,0,0,0,7,0,3,10.540,14.503,0.591,
20,90,60,0,0.000,1879.319,1506.472,,,,2.500,4,0,0,0,10,0,0,11.874,9.287,0.594,
20,90,70,0,0.000,1879.319,1506.472,,,,2.700,4,0,0,0,10,0,0,10.067,10.216,0.569,
20,90,80,0,0.000,1879.319,1506.472,,,,2.500,3,0,0,0,10,0,0,13.168,9.096,0.493,
20,90,90,0,0.000,1879.319,1506.472,,,,2.700,4,0,0,0,10,0,0,12.344,9.583,0.495,
20,90,100,0,0.000,1879.319,1506.472,,,,3.100,5,0,1,0,9,0,0,12.869,12.775,0.401,
20,90,110,0,0.000,1879.319,1506.472,,,,3.200,4,0,0,0,10,0,0,9.503,7.715,0.486,
20,90,120,0,0.000,1879.319,1506.472,,,,3.000,4,0,0,0,10,0,0,11.962,11.554,0.608,
20,90,130,0,0.000,1879.319,1506.472,,,,3.000,5,0,1,0,9,0,0,11.058,8.018,0.487,
20,90,140,0,0.000,1879.319,1506.472,,,,3.600,5,0,2,0,8,0,0,8.981,12.562,0.414,
20,90,150,0,0.000,1879.319,1506.472,,,,3.100,4,0,0,0,10,0,0,9.450,11.573,0.656,
20,90,160,0,0.000,1879.319,1506.472,,,,3.400,4,0,0,0,10,0,0,9.521,7.426,0.531,
20,90,170,0,30.000,1879.319,1506.472,1882.118,1505.243,3.058,3.100,5,0,3,0,4,0,0,11.449,13.502,0.615,0.000
20,90,180,0,20.000,1879.319,1506.472,1882.843,1504.868,3.872,3.000,4,0,0,0,8,0,0,10.684,13.031,0.556,0.000
20,90,190,0,30.000,1879.319,1506.472,1880.481,1506.019,1.247,2.000,3,0,0,0,7,0,0,11.613,11.172,0.655,0.000
20,90,200,0,30.000,1879.319,1506.472,1881.680,1505.456,2.570,2.500,4,0,0,0,7,0,0,12.353,10.119,0.567,0.000
20,90,210,0,90.000,1879.319,1506.472,1880.013,1506.224,0.737,1.600,2,0,0,0,1,0,0,10.259,11.666,0.499,0.000
20,90,220,0,70.000,1879.319,1506.472,1882.118,1505.227,3.063,1.800,3,0,0,0,3,0,0,6.866,8.707,0.559,0.000
20,90,230,0,70.000,1879.319,1506.472,1879.596,1506.411,0.284,1.700,4,0,0,0,3,0,0,12.409,12.075,0.506,0.000
20,90,240,0,80.000,1879.319,1506.472,1880.813,1505.851,1.618,2.000,5,0,1,0,1,0,0,12.451,13.724,0.574,0.000
20,90,250,0,100.000,1879.319,1506.472,1879.722,1506.355,0.420,1.500,2,0,0,0,0,0,0,11.066,10.081,0.684,0.000
20,90,260,0,100.000,1879.319,1506.472,1879.798,1506.305,0.507,1.400,2,0,0,0,0,0,0,9.066,10.468,0.582,0.000
20,90,270,0,100.000,1879.319,1506.472,1879.801,1506.311,0.509,1.300,2,0,0,0,0,0,0,5.753,10.407,0.517,0.000
20,90,280,0,100.000,1879.319,1506.472,1879.447,1506.473,0.129,1.200,2,0,0,0,0,0,0,9.633,9.841,0.732,0.000
20,90,290,0,100.000,1879.319,1506.472,1880.541,1505.943,1.332,1.000,1,0,0,0,0,0,0,10.519,10.656,0.479,0.000
20,90,300,0,100.000,1879.319,1506.472,1880.341,1506.055,1.104,1.100,2,0,0,0,0,0,0,12.493,10.256,0.538,0.000
20,90,310,0,100.000,1879.319,1506.472,1881.077,1505.693,1.923,1.000,1,0,0,0,0,0,0,11.417,11.610,0.514,0.000
20,90,320,0,100.000,1879.319,1506.472,1880.823,1505.831,1.635,1.000,1,0,0,0,0,0,0,9.648,13.890,0.559,0.000
20,90,330,0,100.000,1879.319,1506.472,1880.171,1506.160,0.908,1.000,1,0,0,0,0,0,0,9.593,10.461,0.601,0.000
20,90,340,0,100.000,1879.319,1506.472,1880.313,1506.071,1.072,1.000,1,0,0,0,0,0,0,9.268,10.918,0.555,0.000
20,90,350,0,100.000,1879.319,1506.472,1880.043,1506.224,0.765,1.000,1,0,0,0,0,0,0,10.305,10.763,0.443,0.000
20,90,360,0,100.000,1879.319,1506.472,1880.556,1505.983,1.330,1.200,3,0,0,0,0,0,0,13.147,10.154,0.293,0.000
20,90,370,0,100.000,1879.319,1506.472,1880.274,1506.087,1.030,1.000,1,0,0,0,0,0,0,7.724,13.341,0.567,0.000
20,90,380,0,100.000,1879.319,1506.472,1879.857,1506.286,0.570,1.000,1,0,0,0,0,0,0,11.608,11.363,0.381,0.000
20,90,390,0,100.000,1879.319,1506.472,1879.822,1506.322,0.525,1.000,1,0,0,0,0,0,0,11.834,11.444,0.521,0.000
20,100,-100,0,0.000,1879.319,1506.472,,,,0.000,0,0,0,0,0,0,10,12.070,10.330,0.482,
20,100,-90,0,0.000,1879.319,1506.472,,,,0.000,0,0,0,0,0,0,10,11.002,11.035,0.632,
20,100,-80,0,0.000,1879.319,1506.472,,,,0.000,0,0,0,0,0,0,10,12.147,9.750,0.359,
20,100,-70,0,0.000,1879.319,1506.472,,,,0.000,0,0,0,0,0,0,10,6.931,14.749,0.729,
20,100,-60,0,0.000,1879.319,1506.472,,,,0.000,0,0,0,0,0,0,10,9.519,9.959,0.582,
20,100,-50,0,0.000,1879.319,1506.472,,,,0.000,0,0,0,0,0,0,10,10.644,9.009,0.580,
20,100,-40,0,0.000,1879.319,1506.472,,,,0.000,0,0,0,0,0,0,10,10.830,13.641,0.582,
20,100,-30,0,0.000,1879.319,1506.472,,,,0.000,0,0,0,0,0,0,10,10.260,12.500,0.544,
20,100,-20,0,0.000,1879.319,1506.472,,,,0.000,0,0,0,0,0,0,10,13.387,12.221,0.292,
20,100,-10,0,0.000,1879.319,1506.472,,,,0.000,0,0,0,0,0,0,10,8.909,12.904,0.577,
20,100,0,0,0.000,1879.319,1506.472,,,,0.000,0,0,0,0,0,0,10,14.127,10.739,0.667,
20,100,10,0,0.000,1879.319,1506.472,,,,0.000,0,0,0,0,0,0,10,8.253,8.968,0.561,
20,100,20,0,0.000,1879.319,1506.472,,,,0.400,3,0,0,0,2,0,8,6.621,12.747,0.521,
20,100,30,0,0.000,1879.319,1506.472,,,,1.200,4,0,0,0,5,0,5,10.384,13.766,0.619,
20,100,40,0,0.000,1879.319,1506.472,,,,1.200,3,0,0,0,5,0,5,13.214,10.930,0.639,
20,100,50,0,0.000,1879.319,1506.472,,,,2.600,4,0,0,0,10,0,0,14.220,9.707,0.668,
20,100,60,0,0.000,1879.319,1506.472,,,,2.800,5,0,1,0,9,0,0,12.418,10.651,0.554,
20,100,70,0,0.000,1879.319,1506.472,,,,2.600,5,0,1,0,9,0,0,11.057,10.546,0.431,
20,100,80,0,0.000,1879.319,1506.472,,,,3.600,5,0,2,0,8,0,0,13.736,12.016,0.548,
20,100,90,0,0.000,1879.319,1506.472,,,,2.800,4,0,0,0,10,0,0,10.109,12.251,0.381,
20,100,100,0,0.000,1879.319,1506.472,,,,2.500,4,0,0,0,10,0,0,11.302,7.166,0.576,
20,100,110,0,0.000,1879.319,1506.472,,,,3.000,4,0,0,0,10,0,0,11.845,9.697,0.540,
20,100,120,0,0.000,1879.319,1506.472,,,,3.200,4,0,0,0,10,0,0,8.720,13.577,0.557,
20,100,130,0,0.000,1879.319,1506.472,,,,3.100,5,0,2,0,8,0,0,11.031,10.314,0.449,
20,100,140,0,0.000,1879.319,1506.472,,,,3.100,4,0,0,0,10,0,0,12.220,7.372,0.568,
20,100,150,0,0.000,1879.319,1506.472,,,,2.800,4,0,0,0,10,0,0,13.574,12.987,0.604,
20,100,160,0,0.000,1879.319,1506.472,,,,3.300,4,0,0,0,10,0,0,11.833,13.871,0.425,
20,100,170,0,0.000,1879.319,1506.472,,,,3.100,5,0,1,0,9,0,0,10.006,12.188,0.360,
20,100,180,0,0.000,1879.319,1506.472,,,,2.600,5,0,1,0,9,0,0,9.824,11.780,0.519,
20,100,190,0,0.000,1879.319,1506.472,,,,3.500,5,0,2,0,8,0,0,7.653,10.479,0.542,
20,100,200,0,10.000,1879.319,1506.472,1882.297,1505.152,3.257,2.800,5,0,1,0,8,0,0,11.058,12.735,0.622,0.000
20,100,210,0,30.000,1879.319,1506.472,1879.334,1506.567,0.096,2.800,5,0,1,0,6,0,0,12.947,11.877,0.635,0.000
20,100,220,0,50.000,1879.319,1506.472,1882.847,1504.900,3.863,2.100,3,0,0,0,5,0,0,11.398,12.344,0.535,0.000
20,100,230,0,50.000,1879.319,1506.472,1881.454,1505.518,2.338,2.400,5,0,1,0,4,0,0,13.108,11.773,0.500,0.000
20,100,240,0,80.000,1879.319,1506.472,1880.334,1506.049,1.100,2.000,4,0,0,0,2,0,0,10.099,10.714,0.539,0.000
20,100,250,0,50.000,1879.319,1506.472,1879.687,1506.372,0.382,2.100,3,0,0,0,5,0,0,11.467,12.460,0.470,0.000
20,100,260,0,60.000,1879.319,1506.472,1880.739,1505.880,1.538,2.000,5,0,1,0,3,0,0,9.479,12.310,0.396,0.000
20,100,270,0,80.000,1879.319,1506.472,1880.422,1506.017,1.193,1.600,3,0,0,0,2,0,0,12.542,11.744,0.525,0.000
20,100,280,0,70.000,1879.319,1506.472,1882.045,1505.259,2.984,1.600,2,0,0,0,3,0,0,12.693,12.020,0.572,0.000
20,100,290,0,80.000,1879.319,1506.472,1881.019,1505.742,1.850,1.600,4,0,0,0,2,0,0,13.651,11.931,0.602,0.000
20,100,300,0,100.000,1879.319,1506.472,1881.128,1505.689,1.971,1.400,2,0,0,0,0,0,0,9.030,12.706,0.715,0.000
20,100,310,0,100.000,1879.319,1506.472,1880.678,1505.899,1.476,1.500,3,0,0,0,0,0,0,12.752,9.874,0.656,0.000
20,100,320,0,100.000,1879.319,1506.472,1880.831,1505.814,1.649,1.200,3,0,0,0,0,0,0,11.820,6.067,0.529,0.000
20,100,330,0,100.000,1879.319,1506.472,1880.375,1506.027,1.146,1.000,1,0,0,0,0,0,0,8.936,5.673,0.521,0.000
20,100,340,0,100.000,1879.319,1506.472,1881.076,1505.713,1.915,1.200,2,0,0,0,0,0,0,9.110,9.223,0.476,0.000
20,100,350,0,100.000,1879.319,1506.472,1880.199,1506.132,0.943,1.100,2,0,0,0,0,0,0,11.956,10.742,0.677,0.000
20,100,360,0,100.000,1879.319,1506.472,1880.931,1505.784,1.753,1.000,1,0,0,0,0,0,0,6.567,10.353,0.411,0.000
20,100,370,0,100.000,1879.319,1506.472,1881.605,1505.482,2.492,1.000,1,0,0,0,0,0,0,11.882,9.697,0.509,0.000
20,100,380,0,100.000,1879.319,1506.472,1881.220,1505.642,2.074,1.000,1,0,0,0,0,0,0,7.962,10.300,0.563,0.000
20,100,390,0,100.000,1879.319,1506.472,1881.374,1505.589,2.237,1.000,1,0,0,0,0,0,0,8.994,9.979,0.447,0.000
20,110,-100,0,0.000,1879.319,1506.472,,,,0.000,0,0,0,0,0,0,10,10.441,10.628,0.490,
20,110,-90,0,0.000,1879.319,1506.472,,,,0.000,0,0,0,0,0,0,10,7.654,9.945,0.404,
20,110,-80,0,0.000,1879.319,1506.472,,,,0.000,0,0,0,0,0,0,10,12.512,8.425,0.418,
20,110,-70,0,0.000,1879.319,1506.472,,,,0.000,0,0,0,0,0,0,10,13.739,12.366,0.475,
20,110,-60,0,0.000,1879.319,1506.472,,,,0.000,0,0,0,0,0,0,10,11.015,9.938,0.526,
20,110,-50,0,0.000,1879.319,1506.472,,,,0.000,0,0,0,0,0,0,10,8.808,9.579,0.550,
20,110,-40,0,0.000,1879.319,1506.472,,,,0.000,0,0,0,0,0,0,10,8.744,10.647,0.618,
20,110,-30,0,0.000,1879.319,1506.472,,,,0.000,0,0,0,0,0,0,10,12.863,8.590,0.489,
20,110,-20,0,0.000,1879.319,1506.472,,,,0.000,0,0,0,0,0,0,10,8.423,10.881,0.406,
20,110,-10,0,0.000,1879.319,1506.472,,,,0.000,0,0,0,0,0,0,10,10.912,11.658,0.529,
20,110,0,0,0.000,1879.319,1506.472,,,,0.000,0,0,0,0,0,0,10,10.768,6.283,0.273,
20,110,10,0,0.000,1879.319,1506.472,,,,0.000,0,0,0,0,0,0,10,7.874,12.834,0.475,
20,110,20,0,0.000,1879.319,1506.472,,,,0.000,0,0,0,0,0,0,10,12.983,11.392,0.482,
20,110,30,0,0.000,1879.319,1506.472,,,,0.200,2,0,0,0,1,0,9,10.583,9.824,0.526,
20,110,40,0,0.000,1879.319,1506.472,,,,2.000,4,0,0,0,8,0,2,11.241,6.831,0.497,
20,110,50,0,0.000,1879.319,1506.472,,,,1.600,5,0,1,0,5,0,4,7.954,13.450,0.463,
20,110,60,0,0.000,1879.319,1506.472,,,,2.500,4,0,0,0,9,0,1,12.595,12.528,0.549,
20,110,70,0,0.000,1879.319,1506.472,,,,2.200,4,0,0,0,10,0,0,14.023,9.375,0.362,
20,110,80,0,0.000,1879.319,1506.472,,,,2.600,4,0,0,0,10,0,0,10.369,9.700,0.374,
20,110,90,0,0.000,1879.319,1506.472,,,,2.700,5,0,1,0,9,0,0,8.547,11.795,0.436,
20,110,100,0,0.000,1879.319,1506.472,,,,2.600,4,0,0,0,10,0,0,6.942,6.793,0.728,
20,110,110,0,0.000,1879.319,1506.472,,,,3.200,5,0,1,0,9,0,0,8.922,13.506,0.564,
20,110,120,0,0.000,1879.319,1506.472,,,,3.100,4,0,0,0,10,0,0,10.157,9.402,0.473,
20,110,130,0,0.000,1879.319,1506.472,,,,3.500,5,0,2,0,8,0,0,10.421,6.508,0.387,
20,110,140,0,0.000,1879.319,1506.472,,,,3.200,4,0,0,0,10,0,0,13.718,9.508,0.552,
20,110,150,0,0.000,1879.319,1506.472,,,,3.000,4,0,0,0,10,0,0,11.670,8.450,0.595,
20,110,160,0,0.000,1879.319,1506.472,,,,3.500,5,0,1,0,9,0,0,12.333,11.024,0.591,
20,110,170,0,0.000,1879.319,1506.472,,,,2.800,4,0,0,0,10,0,0,10.232,10.264,0.391,
20,110,180,0,0.000,1879.319,1506.472,,,,2.900,3,0,0,0,10,0,0,13.021,10.781,0.573,
20,110,190,0,0.000,1879.319,1506.472,,,,2.900,4,0,0,0,10,0,0,10.569,8.397,0.515,
20,110,200,0,0.000,1879.319,1506.472,,,,3.200,5,0,1,0,9,0,0,14.288,11.830,0.526,
20,110,210,0,10.000,1879.319,1506.472,1885.842,1503.448,7.190,3.100,4,0,0,0,9,0,0,11.776,12.506,0.506,0.000
20,110,220,0,0.000,1879.319,1506.472,,,,2.800,4,0,0,0,10,0,0,13.072,8.371,0.707,
20,110,230,0,20.000,1879.319,1506.472,1880.489,1505.973,1.272,2.600,4,0,0,0,8,0,0,11.850,11.358,0.478,0.000
20,110,240,0,30.000,1879.319,1506.472,1878.912,1506.751,0.493,2.300,3,0,0,0,7,0,0,14.933,11.240,0.532,0.000
20,110,250,0,40.000,1879.319,1506.472,1878.989,1506.719,0.412,2.500,4,0,0,0,6,0,0,9.751,10.904,0.502,0.000
20,110,260,0,30.000,1879.319,1506.472,1879.585,1506.443,0.268,2.600,5,0,2,0,5,0,0,10.682,9.233,0.761,0.000
20,110,270,0,60.000,1879.319,1506.472,1880.082,1506.170,0.820,1.800,3,0,0,0,4,0,0,14.487,11.851,0.604,0.000
20,110,280,0,70.000,1879.319,1506.472,1880.351,1506.052,1.114,1.900,4,0,0,0,3,0,0,12.089,12.689,0.488,0.000
20,110,290,0,70.000,1879.319,1506.472,1880.233,1506.071,0.999,1.700,2,0,0,0,3,0,0,13.022,12.330,0.572,0.000
20,110,300,0,100.000,1879.319,1506.472,1879.548,1506.431,0.232,1.600,2,0,0,0,0,0,0,7.364,12.054,0.584,0.000
20,110,310,0,100.000,1879.319,1506.472,1880.203,1506.119,0.952,1.200,2,0,0,0,0,0,0,10.820,10.629,0.606,0.000
20,110,320,0,100.000,1879.319,1506.472,1880.636,1505.923,1.427,1.400,2,0,0,0,0,0,0,11.068,10.071,0.728,0.000
20,110,330,0,100.000,1879.319,1506.472,1880.595,1505.926,1.388,1.100,2,0,0,0,0,0,0,7.072,7.169,0.607,0.000
20,110,340,0,100.000,1879.319,1506.472,1881.790,1505.353,2.713,1.200,2,0,0,0,0,0,0,9.570,8.444,0.365,0.000
20,110,350,0,100.000,1879.319,1506.472,1880.387,1506.025,1.158,1.200,2,0,0,0,0,0,0,8.472,12.510,0.510,0.000
20,110,360,0,80.000,1879.319,1506.472,1881.903,1505.327,2.827,1.200,2,0,0,0,2,0,0,9.624,8.810,0.538,0.000
20,110,370,0,100.000,1879.319,1506.472,1880.005,1506.214,0.733,1.200,2,0,0,0,0,0,0,12.973,11.353,0.480,0.000
20,110,380,0,100.000,1879.319,1506.472,1882.413,1505.085,3.391,1.200,3,0,0,0,0,0,0,12.357,10.501,0.547,0.000
20,110,390,0,100.000,1879.319,1506.472,1881.040,1505.720,1.879,1.100,2,0,0,0,0,0,0,9.333,10.249,0.400,0.000
20,120,-100,0,0.000,1879.319,1506.472,,,,0.000,0,0,0,0,0,0,10,10.546,9.784,0.646,
20,120,-90,0,0.000,1879.319,1506.472,,,,0.000,0,0,0,0,0,0,10,10.357,11.300,0.651,
20,120,-80,0,0.000,1879.319,1506.472,,,,0.000,0,0,0,0,0,0,10,11.526,10.596,0.462,
20,120,-70,0,0.000,1879.319,1506.472,,,,0.000,0,0,0,0,0,0,10,11.745,10.920,0.659,
20,120,-60,0,0.000,1879.319,1506.472,,,,0.000,0,0,0,0,0,0,10,13.251,12.295,0.559,
20,120,-50,0,0.000,1879.319,1506.472,,,,0.000,0,0,0,0,0,0,10,8.797,11.845,0.321,
20,120,-40,0,0.000,1879.319,1506.472,,,,0.000,0,0,0,0,0,0,10,10.032,12.123,0.445,
20,120,-30,0,0.000,1879.319,1506.472,,,,0.000,0,0,0,0,0,0,10,10.216,10.782,0.548,
20,120,-20,0,0.000,1879.319,1506.472,,,,0.000,0,0,0,0,0,0,10,7.647,10.977,0.385,
20,120,-10,0,0.000,1879.319,1506.472,,,,0.000,0,0,0,0,0,0,10,12.245,8.378,0.542,
20,120,0,0,0.000,1879.319,1506.472,,,,0.000,0,0,0,0,0,0,10,12.680,10.608,0.469,
20,120,10,0,0.000,1879.319,1506.472,,,,0.000,0,0,0,0,0,0,10,12.189,9.605,0.485,
20,120,20,0,0.000,1879.319,1506.472,,,,0.000,0,0,0,0,0,0,10,11.139,12.788,0.604,
20,120,30,0,0.000,1879.319,1506.472,,,,0.400,3,0,0,0,2,0,8,9.282,8.436,0.375,
20,120,40,0,0.000,1879.319,1506.472,,,,0.800,3,0,0,0,3,0,7,13.364,10.668,0.571,
20,120,50,0,0.000,1879.319,1506.472,,,,1.400,4,0,0,0,6,0,4,10.489,11.441,0.527,
20,120,60,0,0.000,1879.319,1506.472,,,,2.300,4,0,0,0,9,0,1,10.132,11.881,0.679,
20,120,70,0,0.000,1879.319,1506.472,,,,2.900,4,0,0,0,10,0,0,11.081,11.540,0.589,
20,120,80,0,0.000,1879.319,1506.472,,,,3.400,5,0,1,0,9,0,0,8.984,5.960,0.575,
20,120,90,0,0.000,1879.319,1506.472,,,,3.100,5,0,1,0,9,0,0,12.724,10.569,0.433,
20,120,100,0,0.000,1879.319,1506.472,,,,2.800,5,0,1,0,9,0,0,11.586,10.053,0.420,
20,120,110,0,0.000,1879.319,1506.472,,,,3.100,5,0,2,0,8,0,0,12.658,9.683,0.487,
20,120,120,0,0.000,1879.319,1506.472,,,,3.400,5,0,1,0,9,0,0,9.487,11.612,0.561,
20,120,130,0,0.000,1879.319,1506.472,,,,3.300,4,0,0,0,10,0,0,12.641,8.053,0.317,
20,120,140,0,0.000,1879.319,1506.472,,,,3.400,5,0,1,0,9,0,0,11.788,12.146,0.764,
20,120,150,0,0.000,1879.319,1506.472,,,,3.400,5,0,1,0,9,0,0,11.933,8.653,0.646,
20,120,160,0,0.000,1879.319,1506.472,,,,3.100,4,0,0,0,10,0,0,10.773,12.388,0.475,
20,120,170,0,0.000,1879.319,1506.472,,,,3.400,5,0,1,0,9,0,0,7.909,12.051,0.647,
20,120,180,0,0.000,1879.319,1506.472,,,,3.200,5,0,1,0,9,0,0,10.654,12.294,0.636,
20,120,190,0,0.000,1879.319,1506.472,,,,3.000,4,0,0,0,10,0,0,8.713,12.694,0.514,
20,120,200,0,10.000,1879.319,1506.472,1883.574,1504.548,4.670,3.200,5,0,1,0,8,0,0,12.188,11.956,0.268,0.000
20,120,210,0,0.000,1879.319,1506.472,,,,3.200,5,0,1,0,9,0,0,8.727,11.714,0.712,
20,120,220,0,10.000,1879.319,1506.472,1883.968,1504.337,5.115,3.400,5,0,2,0,7,0,0,10.170,11.054,0.561,0.000
20,120,230,0,0.000,1879.319,1506.472,,,,3.000,4,0,0,0,10,0,0,11.260,11.736,0.456,
20,120,240,0,10.000,1879.319,1506.472,1884.103,1504.299,5.255,2.500,4,0,0,0,9,0,0,12.750,10.503,0.590,0.000
20,120,250,0,10.000,1879.319,1506.472,1879.283,1506.599,0.132,3.400,5,0,2,0,7,0,0,9.383,13.025,0.435,0.000
20,120,260,0,30.000,1879.319,1506.472,1879.921,1506.252,0.641,2.200,3,0,0,0,7,0,0,11.034,14.921,0.400,0.000
20,120,270,0,50.000,1879.319,1506.472,1879.067,1506.678,0.325,2.100,3,0,0,0,5,0,0,9.829,8.212,0.424,0.000
20,120,280,0,30.000,1879.319,1506.472,1883.274,1504.669,4.347,2.900,5,0,2,0,5,0,0,9.578,10.077,0.469,0.000
20,120,290,0,70.000,1879.319,1506.472,1879.700,1506.359,0.398,1.700,3,0,0,0,3,0,0,10.674,9.620,0.514,0.000
20,120,300,0,80.000,1879.319,1506.472,1880.690,1505.896,1.487,1.900,4,0,0,0,2,0,0,11.263,10.876,0.555,0.000
20,120,310,0,70.000,1879.319,1506.472,1880.500,1505.999,1.272,2.100,3,0,0,0,3,0,0,11.531,10.679,0.664,0.000
20,120,320,0,70.000,1879.319,1506.472,1881.275,1505.629,2.130,2.000,3,0,0,0,3,0,0,12.634,11.456,0.351,0.000
20,120,330,0,90.000,1879.319,1506.472,1880.900,1505.789,1.723,1.500,3,0,0,0,1,0,0,12.007,12.179,0.672,0.000
20,120,340,0,100.000,1879.319,1506.472,1879.784,1506.314,0.492,1.600,2,0,0,0,0,0,0,10.386,11.444,0.669,0.000
20,120,350,0,100.000,1879.319,1506.472,1881.779,1505.375,2.693,1.100,2,0,0,0,0,0,0,9.160,13.939,0.607,0.000
20,120,360,0,100.000,1879.319,1506.472,1882.079,1505.233,3.026,1.400,2,0,0,0,0,0,0,10.270,11.506,0.356,0.000
20,120,370,0,100.000,1879.319,1506.472,1880.958,1505.753,1.790,1.400,2,0,0,0,0,0,0,10.430,9.225,0.636,0.000
20,120,380,0,100.000,1879.319,1506.472,1881.232,1505.648,2.083,1.300,2,0,0,0,0,0,0,10.283,10.700,0.550,0.000
20,120,390,0,100.000,1879.319,1506.472,1881.031,1505.703,1.877,1.200,2,0,0,0,0,0,0,8.342,10.750,0.520,0.000
20,130,-100,0,0.000,1879.319,1506.472,,,,0.000,0,0,0,0,0,0,10,6.280,12.783,0.418,
20,130,-90,0,0.000,1879.319,1506.472,,,,0.000,0,0,0,0,0,0,10,10.334,9.674,0.545,
20,130,-80,0,0.000,1879.319,1506.472,,,,0.000,0,0,0,0,0,0,10,10.990,9.021,0.636,
20,130,-70,0,0.000,1879.319,1506.472,,,,0.000,0,0,0,0,0,0,10,14.312,13.787,0.492,
20,130,-60,0,0.000,1879.319,1506.472,,,,0.000,0,0,0,0,0,0,10,12.128,14.650,0.461,
20,130,-50,0,0.000,1879.319,1506.472,,,,0.000,0,0,0,0,0,0,10,10.702,10.765,0.463,
20,130,-40,0,0.000,1879.319,1506.472,,,,0.000,0,0,0,0,0,0,10,14.214,13.459,0.556,
20,130,-30,0,0.000,1879.319,1506.472,,,,0.000,0,0,0,0,0,0,10,8.261,10.988,0.437,
20,130,-20,0,0.000,1879.319,1506.472,,,,0.000,0,0,0,0,0,0,10,9.302,13.458,0.578,
20,130,-10,0,0.000,1879.319,1506.472,,,,0.000,0,0,0,0,0,0,10,10.072,12.573,0.563,
20,130,0,0,0.000,1879.319,1506.472,,,,0.000,0,0,0,0,0,0,10,11.299,12.172,0.576,
20,130,10,0,0.000,1879.319,1506.472,,,,0.000,0,0,0,0,0,0,10,11.508,8.449,0.620,
20,130,20,0,0.000,1879.319,1506.472,,,,0.000,0,0,0,0,0,0,10,11.267,11.572,0.454,
20,130,30,0,0.000,1879.319,1506.472,,,,0.300,3,0,0,0,1,0,9,7.515,11.241,0.586,
20,130,40,0,0.000,1879.319,1506.472,,,,0.800,3,0,0,0,3,0,7,9.199,13.723,0.586,
20,130,50,0,0.000,1879.319,1506.472,,,,2.600,4,0,0,0,9,0,1,10.958,10.803,0.484,
20,130,60,0,0.000,1879.319,1506.472,,,,1.800,4,0,0,0,7,0,3,13.004,11.600,0.466,
20,130,70,0,0.000,1879.319,1506.472,,,,3.000,5,0,1,0,9,0,0,15.783,10.653,0.340,
20,130,80,0,0.000,1879.319,1506.472,,,,2.600,4,0,0,0,10,0,0,11.127,8.853,0.585,
20,130,90,0,0.000,1879.319,1506.472,,,,3.200,5,0,1,0,9,0,0,9.412,9.039,0.460,
20,130,100,0,0.000,1879.319,1506.472,,,,2.500,4,0,0,0,10,0,0,11.134,11.728,0.418,
20,130,110,0,0.000,1879.319,1506.472,,,,2.900,4,0,0,0,10,0,0,9.051,11.017,0.547,
20,130,120,0,0.000,1879.319,1506.472,,,,3.300,5,0,1,0,9,0,0,13.174,10.052,0.337,
20,130,130,0,0.000,1879.319,1506.472,,,,3.300,4,0,0,0,10,0,0,9.901,10.608,0.472,
20,130,140,0,0.000,1879.319,1506.472,,,,3.000,3,0,0,0,10,0,0,10.027,14.098,0.550,
20,130,150,0,0.000,1879.319,1506.472,,,,3.200,4,0,0,0,10,0,0,10.162,11.533,0.642,
20,130,160,0,0.000,1879.319,1506.472,,,,3.500,5,0,1,0,9,0,0,10.150,10.826,0.514,
20,130,170,0,0.000,1879.319,1506.472,,,,3.200,4,0,0,0,10,0,0,5.936,13.824,0.473,
20,130,180,0,0.000,1879.319,1506.472,,,,3.700,5,0,2,0,8,0,0,14.351,11.339,0.444,
20,130,190,0,0.000,1879.319,1506.472,,,,3.200,5,0,1,0,9,0,0,14.076,8.683,0.504,
20,130,200,0,0.000,1879.319,1506.472,,,,3.500,5,0,1,0,9,0,0,14.229,7.952,0.497,
20,130,210,0,0.000,1879.319,1506.472,,,,3.500,5,0,1,0,9,0,0,8.048,12.986,0.574,
20,130,220,0,0.000,1879.319,1506.472,,,,3.600,4,0,0,0,10,0,0,11.073,11.619,0.409,
20,130,230,0,0.000,1879.319,1506.472,,,,3.200,4,0,0,0,10,0,0,9.198,12.342,0.575,
20,130,240,0,0.000,1879.319,1506.472,,,,3.100,4,0,0,0,10,0,0,10.431,14.367,0.631,
20,130,250,0,10.000,1879.319,1506.472,1884.339,1504.189,5.515,3.200,4,0,0,0,9,0,0,10.842,12.081,0.607,0.000
20,130,260,0,10.000,1879.319,1506.472,1884.126,1504.295,5.277,2.900,5,0,1,0,8,0,0,12.376,7.110,0.418,0.000
20,130,270,0,20.000,1879.319,1506.472,1880.806,1505.865,1.607,3.000,5,0,2,0,6,0,0,8.519,10.865,0.533,0.000
20,130,280,0,20.000,1879.319,1506.472,1880.075,1506.189,0.808,2.700,4,0,0,0,8,0,0,12.808,5.135,0.496,0.000
20,130,290,0,50.000,1879.319,1506.472,1879.355,1506.537,0.075,2.400,5,0,1,0,4,0,0,13.463,15.212,0.411,0.000
20,130,300,0,40.000,1879.319,1506.472,1881.167,1505.693,2.006,2.900,5,0,2,0,4,0,0,13.643,13.898,0.741,0.000
20,130,310,0,80.000,1879.319,1506.472,1880.729,1505.879,1.530,1.800,3,0,0,0,2,0,0,9.879,9.458,0.628,0.000
20,130,320,0,80.000,1879.319,1506.472,1879.895,1506.261,0.614,1.900,3,0,0,0,2,0,0,10.971,9.598,0.383,0.000
20,130,330,0,70.000,1879.319,1506.472,1880.900,1505.800,1.718,2.200,4,0,0,0,3,0,0,12.314,12.502,0.581,0.000
20,130,340,0,80.000,1879.319,1506.472,1881.384,1505.568,2.254,2.000,3,0,0,0,2,0,0,11.395,15.296,0.725,0.000
20,130,350,0,100.000,1879.319,1506.472,1880.403,1506.026,1.172,1.700,2,0,0,0,0,0,0,7.141,9.098,0.628,0.000
20,130,360,0,90.000,1879.319,1506.472,1880.436,1506.001,1.212,1.700,2,0,0,0,1,0,0,11.747,10.510,0.666,0.000
20,130,370,0,100.000,1879.319,1506.472,1880.189,1506.124,0.937,1.700,2,0,0,0,0,0,0,8.862,11.623,0.559,0.000
20,130,380,0,100.000,1879.319,1506.472,1880.915,1505.799,1.732,1.800,2,0,0,0,0,0,0,11.081,9.210,0.558,0.000
20,130,390,0,90.000,1879.319,1506.472,1881.894,1505.322,2.821,1.600,3,0,0,0,1,0,0,11.569,8.558,0.594,0.000
20,140,-100,0,0.000,1879.319,1506.472,,,,0.000,0,0,0,0,0,0,10,8.068,12.699,0.532,
20,140,-90,0,0.000,1879.319,1506.472,,,,0.000,0,0,0,0,0,0,10,7.994,11.369,0.600,
20,140,-80,0,0.000,1879.319,1506.472,,,,0.000,0,0,0,0,0,0,10,13.136,13.019,0.586,
20,140,-70,0,0.000,1879.319,1506.472,,,,0.000,0,0,0,0,0,0,10,8.809,12.420,0.439,
20,140,-60,0,0.000,1879.319,1506.472,,,,0.000,0,0,0,0,0,0,10,11.138,10.604,0.388,
20,140,-50,0,0.000,1879.319,1506.472,,,,0.000,0,0,0,0,0,0,10,7.323,13.559,0.487,
20,140,-40,0,0.000,1879.319,1506.472,,,,0.000,0,0,0,0,0,0,10,9.794,6.456,0.619,
20,140,-30,0,0.000,1879.319,1506.472,,,,0.000,0,0,0,0,0,0,10,11.840,9.255,0.404,
20,140,-20,0,0.000,1879.319,1506.472,,,,0.000,0,0,0,0,0,0,10,12.520,11.828,0.754,
20,140,-10,0,0.000,1879.319,1506.472,,,,0.000,0,0,0,0,0,0,10,11.536,10.879,0.601,
20,140,0,0,0.000,1879.319,1506.472,,,,0.000,0,0,0,0,0,0,10,10.134,12.093,0.599,
20,140,10,0,0.000,1879.319,1506.472,,,,0.000,0,0,0,0,0,0,10,11.696,9.784,0.444,
20,140,20,0,0.000,1879.319,1506.472,,,,0.000,0,0,0,0,0,0,10,12.660,12.651,0.500,
20,140,30,0,0.000,1879.319,1506.472,,,,0.000,0,0,0,0,0,0,10,10.658,10.644,0.570,
20,140,40,0,0.000,1879.319,1506.472,,,,1.000,4,0,0,0,4,0,6,12.719,12.476,0.498,
20,140,50,0,0.000,1879.319,1506.472,,,,1.400,4,0,0,0,5,0,5,14.578,11.227,0.554,
20,140,60,0,0.000,1879.319,1506.472,,,,2.600,4,0,0,0,9,0,1,7.674,11.190,0.558,
20,140,70,0,0.000,1879.319,1506.472,,,,2.700,4,0,0,0,10,0,0,11.501,11.354,0.605,
20,140,80,0,0.000,1879.319,1506.472,,,,2.700,4,0,0,0,10,0,0,10.104,9.339,0.407,
20,140,90,0,0.000,1879.319,1506.472,,,,2.900,4,0,0,0,10,0,0,9.982,9.649,0.596,
20,140,100,0,0.000,1879.319,1506.472,,,,2.900,4,0,0,0,10,0,0,9.882,10.391,0.581,
20,140,110,0,0.000,1879.319,1506.472,,,,3.000,5,0,1,0,9,0,0,11.553,10.358,0.539,
20,140,120,0,0.000,1879.319,1506.472,,,,2.900,4,0,0,0,10,0,0,10.205,11.161,0.647,
20,140,130,0,0.000,1879.319,1506.472,,,,3.300,4,0,0,0,10,0,0,5.523,11.583,0.460,
20,140,140,0,0.000,1879.319,1506.472,,,,3.300,5,0,1,0,9,0,0,9.630,6.023,0.594,
20,140,150,0,0.000,1879.319,1506.472,,,,3.700,5,0,2,0,8,0,0,12.594,12.651,0.458,
20,140,160,0,0.000,1879.319,1506.472,,,,3.800,5,0,2,0,8,0,0,9.938,11.664,0.586,
20,140,170,0,0.000,1879.319,1506.472,,,,3.100,4,0,0,0,10,0,0,9.527,10.823,0.352,
20,140,180,0,0.000,1879.319,1506.472,,,,3.400,5,0,1,0,9,0,0,8.959,11.783,0.518,
20,140,190,0,0.000,1879.319,1506.472,,,,3.400,4,0,0,0,10,0,0,11.229,8.514,0.456,
20,140,200,0,0.000,1879.319,1506.472,,,,3.600,5,0,2,0,8,0,0,12.038,12.203,0.641,
20,140,210,0,0.000,1879.319,1506.472,,,,3.300,4,0,0,0,10,0,0,9.241,14.056,0.647,
20,140,220,0,0.000,1879.319,1506.472,,,,3.100,5,0,1,0,9,0,0,6.058,15.319,0.465,
20,140,230,0,0.000,1879.319,1506.472,,,,3.300,4,0,0,0,10,0,0,9.695,9.110,0.639,
20,140,240,0,0.000,1879.319,1506.472,,,,3.600,5,0,1,0,9,0,0,9.309,13.811,0.471,
20,140,250,0,0.000,1879.319,1506.472,,,,3.000,4,0,0,0,10,0,0,8.847,8.586,0.557,
20,140,260,0,0.000,1879.319,1506.472,,,,2.800,3,0,0,0,10,0,0,8.615,12.596,0.603,
20,140,270,0,0.000,1879.319,1506.472,,,,2.800,4,0,0,0,10,0,0,11.572,8.890,0.670,
20,140,280,0,0.000,1879.319,1506.472,,,,3.000,4,0,0,0,10,0,0,12.425,5.812,0.684,
20,140,290,0,0.000,1879.319,1506.472,,,,3.400,5,0,2,0,8,0,0,10.736,10.840,0.537,
20,140,300,0,20.000,1879.319,1506.472,1880.536,1505.989,1.310,3.100,4,0,0,0,8,0,0,8.839,13.439,0.461,0.000
20,140,310,0,40.000,1879.319,1506.472,1879.686,1506.402,0.374,2.600,4,0,0,0,6,0,0,11.330,8.016,0.595,0.000
20,140,320,0,40.000,1879.319,1506.472,1880.847,1505.830,1.658,2.900,5,0,2,0,4,0,0,12.112,12.842,0.490,0.000
20,140,330,0,70.000,1879.319,1506.472,1879.248,1506.592,0.139,2.300,4,0,0,0,3,0,0,11.194,12.013,0.484,0.000
20,140,340,0,70.000,1879.319,1506.472,1880.579,1505.952,1.363,2.000,3,0,0,0,3,0,0,10.822,12.762,0.463,0.000
20,140,350,0,60.000,1879.319,1506.472,1879.185,1506.591,0.179,2.200,4,0,0,0,4,0,0,9.981,10.805,0.580,0.000
20,140,360,0,90.000,1879.319,1506.472,1881.898,1505.323,2.824,1.800,3,0,0,0,1,0,0,12.012,12.528,0.665,0.000
20,140,370,0,80.000,1879.319,1506.472,1880.900,1505.792,1.721,1.900,3,0,0,0,2,0,0,9.909,12.415,0.561,0.000
20,140,380,0,90.000,1879.319,1506.472,1880.286,1506.085,1.042,2.000,3,0,0,0,1,0,0,7.276,10.313,0.441,0.000
20,140,390,0,100.000,1879.319,1506.472,1880.308,1506.088,1.061,1.700,2,0,0,0,0,0,0,8.812,7.932,0.694,0.000
20,150,-100,0,0.000,1879.319,1506.472,,,,0.000,0,0,0,0,0,0,10,13.153,8.317,0.621,
20,150,-90,0,0.000,1879.319,1506.472,,,,0.000,0,0,0,0,0,0,10,9.893,10.963,0.570,
20,150,-80,0,0.000,1879.319,1506.472,,,,0.000,0,0,0,0,0,0,10,11.584,10.876,0.543,
20,150,-70,0,0.000,1879.319,1506.472,,,,0.000,0,0,0,0,0,0,10,13.393,13.477,0.499,
20,150,-60,0,0.000,1879.319,1506.472,,,,0.000,0,0,0,0,0,0,10,9.010,7.374,0.504,
20,150,-50,0,0.000,1879.319,1506.472,,,,0.000,0,0,0,0,0,0,10,12.380,10.815,0.598,
20,150,-40,0,0.000,1879.319,1506.472,,,,0.000,0,0,0,0,0,0,10,13.992,12.084,0.512,
20,150,-30,0,0.000,1879.319,1506.472,,,,0.000,0,0,0,0,0,0,10,11.322,12.694,0.461,
20,150,-20,0,0.000,1879.319,1506.472,,,,0.000,0,0,0,0,0,0,10,12.167,14.613,0.429,
20,150,-10,0,0.000,1879.319,1506.472,,,,0.000,0,0,0,0,0,0,10,9.366,10.283,0.520,
20,150,0,0,0.000,1879.319,1506.472,,,,0.000,0,0,0,0,0,0,10,8.559,8.699,0.535,
20,150,10,0,0.000,1879.319,1506.472,,,,0.000,0,0,0,0,0,0,10,12.864,9.679,0.542,
20,150,20,0,0.000,1879.319,1506.472,,,,0.000,0,0,0,0,0,0,10,12.545,10.994,0.502,
20,150,30,0,0.000,1879.319,1506.472,,,,0.000,0,0,0,0,0,0,10,14.075,13.312,0.511,
20,150,40,0,0.000,1879.319,1506.472,,,,0.800,4,0,0,0,3,0,7,10.618,12.949,0.460,
20,150,50,0,0.000,1879.319,1506.472,,,,1.300,4,0,0,0,4,0,6,10.507,14.487,0.435,
20,150,60,0,0.000,1879.319,1506.472,,,,1.900,5,0,1,0,4,0,5,10.794,13.229,0.657,
20,150,70,0,0.000,1879.319,1506.472,,,,2.700,4,0,0,0,9,0,1,12.797,12.615,0.348,
20,150,80,0,0.000,1879.319,1506.472,,,,2.800,4,0,0,0,10,0,0,11.533,11.540,0.680,
20,150,90,0,0.000,1879.319,1506.472,,,,2.200,3,0,0,0,10,0,0,11.101,9.820,0.441,
20,150,100,0,0.000,1879.319,1506.472,,,,3.100,4,0,0,0,10,0,0,10.775,10.942,0.536,
20,150,110,0,0.000,1879.319,1506.472,,,,2.900,4,0,0,0,10,0,0,13.174,11.386,0.624,
20,150,120,0,0.000,1879.319,1506.472,,,,3.300,5,0,1,0,9,0,0,8.432,14.476,0.566,
20,150,130,0,0.000,1879.319,1506.472,,,,3.500,5,0,2,0,8,0,0,12.200,9.717,0.620,
20,150,140,0,0.000,1879.319,1506.472,,,,2.900,4,0,0,0,10,0,0,10.350,10.432,0.627,
20,150,150,0,0.000,1879.319,1506.472,,,,3.700,5,0,3,0,7,0,0,9.823,12.906,0.489,
20,150,160,0,0.000,1879.319,1506.472,,,,3.400,5,0,1,0,9,0,0,10.819,12.786,0.587,
20,150,170,0,0.000,1879.319,1506.472,,,,3.200,4,0,0,0,10,0,0,11.315,8.149,0.570,
20,150,180,0,0.000,1879.319,1506.472,,,,3.300,4,0,0,0,10,0,0,9.770,11.070,0.494,
20,150,190,0,0.000,1879.319,1506.472,,,,3.800,5,0,2,0,8,0,0,12.267,13.412,0.431,
20,150,200,0,0.000,1879.319,1506.472,,,,3.400,4,0,0,0,10,0,0,10.749,10.574,0.422,
20,150,210,0,0.000,1879.319,1506.472,,,,3.300,4,0,0,0,10,0,0,11.153,11.118,0.540,
20,150,220,0,0.000,1879.319,1506.472,,,,3.400,4,0,0,0,10,0,0,8.690,8.021,0.418,
20,150,230,0,0.000,1879.319,1506.472,,,,2.900,4,0,0,0,10,0,0,10.643,10.291,0.547,
20,150,240,0,0.000,1879.319,1506.472,,,,3.700,5,0,2,0,8,0,0,9.154,9.816,0.614,
20,150,250,0,0.000,1879.319,1506.472,,,,3.200,5,0,1,0,9,0,0,9.854,12.156,0.566,
20,150,260,0,0.000,1879.319,1506.472,,,,3.400,5,0,1,0,9,0,0,14.202,9.471,0.496,
20,150,270,0,0.000,1879.319,1506.472,,,,3.100,5,0,1,0,9,0,0,8.484,6.376,0.499,
20,150,280,0,0.000,1879.319,1506.472,,,,2.600,5,0,1,0,9,0,0,8.732,10.970,0.455,
20,150,290,0,0.000,1879.319,1506.472,,,,2.800,5,0,1,0,9,0,0,11.726,8.976,0.515,
20,150,300,0,0.000,1879.319,1506.472,,,,3.300,5,0,1,0,9,0,0,11.259,9.841,0.672,
20,150,310,0,0.000,1879.319,1506.472,,,,3.500,5,0,1,0,9,0,0,8.826,12.616,0.630,
20,150,320,0,10.000,1879.319,1506.472,1885.240,1503.777,6.506,2.700,3,0,0,0,9,0,0,9.915,11.227,0.671,0.000
20,150,330,0,30.000,1879.319,1506.472,1881.018,1505.756,1.844,3.000,5,0,1,0,6,0,0,12.628,10.349,0.652,0.000
20,150,340,0,70.000,1879.319,1506.472,1880.431,1506.037,1.194,2.300,4,0,0,0,3,0,0,10.346,9.191,0.679,0.000
20,150,350,0,40.000,1879.319,1506.472,1879.855,1506.306,0.561,2.600,4,0,0,0,6,0,0,13.419,11.557,0.409,0.000
20,150,360,0,40.000,1879.319,1506.472,1879.154,1506.605,0.211,2.600,4,0,0,0,6,0,0,10.579,11.282,0.758,0.000
20,150,370,0,60.000,1879.319,1506.472,1882.053,1505.223,3.006,2.400,4,0,0,0,4,0,0,8.761,10.131,0.702,0.000
20,150,380,0,90.000,1879.319,1506.472,1880.238,1506.106,0.989,2.100,3,0,0,0,1,0,0,7.339,12.178,0.656,0.000
20,150,390,0,80.000,1879.319,1506.472,1880.830,1505.814,1.648,2.000,3,0,0,0,2,0,0,12.613,11.760,0.601,0.000
20,160,-100,0,0.000,1879.319,1506.472,,,,0.000,0,0,0,0,0,0,10,10.759,10.846,0.610,
20,160,-90,0,0.000,1879.319,1506.472,,,,0.000,0,0,0,0,0,0,10,9.720,12.861,0.489,
20,160,-80,0,0.000,1879.319,1506.472,,,,0.000,0,0,0,0,0,0,10,12.591,12.663,0.609,
20,160,-70,0,0.000,1879.319,1506.472,,,,0.000,0,0,0,0,0,0,10,11.781,10.863,0.428,
20,160,-60,0,0.000,1879.319,1506.472,,,,0.000,0,0,0,0,0,0,10,11.110,11.544,0.566,
20,160,-50,0,0.000,1879.319,1506.472,,,,0.000,0,0,0,0,0,0,10,11.109,9.840,0.447,
20,160,-40,0,0.000,1879.319,1506.472,,,,0.000,0,0,0,0,0,0,10,9.285,14.412,0.325,
20,160,-30,0,0.000,1879.319,1506.472,,,,0.000,0,0,0,0,0,0,10,12.637,11.193,0.483,
20,160,-20,0,0.000,1879.319,1506.472,,,,0.000,0,0,0,0,0,0,10,6.513,11.517,0.571,
20,160,-10,0,0.000,1879.319,1506.472,,,,0.000,0,0,0,0,0,0,10,7.650,9.478,0.648,
20,160,0,0,0.000,1879.319,1506.472,,,,0.000,0,0,0,0,0,0,10,11.242,10.811,0.584,
20,160,10,0,0.000,1879.319,1506.472,,,,0.000,0,0,0,0,0,0,10,8.132,10.941,0.653,
20,160,20,0,0.000,1879.319,1506.472,,,,0.000,0,0,0,0,0,0,10,10.033,12.076,0.534,
20,160,30,0,0.000,1879.319,1506.472,,,,0.000,0,0,0,0,0,0,10,10.626,11.000,0.588,
20,160,40,0,0.000,1879.319,1506.472,,,,0.300,3,0,0,0,1,0,9,11.594,8.827,0.416,
20,160,50,0,0.000,1879.319,1506.472,,,,1.100,3,0,0,0,4,0,6,7.567,7.780,0.371,
20,160,60,0,0.000,1879.319,1506.472,,,,2.200,5,0,1,0,7,0,2,9.395,7.285,0.508,
20,160,70,0,0.000,1879.319,1506.472,,,,2.300,4,0,0,0,8,0,2,14.188,10.966,0.608,
20,160,80,0,0.000,1879.319,1506.472,,,,2.700,4,0,0,0,10,0,0,9.523,6.591,0.535,
20,160,90,0,0.000,1879.319,1506.472,,,,3.300,5,0,3,0,7,0,0,10.825,11.198,0.482,
20,160,100,0,0.000,1879.319,1506.472,,,,3.100,4,0,0,0,10,0,0,10.994,11.384,0.495,
20,160,110,0,0.000,1879.319,1506.472,,,,3.200,5,0,1,0,9,0,0,11.705,15.627,0.572,
20,160,120,0,0.000,1879.319,1506.472,,,,2.600,3,0,0,0,10,0,0,12.036,10.487,0.529,
20,160,130,0,0.000,1879.319,1506.472,,,,3.600,4,0,0,0,10,0,0,12.854,9.328,0.456,
20,160,140,0,0.000,1879.319,1506.472,,,,3.800,5,0,3,0,7,0,0,11.767,11.838,0.617,
20,160,150,0,0.000,1879.319,1506.472,,,,3.700,5,0,2,0,8,0,0,11.954,11.830,0.576,
20,160,160,0,0.000,1879.319,1506.472,,,,3.700,5,0,2,0,8,0,0,8.149,8.302,0.653,
20,160,170,0,0.000,1879.319,1506.472,,,,3.400,5,0,2,0,8,0,0,10.334,9.999,0.570,
20,160,180,0,0.000,1879.319,1506.472,,,,3.500,5,0,1,0,9,0,0,11.864,13.546,0.596,
20,160,190,0,0.000,1879.319,1506.472,,,,3.300,4,0,0,0,10,0,0,7.622,9.679,0.500,
20,160,200,0,0.000,1879.319,1506.472,,,,3.400,5,0,2,0,8,0,0,6.975,12.772,0.567,
20,160,210,0,0.000,1879.319,1506.472,,,,3.500,4,0,0,0,10,0,0,10.021,9.431,0.423,
20,160,220,0,0.000,1879.319,1506.472,,,,3.100,4,0,0,0,10,0,0,12.768,12.571,0.618,
20,160,230,0,0.000,1879.319,1506.472,,,,3.400,4,0,0,0,10,0,0,10.330,11.213,0.674,
20,160,240,0,0.000,1879.319,1506.472,,,,3.500,5,0,1,0,9,0,0,11.741,12.702,0.481,
20,160,250,0,0.000,1879.319,1506.472,,,,3.500,5,0,1,0,9,0,0,7.196,11.369,0.560,
20,160,260,0,0.000,1879.319,1506.472,,,,3.600,5,0,2,0,8,0,0,11.526,13.011,0.703,
20,160,270,0,0.000,1879.319,1506.472,,,,3.700,5,0,1,0,9,0,0,9.708,13.911,0.455,
20,160,280,0,0.000,1879.319,1506.472,,,,3.600,5,0,2,0,8,0,0,7.535,11.016,0.521,
20,160,290,0,0.000,1879.319,1506.472,,,,3.000,4,0,0,0,10,0,0,10.428,13.969,0.464,
20,160,300,0,0.000,1879.319,1506.472,,,,3.100,5,0,1,0,9,0,0,11.136,9.958,0.646,
20,160,310,0,0.000,1879.319,1506.472,,,,2.700,4,0,0,0,10,0,0,9.675,12.919,0.505,
20,160,320,0,0.000,1879.319,1506.472,,,,3.200,5,0,1,0,9,0,0,10.622,11.741,0.577,
20,160,330,0,10.000,1879.319,1506.472,1882.156,1505.220,3.101,2.900,5,0,1,0,8,0,0,11.908,11.367,0.421,0.000
20,160,340,0,0.000,1879.319,1506.472,,,,3.200,5,0,2,0,8,0,0,12.430,10.247,0.534,
20,160,350,0,30.000,1879.319,1506.472,1879.982,1506.258,0.697,3.300,5,0,1,0,6,0,0,12.212,8.868,0.437,0.000
20,160,360,0,40.000,1879.319,1506.472,1881.099,1505.690,1.944,2.800,5,0,1,0,5,0,0,12.795,10.196,0.611,0.000
20,160,370,0,20.000,1879.319,1506.472,1879.652,1506.372,0.348,3.100,4,0,0,0,8,0,0,10.399,13.748,0.501,0.000
20,160,380,0,50.000,1879.319,1506.472,1879.714,1506.366,0.409,2.300,3,0,0,0,5,0,0,8.813,11.781,0.454,0.000
20,160,390,0,70.000,1879.319,1506.472,1880.402,1506.053,1.162,2.400,4,0,0,0,3,0,0,10.409,11.861,0.502,0.000
20,170,-100,0,0.000,1879.319,1506.472,,,,0.000,0,0,0,0,0,0,10,9.482,11.355,0.643,
20,170,-90,0,0.000,1879.319,1506.472,,,,0.000,0,0,0,0,0,0,10,9.986,12.850,0.631,
20,170,-80,0,0.000,1879.319,1506.472,,,,0.000,0,0,0,0,0,0,10,11.941,11.378,0.479,
20,170,-70,0,0.000,1879.319,1506.472,,,,0.000,0,0,0,0,0,0,10,14.384,8.820,0.540,
20,170,-60,0,0.000,1879.319,1506.472,,,,0.000,0,0,0,0,0,0,10,9.714,13.013,0.482,
20,170,-50,0,0.000,1879.319,1506.472,,,,0.000,0,0,0,0,0,0,10,9.334,12.505,0.722,
20,170,-40,0,0.000,1879.319,1506.472,,,,0.000,0,0,0,0,0,0,10,9.306,13.040,0.654,
20,170,-30,0,0.000,1879.319,1506.472,,,,0.000,0,0,0,0,0,0,10,8.202,14.121,0.590,
20,170,-20,0,0.000,1879.319,1506.472,,,,0.000,0,0,0,0,0,0,10,14.520,12.737,0.511,
20,170,-10,0,0.000,1879.319,1506.472,,,,0.000,0,0,0,0,0,0,10,6.719,8.719,0.502,
20,170,0,0,0.000,1879.319,1506.472,,,,0.000,0,0,0,0,0,0,10,13.529,10.766,0.492,
20,170,10,0,0.000,1879.319,1506.472,,,,0.000,0,0,0,0,0,0,10,9.617,11.918,0.593,
20,170,20,0,0.000,1879.319,1506.472,,,,0.000,0,0,0,0,0,0,10,8.955,10.520,0.719,
20,170,30,0,0.000,1879.319,1506.472,,,,0.000,0,0,0,0,0,0,10,8.520,13.167,0.451,
20,170,40,0,0.000,1879.319,1506.472,,,,0.200,2,0,0,0,1,0,9,11.873,12.008,0.479,
20,170,50,0,0.000,1879.319,1506.472,,,,0.300,2,0,0,0,2,0,8,10.112,12.538,0.590,
20,170,60,0,0.000,1879.319,1506.472,,,,2.100,4,0,0,0,7,0,3,11.032,11.805,0.551,
20,170,70,0,0.000,1879.319,1506.472,,,,1.800,4,0,0,0,7,0,3,10.390,10.673,0.424,
20,170,80,0,0.000,1879.319,1506.472,,,,2.800,4,0,0,0,9,0,1,9.616,9.779,0.585,
20,170,90,0,0.000,1879.319,1506.472,,,,2.600,5,0,1,0,9,0,0,11.971,7.464,0.647,
20,170,100,0,0.000,1879.319,1506.472,,,,3.300,5,0,2,0,8,0,0,13.636,12.423,0.571,
20,170,110,0,0.000,1879.319,1506.472,,,,4.100,5,0,4,0,6,0,0,10.525,9.850,0.590,
20,170,120,0,0.000,1879.319,1506.472,,,,3.500,5,0,3,0,7,0,0,8.345,14.176,0.522,
20,170,130,0,0.000,1879.319,1506.472,,,,3.600,5,0,2,0,8,0,0,11.565,11.706,0.643,
20,170,140,0,0.000,1879.319,1506.472,,,,3.400,5,0,1,0,9,0,0,8.118,9.058,0.499,
20,170,150,0,0.000,1879.319,1506.472,,,,3.100,4,0,0,0,10,0,0,9.394,12.150,0.430,
20,170,160,0,0.000,1879.319,1506.472,,,,3.700,5,0,2,0,8,0,0,12.792,8.526,0.517,
20,170,170,0,0.000,1879.319,1506.472,,,,3.500,5,0,1,0,9,0,0,10.734,4.875,0.529,
20,170,180,0,0.000,1879.319,1506.472,,,,3.400,5,0,1,0,9,0,0,12.607,12.585,0.588,
20,170,190,0,0.000,1879.319,1506.472,,,,3.300,5,0,1,0,9,0,0,11.157,7.940,0.602,
20,170,200,0,0.000,1879.319,1506.472,,,,3.200,4,0,0,0,10,0,0,12.069,11.203,0.586,
20,170,210,0,0.000,1879.319,1506.472,,,,3.500,5,0,2,0,8,0,0,7.832,9.726,0.301,
20,170,220,0,0.000,1879.319,1506.472,,,,3.600,5,0,1,0,9,0,0,9.742,10.934,0.546,
20,170,230,0,0.000,1879.319,1506.472,,,,3.100,4,0,0,0,10,0,0,12.919,9.752,0.637,
20,170,240,0,0.000,1879.319,1506.472,,,,3.400,4,0,0,0,10,0,0,13.338,11.293,0.430,
20,170,250,0,0.000,1879.319,1506.472,,,,3.700,5,0,1,0,9,0,0,8.361,11.231,0.550,
20,170,260,0,0.000,1879.319,1506.472,,,,3.500,5,0,2,0,8,0,0,12.235,14.685,0.629,
20,170,270,0,0.000,1879.319,1506.472,,,,3.300,4,0,0,0,10,0,0,10.249,10.733,0.569,
20,170,280,0,0.000,1879.319,1506.472,,,,3.300,5,0,2,0,8,0,0,9.952,10.738,0.614,
20,170,290,0,0.000,1879.319,1506.472,,,,3.300,4,0,0,0,10,0,0,10.656,6.793,0.385,
20,170,300,0,0.000,1879.319,1506.472,,,,3.500,5,0,1,0,9,0,0,8.841,12.954,0.456,
20,170,310,0,0.000,1879.319,1506.472,,,,3.500,5,0,1,0,9,0,0,11.810,14.031,0.662,
20,170,320,0,0.000,1879.319,1506.472,,,,3.200,5,0,1,0,9,0,0,11.813,13.706,0.677,
20,170,330,0,0.000,1879.319,1506.472,,,,3.300,5,0,1,0,9,0,0,9.570,9.820,0.551,
20,170,340,0,0.000,1879.319,1506.472,,,,3.300,5,0,1,0,9,0,0,11.753,5.772,0.652,
20,170,350,0,0.000,1879.319,1506.472,,,,3.000,5,0,1,0,9,0,0,9.677,8.449,0.705,
20,170,360,0,0.000,1879.319,1506.472,,,,3.500,5,0,1,0,9,0,0,10.060,10.472,0.710,
20,170,370,0,10.000,1879.319,1506.472,1878.910,1506.769,0.506,2.800,5,0,1,0,8,0,0,11.219,12.028,0.561,0.000
20,170,380,0,0.000,1879.319,1506.472,,,,3.400,5,0,1,0,9,0,0,9.405,10.152,0.499,
20,170,390,0,50.000,1879.319,1506.472,1881.145,1505.655,2.001,2.400,3,0,0,0,5,0,0,6.108,8.798,0.660,0.000
20,180,-100,0,0.000,1879.319,1506.472,,,,0.000,0,0,0,0,0,0,10,12.435,12.146,0.578,
20,180,-90,0,0.000,1879.319,1506.472,,,,0.000,0,0,0,0,0,0,10,6.782,11.055,0.472,
20,180,-80,0,0.000,1879.319,1506.472,,,,0.000,0,0,0,0,0,0,10,9.457,11.248,0.383,
20,180,-70,0,0.000,1879.319,1506.472,,,,0.000,0,0,0,0,0,0,10,9.162,6.365,0.599,
20,180,-60,0,0.000,1879.319,1506.472,,,,0.000,0,0,0,0,0,0,10,10.039,9.347,0.596,
20,180,-50,0,0.000,1879.319,1506.472,,,,0.000,0,0,0,0,0,0,10,11.310,11.838,0.488,
20,180,-40,0,0.000,1879.319,1506.472,,,,0.000,0,0,0,0,0,0,10,10.310,11.157,0.460,
20,180,-30,0,0.000,1879.319,1506.472,,,,0.000,0,0,0,0,0,0,10,8.938,10.982,0.549,
20,180,-20,0,0.000,1879.319,1506.472,,,,0.000,0,0,0,0,0,0,10,10.540,10.986,0.411,
20,180,-10,0,0.000,1879.319,1506.472,,,,0.000,0,0,0,0,0,0,10,10.366,9.119,0.616,
20,180,0,0,0.000,1879.319,1506.472,,,,0.000,0,0,0,0,0,0,10,10.484,10.810,0.588,
20,180,10,0,0.000,1879.319,1506.472,,,,0.000,0,0,0,0,0,0,10,13.076,7.208,0.568,
20,180,20,0,0.000,1879.319,1506.472,,,,0.000,0,0,0,0,0,0,10,13.138,11.767,0.617,
20,180,30,0,0.000,1879.319,1506.472,,,,0.000,0,0,0,0,0,0,10,11.099,10.944,0.422,
20,180,40,0,0.000,1879.319,1506.472,,,,0.000,0,0,0,0,0,0,10,8.967,11.449,0.583,
20,180,50,0,0.000,1879.319,1506.472,,,,0.000,0,0,0,0,0,0,10,10.824,8.470,0.503,
20,180,60,0,0.000,1879.319,1506.472,,,,1.400,4,0,0,0,6,0,4,10.616,10.668,0.505,
20,180,70,0,0.000,1879.319,1506.472,,,,2.500,4,0,0,0,9,0,1,8.759,8.712,0.496,
20,180,80,0,0.000,1879.319,1506.472,,,,2.400,4,0,0,0,7,0,3,10.932,12.961,0.599,
20,180,90,0,0.000,1879.319,1506.472,,,,3.200,5,0,2,0,8,0,0,12.002,9.819,0.491,
20,180,100,0,0.000,1879.319,1506.472,,,,3.800,5,0,3,0,7,0,0,12.933,14.202,0.552,
20,180,110,0,0.000,1879.319,1506.472,,,,3.300,5,0,2,0,8,0,0,10.555,10.198,0.481,
20,180,120,0,0.000,1879.319,1506.472,,,,3.500,5,0,1,0,9,0,0,12.330,12.004,0.643,
20,180,130,0,0.000,1879.319,1506.472,,,,3.700,5,0,3,0,7,0,0,9.846,7.852,0.656,
20,180,140,0,0.000,1879.319,1506.472,,,,3.600,5,0,2,0,8,0,0,9.343,9.206,0.644,
20,180,150,0,0.000,1879.319,1506.472,,,,3.200,5,0,1,0,9,0,0,8.509,8.445,0.447,
20,180,160,0,0.000,1879.319,1506.472,,,,3.200,4,0,0,0,10,0,0,13.188,10.272,0.648,
20,180,170,0,0.000,1879.319,1506.472,,,,3.500,5,0,1,0,9,0,0,9.194,11.118,0.610,
20,180,180,0,0.000,1879.319,1506.472,,,,3.600,5,0,1,0,9,0,0,10.869,13.448,0.594,
20,180,190,0,0.000,1879.319,1506.472,,,,3.600,4,0,0,0,10,0,0,11.350,9.720,0.492,
20,180,200,0,0.000,1879.319,1506.472,,,,3.700,5,0,1,0,9,0,0,5.511,9.927,0.424,
20,180,210,0,0.000,1879.319,1506.472,,,,3.300,4,0,0,0,10,0,0,8.787,11.978,0.527,
20,180,220,0,0.000,1879.319,1506.472,,,,3.300,4,0,0,0,10,0,0,14.165,11.723,0.541,
20,180,230,0,0.000,1879.319,1506.472,,,,3.400,4,0,0,0,10,0,0,11.940,11.167,0.538,
20,180,240,0,0.000,1879.319,1506.472,,,,3.400,5,0,1,0,9,0,0,12.372,13.294,0.411,
20,180,250,0,0.000,1879.319,1506.472,,,,3.800,5,0,1,0,9,0,0,9.731,13.860,0.483,
20,180,260,0,0.000,1879.319,1506.472,,,,3.500,5,0,1,0,9,0,0,9.629,8.449,0.574,
20,180,270,0,0.000,1879.319,1506.472,,,,3.600,4,0,0,0,10,0,0,10.092,13.176,0.623,
20,180,280,0,0.000,1879.319,1506.472,,,,3.200,4,0,0,0,10,0,0,12.560,8.522,0.529,
20,180,290,0,0.000,1879.319,1506.472,,,,3.600,5,0,1,0,9,0,0,8.008,9.611,0.527,
20,180,300,0,0.000,1879.319,1506.472,,,,3.800,5,0,2,0,8,0,0,10.950,11.781,0.604,
20,180,310,0,0.000,1879.319,1506.472,,,,3.800,5,0,3,0,7,0,0,11.706,8.281,0.613,
20,180,320,0,0.000,1879.319,1506.472,,,,3.200,5,0,1,0,9,0,0,10.854,10.847,0.447,
20,180,330,0,0.000,1879.319,1506.472,,,,3.700,4,0,0,0,10,0,0,10.832,13.324,0.506,
20,180,340,0,0.000,1879.319,1506.472,,,,3.300,5,0,1,0,9,0,0,13.206,9.852,0.583,
20,180,350,0,0.000,1879.319,1506.472,,,,3.400,5,0,1,0,9,0,0,9.820,12.602,0.560,
20,180,360,0,0.000,1879.319,1506.472,,,,3.000,5,0,1,0,9,0,0,8.678,13.117,0.687,
20,180,370,0,0.000,1879.319,1506.472,,,,3.500,5,0,1,0,9,0,0,10.935,13.701,0.637,
20,180,380,0,0.000,1879.319,1506.472,,,,3.200,4,0,0,0,10,0,0,8.054,7.969,0.590,
20,180,390,0,10.000,1879.319,1506.472,1879.133,1506.571,0.211,3.300,5,0,1,0,8,0,0,11.914,13.257,0.620,0.000
20,190,-100,0,0.000,1879.319,1506.472,,,,0.000,0,0,0,0,0,0,10,10.689,13.820,0.637,
20,190,-90,0,0.000,1879.319,1506.472,,,,0.000,0,0,0,0,0,0,10,8.196,11.830,0.521,
20,190,-80,0,0.000,1879.319,1506.472,,,,0.000,0,0,0,0,0,0,10,10.237,10.078,0.549,
20,190,-70,0,0.000,1879.319,1506.472,,,,0.000,0,0,0,0,0,0,10,11.545,10.180,0.552,
20,190,-60,0,0.000,1879.319,1506.472,,,,0.000,0,0,0,0,0,0,10,12.927,13.297,0.548,
20,190,-50,0,0.000,1879.319,1506.472,,,,0.000,0,0,0,0,0,0,10,7.768,9.532,0.432,
20,190,-40,0,0.000,1879.319,1506.472,,,,0.000,0,0,0,0,0,0,10,10.837,12.683,0.481,
20,190,-30,0,0.000,1879.319,1506.472,,,,0.000,0,0,0,0,0,0,10,8.779,9.949,0.636,
20,190,-20,0,0.000,1879.319,1506.472,,,,0.000,0,0,0,0,0,0,10,7.672,10.325,0.401,
20,190,-10,0,0.000,1879.319,1506.472,,,,0.000,0,0,0,0,0,0,10,10.857,11.462,0.580,
20,190,0,0,0.000,1879.319,1506.472,,,,0.000,0,0,0,0,0,0,10,11.917,12.008,0.562,
20,190,10,0,0.000,1879.319,1506.472,,,,0.000,0,0,0,0,0,0,10,12.105,11.868,0.471,
20,190,20,0,0.000,1879.319,1506.472,,,,0.000,0,0,0,0,0,0,10,11.392,13.177,0.561,
20,190,30,0,0.000,1879.319,1506.472,,,,0.000,0,0,0,0,0,0,10,7.330,8.578,0.541,
20,190,40,0,0.000,1879.319,1506.472,,,,0.000,0,0,0,0,0,0,10,12.544,8.429,0.556,
20,190,50,0,0.000,1879.319,1506.472,,,,0.000,0,0,0,0,0,0,10,6.889,9.263,0.497,
20,190,60,0,0.000,1879.319,1506.472,,,,0.900,4,0,0,0,3,0,7,9.081,9.746,0.551,
20,190,70,0,0.000,1879.319,1506.472,,,,2.000,5,0,2,0,3,0,5,8.167,11.592,0.550,
20,190,80,0,0.000,1879.319,1506.472,,,,2.000,5,0,1,0,6,0,3,12.028,12.611,0.435,
20,190,90,0,0.000,1879.319,1506.472,,,,2.500,4,0,0,0,9,0,1,12.283,12.689,0.593,
20,190,100,0,0.000,1879.319,1506.472,,,,3.000,4,0,0,0,10,0,0,6.030,12.436,0.649,
20,190,110,0,0.000,1879.319,1506.472,,,,4.000,5,0,4,0,6,0,0,10.612,7.985,0.663,
20,190,120,0,0.000,1879.319,1506.472,,,,3.500,5,0,2,0,8,0,0,7.788,10.414,0.476,
20,190,130,0,0.000,1879.319,1506.472,,,,3.800,5,0,3,0,7,0,0,13.041,12.650,0.545,
20,190,140,0,0.000,1879.319,1506.472,,,,3.200,5,0,1,0,9,0,0,10.291,11.366,0.471,
20,190,150,0,0.000,1879.319,1506.472,,,,3.400,4,0,0,0,10,0,0,10.450,12.337,0.440,
20,190,160,0,0.000,1879.319,1506.472,,,,3.500,5,0,2,0,8,0,0,13.956,8.032,0.440,
20,190,170,0,0.000,1879.319,1506.472,,,,3.800,5,0,3,0,7,0,0,11.829,11.758,0.522,
20,190,180,0,0.000,1879.319,1506.472,,,,3.800,5,0,2,0,8,0,0,10.168,10.709,0.562,
20,190,190,0,0.000,1879.319,1506.472,,,,4.300,5,0,5,0,5,0,0,8.682,10.547,0.531,
20,190,200,0,0.000,1879.319,1506.472,,,,3.800,5,0,2,0,8,0,0,10.317,9.715,0.535,
20,190,210,0,0.000,1879.319,1506.472,,,,3.200,4,0,0,0,10,0,0,13.789,11.760,0.560,
20,190,220,0,0.000,1879.319,1506.472,,,,3.600,5,0,1,0,9,0,0,9.318,6.610,0.584,
20,190,230,0,0.000,1879.319,1506.472,,,,3.500,5,0,1,0,9,0,0,9.464,9.798,0.588,
20,190,240,0,0.000,1879.319,1506.472,,,,3.600,5,0,1,0,9,0,0,11.951,13.076,0.675,
20,190,250,0,0.000,1879.319,1506.472,,,,3.500,5,0,1,0,9,0,0,9.446,9.535,0.453,
20,190,260,0,0.000,1879.319,1506.472,,,,3.500,5,0,1,0,9,0,0,11.755,11.992,0.527,
20,190,270,0,0.000,1879.319,1506.472,,,,3.500,5,0,1,0,9,0,0,11.584,9.875,0.585,
20,190,280,0,0.000,1879.319,1506.472,,,,3.700,4,0,0,0,10,0,0,11.686,7.775,0.583,
20,190,290,0,0.000,1879.319,1506.472,,,,3.900,5,0,3,0,7,0,0,13.333,10.163,0.550,
20,190,300,0,0.000,1879.319,1506.472,,,,3.300,4,0,0,0,10,0,0,12.439,9.460,0.654,
20,190,310,0,0.000,1879.319,1506.472,,,,3.500,4,0,0,0,10,0,0,12.581,9.163,0.594,
20,190,320,0,0.000,1879.319,1506.472,,,,3.300,5,0,2,0,8,0,0,12.032,10.902,0.595,
20,190,330,0,0.000,1879.319,1506.472,,,,3.700,4,0,0,0,10,0,0,13.164,12.433,0.637,
20,190,340,0,0.000,1879.319,1506.472,,,,3.100,4,0,0,0,10,0,0,13.647,6.509,0.602,
20,190,350,0,0.000,1879.319,1506.472,,,,3.400,5,0,2,0,8,0,0,10.993,10.025,0.542,
20,190,360,0,0.000,1879.319,1506.472,,,,3.700,5,0,1,0,9,0,0,10.261,13.072,0.474,
20,190,370,0,0.000,1879.319,1506.472,,,,3.300,5,0,1,0,9,0,0,9.915,10.041,0.551,
20,190,380,0,0.000,1879.319,1506.472,,,,3.300,4,0,0,0,10,0,0,9.074,10.410,0.274,
20,190,390,0,0.000,1879.319,1506.472,,,,3.100,5,0,2,0,8,0,0,11.252,8.123,0.558,
20,200,-100,0,0.000,1879.319,1506.472,,,,0.000,0,0,0,0,0,0,10,10.020,9.197,0.499,
20,200,-90,0,0.000,1879.319,1506.472,,,,0.000,0,0,0,0,0,0,10,9.630,10.779,0.413,
20,200,-80,0,0.000,1879.319,1506.472,,,,0.000,0,0,0,0,0,0,10,10.454,10.087,0.502,
20,200,-70,0,0.000,1879.319,1506.472,,,,0.000,0,0,0,0,0,0,10,8.881,12.601,0.444,
20,200,-60,0,0.000,1879.319,1506.472,,,,0.000,0,0,0,0,0,0,10,13.371,9.240,0.568,
20,200,-50,0,0.000,1879.319,1506.472,,,,0.000,0,0,0,0,0,0,10,12.511,9.814,0.511,
20,200,-40,0,0.000,1879.319,1506.472,,,,0.000,0,0,0,0,0,0,10,11.338,8.963,0.423,
20,200,-30,0,0.000,1879.319,1506.472,,,,0.000,0,0,0,0,0,0,10,11.574,10.920,0.615,
20,200,-20,0,0.000,1879.319,1506.472,,,,0.000,0,0,0,0,0,0,10,9.538,10.639,0.571,
20,200,-10,0,0.000,1879.319,1506.472,,,,0.000,0,0,0,0,0,0,10,12.707,12.787,0.581,
20,200,0,0,0.000,1879.319,1506.472,,,,0.000,0,0,0,0,0,0,10,10.597,6.685,0.455,
20,200,10,0,0.000,1879.319,1506.472,,,,0.000,0,0,0,0,0,0,10,8.871,11.933,0.376,
20,200,20,0,0.000,1879.319,1506.472,,,,0.000,0,0,0,0,0,0,10,9.901,13.998,0.521,
20,200,30,0,0.000,1879.319,1506.472,,,,0.000,0,0,0,0,0,0,10,10.721,8.215,0.422,
20,200,40,0,0.000,1879.319,1506.472,,,,0.000,0,0,0,0,0,0,10,11.788,11.674,0.469,
20,200,50,0,0.000,1879.319,1506.472,,,,0.000,0,0,0,0,0,0,10,10.006,9.361,0.578,
20,200,60,0,0.000,1879.319,1506.472,,,,0.700,3,0,0,0,3,0,7,14.012,10.870,0.583,
20,200,70,0,0.000,1879.319,1506.472,,,,1.400,3,0,0,0,6,0,4,10.014,8.808,0.593,
20,200,80,0,0.000,1879.319,1506.472,,,,2.200,5,0,1,0,6,0,3,7.386,13.240,0.678,
20,200,90,0,0.000,1879.319,1506.472,,,,2.700,4,0,0,0,9,0,1,12.902,8.764,0.449,
20,200,100,0,0.000,1879.319,1506.472,,,,3.500,5,0,2,0,8,0,0,13.257,12.585,0.419,
20,200,110,0,0.000,1879.319,1506.472,,,,3.400,5,0,1,0,9,0,0,6.957,10.441,0.501,
20,200,120,0,0.000,1879.319,1506.472,,,,3.000,5,0,1,0,9,0,0,11.214,11.120,0.493,
20,200,130,0,0.000,1879.319,1506.472,,,,3.500,5,0,3,0,7,0,0,11.002,13.577,0.636,
20,200,140,0,0.000,1879.319,1506.472,,,,3.800,5,0,3,0,7,0,0,12.426,9.946,0.579,
20,200,150,0,0.000,1879.319,1506.472,,,,3.500,5,0,2,0,8,0,0,9.414,11.888,0.564,
20,200,160,0,0.000,1879.319,1506.472,,,,3.400,5,0,1,0,9,0,0,12.226,11.103,0.535,
20,200,170,0,0.000,1879.319,1506.472,,,,3.600,5,0,2,0,8,0,0,10.221,9.700,0.529,
20,200,180,0,0.000,1879.319,1506.472,,,,4.100,5,0,4,0,6,0,0,9.649,13.510,0.612,
20,200,190,0,0.000,1879.319,1506.472,,,,4.100,5,0,3,0,7,0,0,9.914,11.812,0.512,
20,200,200,0,0.000,1879.319,1506.472,,,,3.900,5,0,3,0,7,0,0,10.445,12.911,0.471,
20,200,210,0,0.000,1879.319,1506.472,,,,3.500,5,0,1,0,9,0,0,11.337,9.126,0.648,
20,200,220,0,0.000,1879.319,1506.472,,,,3.600,5,0,1,0,9,0,0,12.785,9.680,0.483,
20,200,230,0,0.000,1879.319,1506.472,,,,3.300,4,0,0,0,10,0,0,11.018,10.044,0.664,
20,200,240,0,0.000,1879.319,1506.472,,,,4.200,5,0,4,0,6,0,0,9.763,9.257,0.417,
20,200,250,0,0.000,1879.319,1506.472,,,,3.700,4,0,0,0,10,0,0,13.456,8.561,0.589,
20,200,260,0,0.000,1879.319,1506.472,,,,3.400,4,0,0,0,10,0,0,11.090,12.050,0.759,
20,200,270,0,0.000,1879.319,1506.472,,,,4.000,5,0,2,0,8,0,0,9.834,13.508,0.703,
20,200,280,0,0.000,1879.319,1506.472,,,,3.400,5,0,1,0,9,0,0,9.647,11.908,0.597,
20,200,290,0,0.000,1879.319,1506.472,,,,3.300,4,0,0,0,10,0,0,7.113,10.275,0.486,
20,200,300,0,0.000,1879.319,1506.472,,,,3.600,5,0,1,0,9,0,0,9.298,10.677,0.585,
20,200,310,0,0.000,1879.319,1506.472,,,,3.700,5,0,2,0,8,0,0,10.977,12.284,0.649,
20,200,320,0,0.000,1879.319,1506.472,,,,3.500,5,0,2,0,8,0,0,11.826,13.133,0.495,
20,200,330,0,0.000,1879.319,1506.472,,,,3.900,5,0,3,0,7,0,0,10.693,11.254,0.522,
20,200,340,0,0.000,1879.319,1506.472,,,,3.700,5,0,2,0,8,0,0,12.142,8.653,0.580,
20,200,350,0,0.000,1879.319,1506.472,,,,3.900,5,0,1,0,9,0,0,13.738,7.762,0.417,
20,200,360,0,0.000,1879.319,1506.472,,,,4.000,5,0,3,0,7,0,0,7.123,13.494,0.506,
20,200,370,0,0.000,1879.319,1506.472,,,,3.600,5,0,3,0,7,0,0,11.253,11.047,0.459,
20,200,380,0,0.000,1879.319,1506.472,,,,3.500,5,0,2,0,8,0,0,10.581,11.033,0.470,
20,200,390,0,0.000,1879.319,1506.472,,,,3.200,5,0,1,0,9,0,0,7.484,10.405,0.469,
20,210,-100,0,0.000,1879.319,1506.472,,,,0.000,0,0,0,0,0,0,10,14.002,12.023,0.371,
20,210,-90,0,0.000,1879.319,1506.472,,,,0.000,0,0,0,0,0,0,10,12.287,10.174,0.619,
20,210,-80,0,0.000,1879.319,1506.472,,,,0.000,0,0,0,0,0,0,10,11.927,9.925,0.507,
20,210,-70,0,0.000,1879.319,1506.472,,,,0.000,0,0,0,0,0,0,10,8.605,9.352,0.630,
20,210,-60,0,0.000,1879.319,1506.472,,,,0.000,0,0,0,0,0,0,10,8.495,9.505,0.518,
20,210,-50,0,0.000,1879.319,1506.472,,,,0.000,0,0,0,0,0,0,10,13.534,11.653,0.583,
20,210,-40,0,0.000,1879.319,1506.472,,,,0.000,0,0,0,0,0,0,10,11.148,9.569,0.553,
20,210,-30,0,0.000,1879.319,1506.472,,,,0.000,0,0,0,0,0,0,10,8.893,9.093,0.571,
20,210,-20,0,0.000,1879.319,1506.472,,,,0.000,0,0,0,0,0,0,10,12.242,8.754,0.687,
20,210,-10,0,0.000,1879.319,1506.472,,,,0.000,0,0,0,0,0,0,10,10.364,9.968,0.609,
20,210,0,0,0.000,1879.319,1506.472,,,,0.000,0,0,0,0,0,0,10,9.585,10.963,0.486,
20,210,10,0,0.000,1879.319,1506.472,,,,0.000,0,0,0,0,0,0,10,11.106,11.339,0.434,
20,210,20,0,0.000,1879.319,1506.472,,,,0.000,0,0,0,0,0,0,10,9.594,9.593,0.489,
20,210,30,0,0.000,1879.319,1506.472,,,,0.000,0,0,0,0,0,0,10,11.013,12.583,0.509,
20,210,40,0,0.000,1879.319,1506.472,,,,0.000,0,0,0,0,0,0,10,7.590,11.784,0.566,
20,210,50,0,0.000,1879.319,1506.472,,,,0.000,0,0,0,0,0,0,10,12.132,13.687,0.493,
20,210,60,0,0.000,1879.319,1506.472,,,,0.300,3,0,0,0,1,0,9,11.201,11.238,0.559,
20,210,70,0,0.000,1879.319,1506.472,,,,0.300,3,0,0,0,1,0,9,9.709,9.811,0.422,
20,210,80,0,0.000,1879.319,1506.472,,,,1.800,4,0,0,0,6,0,4,13.907,11.436,0.600,
20,210,90,0,0.000,1879.319,1506.472,,,,3.000,5,0,2,0,7,0,1,10.918,11.401,0.551,
20,210,100,0,0.000,1879.319,1506.472,,,,3.300,5,0,1,0,9,0,0,9.245,12.933,0.590,
20,210,110,0,0.000,1879.319,1506.472,,,,3.500,5,0,2,0,8,0,0,13.389,8.780,0.541,
20,210,120,0,0.000,1879.319,1506.472,,,,3.800,5,0,3,0,7,0,0,8.668,10.360,0.455,
20,210,130,0,0.000,1879.319,1506.472,,,,3.700,5,0,1,0,9,0,0,10.032,8.651,0.591,
20,210,140,0,0.000,1879.319,1506.472,,,,3.900,5,0,2,0,8,0,0,10.045,10.960,0.714,
20,210,150,0,0.000,1879.319,1506.472,,,,3.200,5,0,1,0,9,0,0,11.087,11.068,0.495,
20,210,160,0,0.000,1879.319,1506.472,,,,3.400,5,0,2,0,8,0,0,14.000,9.692,0.402,
20,210,170,0,0.000,1879.319,1506.472,,,,3.600,5,0,2,0,8,0,0,11.163,10.161,0.642,
20,210,180,0,0.000,1879.319,1506.472,,,,3.300,5,0,1,0,9,0,0,9.624,10.171,0.549,
20,210,190,0,0.000,1879.319,1506.472,,,,4.100,5,0,4,0,6,0,0,11.363,12.303,0.491,
20,210,200,0,0.000,1879.319,1506.472,,,,3.500,5,0,1,0,9,0,0,12.201,12.374,0.478,
20,210,210,0,0.000,1879.319,1506.472,,,,3.800,4,0,0,0,10,0,0,11.246,10.846,0.465,
20,210,220,0,0.000,1879.319,1506.472,,,,3.400,5,0,1,0,9,0,0,10.445,11.461,0.544,
20,210,230,0,0.000,1879.319,1506.472,,,,3.400,5,0,1,0,9,0,0,7.257,8.862,0.440,
20,210,240,0,0.000,1879.319,1506.472,,,,4.000,5,0,3,0,7,0,0,10.933,14.205,0.650,
20,210,250,0,0.000,1879.319,1506.472,,,,3.300,4,0,0,0,10,0,0,12.404,10.435,0.521,
20,210,260,0,0.000,1879.319,1506.472,,,,3.700,5,0,1,0,9,0,0,9.220,12.253,0.550,
20,210,270,0,0.000,1879.319,1506.472,,,,3.500,5,0,1,0,9,0,0,12.154,10.491,0.721,
20,210,280,0,0.000,1879.319,1506.472,,,,3.700,5,0,3,0,7,0,0,11.789,9.561,0.516,
20,210,290,0,0.000,1879.319,1506.472,,,,3.600,5,0,1,0,9,0,0,9.132,11.089,0.619,
20,210,300,0,0.000,1879.319,1506.472,,,,3.500,5,0,1,0,9,0,0,8.339,11.111,0.479,
20,210,310,0,0.000,1879.319,1506.472,,,,3.700,5,0,1,0,9,0,0,8.374,10.392,0.585,
20,210,320,0,0.000,1879.319,1506.472,,,,3.500,5,0,1,0,9,0,0,12.254,11.494,0.562,
20,210,330,0,0.000,1879.319,1506.472,,,,3.400,4,0,0,0,10,0,0,12.225,12.466,0.562,
20,210,340,0,0.000,1879.319,1506.472,,,,3.600,5,0,1,0,9,0,0,8.840,13.991,0.557,
20,210,350,0,0.000,1879.319,1506.472,,,,3.600,5,0,1,0,9,0,0,12.267,10.636,0.493,
20,210,360,0,0.000,1879.319,1506.472,,,,3.500,5,0,2,0,8,0,0,12.102,9.466,0.699,
20,210,370,0,0.000,1879.319,1506.472,,,,3.900,5,0,3,0,7,0,0,6.795,11.945,0.672,
20,210,380,0,0.000,1879.319,1506.472,,,,3.100,5,0,1,0,9,0,0,11.716,9.230,0.624,
20,210,390,0,0.000,1879.319,1506.472,,,,3.300,5,0,1,0,9,0,0,9.599,10.036,0.626,
20,220,-100,0,0.000,1879.319,1506.472,,,,0.000,0,0,0,0,0,0,10,13.471,10.656,0.581,
20,220,-90,0,0.000,1879.319,1506.472,,,,0.000,0,0,0,0,0,0,10,7.959,10.094,0.589,
20,220,-80,0,0.000,1879.319,1506.472,,,,0.000,0,0,0,0,0,0,10,8.868,12.605,0.598,
20,220,-70,0,0.000,1879.319,1506.472,,,,0.000,0,0,0,0,0,0,10,10.526,12.171,0.637,
20,220,-60,0,0.000,1879.319,1506.472,,,,0.000,0,0,0,0,0,0,10,12.934,10.689,0.556,
20,220,-50,0,0.000,1879.319,1506.472,,,,0.000,0,0,0,0,0,0,10,10.115,13.802,0.537,
20,220,-40,0,0.000,1879.319,1506.472,,,,0.000,0,0,0,0,0,0,10,8.999,11.833,0.488,
20,220,-30,0,0.000,1879.319,1506.472,,,,0.000,0,0,0,0,0,0,10,11.274,11.716,0.480,
20,220,-20,0,0.000,1879.319,1506.472,,,,0.000,0,0,0,0,0,0,10,12.297,9.771,0.662,
20,220,-10,0,0.000,1879.319,1506.472,,,,0.000,0,0,0,0,0,0,10,10.713,10.116,0.782,
20,220,0,0,0.000,1879.319,1506.472,,,,0.000,0,0,0,0,0,0,10,11.225,9.866,0.612,
20,220,10,0,0.000,1879.319,1506.472,,,,0.000,0,0,0,0,0,0,10,11.611,8.910,0.554,
20,220,20,0,0.000,1879.319,1506.472,,,,0.000,0,0,0,0,0,0,10,12.875,12.732,0.486,
20,220,30,0,0.000,1879.319,1506.472,,,,0.000,0,0,0,0,0,0,10,12.311,10.170,0.473,
20,220,40,0,0.000,1879.319,1506.472,,,,0.000,0,0,0,0,0,0,10,10.302,12.616,0.559,
20,220,50,0,0.000,1879.319,1506.472,,,,0.000,0,0,0,0,0,0,10,6.676,12.590,0.552,
20,220,60,0,0.000,1879.319,1506.472,,,,0.000,0,0,0,0,0,0,10,12.275,9.552,0.445,
20,220,70,0,0.000,1879.319,1506.472,,,,0.500,3,0,0,0,2,0,8,12.386,11.790,0.455,
20,220,80,0,0.000,1879.319,1506.472,,,,1.800,3,0,0,0,7,0,3,10.896,10.212,0.511,
20,220,90,0,0.000,1879.319,1506.472,,,,3.000,4,0,0,0,10,0,0,10.571,6.073,0.589,
20,220,100,0,0.000,1879.319,1506.472,,,,3.700,5,0,4,0,5,0,1,11.075,10.729,0.583,
20,220,110,0,0.000,1879.319,1506.472,,,,3.400,5,0,2,0,8,0,0,9.971,8.596,0.545,
20,220,120,0,0.000,1879.319,1506.472,,,,3.700,5,0,1,0,9,0,0,10.992,10.217,0.529,
20,220,130,0,0.000,1879.319,1506.472,,,,3.600,5,0,1,0,9,0,0,9.991,8.558,0.604,
20,220,140,0,0.000,1879.319,1506.472,,,,4.000,5,0,2,0,8,0,0,14.259,10.527,0.416,
20,220,150,0,0.000,1879.319,1506.472,,,,3.600,5,0,1,0,9,0,0,7.566,11.628,0.612,
20,220,160,0,0.000,1879.319,1506.472,,,,3.700,5,0,2,0,8,0,0,9.618,5.656,0.513,
20,220,170,0,0.000,1879.319,1506.472,,,,3.900,5,0,3,0,7,0,0,12.272,11.433,0.627,
20,220,180,0,0.000,1879.319,1506.472,,,,4.000,5,0,3,0,7,0,0,13.067,11.142,0.459,
20,220,190,0,0.000,1879.319,1506.472,,,,3.300,4,0,0,0,10,0,0,10.616,10.178,0.383,
20,220,200,0,0.000,1879.319,1506.472,,,,4.100,5,0,5,0,5,0,0,11.887,7.101,0.513,
20,220,210,0,0.000,1879.319,1506.472,,,,4.100,5,0,3,0,7,0,0,12.467,10.906,0.534,
20,220,220,0,0.000,1879.319,1506.472,,,,3.500,5,0,1,0,9,0,0,10.114,11.808,0.556,
20,220,230,0,0.000,1879.319,1506.472,,,,3.500,5,0,1,0,9,0,0,12.378,9.222,0.733,
20,220,240,0,0.000,1879.319,1506.472,,,,4.000,5,0,2,0,8,0,0,10.254,9.610,0.640,
20,220,250,0,0.000,1879.319,1506.472,,,,4.000,5,0,3,0,7,0,0,6.063,12.613,0.635,
20,220,260,0,0.000,1879.319,1506.472,,,,3.400,4,0,0,0,10,0,0,12.196,12.314,0.487,
20,220,270,0,0.000,1879.319,1506.472,,,,3.700,5,0,1,0,9,0,0,12.178,12.173,0.545,
20,220,280,0,0.000,1879.319,1506.472,,,,3.600,5,0,1,0,9,0,0,13.033,9.924,0.507,
20,220,290,0,0.000,1879.319,1506.472,,,,3.400,4,0,0,0,10,0,0,11.748,11.559,0.545,
20,220,300,0,0.000,1879.319,1506.472,,,,3.500,5,0,1,0,9,0,0,10.814,9.763,0.559,
20,220,310,0,0.000,1879.319,1506.472,,,,4.000,5,0,2,0,8,0,0,9.749,12.425,0.541,
20,220,320,0,0.000,1879.319,1506.472,,,,3.700,5,0,1,0,9,0,0,12.299,10.953,0.576,
20,220,330,0,0.000,1879.319,1506.472,,,,3.800,5,0,1,0,9,0,0,8.310,12.505,0.539,
20,220,340,0,0.000,1879.319,1506.472,,,,4.200,5,0,4,0,6,0,0,10.433,11.879,0.489,
20,220,350,0,0.000,1879.319,1506.472,,,,3.700,5,0,2,0,8,0,0,11.454,10.831,0.659,
20,220,360,0,0.000,1879.319,1506.472,,,,3.400,5,0,1,0,9,0,0,11.558,11.764,0.427,
20,220,370,0,0.000,1879.319,1506.472,,,,3.600,5,0,3,0,7,0,0,11.924,13.781,0.502,
20,220,380,0,0.000,1879.319,1506.472,,,,3.600,4,0,0,0,10,0,0,10.312,9.887,0.684,
20,220,390,0,0.000,1879.319,1506.472,,,,3.900,5,0,2,0,8,0,0,10.680,13.566,0.560,
20,230,-100,0,0.000,1879.319,1506.472,,,,0.000,0,0,0,0,0,0,10,12.372,11.378,0.409,
20,230,-90,0,0.000,1879.319,1506.472,,,,0.000,0,0,0,0,0,0,10,11.028,12.670,0.651,
20,230,-80,0,0.000,1879.319,1506.472,,,,0.000,0,0,0,0,0,0,10,11.743,11.032,0.519,
20,230,-70,0,0.000,1879.319,1506.472,,,,0.000,0,0,0,0,0,0,10,10.488,11.195,0.556,
20,230,-60,0,0.000,1879.319,1506.472,,,,0.000,0,0,0,0,0,0,10,11.428,8.427,0.596,
20,230,-50,0,0.000,1879.319,1506.472,,,,0.000,0,0,0,0,0,0,10,13.704,12.612,0.716,
20,230,-40,0,0.000,1879.319,1506.472,,,,0.000,0,0,0,0,0,0,10,10.635,11.927,0.485,
20,230,-30,0,0.000,1879.319,1506.472,,,,0.000,0,0,0,0,0,0,10,13.008,12.295,0.566,
20,230,-20,0,0.000,1879.319,1506.472,,,,0.000,0,0,0,0,0,0,10,8.756,8.142,0.609,
20,230,-10,0,0.000,1879.319,1506.472,,,,0.000,0,0,0,0,0,0,10,12.103,9.400,0.397,
20,230,0,0,0.000,1879.319,1506.472,,,,0.000,0,0,0,0,0,0,10,8.266,8.465,0.573,
20,230,10,0,0.000,1879.319,1506.472,,,,0.000,0,0,0,0,0,0,10,10.506,10.533,0.442,
20,230,20,0,0.000,1879.319,1506.472,,,,0.000,0,0,0,0,0,0,10,11.135,10.205,0.511,
20,230,30,0,0.000,1879.319,1506.472,,,,0.000,0,0,0,0,0,0,10,12.462,9.167,0.642,
20,230,40,0,0.000,1879.319,1506.472,,,,0.000,0,0,0,0,0,0,10,11.582,10.627,0.458,
20,230,50,0,0.000,1879.319,1506.472,,,,0.000,0,0,0,0,0,0,10,12.754,9.639,0.461,
20,230,60,0,0.000,1879.319,1506.472,,,,0.000,0,0,0,0,0,0,10,11.840,8.960,0.611,
20,230,70,0,0.000,1879.319,1506.472,,,,1.100,5,0,1,0,2,0,7,12.580,11.894,0.622,
20,230,80,0,0.000,1879.319,1506.472,,,,1.500,4,0,0,0,5,0,5,11.668,10.887,0.640,
20,230,90,0,0.000,1879.319,1506.472,,,,2.500,5,0,1,0,7,0,2,11.373,11.536,0.366,
20,230,100,0,0.000,1879.319,1506.472,,,,3.400,5,0,1,0,8,0,1,10.725,11.733,0.521,
20,230,110,0,0.000,1879.319,1506.472,,,,3.700,5,0,1,0,9,0,0,9.068,12.621,0.523,
20,230,120,0,0.000,1879.319,1506.472,,,,3.800,5,0,3,0,7,0,0,13.261,9.774,0.536,
20,230,130,0,0.000,1879.319,1506.472,,,,3.700,5,0,2,0,8,0,0,9.443,6.915,0.516,
20,230,140,0,0.000,1879.319,1506.472,,,,3.400,4,0,0,0,10,0,0,11.805,11.558,0.537,
20,230,150,0,0.000,1879.319,1506.472,,,,3.100,5,0,1,0,9,0,0,8.853,14.044,0.499,
20,230,160,0,0.000,1879.319,1506.472,,,,4.000,5,0,2,0,8,0,0,12.911,8.939,0.434,
20,230,170,0,0.000,1879.319,1506.472,,,,4.100,5,0,3,0,7,0,0,9.088,8.532,0.625,
20,230,180,0,0.000,1879.319,1506.472,,,,3.800,5,0,3,0,7,0,0,9.482,10.349,0.670,
20,230,190,0,0.000,1879.319,1506.472,,,,4.100,5,0,3,0,7,0,0,13.046,10.721,0.697,
20,230,200,0,0.000,1879.319,1506.472,,,,3.600,5,0,2,0,8,0,0,10.454,10.030,0.440,
20,230,210,0,0.000,1879.319,1506.472,,,,3.800,5,0,1,0,9,0,0,10.075,8.207,0.521,
20,230,220,0,0.000,1879.319,1506.472,,,,3.300,4,0,0,0,10,0,0,10.727,10.535,0.347,
20,230,230,0,0.000,1879.319,1506.472,,,,4.000,5,0,4,0,6,0,0,14.536,11.332,0.504,
20,230,240,0,0.000,1879.319,1506.472,,,,3.700,5,0,2,0,8,0,0,12.501,6.719,0.546,
20,230,250,0,0.000,1879.319,1506.472,,,,4.000,5,0,4,0,6,0,0,10.878,10.882,0.537,
20,230,260,0,0.000,1879.319,1506.472,,,,3.500,5,0,1,0,9,0,0,9.884,9.822,0.605,
20,230,270,0,0.000,1879.319,1506.472,,,,3.700,5,0,2,0,8,0,0,10.738,11.533,0.550,
20,230,280,0,0.000,1879.319,1506.472,,,,4.000,5,0,3,0,7,0,0,8.875,10.112,0.648,
20,230,290,0,0.000,1879.319,1506.472,,,,3.600,5,0,1,0,9,0,0,7.520,8.726,0.379,
20,230,300,0,0.000,1879.319,1506.472,,,,3.600,5,0,1,0,9,0,0,8.258,12.231,0.612,
20,230,310,0,0.000,1879.319,1506.472,,,,3.700,5,0,1,0,9,0,0,10.271,12.139,0.514,
20,230,320,0,0.000,1879.319,1506.472,,,,3.400,4,0,0,0,10,0,0,11.000,8.912,0.541,
20,230,330,0,0.000,1879.319,1506.472,,,,3.900,5,0,1,0,9,0,0,7.613,10.851,0.666,
20,230,340,0,0.000,1879.319,1506.472,,,,3.700,5,0,2,0,8,0,0,11.582,11.654,0.609,
20,230,350,0,0.000,1879.319,1506.472,,,,3.700,4,0,0,0,10,0,0,8.523,8.617,0.445,
20,230,360,0,0.000,1879.319,1506.472,,,,4.000,5,0,3,0,7,0,0,11.177,9.300,0.429,
20,230,370,0,0.000,1879.319,1506.472,,,,3.900,5,0,1,0,9,0,0,12.970,9.172,0.466,
20,230,380,0,0.000,1879.319,1506.472,,,,4.000,5,0,4,0,6,0,0,10.005,7.524,0.598,
20,230,390,0,0.000,1879.319,1506.472,,,,4.100,5,0,4,0,6,0,0,13.783,13.995,0.625,
20,240,-100,0,0.000,1879.319,1506.472,,,,0.000,0,0,0,0,0,0,10,10.351,8.124,0.648,
20,240,-90,0,0.000,1879.319,1506.472,,,,0.000,0,0,0,0,0,0,10,10.884,12.861,0.618,
20,240,-80,0,0.000,1879.319,1506.472,,,,0.000,0,0,0,0,0,0,10,8.204,12.158,0.421,
20,240,-70,0,0.000,1879.319,1506.472,,,,0.000,0,0,0,0,0,0,10,9.279,8.003,0.601,
20,240,-60,0,0.000,1879.319,1506.472,,,,0.000,0,0,0,0,0,0,10,14.039,13.380,0.443,
20,240,-50,0,0.000,1879.319,1506.472,,,,0.000,0,0,0,0,0,0,10,9.836,14.034,0.203,
20,240,-40,0,0.000,1879.319,1506.472,,,,0.000,0,0,0,0,0,0,10,11.935,11.349,0.591,
20,240,-30,0,0.000,1879.319,1506.472,,,,0.000,0,0,0,0,0,0,10,12.845,9.128,0.573,
20,240,-20,0,0.000,1879.319,1506.472,,,,0.000,0,0,0,0,0,0,10,11.598,9.315,0.562,
20,240,-10,0,0.000,1879.319,1506.472,,,,0.000,0,0,0,0,0,0,10,9.164,10.761,0.529,
20,240,0,0,0.000,1879.319,1506.472,,,,0.000,0,0,0,0,0,0,10,10.335,12.333,0.582,
20,240,10,0,0.000,1879.319,1506.472,,,,0.000,0,0,0,0,0,0,10,11.991,11.752,0.695,
20,240,20,0,0.000,1879.319,1506.472,,,,0.000,0,0,0,0,0,0,10,10.421,11.012,0.554,
20,240,30,0,0.000,1879.319,1506.472,,,,0.000,0,0,0,0,0,0,10,9.850,12.513,0.544,
20,240,40,0,0.000,1879.319,1506.472,,,,0.000,0,0,0,0,0,0,10,11.642,8.191,0.436,
20,240,50,0,0.000,1879.319,1506.472,,,,0.000,0,0,0,0,0,0,10,11.116,10.671,0.678,
20,240,60,0,0.000,1879.319,1506.472,,,,0.000,0,0,0,0,0,0,10,9.733,7.228,0.561,
20,240,70,0,0.000,1879.319,1506.472,,,,0.000,0,0,0,0,0,0,10,12.076,9.560,0.584,
20,240,80,0,0.000,1879.319,1506.472,,,,1.100,4,0,0,0,3,0,7,12.903,10.285,0.567,
20,240,90,0,0.000,1879.319,1506.472,,,,1.500,5,0,1,0,3,0,6,11.631,12.009,0.559,
20,240,100,0,0.000,1879.319,1506.472,,,,2.700,5,0,1,0,7,0,2,8.016,8.517,0.596,
20,240,110,0,0.000,1879.319,1506.472,,,,3.200,5,0,1,0,8,0,1,9.954,10.830,0.528,
20,240,120,0,0.000,1879.319,1506.472,,,,4.100,5,0,3,0,7,0,0,12.867,12.879,0.469,
20,240,130,0,0.000,1879.319,1506.472,,,,4.100,5,0,3,0,7,0,0,12.136,10.914,0.472,
20,240,140,0,0.000,1879.319,1506.472,,,,3.900,5,0,3,0,7,0,0,12.761,8.673,0.455,
20,240,150,0,0.000,1879.319,1506.472,,,,3.800,5,0,2,0,8,0,0,10.330,9.964,0.523,
20,240,160,0,0.000,1879.319,1506.472,,,,3.500,5,0,1,0,9,0,0,12.397,9.767,0.586,
20,240,170,0,0.000,1879.319,1506.472,,,,3.900,5,0,3,0,7,0,0,12.016,9.433,0.456,
20,240,180,0,0.000,1879.319,1506.472,,,,3.800,5,0,2,0,8,0,0,12.775,11.952,0.586,
20,240,190,0,0.000,1879.319,1506.472,,,,3.900,5,0,2,0,8,0,0,10.620,12.199,0.467,
20,240,200,0,0.000,1879.319,1506.472,,,,4.000,5,0,4,0,6,0,0,10.293,10.956,0.512,
20,240,210,0,0.000,1879.319,1506.472,,,,4.100,5,0,4,0,6,0,0,10.206,14.003,0.554,
20,240,220,0,0.000,1879.319,1506.472,,,,4.000,5,0,4,0,6,0,0,9.130,11.619,0.555,
20,240,230,0,0.000,1879.319,1506.472,,,,4.500,5,0,7,0,3,0,0,11.356,10.015,0.448,
20,240,240,0,0.000,1879.319,1506.472,,,,3.800,5,0,3,0,7,0,0,10.740,11.630,0.471,
20,240,250,0,0.000,1879.319,1506.472,,,,3.800,5,0,2,0,8,0,0,8.590,10.248,0.546,
20,240,260,0,0.000,1879.319,1506.472,,,,4.000,5,0,3,0,7,0,0,11.247,9.995,0.624,
20,240,270,0,0.000,1879.319,1506.472,,,,3.400,4,0,0,0,10,0,0,13.648,11.281,0.514,
20,240,280,0,0.000,1879.319,1506.472,,,,3.300,4,0,0,0,10,0,0,13.321,11.667,0.596,
20,240,290,0,0.000,1879.319,1506.472,,,,3.400,5,0,1,0,9,0,0,12.763,10.477,0.524,
20,240,300,0,0.000,1879.319,1506.472,,,,3.400,4,0,0,0,10,0,0,11.655,9.290,0.606,
20,240,310,0,0.000,1879.319,1506.472,,,,3.300,4,0,0,0,10,0,0,9.393,9.348,0.605,
20,240,320,0,0.000,1879.319,1506.472,,,,3.500,5,0,1,0,9,0,0,8.385,10.858,0.462,
20,240,330,0,0.000,1879.319,1506.472,,,,3.500,5,0,1,0,9,0,0,11.994,11.846,0.579,
20,240,340,0,0.000,1879.319,1506.472,,,,4.000,5,0,2,0,8,0,0,13.109,10.764,0.617,
20,240,350,0,0.000,1879.319,1506.472,,,,3.600,5,0,1,0,9,0,0,12.517,10.323,0.469,
20,240,360,0,0.000,1879.319,1506.472,,,,4.100,5,0,3,0,7,0,0,11.945,9.292,0.643,
20,240,370,0,0.000,1879.319,1506.472,,,,4.000,5,0,1,0,9,0,0,10.875,11.159,0.642,
20,240,380,0,0.000,1879.319,1506.472,,,,4.100,5,0,3,0,7,0,0,11.735,12.875,0.390,
20,240,390,0,0.000,1879.319,1506.472,,,,4.000,5,0,3,0,7,0,0,10.047,11.621,0.581,
20,250,-100,0,0.000,1879.319,1506.472,,,,0.000,0,0,0,0,0,0,10,15.531,8.241,0.567,
20,250,-90,0,0.000,1879.319,1506.472,,,,0.000,0,0,0,0,0,0,10,11.573,11.295,0.526,
20,250,-80,0,0.000,1879.319,1506.472,,,,0.000,0,0,0,0,0,0,10,7.229,10.478,0.574,
20,250,-70,0,0.000,1879.319,1506.472,,,,0.000,0,0,0,0,0,0,10,12.046,11.627,0.649,
20,250,-60,0,0.000,1879.319,1506.472,,,,0.000,0,0,0,0,0,0,10,12.562,9.949,0.440,
20,250,-50,0,0.000,1879.319,1506.472,,,,0.000,0,0,0,0,0,0,10,11.216,9.053,0.706,
20,250,-40,0,0.000,1879.319,1506.472,,,,0.000,0,0,0,0,0,0,10,12.210,11.523,0.611,
20,250,-30,0,0.000,1879.319,1506.472,,,,0.000,0,0,0,0,0,0,10,10.598,13.178,0.442,
20,250,-20,0,0.000,1879.319,1506.472,,,,0.000,0,0,0,0,0,0,10,11.869,12.056,0.376,
20,250,-10,0,0.000,1879.319,1506.472,,,,0.000,0,0,0,0,0,0,10,10.768,9.495,0.515,
20,250,0,0,0.000,1879.319,1506.472,,,,0.000,0,0,0,0,0,0,10,12.310,11.639,0.570,
20,250,10,0,0.000,1879.319,1506.472,,,,0.000,0,0,0,0,0,0,10,11.810,14.234,0.360,
20,250,20,0,0.000,1879.319,1506.472,,,,0.000,0,0,0,0,0,0,10,10.432,8.039,0.568,
20,250,30,0,0.000,1879.319,1506.472,,,,0.000,0,0,0,0,0,0,10,8.439,12.294,0.433,
20,250,40,0,0.000,1879.319,1506.472,,,,0.000,0,0,0,0,0,0,10,10.024,8.831,0.491,
20,250,50,0,0.000,1879.319,1506.472,,,,0.000,0,0,0,0,0,0,10,10.344,10.356,0.509,
20,250,60,0,0.000,1879.319,1506.472,,,,0.000,0,0,0,0,0,0,10,8.155,10.017,0.604,
20,250,70,0,0.000,1879.319,1506.472,,,,0.000,0,0,0,0,0,0,10,11.743,9.418,0.558,
20,250,80,0,0.000,1879.319,1506.472,,,,0.900,4,0,0,0,3,0,7,10.133,11.932,0.644,
20,250,90,0,0.000,1879.319,1506.472,,,,1.300,4,0,0,0,4,0,6,10.118,13.484,0.517,
20,250,100,0,0.000,1879.319,1506.472,,,,2.900,5,0,2,0,6,0,2,14.005,10.286,0.614,
20,250,110,0,0.000,1879.319,1506.472,,,,3.100,5,0,2,0,8,0,0,12.583,11.553,0.691,
20,250,120,0,0.000,1879.319,1506.472,,,,3.500,5,0,2,0,8,0,0,12.404,12.112,0.575,
20,250,130,0,0.000,1879.319,1506.472,,,,3.700,4,0,0,0,10,0,0,9.326,13.160,0.571,
20,250,140,0,0.000,1879.319,1506.472,,,,3.700,5,0,2,0,8,0,0,12.801,12.393,0.405,
20,250,150,0,0.000,1879.319,1506.472,,,,4.100,5,0,4,0,6,0,0,12.615,13.175,0.508,
20,250,160,0,0.000,1879.319,1506.472,,,,3.900,5,0,2,0,8,0,0,12.393,6.797,0.538,
20,250,170,0,0.000,1879.319,1506.472,,,,4.000,5,0,3,0,7,0,0,13.720,11.604,0.483,
20,250,180,0,0.000,1879.319,1506.472,,,,3.700,5,0,2,0,8,0,0,11.614,10.897,0.563,
20,250,190,0,0.000,1879.319,1506.472,,,,4.300,5,0,5,0,5,0,0,12.642,13.928,0.555,
20,250,200,0,0.000,1879.319,1506.472,,,,3.900,5,0,3,0,7,0,0,10.938,9.837,0.420,
20,250,210,0,0.000,1879.319,1506.472,,,,3.700,5,0,2,0,8,0,0,8.535,8.030,0.677,
20,250,220,0,0.000,1879.319,1506.472,,,,4.100,5,0,3,0,7,0,0,11.689,11.993,0.487,
20,250,230,0,0.000,1879.319,1506.472,,,,3.800,5,0,2,0,8,0,0,11.907,8.659,0.620,
20,250,240,0,0.000,1879.319,1506.472,,,,3.600,5,0,2,0,8,0,0,10.507,10.370,0.586,
20,250,250,0,0.000,1879.319,1506.472,,,,3.600,5,0,2,0,8,0,0,11.041,9.146,0.603,
20,250,260,0,0.000,1879.319,1506.472,,,,3.600,5,0,2,0,8,0,0,12.055,13.420,0.416,
20,250,270,0,0.000,1879.319,1506.472,,,,3.800,5,0,3,0,7,0,0,10.814,11.497,0.579,
20,250,280,0,0.000,1879.319,1506.472,,,,4.000,5,0,2,0,8,0,0,8.895,11.895,0.531,
20,250,290,0,0.000,1879.319,1506.472,,,,3.900,5,0,2,0,8,0,0,14.348,11.495,0.534,
20,250,300,0,0.000,1879.319,1506.472,,,,3.800,5,0,1,0,9,0,0,13.233,10.965,0.506,
20,250,310,0,0.000,1879.319,1506.472,,,,4.000,5,0,2,0,8,0,0,10.925,11.095,0.537,
20,250,320,0,0.000,1879.319,1506.472,,,,3.800,5,0,2,0,8,0,0,11.472,8.052,0.522,
20,250,330,0,0.000,1879.319,1506.472,,,,3.400,4,0,0,0,10,0,0,11.005,7.715,0.518,
20,250,340,0,0.000,1879.319,1506.472,,,,3.700,5,0,1,0,9,0,0,14.098,10.423,0.586,
20,250,350,0,0.000,1879.319,1506.472,,,,3.800,5,0,1,0,9,0,0,11.478,12.022,0.552,
20,250,360,0,0.000,1879.319,1506.472,,,,3.600,5,0,1,0,9,0,0,11.667,8.694,0.629,
20,250,370,0,0.000,1879.319,1506.472,,,,4.000,5,0,3,0,7,0,0,9.653,10.948,0.570,
20,250,380,0,0.000,1879.319,1506.472,,,,4.300,5,0,4,0,6,0,0,9.943,9.720,0.509,
20,250,390,0,0.000,1879.319,1506.472,,,,4.100,5,0,3,0,7,0,0,8.001,11.290,0.585,
20,260,-100,0,0.000,1879.319,1506.472,,,,0.000,0,0,0,0,0,0,10,7.235,10.934,0.518,
20,260,-90,0,0.000,1879.319,1506.472,,,,0.000,0,0,0,0,0,0,10,12.206,11.845,0.524,
20,260,-80,0,0.000,1879.319,1506.472,,,,0.000,0,0,0,0,0,0,10,10.028,11.404,0.603,
20,260,-70,0,0.000,1879.319,1506.472,,,,0.000,0,0,0,0,0,0,10,11.542,9.945,0.594,
20,260,-60,0,0.000,1879.319,1506.472,,,,0.000,0,0,0,0,0,0,10,8.361,11.010,0.495,
20,260,-50,0,0.000,1879.319,1506.472,,,,0.000,0,0,0,0,0,0,10,6.991,12.784,0.544,
20,260,-40,0,0.000,1879.319,1506.472,,,,0.000,0,0,0,0,0,0,10,11.272,10.185,0.575,
20,260,-30,0,0.000,1879.319,1506.472,,,,0.000,0,0,0,0,0,0,10,9.364,10.630,0.593,
20,260,-20,0,0.000,1879.319,1506.472,,,,0.000,0,0,0,0,0,0,10,9.300,12.001,0.480,
20,260,-10,0,0.000,1879.319,1506.472,,,,0.000,0,0,0,0,0,0,10,9.102,12.055,0.461,
20,260,0,0,0.000,1879.319,1506.472,,,,0.000,0,0,0,0,0,0,10,8.329,10.095,0.585,
20,260,10,0,0.000,1879.319,1506.472,,,,0.000,0,0,0,0,0,0,10,12.207,10.937,0.544,
20,260,20,0,0.000,1879.319,1506.472,,,,0.000,0,0,0,0,0,0,10,10.594,7.477,0.509,
20,260,30,0,0.000,1879.319,1506.472,,,,0.000,0,0,0,0,0,0,10,9.601,9.740,0.525,
20,260,40,0,0.000,1879.319,1506.472,,,,0.000,0,0,0,0,0,0,10,11.263,10.305,0.512,
20,260,50,0,0.000,1879.319,1506.472,,,,0.000,0,0,0,0,0,0,10,13.016,11.282,0.533,
20,260,60,0,0.000,1879.319,1506.472,,,,0.000,0,0,0,0,0,0,10,8.503,10.241,0.686,
20,260,70,0,0.000,1879.319,1506.472,,,,0.000,0,0,0,0,0,0,10,11.757,13.117,0.359,
20,260,80,0,0.000,1879.319,1506.472,,,,0.800,5,0,1,0,1,0,8,9.332,13.448,0.617,
20,260,90,0,0.000,1879.319,1506.472,,,,0.800,4,0,0,0,3,0,7,10.562,12.999,0.663,
20,260,100,0,0.000,1879.319,1506.472,,,,0.900,3,0,0,0,3,0,7,12.981,13.916,0.579,
20,260,110,0,0.000,1879.319,1506.472,,,,3.400,5,0,3,0,6,0,1,11.798,8.924,0.385,
20,260,120,0,0.000,1879.319,1506.472,,,,3.700,5,0,2,0,8,0,0,11.491,13.160,0.687,
20,260,130,0,0.000,1879.319,1506.472,,,,3.700,5,0,2,0,8,0,0,11.200,9.412,0.521,
20,260,140,0,0.000,1879.319,1506.472,,,,3.700,5,0,1,0,9,0,0,11.781,11.191,0.689,
20,260,150,0,0.000,1879.319,1506.472,,,,4.000,5,0,3,0,7,0,0,10.316,9.365,0.647,
20,260,160,0,0.000,1879.319,1506.472,,,,4.200,5,0,2,0,8,0,0,11.631,10.718,0.497,
20,260,170,0,0.000,1879.319,1506.472,,,,4.500,5,0,5,0,5,0,0,9.238,15.461,0.512,
20,260,180,0,0.000,1879.319,1506.472,,,,3.800,5,0,2,0,8,0,0,11.686,10.851,0.565,
20,260,190,0,0.000,1879.319,1506.472,,,,4.500,5,0,5,0,5,0,0,12.652,9.935,0.538,
20,260,200,0,0.000,1879.319,1506.472,,,,4.000,5,0,4,0,6,0,0,12.840,11.824,0.434,
20,260,210,0,0.000,1879.319,1506.472,,,,4.200,5,0,4,0,6,0,0,10.891,9.487,0.506,
20,260,220,0,0.000,1879.319,1506.472,,,,4.300,5,0,5,0,5,0,0,11.156,13.044,0.343,
20,260,230,0,0.000,1879.319,1506.472,,,,3.500,5,0,2,0,8,0,0,14.477,10.114,0.686,
20,260,240,0,0.000,1879.319,1506.472,,,,3.800,5,0,3,0,7,0,0,7.863,9.247,0.588,
20,260,250,0,0.000,1879.319,1506.472,,,,4.500,5,0,5,0,5,0,0,9.735,11.886,0.532,
20,260,260,0,0.000,1879.319,1506.472,,,,3.900,5,0,4,0,6,0,0,8.510,12.243,0.489,
20,260,270,0,0.000,1879.319,1506.472,,,,3.300,4,0,0,0,10,0,0,9.589,14.071,0.527,
20,260,280,0,0.000,1879.319,1506.472,,,,4.000,5,0,3,0,7,0,0,11.245,9.435,0.512,
20,260,290,0,0.000,1879.319,1506.472,,,,4.500,5,0,7,0,3,0,0,12.825,10.146,0.539,
20,260,300,0,0.000,1879.319,1506.472,,,,3.800,5,0,1,0,9,0,0,11.087,12.081,0.663,
20,260,310,0,0.000,1879.319,1506.472,,,,4.000,5,0,2,0,8,0,0,11.693,10.621,0.503,
20,260,320,0,0.000,1879.319,1506.472,,,,3.600,5,0,2,0,8,0,0,10.972,11.059,0.679,
20,260,330,0,0.000,1879.319,1506.472,,,,3.700,4,0,0,0,10,0,0,8.344,9.861,0.600,
20,260,340,0,0.000,1879.319,1506.472,,,,4.000,5,0,2,0,8,0,0,15.219,9.236,0.555,
20,260,350,0,0.000,1879.319,1506.472,,,,3.600,5,0,1,0,9,0,0,9.136,11.956,0.508,
20,260,360,0,0.000,1879.319,1506.472,,,,3.800,5,0,1,0,9,0,0,13.215,11.877,0.493,
20,260,370,0,0.000,1879.319,1506.472,,,,3.800,5,0,1,0,9,0,0,9.470,12.682,0.620,
20,260,380,0,0.000,1879.319,1506.472,,,,4.300,5,0,5,0,5,0,0,11.079,12.479,0.275,
20,260,390,0,0.000,1879.319,1506.472,,,,4.000,5,0,2,0,8,0,0,9.317,11.148,0.384,
20,270,-100,0,0.000,1879.319,1506.472,,,,0.000,0,0,0,0,0,0,10,11.506,10.924,0.558,
20,270,-90,0,0.000,1879.319,1506.472,,,,0.000,0,0,0,0,0,0,10,14.504,11.286,0.487,
20,270,-80,0,0.000,1879.319,1506.472,,,,0.000,0,0,0,0,0,0,10,8.055,8.117,0.627,
20,270,-70,0,0.000,1879.319,1506.472,,,,0.000,0,0,0,0,0,0,10,9.376,12.403,0.556,
20,270,-60,0,0.000,1879.319,1506.472,,,,0.000,0,0,0,0,0,0,10,10.519,11.381,0.521,
20,270,-50,0,0.000,1879.319,1506.472,,,,0.000,0,0,0,0,0,0,10,10.484,10.790,0.564,
20,270,-40,0,0.000,1879.319,1506.472,,,,0.000,0,0,0,0,0,0,10,7.860,10.333,0.500,
20,270,-30,0,0.000,1879.319,1506.472,,,,0.000,0,0,0,0,0,0,10,12.521,10.158,0.380,
20,270,-20,0,0.000,1879.319,1506.472,,,,0.000,0,0,0,0,0,0,10,9.337,8.397,0.564,
20,270,-10,0,0.000,1879.319,1506.472,,,,0.000,0,0,0,0,0,0,10,10.575,8.926,0.571,
20,270,0,0,0.000,1879.319,1506.472,,,,0.000,0,0,0,0,0,0,10,11.966,11.427,0.501,
20,270,10,0,0.000,1879.319,1506.472,,,,0.000,0,0,0,0,0,0,10,11.166,11.427,0.694,
20,270,20,0,0.000,1879.319,1506.472,,,,0.000,0,0,0,0,0,0,10,11.961,9.013,0.514,
20,270,30,0,0.000,1879.319,1506.472,,,,0.000,0,0,0,0,0,0,10,11.683,7.832,0.558,
20,270,40,0,0.000,1879.319,1506.472,,,,0.000,0,0,0,0,0,0,10,12.010,11.967,0.550,
20,270,50,0,0.000,1879.319,1506.472,,,,0.000,0,0,0,0,0,0,10,8.437,10.649,0.544,
20,270,60,0,0.000,1879.319,1506.472,,,,0.000,0,0,0,0,0,0,10,11.390,10.033,0.527,
20,270,70,0,0.000,1879.319,1506.472,,,,0.000,0,0,0,0,0,0,10,9.688,9.120,0.503,
20,270,80,0,0.000,1879.319,1506.472,,,,0.300,3,0,0,0,1,0,9,7.516,10.424,0.461,
20,270,90,0,0.000,1879.319,1506.472,,,,0.000,0,0,0,0,0,0,10,11.930,8.838,0.623,
20,270,100,0,0.000,1879.319,1506.472,,,,2.800,5,0,1,0,8,0,1,11.970,6.744,0.313,
20,270,110,0,0.000,1879.319,1506.472,,,,3.600,5,0,2,0,8,0,0,10.670,7.816,0.495,
20,270,120,0,0.000,1879.319,1506.472,,,,3.300,5,0,2,0,7,0,1,8.602,12.627,0.603,
20,270,130,0,0.000,1879.319,1506.472,,,,3.300,4,0,0,0,10,0,0,10.939,12.256,0.540,
20,270,140,0,0.000,1879.319,1506.472,,,,3.900,5,0,1,0,9,0,0,12.343,11.525,0.619,
20,270,150,0,0.000,1879.319,1506.472,,,,4.100,5,0,3,0,7,0,0,9.589,11.337,0.621,
20,270,160,0,0.000,1879.319,1506.472,,,,4.100,5,0,4,0,6,0,0,12.271,11.615,0.640,
20,270,170,0,0.000,1879.319,1506.472,,,,4.100,5,0,4,0,6,0,0,12.785,9.651,0.626,
20,270,180,0,0.000,1879.319,1506.472,,,,4.100,5,0,3,0,7,0,0,12.007,9.738,0.444,
20,270,190,0,0.000,1879.319,1506.472,,,,4.100,5,0,3,0,7,0,0,13.497,11.315,0.541,
20,270,200,0,0.000,1879.319,1506.472,,,,4.300,5,0,5,0,5,0,0,11.277,13.105,0.589,
20,270,210,0,0.000,1879.319,1506.472,,,,4.100,5,0,2,0,8,0,0,11.305,8.738,0.534,
20,270,220,0,0.000,1879.319,1506.472,,,,4.000,5,0,1,0,9,0,0,11.699,10.831,0.684,
20,270,230,0,0.000,1879.319,1506.472,,,,4.200,5,0,5,0,5,0,0,11.397,10.916,0.631,
20,270,240,0,0.000,1879.319,1506.472,,,,4.300,5,0,4,0,6,0,0,12.620,12.674,0.483,
20,270,250,0,0.000,1879.319,1506.472,,,,4.100,5,0,4,0,6,0,0,13.286,10.497,0.622,
20,270,260,0,0.000,1879.319,1506.472,,,,3.800,5,0,3,0,7,0,0,13.146,10.042,0.477,
20,270,270,0,0.000,1879.319,1506.472,,,,3.900,5,0,3,0,7,0,0,12.961,10.418,0.574,
20,270,280,0,0.000,1879.319,1506.472,,,,3.800,5,0,2,0,8,0,0,14.929,9.811,0.540,
20,270,290,0,0.000,1879.319,1506.472,,,,3.600,5,0,2,0,8,0,0,9.412,9.919,0.649,
20,270,300,0,0.000,1879.319,1506.472,,,,3.900,5,0,2,0,8,0,0,10.264,7.502,0.489,
20,270,310,0,0.000,1879.319,1506.472,,,,4.100,5,0,3,0,7,0,0,13.157,12.431,0.514,
20,270,320,0,0.000,1879.319,1506.472,,,,4.100,5,0,5,0,5,0,0,12.263,9.182,0.492,
20,270,330,0,0.000,1879.319,1506.472,,,,3.400,4,0,0,0,10,0,0,10.642,8.141,0.551,
20,270,340,0,0.000,1879.319,1506.472,,,,3.900,5,0,2,0,8,0,0,10.342,11.807,0.590,
20,270,350,0,0.000,1879.319,1506.472,,,,3.500,4,0,0,0,10,0,0,12.652,11.609,0.711,
20,270,360,0,0.000,1879.319,1506.472,,,,3.500,5,0,1,0,9,0,0,11.984,12.407,0.469,
20,270,370,0,0.000,1879.319,1506.472,,,,3.500,4,0,0,0,10,0,0,13.372,11.996,0.390,
20,270,380,0,0.000,1879.319,1506.472,,,,3.700,5,0,2,0,8,0,0,10.622,8.641,0.402,
20,270,390,0,0.000,1879.319,1506.472,,,,3.700,5,0,1,0,9,0,0,10.195,8.574,0.597,
20,280,-100,0,0.000,1879.319,1506.472,,,,0.000,0,0,0,0,0,0,10,10.458,13.141,0.561,
20,280,-90,0,0.000,1879.319,1506.472,,,,0.000,0,0,0,0,0,0,10,9.262,12.006,0.628,
20,280,-80,0,0.000,1879.319,1506.472,,,,0.000,0,0,0,0,0,0,10,14.723,10.361,0.505,
20,280,-70,0,0.000,1879.319,1506.472,,,,0.000,0,0,0,0,0,0,10,9.945,11.601,0.487,
20,280,-60,0,0.000,1879.319,1506.472,,,,0.000,0,0,0,0,0,0,10,11.575,9.332,0.499,
20,280,-50,0,0.000,1879.319,1506.472,,,,0.000,0,0,0,0,0,0,10,14.044,12.312,0.399,
20,280,-40,0,0.000,1879.319,1506.472,,,,0.000,0,0,0,0,0,0,10,6.987,10.610,0.537,
20,280,-30,0,0.000,1879.319,1506.472,,,,0.000,0,0,0,0,0,0,10,11.115,11.003,0.724,
20,280,-20,0,0.000,1879.319,1506.472,,,,0.000,0,0,0,0,0,0,10,13.055,10.482,0.664,
20,280,-10,0,0.000,1879.319,1506.472,,,,0.000,0,0,0,0,0,0,10,11.112,10.555,0.568,
20,280,0,0,0.000,1879.319,1506.472,,,,0.000,0,0,0,0,0,0,10,8.086,9.817,0.495,
20,280,10,0,0.000,1879.319,1506.472,,,,0.000,0,0,0,0,0,0,10,8.950,10.301,0.557,
20,280,20,0,0.000,1879.319,1506.472,,,,0.000,0,0,0,0,0,0,10,13.947,13.202,0.590,
20,280,30,0,0.000,1879.319,1506.472,,,,0.000,0,0,0,0,0,0,10,10.147,13.530,0.373,
20,280,40,0,0.000,1879.319,1506.472,,,,0.000,0,0,0,0,0,0,10,8.539,8.991,0.589,
20,280,50,0,0.000,1879.319,1506.472,,,,0.000,0,0,0,0,0,0,10,12.482,11.018,0.599,
20,280,60,0,0.000,1879.319,1506.472,,,,0.000,0,0,0,0,0,0,10,9.250,9.939,0.639,
20,280,70,0,0.000,1879.319,1506.472,,,,0.000,0,0,0,0,0,0,10,11.342,10.148,0.568,
20,280,80,0,0.000,1879.319,1506.472,,,,0.300,3,0,0,0,1,0,9,10.063,8.822,0.539,
20,280,90,0,0.000,1879.319,1506.472,,,,1.000,4,0,0,0,3,0,7,12.123,13.854,0.680,
20,280,100,0,0.000,1879.319,1506.472,,,,1.400,5,0,1,0,3,0,6,4.958,11.393,0.558,
20,280,110,0,0.000,1879.319,1506.472,,,,2.400,4,0,0,0,7,0,3,9.424,11.954,0.598,
20,280,120,0,0.000,1879.319,1506.472,,,,3.800,5,0,4,0,6,0,0,10.196,13.172,0.305,
20,280,130,0,0.000,1879.319,1506.472,,,,3.900,5,0,3,0,7,0,0,10.497,9.870,0.503,
20,280,140,0,0.000,1879.319,1506.472,,,,3.900,5,0,1,0,9,0,0,8.884,13.183,0.520,
20,280,150,0,0.000,1879.319,1506.472,,,,4.100,5,0,3,0,7,0,0,11.841,8.019,0.551,
20,280,160,0,0.000,1879.319,1506.472,,,,4.300,5,0,3,0,7,0,0,9.886,10.592,0.446,
20,280,170,0,0.000,1879.319,1506.472,,,,4.500,5,0,6,0,4,0,0,9.275,7.427,0.534,
20,280,180,0,0.000,1879.319,1506.472,,,,4.000,5,0,2,0,8,0,0,9.753,14.013,0.389,
20,280,190,0,0.000,1879.319,1506.472,,,,4.000,5,0,2,0,8,0,0,7.475,14.200,0.640,
20,280,200,0,0.000,1879.319,1506.472,,,,4.400,5,0,5,0,5,0,0,10.606,11.194,0.396,
20,280,210,0,0.000,1879.319,1506.472,,,,3.900,5,0,3,0,7,0,0,13.591,10.324,0.479,
20,280,220,0,0.000,1879.319,1506.472,,,,4.100,5,0,3,0,7,0,0,13.930,11.487,0.562,
20,280,230,0,0.000,1879.319,1506.472,,,,4.400,5,0,5,0,5,0,0,7.630,9.881,0.508,
20,280,240,0,0.000,1879.319,1506.472,,,,3.300,4,0,0,0,10,0,0,10.356,11.904,0.531,
20,280,250,0,0.000,1879.319,1506.472,,,,3.700,5,0,1,0,9,0,0,7.876,12.392,0.581,
20,280,260,0,0.000,1879.319,1506.472,,,,4.300,5,0,4,0,6,0,0,9.366,10.496,0.565,
20,280,270,0,0.000,1879.319,1506.472,,,,3.900,5,0,2,0,8,0,0,10.907,8.856,0.674,
20,280,280,0,0.000,1879.319,1506.472,,,,3.900,5,0,1,0,9,0,0,8.564,10.024,0.510,
20,280,290,0,0.000,1879.319,1506.472,,,,4.100,5,0,4,0,6,0,0,11.780,13.830,0.554,
20,280,300,0,0.000,1879.319,1506.472,,,,3.400,4,0,0,0,10,0,0,12.105,7.911,0.604,
20,280,310,0,0.000,1879.319,1506.472,,,,4.100,5,0,4,0,6,0,0,9.646,12.691,0.402,
20,280,320,0,0.000,1879.319,1506.472,,,,3.700,5,0,1,0,9,0,0,11.635,7.719,0.410,
20,280,330,0,0.000,1879.319,1506.472,,,,3.700,5,0,2,0,8,0,0,10.625,11.458,0.585,
20,280,340,0,0.000,1879.319,1506.472,,,,3.700,5,0,2,0,8,0,0,11.358,10.891,0.652,
20,280,350,0,0.000,1879.319,1506.472,,,,3.400,5,0,1,0,9,0,0,10.266,10.201,0.521,
20,280,360,0,0.000,1879.319,1506.472,,,,3.700,5,0,3,0,7,0,0,9.120,12.035,0.477,
20,280,370,0,0.000,1879.319,1506.472,,,,3.300,4,0,0,0,10,0,0,6.633,9.653,0.644,
20,280,380,0,0.000,1879.319,1506.472,,,,3.800,5,0,1,0,9,0,0,11.081,13.850,0.374,
20,280,390,0,0.000,1879.319,1506.472,,,,4.000,5,0,2,0,8,0,0,11.899,8.600,0.504,
20,290,-100,0,0.000,1879.319,1506.472,,,,0.000,0,0,0,0,0,0,10,11.448,13.750,0.526,
20,290,-90,0,0.000,1879.319,1506.472,,,,0.000,0,0,0,0,0,0,10,12.433,6.414,0.661,
20,290,-80,0,0.000,1879.319,1506.472,,,,0.000,0,0,0,0,0,0,10,10.932,13.810,0.560,
20,290,-70,0,0.000,1879.319,1506.472,,,,0.000,0,0,0,0,0,0,10,8.603,8.648,0.568,
20,290,-60,0,0.000,1879.319,1506.472,,,,0.000,0,0,0,0,0,0,10,11.837,12.438,0.635,
20,290,-50,0,0.000,1879.319,1506.472,,,,0.000,0,0,0,0,0,0,10,11.161,12.876,0.465,
20,290,-40,0,0.000,1879.319,1506.472,,,,0.000,0,0,0,0,0,0,10,11.950,6.867,0.476,
20,290,-30,0,0.000,1879.319,1506.472,,,,0.000,0,0,0,0,0,0,10,15.460,11.205,0.580,
20,290,-20,0,0.000,1879.319,1506.472,,,,0.000,0,0,0,0,0,0,10,12.092,11.186,0.501,
20,290,-10,0,0.000,1879.319,1506.472,,,,0.000,0,0,0,0,0,0,10,9.530,11.043,0.495,
20,290,0,0,0.000,1879.319,1506.472,,,,0.000,0,0,0,0,0,0,10,9.086,9.369,0.431,
20,290,10,0,0.000,1879.319,1506.472,,,,0.000,0,0,0,0,0,0,10,9.027,13.016,0.504,
20,290,20,0,0.000,1879.319,1506.472,,,,0.000,0,0,0,0,0,0,10,11.623,8.525,0.709,
20,290,30,0,0.000,1879.319,1506.472,,,,0.000,0,0,0,0,0,0,10,12.825,10.570,0.596,
20,290,40,0,0.000,1879.319,1506.472,,,,0.000,0,0,0,0,0,0,10,9.547,10.611,0.552,
20,290,50,0,0.000,1879.319,1506.472,,,,0.000,0,0,0,0,0,0,10,5.562,12.062,0.647,
20,290,60,0,0.000,1879.319,1506.472,,,,0.000,0,0,0,0,0,0,10,13.199,8.866,0.338,
20,290,70,0,0.000,1879.319,1506.472,,,,0.000,0,0,0,0,0,0,10,9.492,11.634,0.479,
20,290,80,0,0.000,1879.319,1506.472,,,,0.000,0,0,0,0,0,0,10,10.866,12.130,0.429,
20,290,90,0,0.000,1879.319,1506.472,,,,0.400,4,0,0,0,1,0,9,5.946,12.350,0.435,
20,290,100,0,0.000,1879.319,1506.472,,,,1.400,5,0,1,0,3,0,6,10.828,7.585,0.545,
20,290,110,0,0.000,1879.319,1506.472,,,,2.400,5,0,2,0,4,0,4,12.219,11.088,0.580,
20,290,120,0,0.000,1879.319,1506.472,,,,3.300,5,0,1,0,9,0,0,9.406,10.663,0.761,
20,290,130,0,0.000,1879.319,1506.472,,,,3.800,5,0,2,0,8,0,0,10.057,10.104,0.294,
20,290,140,0,0.000,1879.319,1506.472,,,,3.800,5,0,2,0,8,0,0,12.571,13.150,0.640,
20,290,150,0,0.000,1879.319,1506.472,,,,4.100,5,0,4,0,6,0,0,9.872,9.940,0.505,
20,290,160,0,0.000,1879.319,1506.472,,,,4.400,5,0,5,0,5,0,0,13.788,12.251,0.427,
20,290,170,0,0.000,1879.319,1506.472,,,,3.900,4,0,0,0,10,0,0,8.822,12.175,0.611,
20,290,180,0,0.000,1879.319,1506.472,,,,4.200,5,0,3,0,7,0,0,8.491,9.799,0.565,
20,290,190,0,0.000,1879.319,1506.472,,,,4.700,5,0,7,0,3,0,0,10.748,9.932,0.670,
20,290,200,0,0.000,1879.319,1506.472,,,,4.700,5,0,7,0,3,0,0,13.032,9.517,0.573,
20,290,210,0,0.000,1879.319,1506.472,,,,4.200,5,0,3,0,7,0,0,11.968,9.425,0.602,
20,290,220,0,0.000,1879.319,1506.472,,,,4.500,5,0,6,0,4,0,0,11.014,8.537,0.626,
20,290,230,0,0.000,1879.319,1506.472,,,,4.300,5,0,5,0,5,0,0,10.777,14.117,0.557,
20,290,240,0,0.000,1879.319,1506.472,,,,4.100,5,0,3,0,7,0,0,13.809,13.072,0.596,
20,290,250,0,0.000,1879.319,1506.472,,,,4.300,5,0,4,0,6,0,0,10.077,9.617,0.582,
20,290,260,0,0.000,1879.319,1506.472,,,,4.300,5,0,4,0,6,0,0,13.959,9.765,0.588,
20,290,270,0,0.000,1879.319,1506.472,,,,3.900,5,0,1,0,9,0,0,14.046,11.418,0.396,
20,290,280,0,0.000,1879.319,1506.472,,,,4.000,5,0,2,0,8,0,0,9.880,12.577,0.462,
20,290,290,0,0.000,1879.319,1506.472,,,,3.700,5,0,2,0,8,0,0,9.062,12.472,0.497,
20,290,300,0,0.000,1879.319,1506.472,,,,4.200,5,0,5,0,5,0,0,12.591,10.052,0.612,
20,290,310,0,0.000,1879.319,1506.472,,,,3.900,5,0,2,0,8,0,0,12.148,7.854,0.414,
20,290,320,0,0.000,1879.319,1506.472,,,,3.900,5,0,2,0,8,0,0,13.674,11.096,0.370,
20,290,330,0,0.000,1879.319,1506.472,,,,3.900,5,0,3,0,7,0,0,10.215,11.939,0.528,
20,290,340,0,0.000,1879.319,1506.472,,,,3.900,5,0,1,0,9,0,0,11.691,11.000,0.572,
20,290,350,0,0.000,1879.319,1506.472,,,,3.800,5,0,1,0,9,0,0,10.613,9.407,0.428,
20,290,360,0,0.000,1879.319,1506.472,,,,3.900,5,0,1,0,9,0,0,15.019,9.547,0.507,
20,290,370,0,0.000,1879.319,1506.472,,,,3.800,4,0,0,0,10,0,0,14.095,11.805,0.570,
20,290,380,0,0.000,1879.319,1506.472,,,,3.900,5,0,2,0,8,0,0,11.615,13.379,0.416,
20,290,390,0,0.000,1879.319,1506.472,,,,4.000,5,0,3,0,7,0,0,12.083,11.990,0.634,
30,-200,-100,0,0.000,1795.452,1534.926,,,,0.000,0,10,0,0,0,0,0,9.926,8.951,0.595,
30,-200,-90,0,0.000,1795.452,1534.926,,,,0.000,0,10,0,0,0,0,0,8.150,10.874,0.614,
30,-200,-80,0,0.000,1795.452,1534.926,,,,0.000,0,10,0,0,0,0,0,8.281,11.456,0.574,
30,-200,-70,0,0.000,1795.452,1534.926,,,,0.000,0,10,0,0,0,0,0,9.268,9.797,0.576,
30,-200,-60,0,0.000,1795.452,1534.926,,,,0.000,0,10,0,0,0,0,0,9.557,11.657,0.495,
30,-200,-50,0,0.000,1795.452,1534.926,,,,0.000,0,10,0,0,0,0,0,9.524,8.334,0.397,
30,-200,-40,0,0.000,1795.452,1534.926,,,,0.000,0,10,0,0,0,0,0,8.830,10.660,0.557,
30,-200,-30,0,0.000,1795.452,1534.926,,,,0.000,0,10,0,0,0,0,0,9.789,11.037,0.582,
30,-200,-20,0,0.000,1795.452,1534.926,,,,0.000,0,10,0,0,0,0,0,11.413,8.697,0.543,
30,-200,-10,0,0.000,1795.452,1534.926,,,,0.000,0,10,0,0,0,0,0,9.189,12.646,0.592,
30,-200,0,0,0.000,1795.452,1534.926,,,,0.000,0,10,0,0,0,0,0,13.033,12.589,0.711,
30,-200,10,0,0.000,1795.452,1534.926,,,,0.000,0,10,0,0,0,0,0,7.039,11.036,0.573,
30,-200,20,0,0.000,1795.452,1534.926,,,,0.000,0,10,0,0,0,0,0,11.450,9.812,0.488,
30,-200,30,0,0.000,1795.452,1534.926,,,,0.000,0,10,0,0,0,0,0,11.702,8.916,0.611,
30,-200,40,0,0.000,1795.452,1534.926,,,,0.000,0,10,0,0,0,0,0,12.579,10.258,0.504,
30,-200,50,0,0.000,1795.452,1534.926,,,,0.000,0,10,0,0,0,0,0,10.270,11.607,0.532,
30,-200,60,0,0.000,1795.452,1534.926,,,,0.000,0,10,0,0,0,0,0,12.500,12.025,0.410,
30,-200,70,0,0.000,1795.452,1534.926,,,,0.000,0,10,0,0,0,0,0,11.183,9.658,0.444,
30,-200,80,0,0.000,1795.452,1534.926,,,,0.000,0,9,0,0,0,0,1,11.077,11.919,0.684,
30,-200,90,0,0.000,1795.452,1534.926,,,,0.000,0,9,0,0,0,0,1,10.522,11.522,0.619,
30,-200,100,0,0.000,1795.452,1534.926,,,,0.000,0,8,0,0,0,0,2,8.881,12.909,0.597,
30,-200,110,0,0.000,1795.452,1534.926,,,,0.000,0,6,0,0,0,0,4,9.723,12.295,0.570,
30,-200,120,0,0.000,1795.452,1534.926,,,,0.000,0,5,0,0,0,0,5,13.589,8.435,0.332,
30,-200,130,0,0.000,1795.452,1534.926,,,,0.000,0,6,0,0,0,0,4,11.983,7.248,0.643,
30,-200,140,0,0.000,1795.452,1534.926,,,,0.000,0,2,0,0,0,0,8,13.489,10.315,0.675,
30,-200,150,0,0.000,1795.452,1534.926,,,,0.000,0,1,0,0,0,0,9,10.756,11.841,0.484,
30,-200,160,0,0.000,1795.452,1534.926,,,,0.000,0,0,0,0,0,0,10,8.715,9.060,0.465,
30,-200,170,0,0.000,1795.452,1534.926,,,,0.000,0,0,0,0,0,0,10,12.112,12.357,0.454,
30,-200,180,0,0.000,1795.452,1534.926,,,,0.000,0,0,0,0,0,0,10,11.007,13.819,0.532,
30,-200,190,0,0.000,1795.452,1534.926,,,,0.000,0,0,0,0,0,0,10,10.373,11.511,0.551,
30,-200,200,0,0.000,1795.452,1534.926,,,,0.000,0,0,0,0,0,0,10,11.415,10.302,0.370,
30,-200,210,0,0.000,1795.452,1534.926,,,,0.000,0,0,0,0,0,0,10,7.810,11.467,0.457,
30,-200,220,0,0.000,1795.452,1534.926,,,,0.000,0,0,0,0,0,0,10,9.285,11.216,0.498,
30,-200,230,0,0.000,1795.452,1534.926,,,,0.000,0,0,0,0,0,0,10,9.553,10.528,0.577,
30,-200,240,0,0.000,1795.452,1534.926,,,,0.000,0,0,0,0,0,0,10,8.314,7.792,0.324,
30,-200,250,0,0.000,1795.452,1534.926,,,,0.000,0,0,0,0,0,0,10,12.809,7.091,0.590,
30,-200,260,0,0.000,1795.452,1534.926,,,,0.000,0,0,0,0,0,0,10,12.578,10.009,0.568,
30,-200,270,0,0.000,1795.452,1534.926,,,,0.000,0,0,0,0,0,0,10,12.507,8.603,0.403,
30,-200,280,0,0.000,1795.452,1534.926,,,,0.000,0,0,0,0,0,0,10,9.408,11.779,0.574,
30,-200,290,0,0.000,1795.452,1534.926,,,,0.000,0,0,0,0,0,0,10,10.831,10.054,0.610,
30,-200,300,0,0.000,1795.452,1534.926,,,,0.000,0,0,0,0,0,0,10,12.482,12.418,0.368,
30,-200,310,0,0.000,1795.452,1534.926,,,,0.000,0,0,0,0,0,0,10,10.203,9.772,0.464,
30,-200,320,0,0.000,1795.452,1534.926,,,,0.000,0,0,0,0,0,0,8,11.386,8.654,0.471,
30,-200,330,0,0.000,1795.452,1534.926,,,,0.000,0,0,0,0,0,0,7,8.429,12.840,0.538,
30,-200,340,0,0.000,1795.452,1534.926,,,,0.000,0,0,0,0,0,0,5,11.736,12.421,0.571,
30,-200,350,0,0.000,1795.452,1534.926,,,,0.000,0,0,0,0,0,0,3,11.869,11.297,0.458,
30,-200,360,0,0.000,1795.452,1534.926,,,,0.000,0,0,0,0,0,0,2,11.754,11.106,0.560,
30,-200,370,0,0.000,1795.452,1534.926,,,,0.000,0,0,0,1,0,0,3,12.123,11.762,0.422,
30,-200,380,0,0.000,1795.452,1534.926,,,,0.000,0,0,0,4,0,0,0,8.768,11.520,0.566,
30,-200,390,0,0.000,1795.452,1534.926,,,,0.000,0,0,0,1,0,0,1,10.214,6.398,0.671,
30,-190,-100,0,0.000,1795.452,1534.926,,,,0.000,0,10,0,0,0,0,0,13.250,7.890,0.633,
30,-190,-90,0,0.000,1795.452,1534.926,,,,0.000,0,10,0,0,0,0,0,9.259,11.957,0.474,
30,-190,-80,0,0.000,1795.452,1534.926,,,,0.000,0,10,0,0,0,0,0,10.793,13.866,0.396,
30,-190,-70,0,0.000,1795.452,1534.926,,,,0.000,0,10,0,0,0,0,0,13.574,9.840,0.500,
30,-190,-60,0,0.000,1795.452,1534.926,,,,0.000,0,10,0,0,0,0,0,12.362,13.127,0.573,
30,-190,-50,0,0.000,1795.452,1534.926,,,,0.000,0,10,0,0,0,0,0,8.511,11.108,0.545,
30,-190,-40,0,0.000,1795.452,1534.926,,,,0.000,0,10,0,0,0,0,0,10.082,11.505,0.632,
30,-190,-30,0,0.000,1795.452,1534.926,,,,0.000,0,10,0,0,0,0,0,7.821,10.663,0.529,
30,-190,-20,0,0.000,1795.452,1534.926,,,,0.000,0,10,0,0,0,0,0,12.359,11.786,0.590,
30,-190,-10,0,0.000,1795.452,1534.926,,,,0.000,0,10,0,0,0,0,0,11.459,9.614,0.621,
30,-190,0,0,0.000,1795.452,1534.926,,,,0.000,0,10,0,0,0,0,0,10.753,10.480,0.608,
30,-190,10,0,0.000,1795.452,1534.926,,,,0.000,0,10,0,0,0,0,0,11.007,11.413,0.580,
30,-190,20,0,0.000,1795.452,1534.926,,,,0.000,0,10,0,0,0,0,0,9.490,12.863,0.651,
30,-190,30,0,0.000,1795.452,1534.926,,,,0.000,0,10,0,0,0,0,0,10.068,10.480,0.578,
30,-190,40,0,0.000,1795.452,1534.926,,,,0.000,0,10,0,0,0,0,0,12.680,10.582,0.605,
30,-190,50,0,0.000,1795.452,1534.926,,,,0.000,0,10,0,0,0,0,0,10.758,11.419,0.495,
30,-190,60,0,0.000,1795.452,1534.926,,,,0.000,0,9,0,0,0,0,1,12.009,13.269,0.586,
30,-190,70,0,0.000,1795.452,1534.926,,,,0.000,0,10,0,0,0,0,0,12.167,9.872,0.648,
30,-190,80,0,0.000,1795.452,1534.926,,,,0.000,0,7,0,0,0,0,3,10.906,11.961,0.468,
30,-190,90,0,0.000,1795.452,1534.926,,,,0.000,0,6,0,0,0,0,4,10.776,8.562,0.580,
30,-190,100,0,0.000,1795.452,1534.926,,,,0.000,0,8,0,0,0,0,2,8.595,13.299,0.580,
30,-190,110,0,0.000,1795.452,1534.926,,,,0.000,0,2,0,0,0,0,8,12.037,12.787,0.635,
30,-190,120,0,0.000,1795.452,1534.926,,,,0.000,0,2,0,0,0,0,8,10.200,10.679,0.459,
30,-190,130,0,0.000,1795.452,1534.926,,,,0.000,0,0,0,0,0,0,10,9.879,8.849,0.369,
30,-190,140,0,0.000,1795.452,1534.926,,,,0.000,0,1,0,0,0,0,9,12.540,7.200,0.570,
30,-190,150,0,0.000,1795.452,1534.926,,,,0.000,0,1,0,0,0,0,9,13.593,13.576,0.385,
30,-190,160,0,0.000,1795.452,1534.926,,,,0.000,0,0,0,0,0,0,10,11.995,13.284,0.598,
30,-190,170,0,0.000,1795.452,1534.926,,,,0.000,0,0,0,0,0,0,10,11.742,11.816,0.716,
30,-190,180,0,0.000,1795.452,1534.926,,,,0.000,0,0,0,0,0,0,10,8.767,13.621,0.571,
30,-190,190,0,0.000,1795.452,1534.926,,,,0.000,0,0,0,0,0,0,10,11.027,10.125,0.437,
30,-190,200,0,0.000,1795.452,1534.926,,,,0.000,0,0,0,0,0,0,10,11.009,10.794,0.519,
30,-190,210,0,0.000,1795.452,1534.926,,,,0.000,0,0,0,0,0,0,10,12.060,13.292,0.567,
30,-190,220,0,0.000,1795.452,1534.926,,,,0.000,0,0,0,0,0,0,10,8.492,10.684,0.606,
30,-190,230,0,0.000,1795.452,1534.926,,,,0.000,0,0,0,0,0,0,10,11.552,6.752,0.663,
30,-190,240,0,0.000,1795.452,1534.926,,,,0.000,0,0,0,0,0,0,10,10.156,10.161,0.502,
30,-190,250,0,0.000,1795.452,1534.926,,,,0.000,0,0,0,0,0,0,10,8.077,9.210,0.509,
30,-190,260,0,0.000,1795.452,1534.926,,,,0.000,0,0,0,0,0,0,10,10.127,8.932,0.580,
30,-190,270,0,0.000,1795.452,1534.926,,,,0.000,0,0,0,0,0,0,10,8.741,11.936,0.648,
30,-190,280,0,0.000,1795.452,1534.926,,,,0.000,0,0,0,0,0,0,10,10.799,11.988,0.565,
30,-190,290,0,0.000,1795.452,1534.926,,,,0.000,0,0,0,0,0,0,8,11.474,12.581,0.538,
30,-190,300,0,0.000,1795.452,1534.926,,,,0.000,0,0,0,0,0,0,8,9.220,12.153,0.591,
30,-190,310,0,0.000,1795.452,1534.926,,,,0.000,0,0,0,0,0,0,10,8.628,11.101,0.689,
30,-190,320,0,0.000,1795.452,1534.926,,,,0.000,0,0,0,0,0,0,9,8.645,8.536,0.576,
30,-190,330,0,0.000,1795.452,1534.926,,,,0.000,0,0,0,0,0,0,5,14.434,8.535,0.545,
30,-190,340,0,0.000,1795.452,1534.926,,,,0.000,0,0,0,0,0,0,6,12.150,13.945,0.535,
30,-190,350,0,0.000,1795.452,1534.926,,,,0.000,0,0,0,1,0,0,2,12.793,11.502,0.462,
30,-190,360,0,0.000,1795.452,1534.926,,,,0.000,0,0,0,0,0,0,2,9.707,8.613,0.640,
30,-190,370,0,0.000,1795.452,1534.926,,,,0.000,0,0,0,1,0,0,0,10.487,11.347,0.631,
30,-190,380,0,0.000,1795.452,1534.926,,,,0.000,0,0,0,3,0,0,0,10.488,11.058,0.609,
30,-190,390,0,10.000,1795.452,1534.926,1795.141,1535.344,0.521,0.000,0,0,0,1,0,1,0,10.849,11.955,0.565,0.000
30,-180,-100,0,0.000,1795.452,1534.926,,,,0.000,0,10,0,0,0,0,0,14.151,11.391,0.575,
30,-180,-90,0,0.000,1795.452,1534.926,,,,0.000,0,10,0,0,0,0,0,8.839,11.346,0.592,
30,-180,-80,0,0.000,1795.452,1534.926,,,,0.000,0,10,0,0,0,0,0,10.547,10.486,0.640,
30,-180,-70,0,0.000,1795.452,1534.926,,,,0.000,0,10,0,0,0,0,0,14.023,13.047,0.470,
30,-180,-60,0,0.000,1795.452,1534.926,,,,0.000,0,10,0,0,0,0,0,7.229,11.581,0.448,
30,-180,-50,0,0.000,1795.452,1534.926,,,,0.000,0,10,0,0,0,0,0,12.274,11.579,0.466,
30,-180,-40,0,0.000,1795.452,1534.926,,,,0.000,0,10,0,0,0,0,0,13.003,12.285,0.659,
30,-180,-30,0,0.000,1795.452,1534.926,,,,0.000,0,10,0,0,0,0,0,9.338,12.682,0.453,
30,-180,-20,0,0.000,1795.452,1534.926,,,,0.000,0,10,0,0,0,0,0,10.242,10.244,0.493,
30,-180,-10,0,0.000,1795.452,1534.926,,,,0.000,0,10,0,0,0,0,0,8.202,13.780,0.643,
30,-180,0,0,0.000,1795.452,1534.926,,,,0.000,0,10,0,0,0,0,0,9.991,10.125,0.678,
30,-180,10,0,0.000,1795.452,1534.926,,,,0.000,0,10,0,0,0,0,0,9.739,14.147,0.619,
30,-180,20,0,0.000,1795.452,1534.926,,,,0.000,0,10,0,0,0,0,0,9.252,5.707,0.525,
30,-180,30,0,0.000,1795.452,1534.926,,,,0.000,0,10,0,0,0,0,0,11.454,11.331,0.415,
30,-180,40,0,0.000,1795.452,1534.926,,,,0.000,0,10,0,0,0,0,0,11.304,9.868,0.377,
30,-180,50,0,0.000,1795.452,1534.926,,,,0.000,0,8,0,0,0,0,2,11.516,13.571,0.469,
30,-180,60,0,0.000,1795.452,1534.926,,,,0.000,0,9,0,0,0,0,1,12.824,12.808,0.520,
30,-180,70,0,0.000,1795.452,1534.926,,,,0.000,0,8,0,0,0,0,2,11.683,11.528,0.564,
30,-180,80,0,0.000,1795.452,1534.926,,,,0.000,0,5,0,0,0,0,5,11.657,11.682,0.659,
30,-180,90,0,0.000,1795.452,1534.926,,,,0.000,0,7,0,0,0,0,3,13.434,8.206,0.582,
30,-180,100,0,0.000,1795.452,1534.926,,,,0.000,0,3,0,0,0,0,7,9.321,8.596,0.505,
30,-180,110,0,0.000,1795.452,1534.926,,,,0.000,0,1,0,0,0,0,9,9.615,11.697,0.758,
30,-180,120,0,0.000,1795.452,1534.926,,,,0.000,0,0,0,0,0,0,10,10.402,7.975,0.417,
30,-180,130,0,0.000,1795.452,1534.926,,,,0.000,0,0,0,0,0,0,10,10.940,8.292,0.665,
30,-180,140,0,0.000,1795.452,1534.926,,,,0.000,0,0,0,0,0,0,10,12.496,8.407,0.620,
30,-180,150,0,0.000,1795.452,1534.926,,,,0.000,0,0,0,0,0,0,10,13.203,10.821,0.521,
30,-180,160,0,0.000,1795.452,1534.926,,,,0.000,0,0,0,0,0,0,10,13.230,11.837,0.538,
30,-180,170,0,0.000,1795.452,1534.926,,,,0.000,0,0,0,0,0,0,10,6.284,9.399,0.571,
30,-180,180,0,0.000,1795.452,1534.926,,,,0.000,0,0,0,0,0,0,10,12.103,14.979,0.654,
30,-180,190,0,0.000,1795.452,1534.926,,,,0.000,0,0,0,0,0,0,10,10.953,13.305,0.628,
30,-180,200,0,0.000,1795.452,1534.926,,,,0.000,0,0,0,0,0,0,10,15.594,9.161,0.492,
30,-180,210,0,0.000,1795.452,1534.926,,,,0.000,0,0,0,0,0,0,10,12.034,8.204,0.419,
30,-180,220,0,0.000,1795.452,1534.926,,,,0.000,0,0,0,0,0,0,10,12.334,10.810,0.555,
30,-180,230,0,0.000,1795.452,1534.926,,,,0.000,0,0,0,0,0,0,10,7.716,10.186,0.486,
30,-180,240,0,0.000,1795.452,1534.926,,,,0.000,0,0,0,0,0,0,10,9.115,13.625,0.762,
30,-180,250,0,0.000,1795.452,1534.926,,,,0.000,0,0,0,0,0,0,10,10.717,12.559,0.681,
30,-180,260,0,0.000,1795.452,1534.926,,,,0.000,0,0,0,0,0,0,10,8.186,10.335,0.528,
30,-180,270,0,0.000,1795.452,1534.926,,,,0.000,0,0,0,0,0,0,10,12.889,9.202,0.571,
30,-180,280,0,0.000,1795.452,1534.926,,,,0.000,0,0,0,0,0,0,9,9.871,10.493,0.369,
30,-180,290,0,0.000,1795.452,1534.926,,,,0.000,0,0,0,0,0,0,8,8.586,13.054,0.527,
30,-180,300,0,0.000,1795.452,1534.926,,,,0.000,0,0,0,0,0,0,6,11.493,12.037,0.592,
30,-180,310,0,0.000,1795.452,1534.926,,,,0.000,0,0,0,0,0,0,6,11.879,11.014,0.603,
30,-180,320,0,0.000,1795.452,1534.926,,,,0.000,0,0,0,0,0,0,6,10.929,13.355,0.649,
30,-180,330,0,0.000,1795.452,1534.926,,,,0.000,0,0,0,0,0,0,5,13.665,11.189,0.580,
30,-180,340,0,0.000,1795.452,1534.926,,,,0.000,0,0,0,1,0,0,2,8.486,10.557,0.553,
30,-180,350,0,0.000,1795.452,1534.926,,,,0.000,0,0,0,0,0,0,0,10.025,7.486,0.575,
30,-180,360,0,0.000,1795.452,1534.926,,,,0.000,0,0,0,0,0,0,0,6.047,10.650,0.549,
30,-180,370,0,0.000,1795.452,1534.926,,,,0.000,0,0,0,3,0,0,0,9.509,12.092,0.572,
30,-180,380,0,0.000,1795.452,1534.926,,,,0.000,0,0,0,3,0,0,0,10.187,11.366,0.530,
30,-180,390,0,10.000,1795.452,1534.926,1795.150,1535.266,0.455,0.000,0,0,0,2,0,0,0,11.281,10.133,0.308,0.000
30,-170,-100,0,0.000,1795.452,1534.926,,,,0.000,0,10,0,0,0,0,0,13.667,15.106,0.647,
30,-170,-90,0,0.000,1795.452,1534.926,,,,0.000,0,10,0,0,0,0,0,9.891,10.965,0.619,
30,-170,-80,0,0.000,1795.452,1534.926,,,,0.000,0,10,0,0,0,0,0,9.367,9.485,0.472,
30,-170,-70,0,0.000,1795.452,1534.926,,,,0.000,0,10,0,0,0,0,0,11.252,14.436,0.710,
30,-170,-60,0,0.000,1795.452,1534.926,,,,0.000,0,10,0,0,0,0,0,11.730,8.914,0.407,
30,-170,-50,0,0.000,1795.452,1534.926,,,,0.000,0,10,0,0,0,0,0,11.314,9.971,0.637,
30,-170,-40,0,0.000,1795.452,1534.926,,,,0.000,0,10,0,0,0,0,0,11.446,8.790,0.466,
30,-170,-30,0,0.000,1795.452,1534.926,,,,0.000,0,10,0,0,0,0,0,12.645,12.236,0.574,
30,-170,-20,0,0.000,1795.452,1534.926,,,,0.000,0,10,0,0,0,0,0,9.616,9.187,0.381,
30,-170,-10,0,0.000,1795.452,1534.926,,,,0.000,0,10,0,0,0,0,0,10.641,10.269,0.508,
30,-170,0,0,0.000,1795.452,1534.926,,,,0.000,0,10,0,0,0,0,0,10.744,11.275,0.715,
30,-170,10,0,0.000,1795.452,1534.926,,,,0.000,0,10,0,0,0,0,0,10.942,12.106,0.490,
30,-170,20,0,0.000,1795.452,1534.926,,,,0.000,0,10,0,0,0,0,0,12.566,11.014,0.609,
30,-170,30,0,0.000,1795.452,1534.926,,,,0.000,0,10,0,0,0,0,0,11.044,9.567,0.569,
30,-170,40,0,0.000,1795.452,1534.926,,,,0.000,0,9,0,0,0,0,1,11.904,9.980,0.495,
30,-170,50,0,0.000,1795.452,1534.926,,,,0.000,0,9,0,0,0,0,1,9.140,11.902,0.541,
30,-170,60,0,0.000,1795.452,1534.926,,,,0.000,0,6,0,0,0,0,4,11.593,8.197,0.611,
30,-170,70,0,0.000,1795.452,1534.926,,,,0.000,0,6,0,0,0,0,4,12.327,9.986,0.375,
30,-170,80,0,0.000,1795.452,1534.926,,,,0.000,0,3,0,0,0,0,7,10.532,11.197,0.515,
30,-170,90,0,0.000,1795.452,1534.926,,,,0.000,0,4,0,0,0,0,6,7.045,12.548,0.717,
30,-170,100,0,0.000,1795.452,1534.926,,,,0.000,0,1,0,0,0,0,9,10.803,8.463,0.546,
30,-170,110,0,0.000,1795.452,1534.926,,,,0.000,0,1,0,0,0,0,9,12.722,10.225,0.570,
30,-170,120,0,0.000,1795.452,1534.926,,,,0.000,0,0,0,0,0,0,10,10.459,6.525,0.558,
30,-170,130,0,0.000,1795.452,1534.926,,,,0.000,0,0,0,0,0,0,10,11.752,11.243,0.390,
30,-170,140,0,0.000,1795.452,1534.926,,,,0.000,0,0,0,0,0,0,10,10.391,9.585,0.382,
30,-170,150,0,0.000,1795.452,1534.926,,,,0.000,0,0,0,0,0,0,10,11.643,11.551,0.409,
30,-170,160,0,0.000,1795.452,1534.926,,,,0.000,0,0,0,0,0,0,10,10.224,8.810,0.508,
30,-170,170,0,0.000,1795.452,1534.926,,,,0.000,0,0,0,0,0,0,10,11.840,9.864,0.522,
30,-170,180,0,0.000,1795.452,1534.926,,,,0.000,0,0,0,0,0,0,10,8.062,11.251,0.462,
30,-170,190,0,0.000,1795.452,1534.926,,,,0.000,0,0,0,0,0,0,10,10.670,10.692,0.566,
30,-170,200,0,0.000,1795.452,1534.926,,,,0.000,0,0,0,0,0,0,10,11.597,10.691,0.420,
30,-170,210,0,0.000,1795.452,1534.926,,,,0.000,0,0,0,0,0,0,10,8.332,7.648,0.437,
30,-170,220,0,0.000,1795.452,1534.926,,,,0.000,0,0,0,0,0,0,10,11.195,10.472,0.408,
30,-170,230,0,0.000,1795.452,1534.926,,,,0.000,0,0,0,0,0,0,10,9.105,10.503,0.560,
30,-170,240,0,0.000,1795.452,1534.926,,,,0.000,0,0,0,0,0,0,10,11.926,10.712,0.515,
30,-170,250,0,0.000,1795.452,1534.926,,,,0.000,0,0,0,0,0,0,10,10.592,11.199,0.541,
30,-170,260,0,0.000,1795.452,1534.926,,,,0.000,0,0,0,0,0,0,10,11.803,8.060,0.385,
30,-170,270,0,0.000,1795.452,1534.926,,,,0.000,0,0,0,0,0,0,8,11.754,12.628,0.469,
30,-170,280,0,0.000,1795.452,1534.926,,,,0.000,0,0,0,0,0,0,8,13.310,13.139,0.453,
30,-170,290,0,0.000,1795.452,1534.926,,,,0.000,0,0,0,0,0,0,6,9.941,12.251,0.437,
30,-170,300,0,0.000,1795.452,1534.926,,,,0.000,0,0,0,0,0,0,5,12.235,14.097,0.494,
30,-170,310,0,0.000,1795.452,1534.926,,,,0.000,0,0,0,0,0,0,5,11.257,12.761,0.601,
30,-170,320,0,0.000,1795.452,1534.926,,,,0.000,0,0,0,0,0,0,1,11.675,11.478,0.602,
30,-170,330,0,0.000,1795.452,1534.926,,,,0.000,0,0,0,0,0,0,1,11.450,9.683,0.392,
30,-170,340,0,0.000,1795.452,1534.926,,,,0.000,0,0,0,2,0,0,0,7.572,9.077,0.412,
30,-170,350,0,0.000,1795.452,1534.926,,,,0.000,0,0,0,1,0,0,0,8.561,11.129,0.566,
30,-170,360,0,0.000,1795.452,1534.926,,,,0.000,0,0,0,8,0,0,0,10.316,10.231,0.385,
30,-170,370,0,0.000,1795.452,1534.926,,,,0.000,0,0,0,5,0,0,0,11.034,9.693,0.640,
30,-170,380,0,0.000,1795.452,1534.926,,,,0.000,0,0,0,3,0,1,0,8.780,11.787,0.665,
30,-170,390,0,30.000,1795.452,1534.926,1795.118,1535.285,0.491,0.000,0,0,0,0,0,1,0,10.043,12.312,0.539,0.000
30,-160,-100,0,0.000,1795.452,1534.926,,,,0.000,0,10,0,0,0,0,0,9.180,13.134,0.611,
30,-160,-90,0,0.000,1795.452,1534.926,,,,0.000,0,10,0,0,0,0,0,11.521,8.041,0.610,
30,-160,-80,0,0.000,1795.452,1534.926,,,,0.000,0,10,0,0,0,0,0,12.673,10.795,0.512,
30,-160,-70,0,0.000,1795.452,1534.926,,,,0.000,0,10,0,0,0,0,0,11.746,13.154,0.597,
30,-160,-60,0,0.000,1795.452,1534.926,,,,0.000,0,10,0,0,0,0,0,9.328,10.419,0.512,
30,-160,-50,0,0.000,1795.452,1534.926,,,,0.000,0,10,0,0,0,0,0,9.769,8.267,0.519,
30,-160,-40,0,0.000,1795.452,1534.926,,,,0.000,0,10,0,0,0,0,0,6.322,11.706,0.526,
30,-160,-30,0,0.000,1795.452,1534.926,,,,0.000,0,10,0,0,0,0,0,10.883,9.124,0.563,
30,-160,-20,0,0.000,1795.452,1534.926,,,,0.000,0,10,0,0,0,0,0,11.272,13.429,0.448,
30,-160,-10,0,0.000,1795.452,1534.926,,,,0.000,0,10,0,0,0,0,0,5.753,9.577,0.595,
30,-160,0,0,0.000,1795.452,1534.926,,,,0.000,0,10,0,0,0,0,0,12.096,10.919,0.461,
30,-160,10,0,0.000,1795.452,1534.926,,,,0.000,0,10,0,0,0,0,0,8.806,11.892,0.494,
30,-160,20,0,0.000,1795.452,1534.926,,,,0.000,0,8,0,0,0,0,2,10.348,10.252,0.679,
30,-160,30,0,0.000,1795.452,1534.926,,,,0.000,0,9,0,0,0,0,1,11.124,10.447,0.591,
30,-160,40,0,0.000,1795.452,1534.926,,,,0.000,0,7,0,0,0,0,3,11.963,7.871,0.580,
30,-160,50,0,0.000,1795.452,1534.926,,,,0.000,0,6,0,0,0,0,4,12.069,11.336,0.537,
30,-160,60,0,0.000,1795.452,1534.926,,,,0.000,0,3,0,0,0,0,7,11.845,12.977,0.569,
30,-160,70,0,0.000,1795.452,1534.926,,,,0.000,0,2,0,0,0,0,8,12.133,12.243,0.684,
30,-160,80,0,0.000,1795.452,1534.926,,,,0.000,0,1,0,0,0,0,9,8.304,11.080,0.515,
30,-160,90,0,0.000,1795.452,1534.926,,,,0.000,0,0,0,0,0,0,10,12.177,9.988,0.610,
30,-160,100,0,0.000,1795.452,1534.926,,,,0.000,0,0,0,0,0,0,10,13.800,11.785,0.461,
30,-160,110,0,0.000,1795.452,1534.926,,,,0.000,0,0,0,0,0,0,10,11.371,5.634,0.492,
30,-160,120,0,0.000,1795.452,1534.926,,,,0.000,0,0,0,0,0,0,10,9.534,10.792,0.450,
30,-160,130,0,0.000,1795.452,1534.926,,,,0.000,0,0,0,0,0,0,10,12.797,10.464,0.596,
30,-160,140,0,0.000,1795.452,1534.926,,,,0.000,0,0,0,0,0,0,10,13.203,9.624,0.544,
30,-160,150,0,0.000,1795.452,1534.926,,,,0.000,0,0,0,0,0,0,10,7.656,10.382,0.343,
30,-160,160,0,0.000,1795.452,1534.926,,,,0.000,0,0,0,0,0,0,10,11.702,12.774,0.614,
30,-160,170,0,0.000,1795.452,1534.926,,,,0.000,0,0,0,0,0,0,10,10.521,15.782,0.299,
30,-160,180,0,0.000,1795.452,1534.926,,,,0.000,0,0,0,0,0,0,10,8.385,9.445,0.363,
30,-160,190,0,0.000,1795.452,1534.926,,,,0.000,0,0,0,0,0,0,10,10.758,7.881,0.547,
30,-160,200,0,0.000,1795.452,1534.926,,,,0.000,0,0,0,0,0,0,10,12.834,9.176,0.490,
30,-160,210,0,0.000,1795.452,1534.926,,,,0.000,0,0,0,0,0,0,10,12.621,9.442,0.591,
30,-160,220,0,0.000,1795.452,1534.926,,,,0.000,0,0,0,0,0,0,10,7.599,12.592,0.413,
30,-160,230,0,0.000,1795.452,1534.926,,,,0.000,0,0,0,0,0,0,10,11.811,13.476,0.528,
30,-160,240,0,0.000,1795.452,1534.926,,,,0.000,0,0,0,0,0,0,10,11.581,11.602,0.749,
30,-160,250,0,0.000,1795.452,1534.926,,,,0.000,0,0,0,0,0,0,10,8.634,12.874,0.705,
30,-160,260,0,0.000,1795.452,1534.926,,,,0.000,0,0,0,0,0,0,8,10.743,12.792,0.479,
30,-160,270,0,0.000,1795.452,1534.926,,,,0.000,0,0,0,0,0,0,9,10.612,7.808,0.565,
30,-160,280,0,0.000,1795.452,1534.926,,,,0.000,0,0,0,0,0,0,5,11.513,9.841,0.501,
30,-160,290,0,0.000,1795.452,1534.926,,,,0.000,0,0,0,0,0,0,4,9.767,10.463,0.648,
30,-160,300,0,0.000,1795.452,1534.926,,,,0.000,0,0,0,0,0,0,2,12.542,10.782,0.574,
30,-160,310,0,0.000,1795.452,1534.926,,,,0.000,0,0,0,0,0,0,2,11.454,13.457,0.480,
30,-160,320,0,0.000,1795.452,1534.926,,,,0.000,0,0,0,0,0,0,0,13.452,11.382,0.810,
30,-160,330,0,0.000,1795.452,1534.926,,,,0.000,0,0,0,1,0,0,0,9.715,10.157,0.520,
30,-160,340,0,0.000,1795.452,1534.926,,,,0.000,0,0,0,1,0,0,0,8.116,10.041,0.601,
30,-160,350,0,0.000,1795.452,1534.926,,,,0.000,0,0,0,5,0,0,0,10.227,6.712,0.400,
30,-160,360,0,0.000,1795.452,1534.926,,,,0.000,0,0,0,3,0,0,0,11.357,11.086,0.378,
30,-160,370,0,10.000,1795.452,1534.926,1795.137,1535.281,0.475,0.000,0,0,0,3,0,2,0,12.229,13.240,0.577,0.000
30,-160,380,0,10.000,1795.452,1534.926,1795.125,1535.280,0.482,0.000,0,0,0,4,0,0,0,9.150,10.299,0.655,0.000
30,-160,390,0,10.000,1795.452,1534.926,1795.063,1535.214,0.484,0.000,0,0,0,5,0,1,0,9.488,10.092,0.602,0.000
30,-150,-100,0,0.000,1795.452,1534.926,,,,0.000,0,10,0,0,0,0,0,12.433,12.601,0.691,
30,-150,-90,0,0.000,1795.452,1534.926,,,,0.000,0,10,0,0,0,0,0,8.036,9.505,0.586,
30,-150,-80,0,0.000,1795.452,1534.926,,,,0.000,0,10,0,0,0,0,0,8.562,10.622,0.485,
30,-150,-70,0,0.000,1795.452,1534.926,,,,0.000,0,10,0,0,0,0,0,12.542,7.184,0.575,
30,-150,-60,0,0.000,1795.452,1534.926,,,,0.000,0,10,0,0,0,0,0,11.909,8.162,0.573,
30,-150,-50,0,0.000,1795.452,1534.926,,,,0.000,0,10,0,0,0,0,0,8.896,8.777,0.548,
30,-150,-40,0,0.000,1795.452,1534.926,,,,0.000,0,10,0,0,0,0,0,14.122,12.308,0.620,
30,-150,-30,0,0.000,1795.452,1534.926,,,,0.000,0,10,0,0,0,0,0,10.774,13.069,0.546,
30,-150,-20,0,0.000,1795.452,1534.926,,,,0.000,0,10,0,0,0,0,0,10.990,11.544,0.515,
30,-150,-10,0,0.000,1795.452,1534.926,,,,0.000,0,10,0,0,0,0,0,9.547,8.842,0.607,
30,-150,0,0,0.000,1795.452,1534.926,,,,0.000,0,10,0,0,0,0,0,7.200,11.608,0.448,
30,-150,10,0,0.000,1795.452,1534.926,,,,0.000,0,8,0,0,0,0,2,13.255,11.308,0.528,
30,-150,20,0,0.000,1795.452,1534.926,,,,0.000,0,9,0,0,0,0,1,11.125,11.340,0.518,
30,-150,30,0,0.000,1795.452,1534.926,,,,0.000,0,4,0,0,0,0,6,13.116,9.059,0.308,
30,-150,40,0,0.000,1795.452,1534.926,,,,0.000,0,2,0,0,0,0,8,10.373,10.685,0.526,
30,-150,50,0,0.000,1795.452,1534.926,,,,0.000,0,2,0,0,0,0,8,10.630,14.116,0.497,
30,-150,60,0,0.000,1795.452,1534.926,,,,0.000,0,1,0,0,0,0,9,9.884,5.646,0.550,
30,-150,70,0,0.000,1795.452,1534.926,,,,0.000,0,0,0,0,0,0,10,7.330,12.450,0.671,
30,-150,80,0,0.000,1795.452,1534.926,,,,0.000,0,0,0,0,0,0,10,12.330,15.416,0.529,
30,-150,90,0,0.000,1795.452,1534.926,,,,0.000,0,0,0,0,0,0,10,9.163,10.511,0.467,
30,-150,100,0,0.000,1795.452,1534.926,,,,0.000,0,0,0,0,0,0,10,10.103,11.038,0.732,
30,-150,110,0,0.000,1795.452,1534.926,,,,0.000,0,0,0,0,0,0,10,12.206,7.572,0.588,
30,-150,120,0,0.000,1795.452,1534.926,,,,0.000,0,0,0,0,0,0,10,12.533,8.813,0.472,
30,-150,130,0,0.000,1795.452,1534.926,,,,0.000,0,0,0,0,0,0,10,12.894,9.068,0.512,
30,-150,140,0,0.000,1795.452,1534.926,,,,0.000,0,0,0,0,0,0,10,11.839,13.990,0.592,
30,-150,150,0,0.000,1795.452,1534.926,,,,0.000,0,0,0,0,0,0,10,9.252,10.299,0.468,
30,-150,160,0,0.000,1795.452,1534.926,,,,0.000,0,0,0,0,0,0,10,7.083,13.631,0.466,
30,-150,170,0,0.000,1795.452,1534.926,,,,0.000,0,0,0,0,0,0,10,13.435,8.485,0.472,
30,-150,180,0,0.000,1795.452,1534.926,,,,0.000,0,0,0,0,0,0,10,11.909,11.410,0.626,
30,-150,190,0,0.000,1795.452,1534.926,,,,0.000,0,0,0,0,0,0,10,13.892,11.952,0.522,
30,-150,200,0,0.000,1795.452,1534.926,,,,0.000,0,0,0,0,0,0,10,8.708,16.008,0.622,
30,-150,210,0,0.000,1795.452,1534.926,,,,0.000,0,0,0,0,0,0,10,11.382,10.137,0.682,
30,-150,220,0,0.000,1795.452,1534.926,,,,0.000,0,0,0,0,0,0,10,14.360,9.702,0.527,
30,-150,230,0,0.000,1795.452,1534.926,,,,0.000,0,0,0,0,0,0,8,8.864,8.549,0.579,
30,-150,240,0,0.000,1795.452,1534.926,,,,0.000,0,0,0,0,0,0,5,8.811,11.524,0.606,
30,-150,250,0,0.000,1795.452,1534.926,,,,0.000,0,0,0,0,0,0,7,10.783,10.307,0.634,
30,-150,260,0,0.000,1795.452,1534.926,,,,0.000,0,0,0,0,0,0,6,10.650,10.050,0.327,
30,-150,270,0,0.000,1795.452,1534.926,,,,0.000,0,0,0,0,0,0,3,7.459,12.265,0.570,
30,-150,280,0,0.000,1795.452,1534.926,,,,0.000,0,0,0,0,0,0,2,13.244,12.019,0.619,
30,-150,290,0,0.000,1795.452,1534.926,,,,0.000,0,0,0,0,0,0,0,8.594,10.651,0.522,
30,-150,300,0,0.000,1795.452,1534.926,,,,0.000,0,0,0,0,0,0,2,11.714,11.653,0.666,
30,-150,310,0,0.000,1795.452,1534.926,,,,0.000,0,0,0,0,0,0,1,13.754,12.268,0.493,
30,-150,320,0,0.000,1795.452,1534.926,,,,0.000,0,0,0,0,0,0,0,9.719,10.778,0.649,
30,-150,330,0,0.000,1795.452,1534.926,,,,0.000,0,0,0,1,0,0,0,12.039,11.235,0.633,
30,-150,340,0,0.000,1795.452,1534.926,,,,0.000,0,0,0,1,0,0,0,8.897,7.577,0.416,
30,-150,350,0,0.000,1795.452,1534.926,,,,0.000,0,0,0,4,0,1,0,11.155,11.293,0.460,
30,-150,360,0,0.000,1795.452,1534.926,,,,0.000,0,0,0,7,0,0,0,13.944,11.005,0.599,
30,-150,370,0,20.000,1795.452,1534.926,1795.132,1535.248,0.454,0.000,0,0,0,6,0,0,0,8.907,12.065,0.684,0.000
30,-150,380,0,20.000,1795.452,1534.926,1795.108,1535.299,0.507,0.000,0,0,0,3,0,2,0,7.918,8.333,0.483,0.000
30,-150,390,0,0.000,1795.452,1534.926,,,,0.000,0,0,0,3,0,3,0,9.092,11.281,0.697,
30,-140,-100,0,0.000,1795.452,1534.926,,,,0.000,0,10,0,0,0,0,0,12.862,11.684,0.412,
30,-140,-90,0,0.000,1795.452,1534.926,,,,0.000,0,10,0,0,0,0,0,10.748,13.157,0.627,
30,-140,-80,0,0.000,1795.452,1534.926,,,,0.000,0,10,0,0,0,0,0,12.294,10.824,0.593,
30,-140,-70,0,0.000,1795.452,1534.926,,,,0.000,0,10,0,0,0,0,0,11.637,9.226,0.660,
30,-140,-60,0,0.000,1795.452,1534.926,,,,0.000,0,10,0,0,0,0,0,13.744,9.644,0.457,
30,-140,-50,0,0.000,1795.452,1534.926,,,,0.000,0,10,0,0,0,0,0,11.387,13.109,0.497,
30,-140,-40,0,0.000,1795.452,1534.926,,,,0.000,0,10,0,0,0,0,0,9.025,10.788,0.596,
30,-140,-30,0,0.000,1795.452,1534.926,,,,0.000,0,10,0,0,0,0,0,8.625,11.961,0.399,
30,-140,-20,0,0.000,1795.452,1534.926,,,,0.000,0,8,0,0,0,0,2,9.841,12.946,0.622,
30,-140,-10,0,0.000,1795.452,1534.926,,,,0.000,0,8,0,0,0,0,2,12.019,9.901,0.537,
30,-140,0,0,0.000,1795.452,1534.926,,,,0.000,0,6,0,0,0,0,4,7.994,10.293,0.570,
30,-140,10,0,0.000,1795.452,1534.926,,,,0.000,0,3,0,0,0,0,7,10.329,10.575,0.563,
30,-140,20,0,0.000,1795.452,1534.926,,,,0.000,0,2,0,0,0,0,8,11.978,12.963,0.449,
30,-140,30,0,0.000,1795.452,1534.926,,,,0.000,0,3,0,0,0,0,7,11.527,9.438,0.680,
30,-140,40,0,0.000,1795.452,1534.926,,,,0.000,0,2,0,0,0,0,8,10.842,11.228,0.536,
30,-140,50,0,0.000,1795.452,1534.926,,,,0.000,0,2,0,0,0,0,8,13.398,11.520,0.472,
30,-140,60,0,0.000,1795.452,1534.926,,,,0.000,0,0,0,0,0,0,10,11.024,12.861,0.568,
30,-140,70,0,0.000,1795.452,1534.926,,,,0.000,0,0,0,0,0,0,10,10.647,8.137,0.436,
30,-140,80,0,0.000,1795.452,1534.926,,,,0.000,0,0,0,0,0,0,10,13.883,10.085,0.460,
30,-140,90,0,0.000,1795.452,1534.926,,,,0.000,0,0,0,0,0,0,10,11.209,9.911,0.567,
30,-140,100,0,0.000,1795.452,1534.926,,,,0.000,0,0,0,0,0,0,10,12.333,10.682,0.583,
30,-140,110,0,0.000,1795.452,1534.926,,,,0.000,0,0,0,0,0,0,10,10.076,12.932,0.462,
30,-140,120,0,0.000,1795.452,1534.926,,,,0.000,0,0,0,0,0,0,10,10.851,11.219,0.574,
30,-140,130,0,0.000,1795.452,1534.926,,,,0.000,0,0,0,0,0,0,10,10.524,8.728,0.482,
30,-140,140,0,0.000,1795.452,1534.926,,,,0.000,0,0,0,0,0,0,10,8.765,10.916,0.640,
30,-140,150,0,0.000,1795.452,1534.926,,,,0.000,0,0,0,0,0,0,10,9.496,8.288,0.542,
30,-140,160,0,0.000,1795.452,1534.926,,,,0.000,0,0,0,0,0,0,10,10.736,11.746,0.456,
30,-140,170,0,0.000,1795.452,1534.926,,,,0.000,0,0,0,0,0,0,10,10.931,10.318,0.630,
30,-140,180,0,0.000,1795.452,1534.926,,,,0.000,0,0,0,0,0,0,10,11.628,11.509,0.475,
30,-140,190,0,0.000,1795.452,1534.926,,,,0.000,0,0,0,0,0,0,10,9.034,10.029,0.533,
30,-140,200,0,0.000,1795.452,1534.926,,,,0.000,0,0,0,0,0,0,10,11.846,8.433,0.539,
30,-140,210,0,0.000,1795.452,1534.926,,,,0.000,0,0,0,0,0,0,10,12.188,10.902,0.638,
30,-140,220,0,0.000,1795.452,1534.926,,,,0.000,0,0,0,0,0,0,8,8.363,12.115,0.469,
30,-140,230,0,0.000,1795.452,1534.926,,,,0.000,0,0,0,0,0,0,9,10.653,12.267,0.441,
30,-140,240,0,0.000,1795.452,1534.926,,,,0.000,0,0,0,0,0,0,7,8.169,10.543,0.589,
30,-140,250,0,0.000,1795.452,1534.926,,,,0.000,0,0,0,0,0,0,6,14.040,9.814,0.508,
30,-140,260,0,0.000,1795.452,1534.926,,,,0.000,0,0,0,0,0,0,2,11.836,10.331,0.560,
30,-140,270,0,0.000,1795.452,1534.926,,,,0.000,0,0,0,0,0,0,3,12.153,11.279,0.696,
30,-140,280,0,0.000,1795.452,1534.926,,,,0.000,0,0,0,0,0,0,0,10.886,10.002,0.555,
30,-140,290,0,0.000,1795.452,1534.926,,,,0.000,0,0,0,0,0,0,0,11.064,12.337,0.634,
30,-140,300,0,0.000,1795.452,1534.926,,,,0.000,0,0,0,1,0,0,0,10.817,9.298,0.511,
30,-140,310,0,0.000,1795.452,1534.926,,,,0.000,0,0,0,0,0,1,0,9.061,10.950,0.383,
30,-140,320,0,0.000,1795.452,1534.926,,,,0.000,0,0,0,1,0,0,0,5.955,9.046,0.651,
30,-140,330,0,10.000,1795.452,1534.926,1795.123,1535.274,0.479,0.000,0,0,0,0,0,0,0,11.481,10.098,0.418,0.000
30,-140,340,0,20.000,1795.452,1534.926,1795.143,1535.231,0.434,0.000,0,0,0,0,0,0,0,8.597,10.610,0.441,0.000
30,-140,350,0,0.000,1795.452,1534.926,,,,0.000,0,0,0,3,0,1,0,12.995,11.757,0.640,
30,-140,360,0,10.000,1795.452,1534.926,1795.151,1535.273,0.460,0.000,0,0,0,6,0,0,0,12.726,12.554,0.549,0.000
30,-140,370,0,10.000,1795.452,1534.926,1795.100,1535.295,0.510,0.000,0,0,0,4,0,2,0,8.239,13.300,0.498,0.000
30,-140,380,0,20.000,1795.452,1534.926,1795.139,1535.270,0.466,0.000,0,0,0,5,0,2,0,5.235,10.417,0.462,0.000
30,-140,390,0,20.000,1795.452,1534.926,1795.084,1535.253,0.493,0.000,0,0,0,3,0,4,0,8.906,9.863,0.484,0.000
30,-130,-100,0,0.000,1795.452,1534.926,,,,0.000,0,10,0,0,0,0,0,11.261,9.163,0.493,
30,-130,-90,0,0.000,1795.452,1534.926,,,,0.000,0,10,0,0,0,0,0,14.399,11.646,0.460,
30,-130,-80,0,0.000,1795.452,1534.926,,,,0.000,0,10,0,0,0,0,0,10.056,10.876,0.550,
30,-130,-70,0,0.000,1795.452,1534.926,,,,0.000,0,10,0,0,0,0,0,9.879,11.318,0.472,
30,-130,-60,0,0.000,1795.452,1534.926,,,,0.000,0,10,0,0,0,0,0,10.645,11.886,0.562,
30,-130,-50,0,0.000,1795.452,1534.926,,,,0.000,0,10,0,0,0,0,0,11.977,10.705,0.605,
30,-130,-40,0,0.000,1795.452,1534.926,,,,0.000,0,10,0,0,0,0,0,11.033,11.172,0.590,
30,-130,-30,0,0.000,1795.452,1534.926,,,,0.000,0,10,0,0,0,0,0,8.822,9.713,0.495,
30,-130,-20,0,0.000,1795.452,1534.926,,,,0.000,0,9,0,0,0,0,1,9.755,10.875,0.561,
30,-130,-10,0,0.000,1795.452,1534.926,,,,0.000,0,3,0,0,0,0,7,13.299,11.788,0.551,
30,-130,0,0,0.000,1795.452,1534.926,,,,0.000,0,7,0,0,0,0,3,12.155,10.767,0.524,
30,-130,10,0,0.000,1795.452,1534.926,,,,0.000,0,0,0,0,0,0,10,6.488,11.393,0.497,
30,-130,20,0,0.000,1795.452,1534.926,,,,0.000,0,1,0,0,0,0,9,9.653,13.218,0.573,
30,-130,30,0,0.000,1795.452,1534.926,,,,0.000,0,0,0,0,0,0,10,9.220,11.379,0.621,
30,-130,40,0,0.000,1795.452,1534.926,,,,0.000,0,0,0,0,0,0,10,11.500,10.415,0.593,
30,-130,50,0,0.000,1795.452,1534.926,,,,0.000,0,0,0,0,0,0,10,13.492,12.518,0.414,
30,-130,60,0,0.000,1795.452,1534.926,,,,0.000,0,0,0,0,0,0,10,10.191,8.917,0.657,
30,-130,70,0,0.000,1795.452,1534.926,,,,0.000,0,0,0,0,0,0,10,13.684,11.340,0.485,
30,-130,80,0,0.000,1795.452,1534.926,,,,0.000,0,0,0,0,0,0,10,8.134,12.115,0.474,
30,-130,90,0,0.000,1795.452,1534.926,,,,0.000,0,0,0,0,0,0,10,9.762,9.279,0.398,
30,-130,100,0,0.000,1795.452,1534.926,,,,0.000,0,0,0,0,0,0,10,9.541,9.926,0.679,
30,-130,110,0,0.000,1795.452,1534.926,,,,0.000,0,0,0,0,0,0,10,7.725,10.584,0.568,
30,-130,120,0,0.000,1795.452,1534.926,,,,0.000,0,0,0,0,0,0,10,11.242,9.480,0.569,
30,-130,130,0,0.000,1795.452,1534.926,,,,0.000,0,0,0,0,0,0,10,10.500,12.593,0.454,
30,-130,140,0,0.000,1795.452,1534.926,,,,0.000,0,0,0,0,0,0,10,10.661,6.779,0.628,
30,-130,150,0,0.000,1795.452,1534.926,,,,0.000,0,0,0,0,0,0,10,8.593,12.688,0.557,
30,-130,160,0,0.000,1795.452,1534.926,,,,0.000,0,0,0,0,0,0,10,10.330,9.506,0.546,
30,-130,170,0,0.000,1795.452,1534.926,,,,0.000,0,0,0,0,0,0,10,10.817,10.705,0.487,
30,-130,180,0,0.000,1795.452,1534.926,,,,0.000,0,0,0,0,0,0,10,12.311,10.109,0.510,
30,-130,190,0,0.000,1795.452,1534.926,,,,0.000,0,0,0,0,0,0,10,8.531,11.385,0.458,
30,-130,200,0,0.000,1795.452,1534.926,,,,0.000,0,0,0,0,0,0,10,11.621,8.970,0.558,
30,-130,210,0,0.000,1795.452,1534.926,,,,0.000,0,0,0,0,0,0,8,12.506,9.486,0.399,
30,-130,220,0,0.000,1795.452,1534.926,,,,0.000,0,0,0,0,0,0,7,11.388,13.221,0.440,
30,-130,230,0,0.000,1795.452,1534.926,,,,0.000,0,0,0,0,0,0,5,9.791,11.363,0.521,
30,-130,240,0,0.000,1795.452,1534.926,,,,0.000,0,0,0,0,0,0,3,12.083,10.259,0.616,
30,-130,250,0,0.000,1795.452,1534.926,,,,0.000,0,0,0,0,0,0,2,11.794,10.984,0.346,
30,-130,260,0,0.000,1795.452,1534.926,,,,0.000,0,0,0,0,0,0,0,7.580,10.172,0.553,
30,-130,270,0,0.000,1795.452,1534.926,,,,0.000,0,0,0,0,0,0,2,12.300,8.679,0.693,
30,-130,280,0,0.000,1795.452,1534.926,,,,0.000,0,0,0,0,0,1,0,12.084,12.544,0.518,
30,-130,290,0,0.000,1795.452,1534.926,,,,0.000,0,0,0,0,0,1,0,9.701,10.605,0.473,
30,-130,300,0,0.000,1795.452,1534.926,,,,0.000,0,0,0,0,0,0,0,11.797,11.560,0.720,
30,-130,310,0,0.000,1795.452,1534.926,,,,0.000,0,0,0,0,0,1,0,11.631,13.459,0.528,
30,-130,320,0,10.000,1795.452,1534.926,1795.108,1535.300,0.509,0.000,0,0,0,2,0,0,0,13.864,12.381,0.543,0.000
30,-130,330,0,40.000,1795.452,1534.926,1795.128,1535.255,0.462,0.000,0,0,0,0,0,0,0,7.377,8.657,0.543,0.000
30,-130,340,0,10.000,1795.452,1534.926,1795.105,1535.290,0.504,0.000,0,0,0,2,0,0,0,11.231,12.440,0.510,0.000
30,-130,350,0,0.000,1795.452,1534.926,,,,0.000,0,0,0,5,0,1,0,9.425,11.597,0.630,
30,-130,360,0,20.000,1795.452,1534.926,1795.103,1535.238,0.468,0.000,0,0,0,5,0,0,0,8.725,10.261,0.606,0.000
30,-130,370,0,10.000,1795.452,1534.926,1795.066,1535.221,0.486,0.000,0,0,0,6,0,2,0,12.392,10.758,0.508,0.000
30,-130,380,0,20.000,1795.452,1534.926,1795.116,1535.223,0.449,0.000,0,0,0,3,0,4,0,9.231,12.756,0.634,0.000
30,-130,390,0,30.000,1795.452,1534.926,1795.110,1535.306,0.511,0.000,0,0,0,3,0,4,0,8.258,12.082,0.631,0.000
30,-120,-100,0,0.000,1795.452,1534.926,,,,0.000,0,10,0,0,0,0,0,9.076,10.685,0.471,
30,-120,-90,0,0.000,1795.452,1534.926,,,,0.000,0,10,0,0,0,0,0,10.502,9.734,0.529,
30,-120,-80,0,0.000,1795.452,1534.926,,,,0.000,0,10,0,0,0,0,0,11.821,11.345,0.531,
30,-120,-70,0,0.000,1795.452,1534.926,,,,0.000,0,9,0,0,0,0,1,12.400,13.363,0.523,
30,-120,-60,0,0.000,1795.452,1534.926,,,,0.000,0,9,0,0,0,0,1,12.385,8.880,0.499,
30,-120,-50,0,0.000,1795.452,1534.926,,,,0.000,0,9,0,0,0,0,1,8.363,10.553,0.689,
30,-120,-40,0,0.000,1795.452,1534.926,,,,0.000,0,7,0,0,0,0,3,10.149,6.681,0.637,
30,-120,-30,0,0.000,1795.452,1534.926,,,,0.000,0,7,0,0,0,0,3,9.279,8.749,0.547,
30,-120,-20,0,0.000,1795.452,1534.926,,,,0.000,0,2,0,0,0,0,8,10.083,10.084,0.517,
30,-120,-10,0,0.000,1795.452,1534.926,,,,0.000,0,3,0,0,0,0,7,14.096,9.292,0.497,
30,-120,0,0,0.000,1795.452,1534.926,,,,0.000,0,1,0,0,0,0,9,8.963,11.464,0.569,
30,-120,10,0,0.000,1795.452,1534.926,,,,0.000,0,2,0,0,0,0,8,12.062,8.449,0.578,
30,-120,20,0,0.000,1795.452,1534.926,,,,0.000,0,1,0,0,0,0,9,12.117,10.094,0.529,
30,-120,30,0,0.000,1795.452,1534.926,,,,0.000,0,0,0,0,0,0,10,10.667,8.820,0.301,
30,-120,40,0,0.000,1795.452,1534.926,,,,0.000,0,0,0,0,0,0,10,9.106,5.323,0.448,
30,-120,50,0,0.000,1795.452,1534.926,,,,0.000,0,0,0,0,0,0,10,8.623,11.093,0.626,
30,-120,60,0,0.000,1795.452,1534.926,,,,0.000,0,0,0,0,0,0,10,9.888,8.855,0.699,
30,-120,70,0,0.000,1795.452,1534.926,,,,0.000,0,0,0,0,0,0,10,10.225,5.545,0.578,
30,-120,80,0,0.000,1795.452,1534.926,,,,0.000,0,0,0,0,0,0,10,10.384,9.603,0.555,
30,-120,90,0,0.000,1795.452,1534.926,,,,0.000,0,0,0,0,0,0,10,10.672,9.066,0.517,
30,-120,100,0,0.000,1795.452,1534.926,,,,0.000,0,0,0,0,0,0,10,8.918,11.481,0.577,
30,-120,110,0,0.000,1795.452,1534.926,,,,0.000,0,0,0,0,0,0,10,13.043,13.874,0.426,
30,-120,120,0,0.000,1795.452,1534.926,,,,0.000,0,0,0,0,0,0,10,11.791,11.167,0.629,
30,-120,130,0,0.000,1795.452,1534.926,,,,0.000,0,0,0,0,0,0,10,13.131,10.397,0.494,
30,-120,140,0,0.000,1795.452,1534.926,,,,0.000,0,0,0,0,0,0,10,13.486,13.512,0.434,
30,-120,150,0,0.000,1795.452,1534.926,,,,0.000,0,0,0,0,0,0,10,11.134,10.020,0.623,
30,-120,160,0,0.000,1795.452,1534.926,,,,0.000,0,0,0,0,0,0,10,9.640,9.048,0.440,
30,-120,170,0,0.000,1795.452,1534.926,,,,0.000,0,0,0,0,0,0,9,13.288,10.789,0.591,
30,-120,180,0,0.000,1795.452,1534.926,,,,0.000,0,0,0,0,0,0,10,7.660,9.503,0.429,
30,-120,190,0,0.000,1795.452,1534.926,,,,0.000,0,0,0,0,0,0,9,10.729,9.009,0.623,
30,-120,200,0,0.000,1795.452,1534.926,,,,0.000,0,0,0,0,0,0,10,8.954,13.776,0.622,
30,-120,210,0,0.000,1795.452,1534.926,,,,0.000,0,0,0,0,0,0,3,11.875,15.022,0.641,
30,-120,220,0,0.000,1795.452,1534.926,,,,0.000,0,0,0,0,0,0,4,12.263,8.065,0.412,
30,-120,230,0,0.000,1795.452,1534.926,,,,0.000,0,0,0,0,0,0,5,12.038,6.027,0.586,
30,-120,240,0,10.000,1795.452,1534.926,1795.102,1535.289,0.505,0.000,0,0,0,0,0,0,2,12.701,10.034,0.663,0.000
30,-120,250,0,0.000,1795.452,1534.926,,,,0.000,0,0,0,0,0,0,0,10.323,12.792,0.497,
30,-120,260,0,10.000,1795.452,1534.926,1795.112,1535.282,0.492,0.000,0,0,0,0,0,0,0,12.968,12.452,0.494,0.000
30,-120,270,0,0.000,1795.452,1534.926,,,,0.000,0,0,0,0,0,0,0,10.449,11.068,0.407,
30,-120,280,0,0.000,1795.452,1534.926,,,,0.000,0,0,0,0,0,0,0,10.336,6.265,0.536,
30,-120,290,0,0.000,1795.452,1534.926,,,,0.000,0,0,0,1,0,0,0,9.977,9.558,0.486,
30,-120,300,0,0.000,1795.452,1534.926,,,,0.000,0,0,0,1,0,1,0,11.013,13.092,0.457,
30,-120,310,0,0.000,1795.452,1534.926,,,,0.000,0,0,0,1,0,1,0,12.750,10.057,0.516,
30,-120,320,0,40.000,1795.452,1534.926,1795.121,1535.247,0.461,0.000,0,0,0,0,0,0,0,10.523,11.211,0.561,0.000
30,-120,330,0,0.000,1795.452,1534.926,,,,0.000,0,0,0,1,0,0,0,10.831,10.023,0.600,
30,-120,340,0,10.000,1795.452,1534.926,1795.157,1535.256,0.443,0.000,0,0,0,1,0,1,0,9.343,12.197,0.679,0.000
30,-120,350,0,10.000,1795.452,1534.926,1795.085,1535.269,0.502,0.000,0,0,0,2,0,1,0,11.532,11.659,0.563,0.000
30,-120,360,0,10.000,1795.452,1534.926,1795.114,1535.281,0.491,0.000,0,0,0,5,0,1,0,9.688,8.970,0.489,0.000
30,-120,370,0,20.000,1795.452,1534.926,1795.117,1535.280,0.487,0.000,0,0,0,3,0,1,0,11.461,9.097,0.565,0.000
30,-120,380,0,20.000,1795.452,1534.926,1795.120,1535.275,0.482,0.000,0,0,0,2,0,5,0,11.345,10.206,0.553,0.000
30,-120,390,0,10.000,1795.452,1534.926,1795.096,1535.215,0.458,0.000,0,0,0,5,0,4,0,9.992,11.391,0.502,0.000
30,-110,-100,0,0.000,1795.452,1534.926,,,,0.000,0,10,0,0,0,0,0,12.399,11.440,0.491,
30,-110,-90,0,0.000,1795.452,1534.926,,,,0.000,0,10,0,0,0,0,0,11.925,12.544,0.281,
30,-110,-80,0,0.000,1795.452,1534.926,,,,0.000,0,10,0,0,0,0,0,10.477,12.375,0.538,
30,-110,-70,0,0.000,1795.452,1534.926,,,,0.000,0,8,0,0,0,0,2,9.542,10.973,0.705,
30,-110,-60,0,0.000,1795.452,1534.926,,,,0.000,0,6,0,0,0,0,4,10.412,16.320,0.532,
30,-110,-50,0,0.000,1795.452,1534.926,,,,0.000,0,7,0,0,0,0,3,10.934,10.850,0.593,
30,-110,-40,0,0.000,1795.452,1534.926,,,,0.000,0,3,0,0,0,0,7,6.397,9.185,0.469,
30,-110,-30,0,0.000,1795.452,1534.926,,,,0.000,0,4,0,0,0,0,6,14.553,10.956,0.551,
30,-110,-20,0,0.000,1795.452,1534.926,,,,0.000,0,2,0,0,0,0,8,13.966,7.772,0.631,
30,-110,-10,0,0.000,1795.452,1534.926,,,,0.000,0,1,0,0,0,0,9,10.866,13.074,0.590,
30,-110,0,0,0.000,1795.452,1534.926,,,,0.000,0,0,0,0,0,0,10,10.800,12.291,0.420,
30,-110,10,0,0.000,1795.452,1534.926,,,,0.000,0,0,0,0,0,0,10,9.676,12.211,0.662,
30,-110,20,0,0.000,1795.452,1534.926,,,,0.000,0,0,0,0,0,0,10,12.507,11.208,0.735,
30,-110,30,0,0.000,1795.452,1534.926,,,,0.000,0,0,0,0,0,0,10,12.734,10.357,0.600,
30,-110,40,0,0.000,1795.452,1534.926,,,,0.000,0,0,0,0,0,0,10,12.287,12.549,0.475,
30,-110,50,0,0.000,1795.452,1534.926,,,,0.000,0,0,0,0,0,0,10,11.580,14.616,0.597,
30,-110,60,0,0.000,1795.452,1534.926,,,,0.000,0,0,0,0,0,0,10,10.626,10.762,0.410,
30,-110,70,0,0.000,1795.452,1534.926,,,,0.000,0,0,0,0,0,0,10,11.462,13.823,0.569,
30,-110,80,0,0.000,1795.452,1534.926,,,,0.000,0,0,0,0,0,0,10,13.983,11.513,0.374,
30,-110,90,0,0.000,1795.452,1534.926,,,,0.000,0,0,0,0,0,0,10,10.595,11.779,0.401,
30,-110,100,0,0.000,1795.452,1534.926,,,,0.000,0,0,0,0,0,0,10,11.988,11.272,0.308,
30,-110,110,0,0.000,1795.452,1534.926,,,,0.000,0,0,0,0,0,0,10,13.171,13.565,0.462,
30,-110,120,0,0.000,1795.452,1534.926,,,,0.000,0,0,0,0,0,0,10,7.992,12.576,0.626,
30,-110,130,0,0.000,1795.452,1534.926,,,,0.000,0,0,0,0,0,0,10,8.531,14.822,0.590,
30,-110,140,0,0.000,1795.452,1534.926,,,,0.000,0,0,0,0,0,0,10,7.580,8.846,0.641,
30,-110,150,0,0.000,1795.452,1534.926,,,,0.000,0,0,0,0,0,0,9,11.035,12.150,0.604,
30,-110,160,0,0.000,1795.452,1534.926,,,,0.000,0,0,0,0,0,0,10,9.890,11.387,0.512,
30,-110,170,0,0.000,1795.452,1534.926,,,,0.000,0,0,0,0,0,0,9,11.973,12.449,0.506,
30,-110,180,0,0.000,1795.452,1534.926,,,,0.000,0,0,0,0,0,0,9,9.085,10.863,0.468,
30,-110,190,0,0.000,1795.452,1534.926,,,,0.000,0,0,0,0,0,0,5,7.602,6.598,0.461,
30,-110,200,0,0.000,1795.452,1534.926,,,,0.000,0,0,0,0,0,0,3,11.331,10.404,0.257,
30,-110,210,0,0.000,1795.452,1534.926,,,,0.000,0,0,0,0,0,0,4,12.003,10.535,0.569,
30,-110,220,0,0.000,1795.452,1534.926,,,,0.000,0,0,0,0,0,0,1,8.955,9.275,0.513,
30,-110,230,0,0.000,1795.452,1534.926,,,,0.000,0,0,0,0,0,0,1,8.429,10.502,0.781,
30,-110,240,0,10.000,1795.452,1534.926,1795.139,1535.264,0.461,0.000,0,0,0,0,0,0,1,13.701,13.110,0.571,0.000
30,-110,250,0,0.000,1795.452,1534.926,,,,0.000,0,0,0,0,0,1,0,10.257,13.156,0.509,
30,-110,260,0,0.000,1795.452,1534.926,,,,0.000,0,0,0,0,0,0,0,6.984,11.277,0.480,
30,-110,270,0,20.000,1795.452,1534.926,1795.111,1535.283,0.494,0.000,0,0,0,0,0,1,0,10.320,13.948,0.547,0.000
30,-110,280,0,0.000,1795.452,1534.926,,,,0.000,0,0,0,2,0,0,0,6.601,11.281,0.610,
30,-110,290,0,0.000,1795.452,1534.926,,,,0.000,0,0,0,0,0,2,0,10.611,12.438,0.515,
30,-110,300,0,10.000,1795.452,1534.926,1795.118,1535.279,0.486,0.000,0,0,0,0,0,4,0,9.557,11.140,0.509,0.000
30,-110,310,0,10.000,1795.452,1534.926,1795.098,1535.293,0.510,0.000,0,0,0,0,0,2,0,10.957,11.789,0.604,0.000
30,-110,320,0,10.000,1795.452,1534.926,1795.126,1535.273,0.477,0.000,0,0,0,0,0,1,0,11.165,11.837,0.578,0.000
30,-110,330,0,10.000,1795.452,1534.926,1795.118,1535.278,0.486,0.000,0,0,0,0,0,2,0,11.639,11.320,0.691,0.000
30,-110,340,0,20.000,1795.452,1534.926,1795.073,1535.227,0.484,0.000,0,0,0,0,0,2,0,11.181,9.452,0.654,0.000
30,-110,350,0,10.000,1795.452,1534.926,1795.094,1535.251,0.484,0.000,0,0,0,2,0,2,0,8.895,9.659,0.533,0.000
30,-110,360,0,20.000,1795.452,1534.926,1795.090,1535.252,0.487,0.000,0,0,0,4,0,3,0,12.240,10.335,0.433,0.000
30,-110,370,0,20.000,1795.452,1534.926,1795.099,1535.245,0.475,0.000,0,0,0,3,0,3,0,11.208,8.564,0.561,0.000
30,-110,380,0,50.000,1795.452,1534.926,1795.087,1535.272,0.503,0.000,0,0,0,2,0,2,0,10.789,9.552,0.573,0.000
30,-110,390,0,20.000,1795.452,1534.926,1795.149,1535.294,0.477,0.000,0,0,0,2,0,5,0,10.997,12.505,0.608,0.000
30,-100,-100,0,0.000,1795.452,1534.926,,,,0.000,0,10,0,0,0,0,0,14.292,11.006,0.462,
30,-100,-90,0,0.000,1795.452,1534.926,,,,0.000,0,7,0,0,0,0,3,11.811,11.967,0.514,
30,-100,-80,0,0.000,1795.452,1534.926,,,,0.000,0,9,0,0,0,0,1,10.995,5.878,0.494,
30,-100,-70,0,0.000,1795.452,1534.926,,,,0.000,0,7,0,0,0,0,3,10.390,13.050,0.434,
30,-100,-60,0,0.000,1795.452,1534.926,,,,0.000,0,5,0,0,0,0,5,10.269,10.922,0.663,
30,-100,-50,0,0.000,1795.452,1534.926,,,,0.000,0,4,0,0,0,0,6,9.610,9.207,0.442,
30,-100,-40,0,0.000,1795.452,1534.926,,,,0.000,0,0,0,0,0,0,10,9.570,11.066,0.596,
30,-100,-30,0,0.000,1795.452,1534.926,,,,0.000,0,2,0,0,0,0,8,10.444,11.428,0.625,
30,-100,-20,0,0.000,1795.452,1534.926,,,,0.000,0,1,0,0,0,0,9,12.423,12.669,0.505,
30,-100,-10,0,0.000,1795.452,1534.926,,,,0.000,0,0,0,0,0,0,10,7.848,13.048,0.654,
30,-100,0,0,0.000,1795.452,1534.926,,,,0.000,0,0,0,0,0,0,10,13.216,10.055,0.556,
30,-100,10,0,0.000,1795.452,1534.926,,,,0.000,0,0,0,0,0,0,10,15.073,12.047,0.578,
30,-100,20,0,0.000,1795.452,1534.926,,,,0.000,0,0,0,0,0,0,10,14.271,11.606,0.544,
30,-100,30,0,0.000,1795.452,1534.926,,,,0.000,0,0,0,0,0,0,10,9.169,10.828,0.489,
30,-100,40,0,0.000,1795.452,1534.926,,,,0.000,0,0,0,0,0,0,10,9.267,11.897,0.468,
30,-100,50,0,0.000,1795.452,1534.926,,,,0.000,0,0,0,0,0,0,10,9.775,11.164,0.507,
30,-100,60,0,0.000,1795.452,1534.926,,,,0.000,0,0,0,0,0,0,10,10.179,6.274,0.631,
30,-100,70,0,0.000,1795.452,1534.926,,,,0.000,0,0,0,0,0,0,10,10.134,10.050,0.630,
30,-100,80,0,0.000,1795.452,1534.926,,,,0.000,0,0,0,0,0,0,10,12.734,8.302,0.474,
30,-100,90,0,0.000,1795.452,1534.926,,,,0.000,0,0,0,0,0,0,10,13.403,7.347,0.397,
30,-100,100,0,0.000,1795.452,1534.926,,,,0.000,0,0,0,0,0,0,10,8.107,12.577,0.583,
30,-100,110,0,0.000,1795.452,1534.926,,,,0.000,0,0,0,0,0,0,10,12.175,11.695,0.493,
30,-100,120,0,0.000,1795.452,1534.926,,,,0.000,0,0,0,0,0,0,10,9.805,10.113,0.514,
30,-100,130,0,0.000,1795.452,1534.926,,,,0.000,0,0,0,0,0,0,10,12.679,13.755,0.519,
30,-100,140,0,0.000,1795.452,1534.926,,,,0.000,0,0,0,0,0,0,8,13.716,9.235,0.566,
30,-100,150,0,0.000,1795.452,1534.926,,,,0.000,0,0,0,0,0,0,9,12.988,13.003,0.487,
30,-100,160,0,0.000,1795.452,1534.926,,,,0.000,0,0,0,0,0,0,8,7.080,10.174,0.699,
30,-100,170,0,0.000,1795.452,1534.926,,,,0.000,0,0,0,0,0,0,7,9.774,12.000,0.536,
30,-100,180,0,0.000,1795.452,1534.926,,,,0.000,0,0,0,0,0,0,4,10.943,13.349,0.498,
30,-100,190,0,0.000,1795.452,1534.926,,,,0.000,0,0,0,0,0,0,4,12.889,12.170,0.437,
30,-100,200,0,0.000,1795.452,1534.926,,,,0.000,0,0,0,0,0,0,3,10.397,15.465,0.602,
30,-100,210,0,0.000,1795.452,1534.926,,,,0.000,0,0,0,0,0,0,0,7.747,10.043,0.631,
30,-100,220,0,0.000,1795.452,1534.926,,,,0.000,0,0,0,0,0,1,0,10.498,14.239,0.408,
30,-100,230,0,10.000,1795.452,1534.926,1795.106,1535.286,0.500,0.000,0,0,0,0,0,0,0,11.695,9.614,0.502,0.000
30,-100,240,0,0.000,1795.452,1534.926,,,,0.000,0,0,0,0,0,0,0,9.801,7.975,0.507,
30,-100,250,0,0.000,1795.452,1534.926,,,,0.000,0,0,0,0,0,0,0,10.866,11.178,0.627,
30,-100,260,0,0.000,1795.452,1534.926,,,,0.000,0,0,0,0,0,1,0,6.237,10.338,0.511,
30,-100,270,0,10.000,1795.452,1534.926,1795.092,1535.214,0.461,0.000,0,0,0,0,0,1,0,12.558,12.066,0.669,0.000
30,-100,280,0,0.000,1795.452,1534.926,,,,0.000,0,0,0,0,0,2,0,10.080,11.718,0.660,
30,-100,290,0,10.000,1795.452,1534.926,1795.179,1535.245,0.420,0.000,0,0,0,0,0,2,0,11.057,13.058,0.475,0.000
30,-100,300,0,10.000,1795.452,1534.926,1795.094,1535.205,0.454,0.000,0,0,0,0,0,1,0,12.814,12.836,0.611,0.000
30,-100,310,0,20.000,1795.452,1534.926,1795.117,1535.279,0.487,0.000,0,0,0,0,0,2,0,12.170,8.972,0.585,0.000
30,-100,320,0,0.000,1795.452,1534.926,,,,0.000,0,0,0,0,0,3,0,9.672,10.273,0.676,
30,-100,330,0,60.000,1795.452,1534.926,1795.106,1535.269,0.487,0.000,0,0,0,0,0,1,0,13.191,14.037,0.465,0.000
30,-100,340,0,30.000,1795.452,1534.926,1795.131,1535.271,0.471,0.000,0,0,0,0,0,3,0,10.047,12.974,0.560,0.000
30,-100,350,0,40.000,1795.452,1534.926,1795.133,1535.267,0.467,0.000,0,0,0,0,0,4,0,9.469,12.406,0.597,0.000
30,-100,360,0,20.000,1795.452,1534.926,1795.109,1535.284,0.496,0.000,0,0,0,1,0,4,0,11.778,11.492,0.586,0.000
30,-100,370,0,50.000,1795.452,1534.926,1795.122,1535.261,0.470,0.000,0,0,0,1,0,2,0,13.109,11.863,0.386,0.000
30,-100,380,0,20.000,1795.452,1534.926,1795.140,1535.264,0.460,0.000,0,0,0,3,0,3,0,12.303,9.024,0.436,0.000
30,-100,390,0,50.000,1795.452,1534.926,1795.110,1535.266,0.482,0.000,0,0,0,1,0,3,0,8.329,7.991,0.395,0.000
30,-90,-100,0,0.000,1795.452,1534.926,,,,0.000,0,9,0,0,0,0,1,9.659,12.557,0.459,
30,-90,-90,0,0.000,1795.452,1534.926,,,,0.000,0,5,0,0,0,0,5,8.859,11.678,0.471,
30,-90,-80,0,0.000,1795.452,1534.926,,,,0.000,0,5,0,0,0,0,5,13.077,12.392,0.503,
30,-90,-70,0,0.000,1795.452,1534.926,,,,0.000,0,4,0,0,0,0,6,10.618,12.292,0.756,
30,-90,-60,0,0.000,1795.452,1534.926,,,,0.000,0,3,0,0,0,0,7,13.410,3.960,0.476,
30,-90,-50,0,0.000,1795.452,1534.926,,,,0.000,0,0,0,0,0,0,10,8.912,9.789,0.447,
30,-90,-40,0,0.000,1795.452,1534.926,,,,0.000,0,1,0,0,0,0,9,10.389,11.604,0.551,
30,-90,-30,0,0.000,1795.452,1534.926,,,,0.000,0,0,0,0,0,0,10,11.137,10.812,0.672,
30,-90,-20,0,0.000,1795.452,1534.926,,,,0.000,0,0,0,0,0,0,10,12.301,11.106,0.431,
30,-90,-10,0,0.000,1795.452,1534.926,,,,0.000,0,0,0,0,0,0,10,8.999,10.329,0.505,
30,-90,0,0,0.000,1795.452,1534.926,,,,0.000,0,0,0,0,0,0,10,11.605,7.673,0.412,
30,-90,10,0,0.000,1795.452,1534.926,,,,0.000,0,0,0,0,0,0,10,12.771,13.719,0.484,
30,-90,20,0,0.000,1795.452,1534.926,,,,0.000,0,0,0,0,0,0,10,9.122,12.630,0.508,
30,-90,30,0,0.000,1795.452,1534.926,,,,0.000,0,0,0,0,0,0,10,12.295,13.547,0.634,
30,-90,40,0,0.000,1795.452,1534.926,,,,0.000,0,0,0,0,0,0,10,12.640,13.649,0.533,
30,-90,50,0,0.000,1795.452,1534.926,,,,0.000,0,0,0,0,0,0,10,9.025,12.040,0.474,
30,-90,60,0,0.000,1795.452,1534.926,,,,0.000,0,0,0,0,0,0,10,13.031,10.940,0.509,
30,-90,70,0,0.000,1795.452,1534.926,,,,0.000,0,0,0,0,0,0,10,10.469,12.227,0.394,
30,-90,80,0,0.000,1795.452,1534.926,,,,0.000,0,0,0,0,0,0,10,10.182,10.360,0.419,
30,-90,90,0,0.000,1795.452,1534.926,,,,0.000,0,0,0,0,0,0,10,9.303,10.512,0.472,
30,-90,100,0,0.000,1795.452,1534.926,,,,0.000,0,0,0,0,0,0,10,8.278,10.464,0.623,
30,-90,110,0,0.000,1795.452,1534.926,,,,0.000,0,0,0,0,0,0,10,9.528,12.449,0.426,
30,-90,120,0,0.000,1795.452,1534.926,,,,0.000,0,0,0,0,0,0,10,11.241,9.593,0.550,
30,-90,130,0,0.000,1795.452,1534.926,,,,0.000,0,0,0,0,0,0,9,11.641,6.975,0.460,
30,-90,140,0,0.000,1795.452,1534.926,,,,0.000,0,0,0,0,0,0,8,11.193,10.809,0.618,
30,-90,150,0,0.000,1795.452,1534.926,,,,0.000,0,0,0,0,0,0,7,12.115,12.106,0.460,
30,-90,160,0,0.000,1795.452,1534.926,,,,0.000,0,0,0,0,0,0,7,10.706,10.492,0.664,
30,-90,170,0,0.000,1795.452,1534.926,,,,0.000,0,0,0,0,0,0,5,8.711,11.471,0.518,
30,-90,180,0,0.000,1795.452,1534.926,,,,0.000,0,0,0,0,0,0,1,8.381,14.167,0.428,
30,-90,190,0,0.000,1795.452,1534.926,,,,0.000,0,0,0,0,0,1,0,8.811,12.389,0.395,
30,-90,200,0,0.000,1795.452,1534.926,,,,0.000,0,0,0,0,0,0,1,8.794,12.891,0.547,
30,-90,210,0,10.000,1795.452,1534.926,1795.129,1535.272,0.474,0.000,0,0,0,0,0,0,0,10.166,11.268,0.473,0.000
30,-90,220,0,10.000,1795.452,1534.926,1795.113,1535.282,0.491,0.000,0,0,0,0,0,0,0,9.734,12.230,0.426,0.000
30,-90,230,0,0.000,1795.452,1534.926,,,,0.000,0,0,0,0,0,3,0,11.332,7.880,0.635,
30,-90,240,0,10.000,1795.452,1534.926,1795.144,1535.235,0.436,0.000,0,0,0,0,0,0,0,14.700,9.872,0.568,0.000
30,-90,250,0,0.000,1795.452,1534.926,,,,0.000,0,0,0,0,0,0,0,8.650,8.147,0.672,
30,-90,260,0,20.000,1795.452,1534.926,1795.111,1535.281,0.492,0.000,0,0,0,0,0,2,0,13.250,10.747,0.413,0.000
30,-90,270,0,20.000,1795.452,1534.926,1795.105,1535.256,0.479,0.000,0,0,0,0,0,0,0,11.859,11.992,0.552,0.000
30,-90,280,0,10.000,1795.452,1534.926,1795.117,1535.280,0.488,0.000,0,0,0,0,0,5,0,11.837,10.092,0.549,0.000
30,-90,290,0,30.000,1795.452,1534.926,1795.106,1535.287,0.500,0.000,0,0,0,0,0,1,0,12.270,12.008,0.593,0.000
30,-90,300,0,20.000,1795.452,1534.926,1795.115,1535.280,0.489,0.000,0,0,0,0,0,3,0,9.566,11.514,0.572,0.000
30,-90,310,0,20.000,1795.452,1534.926,1795.138,1535.263,0.461,0.000,0,0,0,0,0,6,0,9.480,9.947,0.512,0.000
30,-90,320,0,10.000,1795.452,1534.926,1795.139,1535.264,0.461,0.000,0,0,0,0,0,6,0,11.187,11.549,0.594,0.000
30,-90,330,0,60.000,1795.452,1534.926,1795.093,1535.250,0.484,0.000,0,0,0,0,0,0,0,10.567,10.162,0.621,0.000
30,-90,340,0,50.000,1795.452,1534.926,1795.109,1535.268,0.485,0.000,0,0,0,0,0,4,0,11.523,11.917,0.419,0.000
30,-90,350,0,50.000,1795.452,1534.926,1795.093,1535.242,0.478,0.000,0,0,0,0,0,3,0,11.270,10.954,0.465,0.000
30,-90,360,0,30.000,1795.452,1534.926,1795.118,1535.277,0.485,0.000,0,0,0,0,0,4,0,14.442,11.499,0.629,0.000
30,-90,370,0,20.000,1795.452,1534.926,1795.079,1535.210,0.469,0.000,0,0,0,2,0,5,0,14.915,6.292,0.275,0.000
30,-90,380,0,20.000,1795.452,1534.926,1795.139,1535.224,0.432,0.000,0,0,0,0,0,7,0,10.068,12.238,0.389,0.000
30,-90,390,0,30.000,1795.452,1534.926,1795.095,1535.252,0.484,0.000,0,0,0,1,0,6,0,12.601,15.151,0.552,0.000
30,-80,-100,0,0.000,1795.452,1534.926,,,,0.000,0,8,0,0,0,0,2,9.451,13.103,0.496,
30,-80,-90,0,0.000,1795.452,1534.926,,,,0.000,0,5,0,0,0,0,5,12.396,10.631,0.535,
30,-80,-80,0,0.000,1795.452,1534.926,,,,0.000,0,5,0,0,0,0,5,12.826,8.968,0.523,
30,-80,-70,0,0.000,1795.452,1534.926,,,,0.000,0,1,0,0,0,0,9,11.748,8.858,0.580,
30,-80,-60,0,0.000,1795.452,1534.926,,,,0.000,0,0,0,0,0,0,10,10.178,11.667,0.582,
30,-80,-50,0,0.000,1795.452,1534.926,,,,0.000,0,0,0,0,0,0,10,14.151,6.332,0.581,
30,-80,-40,0,0.000,1795.452,1534.926,,,,0.000,0,0,0,0,0,0,10,10.537,10.309,0.566,
30,-80,-30,0,0.000,1795.452,1534.926,,,,0.000,0,0,0,0,0,0,10,7.344,8.412,0.359,
30,-80,-20,0,0.000,1795.452,1534.926,,,,0.000,0,0,0,0,0,0,10,11.776,12.431,0.619,
30,-80,-10,0,0.000,1795.452,1534.926,,,,0.000,0,0,0,0,0,0,10,12.050,11.267,0.500,
30,-80,0,0,0.000,1795.452,1534.926,,,,0.000,0,0,0,0,0,0,10,14.326,9.694,0.475,
30,-80,10,0,0.000,1795.452,1534.926,,,,0.000,0,0,0,0,0,0,10,13.807,6.695,0.610,
30,-80,20,0,0.000,1795.452,1534.926,,,,0.000,0,0,0,0,0,0,10,11.992,9.912,0.544,
30,-80,30,0,0.000,1795.452,1534.926,,,,0.000,0,0,0,0,0,0,10,10.243,12.658,0.445,
30,-80,40,0,0.000,1795.452,1534.926,,,,0.000,0,0,0,0,0,0,10,11.275,9.571,0.559,
30,-80,50,0,0.000,1795.452,1534.926,,,,0.000,0,0,0,0,0,0,10,7.272,11.491,0.696,
30,-80,60,0,0.000,1795.452,1534.926,,,,0.000,0,0,0,0,0,0,10,8.897,12.142,0.642,
30,-80,70,0,0.000,1795.452,1534.926,,,,0.000,0,0,0,0,0,0,10,11.681,11.704,0.570,
30,-80,80,0,0.000,1795.452,1534.926,,,,0.000,0,0,0,0,0,0,10,10.400,11.146,0.559,
30,-80,90,0,0.000,1795.452,1534.926,,,,0.000,0,0,0,0,0,0,10,12.127,12.791,0.552,
30,-80,100,0,0.000,1795.452,1534.926,,,,0.000,0,0,0,0,0,0,10,11.661,9.042,0.467,
30,-80,110,0,0.000,1795.452,1534.926,,,,0.000,0,0,0,0,0,0,10,11.264,9.351,0.555,
30,-80,120,0,0.000,1795.452,1534.926,,,,0.000,0,0,0,0,0,0,8,11.276,11.868,0.460,
30,-80,130,0,0.000,1795.452,1534.926,,,,0.000,0,0,0,0,0,0,8,12.601,12.510,0.584,
30,-80,140,0,0.000,1795.452,1534.926,,,,0.000,0,0,0,0,0,0,7,12.625,11.970,0.567,
30,-80,150,0,0.000,1795.452,1534.926,,,,0.000,0,0,0,0,0,0,6,10.938,8.948,0.519,
30,-80,160,0,0.000,1795.452,1534.926,,,,0.000,0,0,0,0,0,0,3,14.219,12.016,0.536,
30,-80,170,0,0.000,1795.452,1534.926,,,,0.000,0,0,0,0,0,1,3,12.599,10.966,0.500,
30,-80,180,0,10.000,1795.452,1534.926,1795.078,1535.263,0.503,0.000,0,0,0,0,0,0,0,12.700,9.677,0.411,0.000
30,-80,190,0,0.000,1795.452,1534.926,,,,0.000,0,0,0,0,0,0,1,11.315,12.192,0.628,
30,-80,200,0,20.000,1795.452,1534.926,1795.108,1535.264,0.483,0.000,0,0,0,0,0,0,0,12.267,9.113,0.447,0.000
30,-80,210,0,10.000,1795.452,1534.926,1795.098,1535.292,0.509,0.000,0,0,0,0,0,1,0,10.070,13.278,0.640,0.000
30,-80,220,0,10.000,1795.452,1534.926,1795.108,1535.285,0.497,0.000,0,0,0,0,0,1,0,9.213,10.412,0.546,0.000
30,-80,230,0,20.000,1795.452,1534.926,1795.123,1535.277,0.481,0.000,0,0,0,0,0,1,0,10.440,11.715,0.488,0.000
30,-80,240,0,20.000,1795.452,1534.926,1795.081,1535.260,0.499,0.000,0,0,0,0,0,2,0,13.051,11.979,0.602,0.000
30,-80,250,0,0.000,1795.452,1534.926,,,,0.000,0,0,0,0,0,4,0,11.787,11.791,0.633,
30,-80,260,0,20.000,1795.452,1534.926,1795.117,1535.264,0.476,0.000,0,0,0,0,0,3,0,10.741,10.116,0.603,0.000
30,-80,270,0,40.000,1795.452,1534.926,1795.096,1535.270,0.495,0.000,0,0,0,0,0,2,0,10.883,11.578,0.618,0.000
30,-80,280,0,40.000,1795.452,1534.926,1795.116,1535.259,0.473,0.000,0,0,0,0,0,2,0,11.824,11.522,0.482,0.000
30,-80,290,0,20.000,1795.452,1534.926,1795.078,1535.256,0.499,0.000,0,0,0,0,0,5,0,9.857,13.186,0.662,0.000
30,-80,300,0,30.000,1795.452,1534.926,1795.122,1535.249,0.462,0.000,0,0,0,0,0,7,0,8.159,9.811,0.552,0.000
30,-80,310,0,50.000,1795.452,1534.926,1795.096,1535.256,0.485,0.000,0,0,0,0,0,4,0,8.883,12.544,0.484,0.000
30,-80,320,0,50.000,1795.452,1534.926,1795.126,1535.275,0.477,0.000,0,0,0,0,0,5,0,8.571,14.476,0.584,0.000
30,-80,330,0,40.000,1795.452,1534.926,1795.111,1535.268,0.483,0.000,0,0,0,0,0,4,0,12.874,11.930,0.543,0.000
30,-80,340,0,30.000,1795.452,1534.926,1795.090,1535.235,0.476,0.000,0,0,0,0,0,6,0,13.299,6.969,0.314,0.000
30,-80,350,0,40.000,1795.452,1534.926,1795.121,1535.278,0.483,0.000,0,0,0,0,0,6,0,9.637,10.146,0.551,0.000
30,-80,360,0,20.000,1795.452,1534.926,1795.093,1535.268,0.496,0.000,0,0,0,0,0,8,0,8.332,10.923,0.553,0.000
30,-80,370,0,50.000,1795.452,1534.926,1795.120,1535.277,0.484,0.000,0,0,0,0,0,3,0,9.005,12.825,0.541,0.000
30,-80,380,0,20.000,1795.452,1534.926,1795.126,1535.223,0.442,0.000,0,0,0,0,0,7,0,13.671,10.570,0.577,0.000
30,-80,390,0,60.000,1795.452,1534.926,1795.129,1535.272,0.473,0.000,0,0,0,0,0,4,0,9.706,8.018,0.480,0.000
30,-70,-100,0,0.000,1795.452,1534.926,,,,0.000,0,3,0,0,0,0,7,11.324,9.829,0.445,
30,-70,-90,0,0.000,1795.452,1534.926,,,,0.000,0,2,0,0,0,0,8,9.233,9.454,0.548,
30,-70,-80,0,0.000,1795.452,1534.926,,,,0.000,0,2,0,0,0,0,8,12.628,6.955,0.397,
30,-70,-70,0,0.000,1795.452,1534.926,,,,0.000,0,0,0,0,0,0,10,12.165,11.924,0.473,
30,-70,-60,0,0.000,1795.452,1534.926,,,,0.000,0,0,0,0,0,0,10,10.353,6.584,0.606,
30,-70,-50,0,0.000,1795.452,1534.926,,,,0.000,0,0,0,0,0,0,10,11.188,9.328,0.569,
30,-70,-40,0,0.000,1795.452,1534.926,,,,0.000,0,0,0,0,0,0,10,12.451,14.327,0.536,
30,-70,-30,0,0.000,1795.452,1534.926,,,,0.000,0,0,0,0,0,0,10,11.567,9.556,0.446,
30,-70,-20,0,0.000,1795.452,1534.926,,,,0.000,0,0,0,0,0,0,10,12.701,11.932,0.768,
30,-70,-10,0,0.000,1795.452,1534.926,,,,0.000,0,0,0,0,0,0,10,8.438,11.580,0.527,
30,-70,0,0,0.000,1795.452,1534.926,,,,0.000,0,0,0,0,0,0,10,11.736,9.357,0.452,
30,-70,10,0,0.000,1795.452,1534.926,,,,0.000,0,0,0,0,0,0,10,7.428,8.771,0.582,
30,-70,20,0,0.000,1795.452,1534.926,,,,0.000,0,0,0,0,0,0,10,11.840,8.693,0.561,
30,-70,30,0,0.000,1795.452,1534.926,,,,0.000,0,0,0,0,0,0,10,10.508,13.361,0.462,
30,-70,40,0,0.000,1795.452,1534.926,,,,0.000,0,0,0,0,0,0,10,11.624,11.907,0.628,
30,-70,50,0,0.000,1795.452,1534.926,,,,0.000,0,0,0,0,0,0,10,9.259,9.039,0.663,
30,-70,60,0,0.000,1795.452,1534.926,,,,0.000,0,0,0,0,0,0,10,12.677,6.315,0.539,
30,-70,70,0,0.000,1795.452,1534.926,,,,0.000,0,0,0,0,0,0,10,11.919,9.684,0.627,
30,-70,80,0,0.000,1795.452,1534.926,,,,0.000,0,0,0,0,0,0,10,8.673,5.063,0.358,
30,-70,90,0,0.000,1795.452,1534.926,,,,0.000,0,0,0,0,0,0,8,10.299,11.822,0.414,
30,-70,100,0,0.000,1795.452,1534.926,,,,0.000,0,0,0,0,0,0,9,10.956,11.436,0.630,
30,-70,110,0,0.000,1795.452,1534.926,,,,0.000,0,0,0,0,0,0,5,10.388,12.724,0.419,
30,-70,120,0,0.000,1795.452,1534.926,,,,0.000,0,0,0,0,0,0,5,9.046,13.771,0.511,
30,-70,130,0,0.000,1795.452,1534.926,,,,0.000,0,0,0,0,0,0,7,10.738,12.572,0.578,
30,-70,140,0,0.000,1795.452,1534.926,,,,0.000,0,0,0,0,0,1,5,12.284,12.424,0.333,
30,-70,150,0,0.000,1795.452,1534.926,,,,0.000,0,0,0,0,0,0,3,11.498,7.259,0.670,
30,-70,160,0,0.000,1795.452,1534.926,,,,0.000,0,0,0,0,0,1,0,8.813,11.423,0.586,
30,-70,170,0,0.000,1795.452,1534.926,,,,0.000,0,0,0,0,0,1,0,12.400,9.723,0.689,
30,-70,180,0,0.000,1795.452,1534.926,,,,0.000,0,0,0,0,0,1,0,10.739,12.454,0.639,
30,-70,190,0,10.000,1795.452,1534.926,1795.103,1535.288,0.503,0.000,0,0,0,0,0,1,0,10.892,10.521,0.670,0.000
30,-70,200,0,0.000,1795.452,1534.926,,,,0.000,0,0,0,0,0,2,0,8.217,10.444,0.571,
30,-70,210,0,0.000,1795.452,1534.926,,,,0.000,0,0,0,0,0,1,0,11.257,12.128,0.508,
30,-70,220,0,0.000,1795.452,1534.926,,,,0.000,0,0,0,0,0,6,0,10.522,8.462,0.512,
30,-70,230,0,30.000,1795.452,1534.926,1795.110,1535.283,0.495,0.000,0,0,0,0,0,1,0,13.083,9.408,0.723,0.000
30,-70,240,0,10.000,1795.452,1534.926,1795.117,1535.279,0.486,0.000,0,0,0,0,0,5,0,10.275,9.838,0.410,0.000
30,-70,250,0,10.000,1795.452,1534.926,1795.083,1535.271,0.505,0.000,0,0,0,0,0,4,0,11.440,10.856,0.369,0.000
30,-70,260,0,40.000,1795.452,1534.926,1795.105,1535.271,0.490,0.000,0,0,0,0,0,2,0,15.401,10.851,0.499,0.000
30,-70,270,0,20.000,1795.452,1534.926,1795.126,1535.232,0.447,0.000,0,0,0,0,0,5,0,9.631,10.190,0.557,0.000
30,-70,280,0,30.000,1795.452,1534.926,1795.094,1535.258,0.488,0.000,0,0,0,0,0,4,0,11.394,14.319,0.583,0.000
30,-70,290,0,60.000,1795.452,1534.926,1795.100,1535.254,0.481,0.000,0,0,0,0,0,4,0,13.369,9.939,0.455,0.000
30,-70,300,0,40.000,1795.452,1534.926,1795.138,1535.266,0.463,0.000,0,0,0,0,0,6,0,6.018,7.317,0.578,0.000
30,-70,310,0,50.000,1795.452,1534.926,1795.117,1535.259,0.472,0.000,0,0,0,0,0,4,0,10.989,11.587,0.646,0.000
30,-70,320,0,70.000,1795.452,1534.926,1795.123,1535.262,0.470,0.000,0,0,0,0,0,3,0,11.057,9.772,0.363,0.000
30,-70,330,0,40.000,1795.452,1534.926,1795.086,1535.246,0.487,0.000,0,0,0,0,0,6,0,12.439,8.935,0.431,0.000
30,-70,340,0,30.000,1795.452,1534.926,1795.108,1535.250,0.472,0.000,0,0,0,0,0,7,0,7.045,9.134,0.601,0.000
30,-70,350,0,60.000,1795.452,1534.926,1795.114,1535.267,0.480,0.000,0,0,0,0,0,4,0,8.516,9.583,0.517,0.000
30,-70,360,0,50.000,1795.452,1534.926,1795.098,1535.267,0.492,0.000,0,0,0,0,0,5,0,10.620,12.920,0.493,0.000
30,-70,370,0,60.000,1795.452,1534.926,1795.117,1535.270,0.480,0.000,0,0,0,0,0,4,0,12.000,7.464,0.507,0.000
30,-70,380,0,20.000,1795.452,1534.926,1795.082,1535.258,0.498,0.000,0,0,0,0,0,8,0,12.267,8.290,0.603,0.000
30,-70,390,0,70.000,1795.452,1534.926,1795.094,1535.256,0.487,0.000,0,0,0,0,0,3,0,12.414,9.596,0.473,0.000
30,-60,-100,0,0.000,1795.452,1534.926,,,,0.000,0,0,0,0,0,0,10,12.795,10.688,0.620,
30,-60,-90,0,0.000,1795.452,1534.926,,,,0.000,0,0,0,0,0,0,10,9.434,8.728,0.633,
30,-60,-80,0,0.000,1795.452,1534.926,,,,0.000,0,1,0,0,0,0,9,13.269,13.011,0.486,
30,-60,-70,0,0.000,1795.452,1534.926,,,,0.000,0,0,0,0,0,0,10,7.370,11.665,0.659,
30,-60,-60,0,0.000,1795.452,1534.926,,,,0.000,0,0,0,0,0,0,10,11.499,11.206,0.608,
30,-60,-50,0,0.000,1795.452,1534.926,,,,0.000,0,0,0,0,0,0,10,10.357,9.126,0.495,
30,-60,-40,0,0.000,1795.452,1534.926,,,,0.000,0,0,0,0,0,0,10,13.878,10.196,0.475,
30,-60,-30,0,0.000,1795.452,1534.926,,,,0.000,0,0,0,0,0,0,10,3.984,13.391,0.406,
30,-60,-20,0,0.000,1795.452,1534.926,,,,0.000,0,0,0,0,0,0,10,8.678,12.737,0.441,
30,-60,-10,0,0.000,1795.452,1534.926,,,,0.000,0,0,0,0,0,0,10,11.292,11.883,0.639,
30,-60,0,0,0.000,1795.452,1534.926,,,,0.000,0,0,0,0,0,0,10,8.812,9.924,0.465,
30,-60,10,0,0.000,1795.452,1534.926,,,,0.000,0,0,0,0,0,0,10,10.392,7.760,0.539,
30,-60,20,0,0.000,1795.452,1534.926,,,,0.000,0,0,0,0,0,0,10,10.347,11.221,0.455,
30,-60,30,0,0.000,1795.452,1534.926,,,,0.000,0,0,0,0,0,0,10,10.425,14.309,0.454,
30,-60,40,0,0.000,1795.452,1534.926,,,,0.000,0,0,0,0,0,0,10,12.356,10.023,0.469,
30,-60,50,0,0.000,1795.452,1534.926,,,,0.000,0,0,0,0,0,0,10,11.014,10.695,0.400,
30,-60,60,0,0.000,1795.452,1534.926,,,,0.000,0,0,0,0,0,0,10,7.561,11.842,0.609,
30,-60,70,0,0.000,1795.452,1534.926,,,,0.000,0,0,0,0,0,0,10,9.828,7.487,0.681,
30,-60,80,0,0.000,1795.452,1534.926,,,,0.000,0,0,0,0,0,0,9,13.513,10.273,0.602,
30,-60,90,0,0.000,1795.452,1534.926,,,,0.000,0,0,0,0,0,0,9,13.700,9.283,0.538,
30,-60,100,0,0.000,1795.452,1534.926,,,,0.000,0,0,0,0,0,0,6,13.778,11.768,0.556,
30,-60,110,0,0.000,1795.452,1534.926,,,,0.000,0,0,0,0,0,0,2,10.718,13.761,0.553,
30,-60,120,0,0.000,1795.452,1534.926,,,,0.000,0,0,0,0,0,0,2,11.265,12.656,0.556,
30,-60,130,0,0.000,1795.452,1534.926,,,,0.000,0,0,0,0,0,0,1,11.199,10.228,0.533,
30,-60,140,0,0.000,1795.452,1534.926,,,,0.000,0,0,0,0,0,1,1,11.338,10.054,0.436,
30,-60,150,0,10.000,1795.452,1534.926,1795.105,1535.287,0.501,0.000,0,0,0,0,0,1,1,12.978,7.380,0.590,0.000
30,-60,160,0,20.000,1795.452,1534.926,1795.054,1535.222,0.496,0.000,0,0,0,0,0,1,0,12.064,11.719,0.516,0.000
30,-60,170,0,40.000,1795.452,1534.926,1795.110,1535.268,0.484,0.000,0,0,0,0,0,0,0,12.450,10.721,0.393,0.000
30,-60,180,0,20.000,1795.452,1534.926,1795.091,1535.255,0.489,0.000,0,0,0,0,0,1,0,10.129,10.452,0.446,0.000
30,-60,190,0,30.000,1795.452,1534.926,1795.106,1535.261,0.482,0.000,0,0,0,0,0,3,0,10.628,11.028,0.548,0.000
30,-60,200,0,10.000,1795.452,1534.926,1795.121,1535.275,0.481,0.000,0,0,0,0,0,3,0,11.118,11.326,0.562,0.000
30,-60,210,0,30.000,1795.452,1534.926,1795.089,1535.260,0.493,0.000,0,0,0,0,0,2,0,9.936,8.817,0.556,0.000
30,-60,220,0,50.000,1795.452,1534.926,1795.108,1535.252,0.474,0.000,0,0,0,0,0,4,0,12.211,10.644,0.463,0.000
30,-60,230,0,40.000,1795.452,1534.926,1795.091,1535.252,0.486,0.000,0,0,0,0,0,4,0,3.708,11.254,0.409,0.000
30,-60,240,0,20.000,1795.452,1534.926,1795.099,1535.281,0.501,0.000,0,0,0,0,0,8,0,10.132,8.307,0.651,0.000
30,-60,250,0,40.000,1795.452,1534.926,1795.104,1535.257,0.480,0.000,0,0,0,0,0,5,0,15.134,10.611,0.551,0.000
30,-60,260,0,20.000,1795.452,1534.926,1795.111,1535.249,0.470,0.000,0,0,0,0,0,6,0,9.035,9.735,0.603,0.000
30,-60,270,0,40.000,1795.452,1534.926,1795.120,1535.278,0.484,0.000,0,0,0,0,0,6,0,10.264,14.648,0.342,0.000
30,-60,280,0,40.000,1795.452,1534.926,1795.164,1535.216,0.408,0.000,0,0,0,0,0,5,0,11.405,10.017,0.744,0.000
30,-60,290,0,30.000,1795.452,1534.926,1795.116,1535.280,0.488,0.000,0,0,0,0,0,7,0,11.095,10.014,0.517,0.000
30,-60,300,0,70.000,1795.452,1534.926,1795.100,1535.252,0.480,0.000,0,0,0,0,0,3,0,12.615,9.917,0.579,0.000
30,-60,310,0,60.000,1795.452,1534.926,1795.102,1535.250,0.477,0.000,0,0,0,0,0,4,0,11.348,11.450,0.386,0.000
30,-60,320,0,40.000,1795.452,1534.926,1795.083,1535.269,0.505,0.000,0,0,0,0,0,6,0,10.107,8.849,0.684,0.000
30,-60,330,0,50.000,1795.452,1534.926,1795.129,1535.272,0.474,0.000,0,0,0,0,0,5,0,10.420,11.664,0.629,0.000
30,-60,340,0,70.000,1795.452,1534.926,1795.089,1535.261,0.494,0.100,1,0,0,0,0,3,0,13.478,12.469,0.653,0.000
30,-60,350,0,30.000,1795.452,1534.926,1795.073,1535.240,0.492,0.000,0,0,0,0,0,7,0,10.294,8.643,0.517,0.000
30,-60,360,0,80.000,1795.452,1534.926,1795.124,1535.272,0.477,0.000,0,0,0,0,0,2,0,13.213,11.293,0.436,0.000
30,-60,370,0,50.000,1795.452,1534.926,1795.119,1535.258,0.470,0.000,0,0,0,0,0,5,0,11.053,10.126,0.639,0.000
30,-60,380,0,30.000,1795.452,1534.926,1795.110,1535.251,0.472,0.000,0,0,0,0,0,7,0,10.033,11.312,0.602,0.000
30,-60,390,0,50.000,1795.452,1534.926,1795.193,1535.179,0.362,0.100,1,0,0,0,0,5,0,11.174,9.174,0.480,0.000
30,-50,-100,0,0.000,1795.452,1534.926,,,,0.000,0,0,0,0,0,0,10,7.893,11.123,0.649,
30,-50,-90,0,0.000,1795.452,1534.926,,,,0.000,0,0,0,0,0,0,10,8.566,9.843,0.529,
30,-50,-80,0,0.000,1795.452,1534.926,,,,0.000,0,0,0,0,0,0,10,12.073,8.651,0.450,
30,-50,-70,0,0.000,1795.452,1534.926,,,,0.000,0,0,0,0,0,0,10,9.791,8.766,0.418,
30,-50,-60,0,0.000,1795.452,1534.926,,,,0.000,0,0,0,0,0,0,10,9.572,10.579,0.540,
30,-50,-50,0,0.000,1795.452,1534.926,,,,0.000,0,0,0,0,0,0,10,12.841,12.407,0.530,
30,-50,-40,0,0.000,1795.452,1534.926,,,,0.000,0,0,0,0,0,0,10,11.322,12.495,0.681,
30,-50,-30,0,0.000,1795.452,1534.926,,,,0.000,0,0,0,0,0,0,10,8.460,12.233,0.535,
30,-50,-20,0,0.000,1795.452,1534.926,,,,0.000,0,0,0,0,0,0,10,11.769,12.159,0.490,
30,-50,-10,0,0.000,1795.452,1534.926,,,,0.000,0,0,0,0,0,0,10,9.026,10.907,0.207,
30,-50,0,0,0.000,1795.452,1534.926,,,,0.000,0,0,0,0,0,0,10,13.242,13.116,0.441,
30,-50,10,0,0.000,1795.452,1534.926,,,,0.000,0,0,0,0,0,0,10,11.644,15.640,0.510,
30,-50,20,0,0.000,1795.452,1534.926,,,,0.000,0,0,0,0,0,0,10,8.944,8.883,0.456,
30,-50,30,0,0.000,1795.452,1534.926,,,,0.000,0,0,0,0,0,0,10,10.855,12.879,0.586,
30,-50,40,0,0.000,1795.452,1534.926,,,,0.000,0,0,0,0,0,0,9,7.252,12.396,0.549,
30,-50,50,0,0.000,1795.452,1534.926,,,,0.000,0,0,0,0,0,0,10,8.919,9.524,0.490,
30,-50,60,0,0.000,1795.452,1534.926,,,,0.000,0,0,0,0,0,0,10,10.389,11.149,0.645,
30,-50,70,0,0.000,1795.452,1534.926,,,,0.000,0,0,0,0,0,0,9,9.411,12.724,0.511,
30,-50,80,0,0.000,1795.452,1534.926,,,,0.000,0,0,0,0,0,0,9,12.477,11.937,0.568,
30,-50,90,0,0.000,1795.452,1534.926,,,,0.000,0,0,0,0,0,0,6,10.669,10.414,0.584,
30,-50,100,0,10.000,1795.452,1534.926,1795.099,1535.291,0.508,0.000,0,0,0,0,0,0,3,9.299,12.404,0.493,0.000
30,-50,110,0,0.000,1795.452,1534.926,,,,0.000,0,0,0,0,0,2,1,10.424,11.816,0.544,
30,-50,120,0,0.000,1795.452,1534.926,,,,0.000,0,0,0,0,0,1,4,12.222,13.598,0.541,
30,-50,130,0,0.000,1795.452,1534.926,,,,0.000,0,0,0,0,0,1,1,10.966,9.990,0.492,
30,-50,140,0,30.000,1795.452,1534.926,1795.117,1535.279,0.486,0.000,0,0,0,0,0,4,0,10.456,10.950,0.477,0.000
30,-50,150,0,20.000,1795.452,1534.926,1795.115,1535.250,0.468,0.000,0,0,0,0,0,0,0,12.266,9.854,0.403,0.000
30,-50,160,0,30.000,1795.452,1534.926,1795.091,1535.242,0.480,0.000,0,0,0,0,0,2,0,10.950,12.460,0.494,0.000
30,-50,170,0,30.000,1795.452,1534.926,1795.081,1535.240,0.486,0.000,0,0,0,0,0,1,0,12.024,12.010,0.569,0.000
30,-50,180,0,40.000,1795.452,1534.926,1795.116,1535.246,0.464,0.000,0,0,0,0,0,3,0,9.506,11.857,0.521,0.000
30,-50,190,0,30.000,1795.452,1534.926,1795.086,1535.252,0.491,0.000,0,0,0,0,0,4,0,11.247,15.005,0.414,0.000
30,-50,200,0,40.000,1795.452,1534.926,1795.115,1535.263,0.477,0.000,0,0,0,0,0,1,0,9.315,10.186,0.427,0.000
30,-50,210,0,30.000,1795.452,1534.926,1795.123,1535.260,0.469,0.000,0,0,0,0,0,3,0,11.605,14.477,0.662,0.000
30,-50,220,0,30.000,1795.452,1534.926,1795.113,1535.281,0.491,0.000,0,0,0,0,0,5,0,8.569,11.808,0.386,0.000
30,-50,230,0,50.000,1795.452,1534.926,1795.103,1535.288,0.503,0.000,0,0,0,0,0,4,0,11.317,10.704,0.546,0.000
30,-50,240,0,70.000,1795.452,1534.926,1795.088,1535.246,0.485,0.000,0,0,0,0,0,3,0,6.527,11.699,0.657,0.000
30,-50,250,0,30.000,1795.452,1534.926,1795.087,1535.251,0.489,0.000,0,0,0,0,0,7,0,12.549,13.508,0.436,0.000
30,-50,260,0,60.000,1795.452,1534.926,1795.091,1535.248,0.484,0.000,0,0,0,0,0,4,0,12.438,8.845,0.563,0.000
30,-50,270,0,60.000,1795.452,1534.926,1795.123,1535.260,0.469,0.000,0,0,0,0,0,4,0,6.652,7.248,0.443,0.000
30,-50,280,0,60.000,1795.452,1534.926,1795.099,1535.256,0.483,0.000,0,0,0,0,0,4,0,11.176,8.939,0.589,0.000
30,-50,290,0,50.000,1795.452,1534.926,1795.103,1535.261,0.484,0.000,0,0,0,0,0,5,0,10.123,10.039,0.451,0.000
30,-50,300,0,60.000,1795.452,1534.926,1795.119,1535.267,0.477,0.000,0,0,0,0,0,4,0,12.840,8.343,0.517,0.000
30,-50,310,0,50.000,1795.452,1534.926,1795.114,1535.268,0.481,0.000,0,0,0,0,0,5,0,10.958,9.813,0.669,0.000
30,-50,320,0,80.000,1795.452,1534.926,1795.108,1535.240,0.466,0.100,1,0,0,0,0,2,0,8.964,13.333,0.591,0.000
30,-50,330,0,60.000,1795.452,1534.926,1795.180,1535.194,0.383,0.100,1,0,0,0,0,4,0,6.330,10.828,0.377,0.000
30,-50,340,0,70.000,1795.452,1534.926,1795.083,1535.239,0.484,0.200,1,0,0,0,0,3,0,12.004,10.806,0.487,0.000
30,-50,350,0,50.000,1795.452,1534.926,1795.087,1535.251,0.489,0.100,1,0,0,0,0,5,0,9.770,10.003,0.510,0.000
30,-50,360,0,60.000,1795.452,1534.926,1795.105,1535.252,0.476,0.000,0,0,0,0,0,4,0,9.015,8.740,0.526,0.000
30,-50,370,0,60.000,1795.452,1534.926,1795.093,1535.237,0.475,0.000,0,0,0,0,0,4,0,11.189,9.078,0.562,0.000
30,-50,380,0,70.000,1795.452,1534.926,1795.220,1535.182,0.345,0.100,1,0,0,0,0,3,0,10.683,9.581,0.612,0.000
30,-50,390,0,80.000,1795.452,1534.926,1795.250,1535.147,0.299,0.200,1,0,0,0,0,2,0,7.330,13.293,0.637,0.000
30,-40,-100,0,0.000,1795.452,1534.926,,,,0.000,0,0,0,0,0,0,10,11.073,8.389,0.525,
30,-40,-90,0,0.000,1795.452,1534.926,,,,0.000,0,0,0,0,0,0,10,12.285,14.522,0.468,
30,-40,-80,0,0.000,1795.452,1534.926,,,,0.000,0,0,0,0,0,0,10,10.762,10.637,0.508,
30,-40,-70,0,0.000,1795.452,1534.926,,,,0.000,0,0,0,0,0,0,10,15.314,11.776,0.528,
30,-40,-60,0,0.000,1795.452,1534.926,,,,0.000,0,0,0,0,0,0,10,10.917,10.029,0.589,
30,-40,-50,0,0.000,1795.452,1534.926,,,,0.000,0,0,0,0,0,0,10,10.314,8.272,0.628,
30,-40,-40,0,0.000,1795.452,1534.926,,,,0.000,0,0,0,0,0,0,10,7.813,12.480,0.521,
30,-40,-30,0,0.000,1795.452,1534.926,,,,0.000,0,0,0,0,0,0,10,9.177,10.139,0.559,
30,-40,-20,0,0.000,1795.452,1534.926,,,,0.000,0,0,0,0,0,0,10,11.512,11.307,0.567,
30,-40,-10,0,0.000,1795.452,1534.926,,,,0.000,0,0,0,0,0,0,10,7.114,11.099,0.521,
30,-40,0,0,0.000,1795.452,1534.926,,,,0.000,0,0,0,0,0,0,10,8.401,12.034,0.506,
30,-40,10,0,0.000,1795.452,1534.926,,,,0.000,0,0,0,0,0,0,10,11.914,9.760,0.639,
30,-40,20,0,0.000,1795.452,1534.926,,,,0.000,0,0,0,0,0,0,10,8.519,11.489,0.552,
30,-40,30,0,0.000,1795.452,1534.926,,,,0.000,0,0,0,0,0,0,10,9.631,11.571,0.542,
30,-40,40,0,0.000,1795.452,1534.926,,,,0.000,0,0,0,0,0,0,10,11.861,10.458,0.559,
30,-40,50,0,0.000,1795.452,1534.926,,,,0.000,0,0,0,0,0,0,7,14.417,10.397,0.508,
30,-40,60,0,0.000,1795.452,1534.926,,,,0.000,0,0,0,0,0,0,10,5.941,15.361,0.525,
30,-40,70,0,0.000,1795.452,1534.926,,,,0.000,0,0,0,0,0,0,6,10.917,10.531,0.485,
30,-40,80,0,0.000,1795.452,1534.926,,,,0.000,0,0,0,0,0,2,3,11.510,9.391,0.504,
30,-40,90,0,0.000,1795.452,1534.926,,,,0.000,0,0,0,0,0,2,3,11.118,12.919,0.568,
30,-40,100,0,40.000,1795.452,1534.926,1795.107,1535.274,0.490,0.000,0,0,0,0,0,2,0,8.681,11.945,0.431,0.000
30,-40,110,0,10.000,1795.452,1534.926,1795.109,1535.286,0.498,0.000,0,0,0,0,0,1,1,10.888,10.906,0.543,0.000
30,-40,120,0,30.000,1795.452,1534.926,1795.078,1535.243,0.490,0.000,0,0,0,0,0,1,1,9.536,11.477,0.519,0.000
30,-40,130,0,30.000,1795.452,1534.926,1795.086,1535.261,0.497,0.000,0,0,0,0,0,1,0,12.952,9.659,0.426,0.000
30,-40,140,0,30.000,1795.452,1534.926,1795.101,1535.282,0.500,0.000,0,0,0,0,0,1,0,7.951,10.818,0.657,0.000
30,-40,150,0,30.000,1795.452,1534.926,1795.113,1535.265,0.480,0.000,0,0,0,0,0,2,0,10.601,12.028,0.548,0.000
30,-40,160,0,30.000,1795.452,1534.926,1795.094,1535.257,0.488,0.000,0,0,0,0,0,3,0,12.909,10.942,0.606,0.000
30,-40,170,0,10.000,1795.452,1534.926,1795.129,1535.265,0.469,0.000,0,0,0,0,0,6,0,11.842,9.075,0.555,0.000
30,-40,180,0,40.000,1795.452,1534.926,1795.110,1535.280,0.493,0.000,0,0,0,0,0,5,0,9.764,14.234,0.539,0.000
30,-40,190,0,40.000,1795.452,1534.926,1795.075,1535.247,0.496,0.000,0,0,0,0,0,4,0,13.033,6.951,0.610,0.000
30,-40,200,0,60.000,1795.452,1534.926,1795.130,1535.258,0.462,0.000,0,0,0,0,0,4,0,10.394,12.375,0.608,0.000
30,-40,210,0,30.000,1795.452,1534.926,1795.114,1535.279,0.488,0.000,0,0,0,0,0,6,0,13.127,7.524,0.394,0.000
30,-40,220,0,10.000,1795.452,1534.926,1795.106,1535.287,0.500,0.000,0,0,0,0,0,9,0,13.307,13.501,0.475,0.000
30,-40,230,0,60.000,1795.452,1534.926,1795.103,1535.269,0.489,0.000,0,0,0,0,0,4,0,10.919,10.499,0.524,0.000
30,-40,240,0,60.000,1795.452,1534.926,1795.167,1535.235,0.420,0.000,0,0,0,0,0,4,0,10.242,9.507,0.716,0.000
30,-40,250,0,60.000,1795.452,1534.926,1795.121,1535.275,0.481,0.200,1,0,0,0,0,4,0,12.504,9.754,0.496,0.000
30,-40,260,0,70.000,1795.452,1534.926,1795.104,1535.273,0.492,0.100,1,0,0,0,0,3,0,12.595,11.700,0.355,0.000
30,-40,270,0,70.000,1795.452,1534.926,1795.416,1535.029,0.110,0.000,0,0,0,0,0,3,0,9.739,7.340,0.669,0.000
30,-40,280,0,60.000,1795.452,1534.926,1795.096,1535.251,0.482,0.000,0,0,0,0,0,4,0,11.096,9.043,0.685,0.000
30,-40,290,0,20.000,1795.452,1534.926,1795.086,1535.240,0.482,0.000,0,0,0,0,0,8,0,11.454,13.204,0.513,0.000
30,-40,300,0,50.000,1795.452,1534.926,1795.608,1534.868,0.166,0.100,1,0,0,0,0,5,0,11.986,9.608,0.478,0.000
30,-40,310,0,80.000,1795.452,1534.926,1795.450,1535.012,0.087,0.100,1,0,0,0,0,2,0,15.380,10.381,0.470,0.000
30,-40,320,0,80.000,1795.452,1534.926,1795.157,1535.209,0.409,0.000,0,0,0,0,0,2,0,12.989,10.904,0.600,0.000
30,-40,330,0,70.000,1795.452,1534.926,1795.337,1535.050,0.169,0.200,1,0,0,0,0,3,0,13.295,11.865,0.578,0.000
30,-40,340,0,30.000,1795.452,1534.926,1795.096,1535.243,0.477,0.200,1,0,0,0,0,7,0,8.898,9.921,0.398,0.000
30,-40,350,0,50.000,1795.452,1534.926,1795.131,1535.271,0.471,0.100,1,0,0,0,0,5,0,7.156,7.279,0.519,0.000
30,-40,360,0,70.000,1795.452,1534.926,1795.107,1535.250,0.473,0.200,1,0,0,0,0,3,0,13.412,5.983,0.539,0.000
30,-40,370,0,40.000,1795.452,1534.926,1795.169,1535.195,0.391,0.000,0,0,0,0,0,6,0,9.611,10.933,0.308,0.000
30,-40,380,0,40.000,1795.452,1534.926,1796.865,1533.983,1.699,0.600,3,0,0,0,1,5,0,11.153,10.544,0.513,0.000
30,-40,390,0,90.000,1795.452,1534.926,1796.204,1534.473,0.878,0.500,2,0,0,0,0,1,0,11.228,12.029,0.541,0.000
30,-30,-100,0,0.000,1795.452,1534.926,,,,0.000,0,0,0,0,0,0,10,8.088,10.422,0.488,
30,-30,-90,0,0.000,1795.452,1534.926,,,,0.000,0,0,0,0,0,0,10,13.090,11.960,0.606,
30,-30,-80,0,0.000,1795.452,1534.926,,,,0.000,0,0,0,0,0,0,10,11.685,11.392,0.643,
30,-30,-70,0,0.000,1795.452,1534.926,,,,0.000,0,0,0,0,0,0,10,10.034,9.931,0.647,
30,-30,-60,0,0.000,1795.452,1534.926,,,,0.000,0,0,0,0,0,0,10,9.534,13.004,0.612,
30,-30,-50,0,0.000,1795.452,1534.926,,,,0.000,0,0,0,0,0,0,10,11.042,7.814,0.472,
30,-30,-40,0,0.000,1795.452,1534.926,,,,0.000,0,0,0,0,0,0,10,11.626,14.851,0.462,
30,-30,-30,0,0.000,1795.452,1534.926,,,,0.000,0,0,0,0,0,0,10,10.580,10.773,0.629,
30,-30,-20,0,0.000,1795.452,1534.926,,,,0.000,0,0,0,0,0,0,10,13.033,12.041,0.508,
30,-30,-10,0,0.000,1795.452,1534.926,,,,0.000,0,0,0,0,0,0,10,12.778,9.408,0.694,
30,-30,0,0,0.000,1795.452,1534.926,,,,0.000,0,0,0,0,0,0,10,8.999,9.761,0.662,
30,-30,10,0,0.000,1795.452,1534.926,,,,0.000,0,0,0,0,0,0,10,11.864,8.030,0.720,
30,-30,20,0,0.000,1795.452,1534.926,,,,0.000,0,0,0,0,0,0,9,11.615,11.686,0.615,
30,-30,30,0,0.000,1795.452,1534.926,,,,0.000,0,0,0,0,0,0,9,13.492,11.986,0.497,
30,-30,40,0,0.000,1795.452,1534.926,,,,0.000,0,0,0,0,0,0,9,6.737,11.588,0.536,
30,-30,50,0,0.000,1795.452,1534.926,,,,0.000,0,0,0,0,0,1,7,8.423,10.377,0.519,
30,-30,60,0,0.000,1795.452,1534.926,,,,0.000,0,0,0,0,0,1,3,7.327,7.459,0.547,
30,-30,70,0,10.000,1795.452,1534.926,1795.100,1535.290,0.506,0.000,0,0,0,0,0,1,6,12.552,11.139,0.581,0.000
30,-30,80,0,30.000,1795.452,1534.926,1795.125,1535.273,0.477,0.000,0,0,0,0,0,2,1,9.084,13.172,0.523,0.000
30,-30,90,0,40.000,1795.452,1534.926,1795.091,1535.276,0.503,0.000,0,0,0,0,0,0,0,8.959,6.812,0.639,0.000
30,-30,100,0,20.000,1795.452,1534.926,1795.089,1535.256,0.491,0.000,0,0,0,0,0,4,0,14.445,9.162,0.590,0.000
30,-30,110,0,50.000,1795.452,1534.926,1795.086,1535.259,0.495,0.000,0,0,0,0,0,2,0,12.027,8.865,0.743,0.000
30,-30,120,0,30.000,1795.452,1534.926,1795.109,1535.284,0.496,0.000,0,0,0,0,0,2,0,13.400,7.055,0.487,0.000
30,-30,130,0,50.000,1795.452,1534.926,1795.097,1535.269,0.493,0.000,0,0,0,0,0,1,0,13.153,8.583,0.309,0.000
30,-30,140,0,50.000,1795.452,1534.926,1795.488,1534.999,0.082,0.000,0,0,0,0,0,3,0,12.556,10.624,0.454,0.000
30,-30,150,0,60.000,1795.452,1534.926,1795.089,1535.256,0.491,0.000,0,0,0,0,0,4,0,14.917,11.200,0.500,0.000
30,-30,160,0,0.000,1795.452,1534.926,,,,0.000,0,0,0,0,0,8,0,10.771,13.861,0.406,
30,-30,170,0,20.000,1795.452,1534.926,1795.142,1535.263,0.458,0.000,0,0,0,0,0,6,0,11.044,10.616,0.625,0.000
30,-30,180,0,60.000,1795.452,1534.926,1795.115,1535.280,0.488,0.000,0,0,0,0,0,4,0,11.693,12.442,0.598,0.000
30,-30,190,0,70.000,1795.452,1534.926,1795.432,1535.013,0.090,0.000,0,0,0,0,0,3,0,11.354,12.225,0.371,0.000
30,-30,200,0,70.000,1795.452,1534.926,1795.831,1534.746,0.420,0.100,1,0,0,0,0,3,0,10.964,9.934,0.450,0.000
30,-30,210,0,70.000,1795.452,1534.926,1795.834,1534.740,0.425,0.000,0,0,0,0,0,3,0,10.891,10.793,0.589,0.000
30,-30,220,0,80.000,1795.452,1534.926,1796.056,1534.590,0.691,0.100,1,0,0,0,0,2,0,13.343,10.130,0.450,0.000
30,-30,230,0,80.000,1795.452,1534.926,1795.119,1535.278,0.485,0.000,0,0,0,0,0,2,0,10.158,13.400,0.602,0.000
30,-30,240,0,50.000,1795.452,1534.926,1795.328,1535.095,0.210,0.100,1,0,0,0,0,5,0,10.491,12.840,0.532,0.000
30,-30,250,0,80.000,1795.452,1534.926,1795.205,1535.182,0.356,0.100,1,0,0,0,0,2,0,10.971,12.289,0.399,0.000
30,-30,260,0,70.000,1795.452,1534.926,1795.932,1534.661,0.549,0.200,2,0,0,0,0,3,0,9.371,8.911,0.554,0.000
30,-30,270,0,40.000,1795.452,1534.926,1796.353,1534.368,1.060,0.000,0,0,0,0,0,6,0,6.976,5.369,0.609,0.000
30,-30,280,0,70.000,1795.452,1534.926,1795.850,1534.709,0.453,0.300,1,0,0,0,1,2,0,12.564,8.398,0.438,0.000
30,-30,290,0,80.000,1795.452,1534.926,1795.479,1534.970,0.051,0.100,1,0,0,0,0,2,0,6.594,11.068,0.626,0.000
30,-30,300,0,60.000,1795.452,1534.926,1795.917,1534.699,0.518,0.400,3,0,0,0,1,3,0,9.029,12.323,0.617,0.000
30,-30,310,0,70.000,1795.452,1534.926,1795.950,1534.649,0.570,0.300,1,0,0,0,1,2,0,10.805,9.147,0.533,0.000
30,-30,320,0,70.000,1795.452,1534.926,1796.552,1534.227,1.303,0.900,3,0,0,0,2,1,0,10.531,11.515,0.277,0.000
30,-30,330,0,50.000,1795.452,1534.926,1795.105,1535.272,0.490,0.300,3,0,0,0,1,4,0,10.711,11.802,0.618,0.000
30,-30,340,0,70.000,1795.452,1534.926,1796.901,1533.962,1.740,0.800,2,0,0,0,0,3,0,11.616,7.867,0.187,0.000
30,-30,350,0,70.000,1795.452,1534.926,1795.713,1534.771,0.303,0.600,2,0,0,0,2,1,0,10.471,10.717,0.540,0.000
30,-30,360,0,50.000,1795.452,1534.926,1795.072,1535.231,0.488,0.200,1,0,0,0,0,5,0,10.111,13.613,0.561,0.000
30,-30,370,0,90.000,1795.452,1534.926,1796.085,1534.566,0.728,0.900,3,0,0,0,0,1,0,11.667,11.772,0.454,0.000
30,-30,380,0,60.000,1795.452,1534.926,1796.615,1534.143,1.402,0.900,4,0,0,0,1,3,0,11.336,10.560,0.649,0.000
30,-30,390,0,80.000,1795.452,1534.926,1796.236,1534.461,0.912,0.400,3,0,0,0,1,1,0,13.203,11.355,0.288,0.000
30,-20,-100,0,0.000,1795.452,1534.926,,,,0.000,0,0,0,0,0,0,10,10.569,12.458,0.498,
30,-20,-90,0,0.000,1795.452,1534.926,,,,0.000,0,0,0,0,0,0,10,8.092,10.682,0.521,
30,-20,-80,0,0.000,1795.452,1534.926,,,,0.000,0,0,0,0,0,0,10,12.274,10.247,0.613,
30,-20,-70,0,0.000,1795.452,1534.926,,,,0.000,0,0,0,0,0,0,10,7.128,9.700,0.613,
30,-20,-60,0,0.000,1795.452,1534.926,,,,0.000,0,0,0,0,0,0,10,9.104,12.599,0.570,
30,-20,-50,0,0.000,1795.452,1534.926,,,,0.000,0,0,0,0,0,0,10,10.023,6.059,0.427,
30,-20,-40,0,0.000,1795.452,1534.926,,,,0.000,0,0,0,0,0,0,10,4.698,11.970,0.826,
30,-20,-30,0,0.000,1795.452,1534.926,,,,0.000,0,0,0,0,0,0,10,11.068,10.137,0.442,
30,-20,-20,0,0.000,1795.452,1534.926,,,,0.000,0,0,0,0,0,0,10,10.861,10.551,0.455,
30,-20,-10,0,0.000,1795.452,1534.926,,,,0.000,0,0,0,0,0,0,10,9.081,10.130,0.610,
30,-20,0,0,0.000,1795.452,1534.926,,,,0.000,0,0,0,0,0,0,10,9.736,10.176,0.568,
30,-20,10,0,20.000,1795.452,1534.926,1795.103,1535.288,0.503,0.000,0,0,0,0,0,0,8,8.634,10.963,0.381,0.000
30,-20,20,0,20.000,1795.452,1534.926,1795.083,1535.228,0.477,0.000,0,0,0,0,0,0,8,10.839,10.998,0.471,0.000
30,-20,30,0,20.000,1795.452,1534.926,1795.081,1535.270,0.506,0.000,0,0,0,0,0,0,6,10.755,12.875,0.628,0.000
30,-20,40,0,40.000,1795.452,1534.926,1795.101,1535.290,0.506,0.000,0,0,0,0,0,0,5,13.449,10.028,0.567,0.000
30,-20,50,0,30.000,1795.452,1534.926,1795.102,1535.289,0.504,0.000,0,0,0,0,0,1,3,10.884,10.890,0.534,0.000
30,-20,60,0,30.000,1795.452,1534.926,1795.088,1535.263,0.496,0.000,0,0,0,0,0,3,1,7.151,13.110,0.562,0.000
30,-20,70,0,30.000,1795.452,1534.926,1795.089,1535.271,0.501,0.000,0,0,0,0,0,1,0,10.795,12.196,0.750,0.000
30,-20,80,0,20.000,1795.452,1534.926,1796.147,1534.535,0.798,0.000,0,0,0,0,0,2,0,9.534,10.074,0.554,0.000
30,-20,90,0,20.000,1795.452,1534.926,1795.080,1535.269,0.506,0.000,0,0,0,0,0,4,0,10.531,13.747,0.479,0.000
30,-20,100,0,80.000,1795.452,1534.926,1795.077,1535.256,0.499,0.000,0,0,0,0,0,1,0,10.981,10.963,0.430,0.000
30,-20,110,0,40.000,1795.452,1534.926,1795.093,1535.266,0.495,0.000,0,0,0,0,0,2,0,9.999,7.071,0.496,0.000
30,-20,120,0,70.000,1795.452,1534.926,1796.142,1534.523,0.799,0.000,0,0,0,0,0,2,0,10.083,10.920,0.500,0.000
30,-20,130,0,60.000,1795.452,1534.926,1795.354,1535.042,0.151,0.000,0,0,0,0,0,1,0,12.706,12.943,0.471,0.000
30,-20,140,0,60.000,1795.452,1534.926,1795.492,1534.966,0.057,0.000,0,0,0,0,0,4,0,12.903,9.805,0.587,0.000
30,-20,150,0,40.000,1795.452,1534.926,1795.108,1535.279,0.493,0.000,0,0,0,0,0,5,0,6.486,10.137,0.609,0.000
30,-20,160,0,70.000,1795.452,1534.926,1796.034,1534.610,0.662,0.000,0,0,0,0,0,3,0,11.378,13.884,0.736,0.000
30,-20,170,0,60.000,1795.452,1534.926,1795.417,1535.040,0.120,0.000,0,0,0,0,0,4,0,9.780,10.048,0.536,0.000
30,-20,180,0,80.000,1795.452,1534.926,1796.319,1534.374,1.027,0.000,0,0,0,0,0,2,0,10.629,9.259,0.601,0.000
30,-20,190,0,60.000,1795.452,1534.926,1795.174,1535.183,0.379,0.000,0,0,0,0,0,4,0,8.374,9.823,0.538,0.000
30,-20,200,0,50.000,1795.452,1534.926,1795.113,1535.254,0.472,0.000,0,0,0,0,0,5,0,11.172,14.096,0.603,0.000
30,-20,210,0,70.000,1795.452,1534.926,1796.119,1534.542,0.769,0.000,0,0,0,0,0,3,0,13.798,9.189,0.576,0.000
30,-20,220,0,70.000,1795.452,1534.926,1795.330,1535.070,0.189,0.100,1,0,0,0,0,3,0,9.744,10.389,0.556,0.000
30,-20,230,0,70.000,1795.452,1534.926,1795.556,1534.930,0.104,0.000,0,0,0,0,0,3,0,12.497,11.912,0.595,0.000
30,-20,240,0,80.000,1795.452,1534.926,1795.533,1534.931,0.081,0.200,2,0,0,0,1,1,0,9.696,7.998,0.640,0.000
30,-20,250,0,90.000,1795.452,1534.926,1795.181,1535.178,0.370,0.000,0,0,0,0,0,1,0,12.604,10.044,0.557,0.000
30,-20,260,0,100.000,1795.452,1534.926,1795.960,1534.643,0.581,0.300,1,0,0,0,0,0,0,8.230,10.707,0.583,0.000
30,-20,270,0,100.000,1795.452,1534.926,1795.947,1534.649,0.567,0.200,2,0,0,0,0,0,0,11.692,12.181,0.610,0.000
30,-20,280,0,70.000,1795.452,1534.926,1796.251,1534.431,0.940,0.200,2,0,0,0,0,3,0,11.937,12.296,0.483,0.000
30,-20,290,0,70.000,1795.452,1534.926,1796.326,1534.364,1.039,0.400,2,0,0,0,0,3,0,10.892,12.596,0.543,0.000
30,-20,300,0,70.000,1795.452,1534.926,1796.566,1534.234,1.312,1.000,3,0,0,0,2,1,0,7.683,13.037,0.457,0.000
30,-20,310,0,100.000,1795.452,1534.926,1795.576,1534.919,0.124,0.200,1,0,0,0,0,0,0,8.175,10.701,0.646,0.000
30,-20,320,0,90.000,1795.452,1534.926,1796.985,1533.903,1.843,0.600,4,0,0,0,1,0,0,14.901,13.634,0.526,0.000
30,-20,330,0,90.000,1795.452,1534.926,1795.978,1534.624,0.607,0.500,3,0,0,0,0,1,0,9.945,10.469,0.614,0.000
30,-20,340,0,80.000,1795.452,1534.926,1795.810,1534.724,0.411,0.400,3,0,0,0,0,2,0,12.870,10.427,0.624,0.000
30,-20,350,0,80.000,1795.452,1534.926,1795.973,1534.642,0.593,0.800,2,0,0,0,0,2,0,13.748,10.137,0.574,0.000
30,-20,360,0,90.000,1795.452,1534.926,1796.638,1534.173,1.405,0.200,2,0,0,0,0,1,0,12.399,10.818,0.573,0.000
30,-20,370,0,60.000,1795.452,1534.926,1795.890,1534.696,0.495,0.900,2,0,0,0,3,1,0,10.044,12.189,0.497,0.000
30,-20,380,0,90.000,1795.452,1534.926,1796.601,1534.188,1.365,0.700,2,0,0,0,0,1,0,11.196,10.004,0.481,0.000
30,-20,390,0,60.000,1795.452,1534.926,1795.214,1535.154,0.329,0.700,3,0,0,0,2,2,0,11.708,12.872,0.539,0.000
30,-10,-100,0,0.000,1795.452,1534.926,,,,0.000,0,0,0,0,0,0,10,10.767,13.563,0.492,
30,-10,-90,0,0.000,1795.452,1534.926,,,,0.000,0,0,0,0,0,0,10,13.746,11.317,0.615,
30,-10,-80,0,0.000,1795.452,1534.926,,,,0.000,0,0,0,0,0,0,10,9.895,11.297,0.556,
30,-10,-70,0,0.000,1795.452,1534.926,,,,0.000,0,0,0,0,0,0,10,11.861,11.441,0.513,
30,-10,-60,0,0.000,1795.452,1534.926,,,,0.000,0,0,0,0,0,0,10,13.884,7.757,0.424,
30,-10,-50,0,0.000,1795.452,1534.926,,,,0.000,0,0,0,0,0,0,10,8.064,8.563,0.577,
30,-10,-40,0,0.000,1795.452,1534.926,,,,0.000,0,0,0,0,0,0,10,11.162,10.077,0.514,
30,-10,-30,0,0.000,1795.452,1534.926,,,,0.000,0,0,0,0,0,0,10,11.491,9.796,0.560,
30,-10,-20,0,0.000,1795.452,1534.926,,,,0.000,0,0,0,0,0,0,10,11.628,13.631,0.544,
30,-10,-10,0,0.000,1795.452,1534.926,,,,0.000,0,0,0,0,0,0,10,10.190,12.251,0.514,
30,-10,0,0,20.000,1795.452,1534.926,1797.433,1533.628,2.368,0.000,0,0,0,0,0,0,8,13.818,9.648,0.512,0.000
30,-10,10,0,20.000,1795.452,1534.926,1795.097,1535.254,0.484,0.000,0,0,0,0,0,2,6,12.282,11.544,0.536,0.000
30,-10,20,0,20.000,1795.452,1534.926,1797.958,1533.266,3.006,0.000,0,0,0,0,0,1,7,11.071,11.231,0.515,0.000
30,-10,30,0,30.000,1795.452,1534.926,1795.096,1535.241,0.476,0.000,0,0,0,0,0,1,4,10.013,13.390,0.340,0.000
30,-10,40,0,30.000,1795.452,1534.926,1795.237,1535.194,0.344,0.000,0,0,0,0,0,3,4,10.286,9.086,0.565,0.000
30,-10,50,0,30.000,1795.452,1534.926,1795.089,1535.284,0.510,0.000,0,0,0,0,0,3,0,9.803,11.383,0.696,0.000
30,-10,60,0,50.000,1795.452,1534.926,1795.335,1535.085,0.198,0.000,0,0,0,0,0,0,1,8.827,13.034,0.580,0.000
30,-10,70,0,60.000,1795.452,1534.926,1795.612,1534.902,0.162,0.000,0,0,0,0,0,3,0,9.337,12.381,0.743,0.000
30,-10,80,0,30.000,1795.452,1534.926,1795.080,1535.268,0.505,0.000,0,0,0,0,0,3,0,10.397,11.507,0.528,0.000
30,-10,90,0,70.000,1795.452,1534.926,1795.099,1535.256,0.483,0.000,0,0,0,0,0,3,0,10.799,8.983,0.660,0.000
30,-10,100,0,60.000,1795.452,1534.926,1795.089,1535.280,0.507,0.000,0,0,0,0,0,2,0,13.833,11.717,0.565,0.000
30,-10,110,0,80.000,1795.452,1534.926,1795.385,1535.053,0.144,0.000,0,0,0,0,0,0,0,11.314,11.888,0.474,0.000
30,-10,120,0,70.000,1795.452,1534.926,1795.104,1535.259,0.482,0.100,1,0,0,0,0,3,0,10.721,11.268,0.486,0.000
30,-10,130,0,90.000,1795.452,1534.926,1795.123,1535.250,0.462,0.100,1,0,0,0,0,1,0,10.970,13.586,0.537,0.000
30,-10,140,0,70.000,1795.452,1534.926,1795.174,1535.153,0.359,0.000,0,0,0,0,0,2,0,11.536,12.491,0.707,0.000
30,-10,150,0,90.000,1795.452,1534.926,1796.515,1534.234,1.268,0.000,0,0,0,0,0,1,0,11.738,12.299,0.533,0.000
30,-10,160,0,60.000,1795.452,1534.926,1795.688,1534.827,0.256,0.000,0,0,0,0,0,4,0,9.348,11.794,0.571,0.000
30,-10,170,0,80.000,1795.452,1534.926,1795.107,1535.262,0.481,0.100,1,0,0,0,0,2,0,11.221,10.270,0.748,0.000
30,-10,180,0,70.000,1795.452,1534.926,1795.837,1534.731,0.431,0.000,0,0,0,0,0,3,0,8.945,11.463,0.463,0.000
30,-10,190,0,80.000,1795.452,1534.926,1795.478,1534.970,0.052,0.000,0,0,0,0,0,2,0,10.205,11.595,0.484,0.000
30,-10,200,0,80.000,1795.452,1534.926,1796.613,1534.185,1.378,0.000,0,0,0,0,0,2,0,10.259,11.239,0.547,0.000
30,-10,210,0,80.000,1795.452,1534.926,1796.223,1534.457,0.903,0.100,1,0,0,0,0,2,0,10.688,7.867,0.553,0.000
30,-10,220,0,100.000,1795.452,1534.926,1795.700,1534.836,0.264,0.300,2,0,0,0,0,0,0,12.472,13.982,0.534,0.000
30,-10,230,0,80.000,1795.452,1534.926,1795.199,1535.187,0.363,0.000,0,0,0,0,0,2,0,13.322,12.502,0.406,0.000
30,-10,240,0,100.000,1795.452,1534.926,1795.436,1535.009,0.085,0.000,0,0,0,0,0,0,0,9.379,11.607,0.559,0.000
30,-10,250,0,80.000,1795.452,1534.926,1795.811,1534.749,0.401,0.300,2,0,0,0,0,2,0,10.866,13.936,0.316,0.000
30,-10,260,0,100.000,1795.452,1534.926,1796.525,1534.243,1.272,0.300,1,0,0,0,0,0,0,11.971,10.946,0.497,0.000
30,-10,270,0,70.000,1795.452,1534.926,1796.631,1534.167,1.402,0.100,1,0,0,0,0,2,0,8.844,9.575,0.394,0.000
30,-10,280,0,80.000,1795.452,1534.926,1796.819,1534.032,1.633,1.100,3,0,0,0,1,1,0,10.369,11.306,0.453,0.000
30,-10,290,0,100.000,1795.452,1534.926,1796.383,1534.331,1.105,0.400,3,0,0,0,0,0,0,12.380,8.144,0.545,0.000
30,-10,300,0,80.000,1795.452,1534.926,1796.161,1534.492,0.831,0.500,1,0,0,0,1,0,0,11.195,12.670,0.575,0.000
30,-10,310,0,90.000,1795.452,1534.926,1796.251,1534.435,0.938,0.500,3,0,0,0,1,0,0,12.158,12.916,0.517,0.000
30,-10,320,0,90.000,1795.452,1534.926,1796.115,1534.547,0.763,0.400,2,0,0,0,0,1,0,9.072,12.460,0.524,0.000
30,-10,330,0,80.000,1795.452,1534.926,1795.144,1535.198,0.411,0.500,2,0,0,0,1,1,0,6.759,13.006,0.607,0.000
30,-10,340,0,90.000,1795.452,1534.926,1795.508,1534.936,0.057,0.400,2,0,0,0,0,1,0,12.511,11.352,0.640,0.000
30,-10,350,0,50.000,1795.452,1534.926,1796.720,1534.108,1.509,1.000,3,0,0,0,2,3,0,8.164,11.868,0.408,0.000
30,-10,360,0,90.000,1795.452,1534.926,1795.427,1534.986,0.066,0.600,3,0,0,0,1,0,0,8.631,10.574,0.534,0.000
30,-10,370,0,90.000,1795.452,1534.926,1795.306,1535.099,0.226,0.300,1,0,0,0,0,1,0,12.135,10.563,0.464,0.000
30,-10,380,0,100.000,1795.452,1534.926,1795.908,1534.669,0.523,0.700,2,0,0,0,0,0,0,8.802,12.106,0.679,0.000
30,-10,390,0,90.000,1795.452,1534.926,1795.520,1534.969,0.081,0.500,1,0,0,0,1,0,0,11.545,12.060,0.524,0.000
30,0,-100,0,0.000,1795.452,1534.926,,,,0.000,0,0,0,0,0,0,10,11.006,9.925,0.506,
30,0,-90,0,0.000,1795.452,1534.926,,,,0.000,0,0,0,0,0,0,10,10.438,11.616,0.672,
30,0,-80,0,0.000,1795.452,1534.926,,,,0.000,0,0,0,0,0,0,10,9.968,10.989,0.657,
30,0,-70,0,0.000,1795.452,1534.926,,,,0.000,0,0,0,0,0,0,10,8.298,12.208,0.662,
30,0,-60,0,0.000,1795.452,1534.926,,,,0.000,0,0,0,0,0,0,10,6.256,12.125,0.451,
30,0,-50,0,0.000,1795.452,1534.926,,,,0.000,0,0,0,0,0,0,10,10.506,12.191,0.661,
30,0,-40,0,0.000,1795.452,1534.926,,,,0.000,0,0,0,0,0,0,10,13.039,10.670,0.460,
30,0,-30,0,0.000,1795.452,1534.926,,,,0.000,0,0,0,0,0,0,10,11.176,13.156,0.508,
30,0,-20,0,0.000,1795.452,1534.926,,,,0.000,0,0,0,0,0,0,10,9.171,9.197,0.547,
30,0,-10,0,0.000,1795.452,1534.926,,,,0.000,0,0,0,0,0,0,10,12.968,12.462,0.641,
30,0,0,0,40.000,1795.452,1534.926,1797.507,1533.570,2.462,0.400,2,0,0,0,1,0,5,9.834,11.646,0.468,0.000
30,0,10,0,40.000,1795.452,1534.926,1796.964,1533.965,1.792,0.300,2,0,0,0,1,0,5,9.417,10.325,0.532,0.000
30,0,20,0,50.000,1795.452,1534.926,1796.996,1533.939,1.832,0.300,2,0,0,0,0,0,5,13.961,12.007,0.464,0.000
30,0,30,0,60.000,1795.452,1534.926,1795.940,1534.632,0.570,0.300,1,0,0,0,0,2,2,11.456,15.032,0.781,0.000
30,0,40,0,70.000,1795.452,1534.926,1796.361,1534.375,1.063,0.500,1,0,0,0,0,2,0,10.244,12.957,0.587,0.000
30,0,50,0,60.000,1795.452,1534.926,1796.547,1534.245,1.290,0.500,1,0,0,0,0,2,1,13.815,11.395,0.549,0.000
30,0,60,0,40.000,1795.452,1534.926,1795.774,1534.784,0.352,0.200,1,0,0,0,0,4,0,12.364,9.869,0.356,0.000
30,0,70,0,60.000,1795.452,1534.926,1795.200,1535.193,0.367,0.300,1,0,0,0,0,2,0,15.058,9.731,0.470,0.000
30,0,80,0,90.000,1795.452,1534.926,1795.467,1535.004,0.080,0.400,1,0,0,0,0,1,0,11.314,9.106,0.435,0.000
30,0,90,0,70.000,1795.452,1534.926,1795.084,1535.239,0.484,0.100,1,0,0,0,0,2,0,9.054,9.560,0.600,0.000
30,0,100,0,80.000,1795.452,1534.926,1795.155,1535.225,0.422,0.000,0,0,0,0,0,2,0,8.060,11.743,0.419,0.000
30,0,110,0,70.000,1795.452,1534.926,1795.597,1534.906,0.146,0.100,1,0,0,0,0,3,0,11.832,9.509,0.367,0.000
30,0,120,0,90.000,1795.452,1534.926,1795.247,1535.158,0.310,0.400,1,0,0,0,0,1,0,9.840,6.837,0.590,0.000
30,0,130,0,100.000,1795.452,1534.926,1795.626,1534.881,0.180,0.300,1,0,0,0,0,0,0,9.807,7.624,0.496,0.000
30,0,140,0,90.000,1795.452,1534.926,1795.269,1535.105,0.256,0.500,1,0,0,0,0,1,0,12.209,9.770,0.561,0.000
30,0,150,0,70.000,1795.452,1534.926,1795.678,1534.843,0.241,0.100,1,0,0,0,0,3,0,9.934,9.990,0.448,0.000
30,0,160,0,70.000,1795.452,1534.926,1796.639,1534.157,1.414,0.300,1,0,0,0,0,3,0,10.987,9.724,0.631,0.000
30,0,170,0,100.000,1795.452,1534.926,1795.662,1534.862,0.220,0.500,2,0,0,0,0,0,0,11.962,8.903,0.493,0.000
30,0,180,0,90.000,1795.452,1534.926,1796.026,1534.626,0.648,0.200,1,0,0,0,0,1,0,12.016,13.167,0.358,0.000
30,0,190,0,80.000,1795.452,1534.926,1796.117,1534.538,0.770,0.100,1,0,0,0,0,2,0,9.872,8.372,0.539,0.000
30,0,200,0,80.000,1795.452,1534.926,1795.561,1534.923,0.110,0.300,1,0,0,0,0,2,0,8.616,10.954,0.626,0.000
30,0,210,0,90.000,1795.452,1534.926,1795.841,1534.725,0.438,0.200,1,0,0,0,0,1,0,8.770,10.492,0.571,0.000
30,0,220,0,80.000,1795.452,1534.926,1795.890,1534.671,0.507,0.300,1,0,0,0,0,2,0,11.849,10.957,0.590,0.000
30,0,230,0,90.000,1795.452,1534.926,1797.144,1533.812,2.025,0.400,1,0,0,0,1,0,0,9.796,8.327,0.625,0.000
30,0,240,0,100.000,1795.452,1534.926,1796.351,1534.367,1.059,0.600,1,0,0,0,0,0,0,12.077,7.720,0.541,0.000
30,0,250,0,80.000,1795.452,1534.926,1796.516,1534.255,1.258,0.700,2,0,0,0,0,2,0,12.402,9.839,0.372,0.000
30,0,260,0,100.000,1795.452,1534.926,1795.343,1535.076,0.186,0.300,1,0,0,0,0,0,0,11.552,13.539,0.511,0.000
30,0,270,0,100.000,1795.452,1534.926,1795.604,1534.890,0.156,0.200,1,0,0,0,0,0,0,9.851,9.829,0.418,0.000
30,0,280,0,60.000,1795.452,1534.926,1795.962,1534.629,0.590,0.600,1,0,0,0,1,3,0,11.285,10.547,0.595,0.000
30,0,290,0,100.000,1795.452,1534.926,1795.802,1534.758,0.388,0.300,1,0,0,0,0,0,0,11.423,13.548,0.671,0.000
30,0,300,0,90.000,1795.452,1534.926,1797.124,1533.833,1.997,0.400,1,0,0,0,0,1,0,9.991,8.903,0.355,0.000
30,0,310,0,90.000,1795.452,1534.926,1796.340,1534.377,1.044,0.900,2,0,0,0,1,0,0,11.062,11.238,0.488,0.000
30,0,320,0,70.000,1795.452,1534.926,1797.294,1533.680,2.224,0.700,3,0,0,0,0,3,0,8.923,9.767,0.505,0.000
30,0,330,0,80.000,1795.452,1534.926,1796.726,1534.079,1.530,0.700,2,0,0,0,0,2,0,12.542,12.283,0.527,0.000
30,0,340,0,80.000,1795.452,1534.926,1796.180,1534.481,0.853,1.200,3,0,0,0,1,1,0,9.337,9.425,0.415,0.000
30,0,350,0,80.000,1795.452,1534.926,1796.084,1534.549,0.736,0.700,2,0,0,0,1,1,0,10.673,12.104,0.564,0.000
30,0,360,0,80.000,1795.452,1534.926,1796.943,1533.944,1.785,1.100,3,0,0,0,0,2,0,6.515,12.117,0.455,0.000
30,0,370,0,100.000,1795.452,1534.926,1796.866,1533.995,1.693,1.000,3,0,0,0,0,0,0,15.438,10.169,0.466,0.000
30,0,380,0,80.000,1795.452,1534.926,1796.396,1534.308,1.128,0.800,2,0,0,0,0,2,0,8.462,10.950,0.565,0.000
30,0,390,0,90.000,1795.452,1534.926,1796.161,1534.509,0.823,0.400,2,0,0,0,0,1,0,8.999,12.862,0.496,0.000
30,10,-100,0,0.000,1795.452,1534.926,,,,0.000,0,0,0,0,0,0,10,13.044,9.957,0.569,
30,10,-90,0,0.000,1795.452,1534.926,,,,0.000,0,0,0,0,0,0,10,10.914,9.959,0.524,
30,10,-80,0,0.000,1795.452,1534.926,,,,0.000,0,0,0,0,0,0,10,10.017,10.682,0.360,
30,10,-70,0,0.000,1795.452,1534.926,,,,0.000,0,0,0,0,0,0,10,11.088,9.714,0.585,
30,10,-60,0,0.000,1795.452,1534.926,,,,0.000,0,0,0,0,0,0,10,7.423,10.585,0.590,
30,10,-50,0,0.000,1795.452,1534.926,,,,0.000,0,0,0,0,0,0,10,10.280,10.057,0.460,
30,10,-40,0,0.000,1795.452,1534.926,,,,0.000,0,0,0,0,0,0,10,12.974,5.921,0.570,
30,10,-30,0,0.000,1795.452,1534.926,,,,0.000,0,0,0,0,0,0,10,11.342,11.800,0.468,
30,10,-20,0,0.000,1795.452,1534.926,,,,0.000,0,0,0,0,0,0,10,11.131,12.225,0.503,
30,10,-10,0,0.000,1795.452,1534.926,,,,0.000,0,0,0,0,0,0,10,11.750,10.480,0.470,
30,10,0,0,20.000,1795.452,1534.926,1796.195,1534.421,0.898,0.300,3,0,0,0,1,0,7,12.300,10.042,0.554,0.000
30,10,10,0,50.000,1795.452,1534.926,1797.083,1533.839,1.960,0.600,2,0,0,0,1,0,4,9.294,10.762,0.583,0.000
30,10,20,0,40.000,1795.452,1534.926,1797.622,1533.464,2.617,1.100,2,0,0,0,4,1,1,10.908,10.690,0.361,0.000
30,10,30,0,70.000,1795.452,1534.926,1795.983,1534.592,0.627,0.300,1,0,0,0,0,2,1,10.235,10.916,0.459,0.000
30,10,40,0,80.000,1795.452,1534.926,1795.303,1535.096,0.226,0.400,3,0,0,0,1,1,0,10.379,11.357,0.591,0.000
30,10,50,0,80.000,1795.452,1534.926,1795.790,1534.772,0.372,0.600,2,0,0,0,1,1,0,13.013,11.068,0.593,0.000
30,10,60,0,90.000,1795.452,1534.926,1796.366,1534.380,1.064,0.400,1,0,0,0,0,1,0,9.991,12.840,0.463,0.000
30,10,70,0,100.000,1795.452,1534.926,1795.334,1535.077,0.192,0.500,1,0,0,0,0,0,0,10.247,7.352,0.549,0.000
30,10,80,0,80.000,1795.452,1534.926,1795.161,1535.215,0.410,0.600,1,0,0,0,0,2,0,11.783,11.683,0.327,0.000
30,10,90,0,90.000,1795.452,1534.926,1795.438,1535.023,0.098,0.500,1,0,0,0,0,1,0,12.405,10.911,0.622,0.000
30,10,100,0,80.000,1795.452,1534.926,1795.344,1535.098,0.203,0.600,1,0,0,0,0,2,0,11.240,9.352,0.524,0.000
30,10,110,0,70.000,1795.452,1534.926,1795.348,1535.070,0.178,0.400,1,0,0,0,0,3,0,10.362,11.059,0.401,0.000
30,10,120,0,90.000,1795.452,1534.926,1795.299,1535.085,0.221,0.100,1,0,0,0,0,1,0,8.775,9.067,0.318,0.000
30,10,130,0,70.000,1795.452,1534.926,1795.737,1534.819,0.304,0.800,1,0,0,0,1,2,0,9.031,10.084,0.557,0.000
30,10,140,0,80.000,1795.452,1534.926,1795.379,1535.046,0.141,0.200,1,0,0,0,0,2,0,11.633,13.909,0.508,0.000
30,10,150,0,90.000,1795.452,1534.926,1795.374,1535.055,0.151,0.600,1,0,0,0,0,1,0,8.797,11.964,0.395,0.000
30,10,160,0,90.000,1795.452,1534.926,1796.457,1534.294,1.187,0.500,1,0,0,0,0,1,0,10.976,10.128,0.519,0.000
30,10,170,0,90.000,1795.452,1534.926,1795.676,1534.858,0.234,0.700,1,0,0,0,0,1,0,12.904,9.628,0.555,0.000
30,10,180,0,90.000,1795.452,1534.926,1795.660,1534.887,0.211,0.400,1,0,0,0,0,1,0,12.006,13.060,0.407,0.000
30,10,190,0,100.000,1795.452,1534.926,1796.348,1534.376,1.051,0.500,1,0,0,0,0,0,0,12.193,13.550,0.579,0.000
30,10,200,0,100.000,1795.452,1534.926,1795.781,1534.768,0.365,0.500,1,0,0,0,0,0,0,10.042,9.612,0.634,0.000
30,10,210,0,90.000,1795.452,1534.926,1796.172,1534.500,0.836,0.500,1,0,0,0,0,1,0,10.382,9.645,0.501,0.000
30,10,220,0,100.000,1795.452,1534.926,1795.320,1535.082,0.204,0.400,1,0,0,0,0,0,0,12.968,8.375,0.437,0.000
30,10,230,0,70.000,1795.452,1534.926,1795.674,1534.839,0.238,0.600,1,0,0,0,0,3,0,10.296,8.734,0.421,0.000
30,10,240,0,100.000,1795.452,1534.926,1796.056,1534.566,0.703,0.300,1,0,0,0,0,0,0,9.291,8.003,0.449,0.000
30,10,250,0,80.000,1795.452,1534.926,1795.836,1534.722,0.435,0.600,1,0,0,0,0,2,0,11.279,11.562,0.682,0.000
30,10,260,0,90.000,1795.452,1534.926,1796.707,1534.108,1.498,0.500,1,0,0,0,0,0,0,12.278,9.728,0.611,0.000
30,10,270,0,90.000,1795.452,1534.926,1796.351,1534.362,1.061,0.800,1,0,0,0,0,1,0,9.937,12.379,0.416,0.000
30,10,280,0,100.000,1795.452,1534.926,1796.109,1534.518,0.773,0.600,1,0,0,0,0,0,0,9.910,10.092,0.381,0.000
30,10,290,0,80.000,1795.452,1534.926,1795.831,1534.768,0.411,0.800,1,0,0,0,0,2,0,8.976,11.658,0.478,0.000
30,10,300,0,50.000,1795.452,1534.926,1795.555,1534.934,0.103,0.800,1,0,0,0,1,4,0,11.137,12.072,0.612,0.000
30,10,310,0,90.000,1795.452,1534.926,1795.854,1534.739,0.443,0.600,1,0,0,0,0,1,0,9.027,9.517,0.347,0.000
30,10,320,0,80.000,1795.452,1534.926,1796.352,1534.365,1.060,1.100,2,0,0,0,0,2,0,8.054,12.709,0.618,0.000
30,10,330,0,90.000,1795.452,1534.926,1795.863,1534.709,0.465,0.800,3,0,0,0,1,0,0,6.551,11.219,0.551,0.000
30,10,340,0,90.000,1795.452,1534.926,1796.460,1534.304,1.185,1.000,3,0,0,0,0,1,0,11.278,13.268,0.615,0.000
30,10,350,0,90.000,1795.452,1534.926,1796.389,1534.357,1.096,0.500,1,0,0,0,1,0,0,8.686,12.767,0.640,0.000
30,10,360,0,90.000,1795.452,1534.926,1796.322,1534.379,1.027,0.400,1,0,0,0,0,1,0,10.651,10.527,0.530,0.000
30,10,370,0,100.000,1795.452,1534.926,1797.913,1533.260,2.972,1.100,3,0,0,0,0,0,0,10.577,7.063,0.418,0.000
30,10,380,0,90.000,1795.452,1534.926,1796.941,1533.923,1.795,0.700,1,0,0,0,0,1,0,9.715,9.724,0.692,0.000
30,10,390,0,100.000,1795.452,1534.926,1796.275,1534.422,0.965,0.600,2,0,0,0,0,0,0,11.152,10.201,0.540,0.000
30,20,-100,0,0.000,1795.452,1534.926,,,,0.000,0,0,0,0,0,0,10,11.421,9.006,0.509,
30,20,-90,0,0.000,1795.452,1534.926,,,,0.000,0,0,0,0,0,0,10,10.339,11.798,0.655,
30,20,-80,0,0.000,1795.452,1534.926,,,,0.000,0,0,0,0,0,0,10,12.425,11.031,0.521,
30,20,-70,0,0.000,1795.452,1534.926,,,,0.000,0,0,0,0,0,0,10,12.225,8.937,0.514,
30,20,-60,0,0.000,1795.452,1534.926,,,,0.000,0,0,0,0,0,0,10,12.707,11.353,0.363,
30,20,-50,0,0.000,1795.452,1534.926,,,,0.000,0,0,0,0,0,0,10,10.204,10.826,0.552,
30,20,-40,0,0.000,1795.452,1534.926,,,,0.000,0,0,0,0,0,0,10,9.678,12.862,0.704,
30,20,-30,0,0.000,1795.452,1534.926,,,,0.000,0,0,0,0,0,0,10,9.941,11.146,0.577,
30,20,-20,0,0.000,1795.452,1534.926,,,,0.000,0,0,0,0,0,0,10,11.712,13.440,0.579,
30,20,-10,0,0.000,1795.452,1534.926,,,,0.000,0,0,0,0,0,0,10,11.066,10.834,0.528,
30,20,0,0,10.000,1795.452,1534.926,1796.388,1534.366,1.091,0.100,1,0,0,0,1,0,8,10.522,12.474,0.540,0.000
30,20,10,0,30.000,1795.452,1534.926,1798.829,1532.603,4.099,0.600,2,0,0,0,3,0,4,10.074,9.448,0.613,0.000
30,20,20,0,50.000,1795.452,1534.926,1796.623,1534.182,1.387,0.500,2,0,0,0,2,0,3,13.286,11.609,0.602,0.000
30,20,30,0,70.000,1795.452,1534.926,1795.868,1534.707,0.470,1.000,2,0,0,0,3,0,0,10.440,9.620,0.552,0.000
30,20,40,0,40.000,1795.452,1534.926,1795.670,1534.870,0.225,0.900,2,0,0,0,4,2,0,14.024,14.234,0.540,0.000
30,20,50,0,90.000,1795.452,1534.926,1796.485,1534.275,1.221,0.900,2,0,0,0,1,0,0,7.809,10.610,0.536,0.000
30,20,60,0,90.000,1795.452,1534.926,1795.595,1534.926,0.144,0.700,2,0,0,0,1,0,0,13.158,13.537,0.558,0.000
30,20,70,0,80.000,1795.452,1534.926,1795.828,1534.734,0.422,0.900,2,0,0,0,1,1,0,8.981,9.695,0.559,0.000
30,20,80,0,90.000,1795.452,1534.926,1796.343,1534.385,1.042,0.600,1,0,0,0,0,1,0,14.196,11.771,0.549,0.000
30,20,90,0,90.000,1795.452,1534.926,1795.317,1535.095,0.216,0.600,1,0,0,0,0,1,0,11.893,11.758,0.458,0.000
30,20,100,0,80.000,1795.452,1534.926,1795.259,1535.146,0.293,1.000,1,0,0,0,0,2,0,6.640,11.222,0.447,0.000
30,20,110,0,80.000,1795.452,1534.926,1795.189,1535.177,0.364,0.500,1,0,0,0,0,2,0,7.119,13.241,0.416,0.000
30,20,120,0,80.000,1795.452,1534.926,1795.787,1534.750,0.378,1.000,1,0,0,0,0,2,0,8.516,15.890,0.604,0.000
30,20,130,0,90.000,1795.452,1534.926,1795.821,1534.738,0.414,0.700,1,0,0,0,0,1,0,12.059,6.263,0.567,0.000
30,20,140,0,100.000,1795.452,1534.926,1796.203,1534.494,0.867,0.700,1,0,0,0,0,0,0,11.155,10.491,0.487,0.000
30,20,150,0,80.000,1795.452,1534.926,1795.762,1534.801,0.334,0.800,1,0,0,0,1,1,0,9.779,8.678,0.597,0.000
30,20,160,0,80.000,1795.452,1534.926,1795.827,1534.747,0.416,0.800,1,0,0,0,0,2,0,8.419,14.844,0.576,0.000
30,20,170,0,70.000,1795.452,1534.926,1795.296,1535.130,0.256,0.900,1,0,0,0,0,3,0,11.672,11.465,0.410,0.000
30,20,180,0,70.000,1795.452,1534.926,1795.909,1534.667,0.525,0.600,1,0,0,0,0,3,0,12.156,12.819,0.529,0.000
30,20,190,0,80.000,1795.452,1534.926,1796.076,1534.579,0.714,0.800,1,0,0,0,0,2,0,10.754,7.651,0.677,0.000
30,20,200,0,80.000,1795.452,1534.926,1795.700,1534.815,0.272,0.800,1,0,0,0,0,2,0,12.175,11.761,0.455,0.000
30,20,210,0,90.000,1795.452,1534.926,1796.597,1534.199,1.356,0.800,1,0,0,0,0,1,0,12.904,8.741,0.531,0.000
30,20,220,0,90.000,1795.452,1534.926,1795.811,1534.744,0.402,0.700,1,0,0,0,0,1,0,12.722,13.115,0.385,0.000
30,20,230,0,80.000,1795.452,1534.926,1795.781,1534.745,0.375,0.800,1,0,0,0,0,2,0,10.815,9.915,0.568,0.000
30,20,240,0,80.000,1795.452,1534.926,1795.847,1534.744,0.435,0.700,1,0,0,0,0,2,0,11.982,8.995,0.417,0.000
30,20,250,0,100.000,1795.452,1534.926,1795.551,1534.933,0.100,0.900,1,0,0,0,0,0,0,8.873,9.000,0.488,0.000
30,20,260,0,70.000,1795.452,1534.926,1795.856,1534.730,0.449,1.000,1,0,0,0,0,3,0,8.637,11.558,0.549,0.000
30,20,270,0,80.000,1795.452,1534.926,1795.770,1534.776,0.352,0.800,1,0,0,0,0,2,0,10.831,9.282,0.616,0.000
30,20,280,0,80.000,1795.452,1534.926,1796.354,1534.363,1.064,0.900,1,0,0,0,1,1,0,9.295,8.378,0.625,0.000
30,20,290,0,80.000,1795.452,1534.926,1795.878,1534.709,0.478,0.700,1,0,0,0,0,1,0,10.587,13.617,0.668,0.000
30,20,300,0,100.000,1795.452,1534.926,1795.860,1534.740,0.449,1.000,1,0,0,0,0,0,0,7.333,11.348,0.460,0.000
30,20,310,0,90.000,1795.452,1534.926,1795.675,1534.837,0.240,1.000,1,0,0,0,0,1,0,9.977,9.846,0.621,0.000
30,20,320,0,100.000,1795.452,1534.926,1797.597,1533.496,2.578,0.700,1,0,0,0,0,0,0,10.539,13.692,0.629,0.000
30,20,330,0,90.000,1795.452,1534.926,1796.546,1534.235,1.294,0.900,1,0,0,0,0,1,0,9.147,11.639,0.633,0.000
30,20,340,0,100.000,1795.452,1534.926,1796.509,1534.258,1.250,0.900,1,0,0,0,0,0,0,8.788,12.702,0.494,0.000
30,20,350,0,80.000,1795.452,1534.926,1796.782,1534.039,1.598,1.000,1,0,0,0,0,2,0,12.106,9.767,0.550,0.000
30,20,360,0,100.000,1795.452,1534.926,1795.718,1534.813,0.289,0.700,1,0,0,0,0,0,0,8.512,13.710,0.536,0.000
30,20,370,0,100.000,1795.452,1534.926,1795.970,1534.633,0.595,0.800,1,0,0,0,0,0,0,12.914,11.015,0.412,0.000
30,20,380,0,90.000,1795.452,1534.926,1796.641,1534.182,1.402,0.900,1,0,0,0,0,1,0,9.970,11.128,0.494,0.000
30,20,390,0,90.000,1795.452,1534.926,1796.690,1534.123,1.475,0.900,1,0,0,0,0,1,0,11.527,11.217,0.548,0.000
30,30,-100,0,0.000,1795.452,1534.926,,,,0.000,0,0,0,0,0,0,10,11.352,13.687,0.454,
30,30,-90,0,0.000,1795.452,1534.926,,,,0.000,0,0,0,0,0,0,10,8.560,10.149,0.597,
30,30,-80,0,0.000,1795.452,1534.926,,,,0.000,0,0,0,0,0,0,10,13.431,11.754,0.623,
30,30,-70,0,0.000,1795.452,1534.926,,,,0.000,0,0,0,0,0,0,10,9.498,10.066,0.285,
30,30,-60,0,0.000,1795.452,1534.926,,,,0.000,0,0,0,0,0,0,10,11.623,9.489,0.608,
30,30,-50,0,0.000,1795.452,1534.926,,,,0.000,0,0,0,0,0,0,10,8.443,10.531,0.556,
30,30,-40,0,0.000,1795.452,1534.926,,,,0.000,0,0,0,0,0,0,10,6.942,14.857,0.488,
30,30,-30,0,0.000,1795.452,1534.926,,,,0.000,0,0,0,0,0,0,10,14.119,10.247,0.639,
30,30,-20,0,0.000,1795.452,1534.926,,,,0.000,0,0,0,0,0,0,10,11.988,14.094,0.634,
30,30,-10,0,0.000,1795.452,1534.926,,,,0.000,0,0,0,0,0,0,10,12.298,10.240,0.570,
30,30,0,0,0.000,1795.452,1534.926,,,,0.200,2,0,0,0,1,0,9,7.576,11.988,0.578,
30,30,10,0,10.000,1795.452,1534.926,1798.788,1532.638,4.046,0.600,3,0,0,0,2,0,7,11.699,11.064,0.528,0.000
30,30,20,0,10.000,1795.452,1534.926,1800.611,1531.301,6.305,0.900,3,0,0,0,4,0,5,10.208,10.625,0.647,0.000
30,30,30,0,30.000,1795.452,1534.926,1797.924,1533.206,3.011,1.300,3,0,0,0,5,0,2,11.224,9.970,0.386,0.000
30,30,40,0,60.000,1795.452,1534.926,1796.566,1534.193,1.333,1.600,4,0,0,0,4,0,0,10.730,11.922,0.649,0.000
30,30,50,0,50.000,1795.452,1534.926,1799.097,1532.444,4.409,1.700,3,0,0,0,4,1,0,11.762,8.802,0.608,0.000
30,30,60,0,60.000,1795.452,1534.926,1796.094,1534.523,0.758,1.300,3,0,0,0,3,1,0,8.325,11.291,0.569,0.000
30,30,70,0,100.000,1795.452,1534.926,1796.149,1534.515,0.809,1.000,1,0,0,0,0,0,0,8.597,7.915,0.593,0.000
30,30,80,0,90.000,1795.452,1534.926,1796.818,1534.051,1.622,1.100,2,0,0,0,1,0,0,12.226,8.492,0.639,0.000
30,30,90,0,100.000,1795.452,1534.926,1795.202,1535.188,0.362,1.000,1,0,0,0,0,0,0,6.293,7.703,0.488,0.000
30,30,100,0,100.000,1795.452,1534.926,1795.629,1534.867,0.186,1.000,1,0,0,0,0,0,0,11.028,10.867,0.583,0.000
30,30,110,0,80.000,1795.452,1534.926,1795.451,1535.017,0.092,1.000,1,0,0,0,0,2,0,10.079,7.535,0.368,0.000
30,30,120,0,90.000,1795.452,1534.926,1795.349,1535.085,0.190,1.000,1,0,0,0,0,1,0,9.157,9.381,0.547,0.000
30,30,130,0,80.000,1795.452,1534.926,1795.553,1534.930,0.101,1.000,1,0,0,0,0,2,0,9.851,10.138,0.431,0.000
30,30,140,0,100.000,1795.452,1534.926,1795.764,1534.788,0.341,1.000,1,0,0,0,0,0,0,14.728,8.517,0.472,0.000
30,30,150,0,80.000,1795.452,1534.926,1795.851,1534.724,0.448,1.000,1,0,0,0,0,2,0,10.589,11.270,0.381,0.000
30,30,160,0,70.000,1795.452,1534.926,1795.275,1535.121,0.264,1.000,1,0,0,0,0,3,0,8.794,9.340,0.486,0.000
30,30,170,0,80.000,1795.452,1534.926,1795.821,1534.734,0.416,1.000,1,0,0,0,0,2,0,13.232,12.677,0.625,0.000
30,30,180,0,100.000,1795.452,1534.926,1795.417,1535.032,0.112,1.000,1,0,0,0,0,0,0,12.246,13.258,0.506,0.000
30,30,190,0,90.000,1795.452,1534.926,1795.866,1534.720,0.462,1.000,1,0,0,0,0,1,0,10.181,13.192,0.585,0.000
30,30,200,0,90.000,1795.452,1534.926,1795.714,1534.802,0.290,1.000,1,0,0,0,0,1,0,6.522,11.055,0.626,0.000
30,30,210,0,90.000,1795.452,1534.926,1795.537,1534.956,0.090,1.000,1,0,0,0,0,1,0,11.203,5.898,0.722,0.000
30,30,220,0,90.000,1795.452,1534.926,1795.787,1534.757,0.375,1.000,1,0,0,0,0,1,0,9.988,11.088,0.610,0.000
30,30,230,0,90.000,1795.452,1534.926,1797.076,1533.868,1.939,1.000,1,0,0,0,0,1,0,12.696,10.005,0.691,0.000
30,30,240,0,90.000,1795.452,1534.926,1796.832,1534.052,1.634,1.000,1,0,0,0,0,1,0,11.556,9.648,0.419,0.000
30,30,250,0,90.000,1795.452,1534.926,1797.214,1533.780,2.102,1.000,1,0,0,0,0,1,0,9.752,8.659,0.593,0.000
30,30,260,0,90.000,1795.452,1534.926,1796.431,1534.295,1.165,1.000,1,0,0,0,0,1,0,11.409,5.459,0.669,0.000
30,30,270,0,90.000,1795.452,1534.926,1795.841,1534.727,0.437,1.000,1,0,0,0,0,1,0,11.008,9.328,0.562,0.000
30,30,280,0,90.000,1795.452,1534.926,1796.613,1534.188,1.376,1.000,1,0,0,0,0,1,0,10.302,13.112,0.580,0.000
30,30,290,0,90.000,1795.452,1534.926,1796.198,1534.475,0.872,1.000,1,0,0,0,0,1,0,11.370,9.578,0.467,0.000
30,30,300,0,100.000,1795.452,1534.926,1795.868,1534.688,0.479,1.000,1,0,0,0,0,0,0,7.679,11.823,0.574,0.000
30,30,310,0,90.000,1795.452,1534.926,1796.161,1534.509,0.822,1.000,1,0,0,0,0,1,0,12.761,11.603,0.356,0.000
30,30,320,0,70.000,1795.452,1534.926,1795.703,1534.838,0.266,1.000,1,0,0,0,0,3,0,10.305,11.357,0.483,0.000
30,30,330,0,100.000,1795.452,1534.926,1796.902,1533.990,1.726,1.000,1,0,0,0,0,0,0,10.678,8.819,0.485,0.000
30,30,340,0,100.000,1795.452,1534.926,1796.566,1534.225,1.316,1.000,1,0,0,0,0,0,0,10.704,10.971,0.513,0.000
30,30,350,0,90.000,1795.452,1534.926,1797.113,1533.819,1.996,1.000,1,0,0,0,0,1,0,8.064,9.986,0.528,0.000
30,30,360,0,100.000,1795.452,1534.926,1796.431,1534.321,1.151,1.000,1,0,0,0,0,0,0,12.375,14.742,0.625,0.000
30,30,370,0,90.000,1795.452,1534.926,1796.121,1534.538,0.773,1.000,1,0,0,0,0,1,0,11.255,7.539,0.447,0.000
30,30,380,0,100.000,1795.452,1534.926,1796.203,1534.491,0.868,1.000,1,0,0,0,0,0,0,12.929,8.947,0.426,0.000
30,30,390,0,90.000,1795.452,1534.926,1796.741,1534.079,1.542,1.000,1,0,0,0,0,1,0,10.917,13.538,0.372,0.000
30,40,-100,0,0.000,1795.452,1534.926,,,,0.000,0,0,0,0,0,0,10,7.955,12.996,0.510,
30,40,-90,0,0.000,1795.452,1534.926,,,,0.000,0,0,0,0,0,0,10,12.805,11.076,0.718,
30,40,-80,0,0.000,1795.452,1534.926,,,,0.000,0,0,0,0,0,0,10,7.882,12.362,0.275,
30,40,-70,0,0.000,1795.452,1534.926,,,,0.000,0,0,0,0,0,0,10,12.758,9.950,0.661,
30,40,-60,0,0.000,1795.452,1534.926,,,,0.000,0,0,0,0,0,0,10,8.294,10.405,0.439,
30,40,-50,0,0.000,1795.452,1534.926,,,,0.000,0,0,0,0,0,0,10,8.834,7.730,0.470,
30,40,-40,0,0.000,1795.452,1534.926,,,,0.000,0,0,0,0,0,0,10,12.446,8.076,0.672,
30,40,-30,0,0.000,1795.452,1534.926,,,,0.000,0,0,0,0,0,0,10,9.342,10.898,0.560,
30,40,-20,0,0.000,1795.452,1534.926,,,,0.000,0,0,0,0,0,0,10,13.201,12.037,0.426,
30,40,-10,0,0.000,1795.452,1534.926,,,,0.000,0,0,0,0,0,0,10,7.732,12.231,0.453,
30,40,0,0,0.000,1795.452,1534.926,,,,0.000,0,0,0,0,0,0,10,12.718,9.111,0.609,
30,40,10,0,0.000,1795.452,1534.926,,,,0.300,3,0,0,0,1,0,9,13.571,9.165,0.549,
30,40,20,0,0.000,1795.452,1534.926,,,,0.800,3,0,0,0,3,0,7,9.660,8.609,0.460,
30,40,30,0,30.000,1795.452,1534.926,1799.395,1532.230,4.777,1.500,3,0,0,0,5,0,2,12.262,8.630,0.532,0.000
30,40,40,0,10.000,1795.452,1534.926,1799.835,1531.921,5.314,2.800,5,0,2,0,7,0,0,7.429,12.559,0.572,0.000
30,40,50,0,30.000,1795.452,1534.926,1796.592,1534.221,1.340,1.700,3,0,0,0,6,1,0,12.743,10.463,0.635,0.000
30,40,60,0,60.000,1795.452,1534.926,1795.901,1534.670,0.516,1.700,3,0,0,0,4,0,0,10.680,9.870,0.426,0.000
30,40,70,0,70.000,1795.452,1534.926,1796.566,1534.216,1.321,1.300,3,0,0,0,2,1,0,9.151,12.082,0.528,0.000
30,40,80,0,70.000,1795.452,1534.926,1796.110,1534.528,0.769,1.600,3,0,0,0,3,0,0,12.091,11.020,0.633,0.000
30,40,90,0,70.000,1795.452,1534.926,1796.545,1534.209,1.307,1.300,2,0,0,0,2,1,0,10.958,12.932,0.443,0.000
30,40,100,0,90.000,1795.452,1534.926,1796.151,1534.510,0.813,1.200,2,0,0,0,1,0,0,12.562,13.725,0.630,0.000
30,40,110,0,90.000,1795.452,1534.926,1795.353,1535.105,0.204,1.000,1,0,0,0,0,1,0,7.669,9.821,0.555,0.000
30,40,120,0,90.000,1795.452,1534.926,1795.907,1534.704,0.506,1.100,2,0,0,0,0,1,0,9.263,12.497,0.503,0.000
30,40,130,0,80.000,1795.452,1534.926,1795.399,1535.031,0.118,1.000,1,0,0,0,0,2,0,8.903,11.701,0.578,0.000
30,40,140,0,100.000,1795.452,1534.926,1795.779,1534.744,0.374,1.000,1,0,0,0,0,0,0,10.176,12.450,0.635,0.000
30,40,150,0,80.000,1795.452,1534.926,1795.657,1534.853,0.218,1.000,1,0,0,0,0,2,0,7.658,11.022,0.543,0.000
30,40,160,0,80.000,1795.452,1534.926,1795.715,1534.824,0.282,1.000,1,0,0,0,0,2,0,13.539,11.772,0.317,0.000
30,40,170,0,100.000,1795.452,1534.926,1795.506,1534.973,0.072,1.000,1,0,0,0,0,0,0,10.190,10.233,0.457,0.000
30,40,180,0,100.000,1795.452,1534.926,1795.618,1534.871,0.175,1.000,1,0,0,0,0,0,0,11.837,14.450,0.528,0.000
30,40,190,0,90.000,1795.452,1534.926,1796.090,1534.543,0.744,1.000,1,0,0,0,0,1,0,12.104,12.902,0.544,0.000
30,40,200,0,100.000,1795.452,1534.926,1795.766,1534.789,0.343,1.000,1,0,0,0,0,0,0,8.708,8.488,0.465,0.000
30,40,210,0,100.000,1795.452,1534.926,1795.879,1534.693,0.487,1.000,1,0,0,0,0,0,0,11.700,11.632,0.683,0.000
30,40,220,0,80.000,1795.452,1534.926,1796.459,1534.282,1.196,1.000,1,0,0,0,0,2,0,11.572,13.003,0.662,0.000
30,40,230,0,100.000,1795.452,1534.926,1796.643,1534.167,1.412,1.000,1,0,0,0,0,0,0,8.183,7.714,0.594,0.000
30,40,240,0,90.000,1795.452,1534.926,1796.496,1534.235,1.252,1.000,1,0,0,0,0,1,0,8.850,13.326,0.538,0.000
30,40,250,0,100.000,1795.452,1534.926,1795.969,1534.619,0.601,1.000,1,0,0,0,0,0,0,12.822,13.242,0.526,0.000
30,40,260,0,70.000,1795.452,1534.926,1796.071,1534.577,0.711,1.000,1,0,0,0,0,3,0,7.886,12.863,0.657,0.000
30,40,270,0,70.000,1795.452,1534.926,1796.050,1534.614,0.674,1.000,1,0,0,0,0,3,0,8.997,12.568,0.453,0.000
30,40,280,0,100.000,1795.452,1534.926,1795.491,1534.947,0.045,1.000,1,0,0,0,0,0,0,10.061,9.330,0.432,0.000
30,40,290,0,90.000,1795.452,1534.926,1795.717,1534.813,0.287,1.000,1,0,0,0,0,1,0,9.247,9.562,0.634,0.000
30,40,300,0,90.000,1795.452,1534.926,1795.980,1534.641,0.600,1.000,1,0,0,0,0,1,0,10.886,10.134,0.414,0.000
30,40,310,0,100.000,1795.452,1534.926,1796.714,1534.101,1.508,1.000,1,0,0,0,0,0,0,12.606,11.515,0.563,0.000
30,40,320,0,100.000,1795.452,1534.926,1795.684,1534.834,0.250,1.000,1,0,0,0,0,0,0,10.486,10.107,0.470,0.000
30,40,330,0,70.000,1795.452,1534.926,1796.163,1534.508,0.825,1.000,1,0,0,0,1,2,0,12.267,10.524,0.643,0.000
30,40,340,0,100.000,1795.452,1534.926,1796.332,1534.390,1.030,1.000,1,0,0,0,0,0,0,8.687,11.510,0.713,0.000
30,40,350,0,90.000,1795.452,1534.926,1796.355,1534.362,1.064,1.000,1,0,0,0,0,1,0,8.280,8.846,0.573,0.000
30,40,360,0,80.000,1795.452,1534.926,1795.803,1534.765,0.387,1.000,1,0,0,0,0,2,0,9.665,12.079,0.673,0.000
30,40,370,0,90.000,1795.452,1534.926,1797.521,1533.549,2.485,1.000,1,0,0,0,1,0,0,11.404,14.834,0.498,0.000
30,40,380,0,100.000,1795.452,1534.926,1797.448,1533.584,2.405,1.000,1,0,0,0,0,0,0,14.671,9.672,0.473,0.000
30,40,390,0,100.000,1795.452,1534.926,1796.676,1534.122,1.465,1.000,1,0,0,0,0,0,0,13.645,12.701,0.564,0.000
30,50,-100,0,0.000,1795.452,1534.926,,,,0.000,0,0,0,0,0,0,10,9.800,12.172,0.496,
30,50,-90,0,0.000,1795.452,1534.926,,,,0.000,0,0,0,0,0,0,10,13.431,13.723,0.696,
30,50,-80,0,0.000,1795.452,1534.926,,,,0.000,0,0,0,0,0,0,10,11.219,9.599,0.457,
30,50,-70,0,0.000,1795.452,1534.926,,,,0.000,0,0,0,0,0,0,10,12.324,10.368,0.474,
30,50,-60,0,0.000,1795.452,1534.926,,,,0.000,0,0,0,0,0,0,10,10.867,11.609,0.739,
30,50,-50,0,0.000,1795.452,1534.926,,,,0.000,0,0,0,0,0,0,10,8.799,6.364,0.573,
30,50,-40,0,0.000,1795.452,1534.926,,,,0.000,0,0,0,0,0,0,10,13.391,6.807,0.636,
30,50,-30,0,0.000,1795.452,1534.926,,,,0.000,0,0,0,0,0,0,10,6.906,8.316,0.524,
30,50,-20,0,0.000,1795.452,1534.926,,,,0.000,0,0,0,0,0,0,10,11.136,12.342,0.566,
30,50,-10,0,0.000,1795.452,1534.926,,,,0.000,0,0,0,0,0,0,10,11.562,9.474,0.407,
30,50,0,0,0.000,1795.452,1534.926,,,,0.000,0,0,0,0,0,0,10,12.017,8.373,0.677,
30,50,10,0,0.000,1795.452,1534.926,,,,0.200,2,0,0,0,1,0,9,12.421,11.574,0.526,
30,50,20,0,0.000,1795.452,1534.926,,,,0.600,2,0,0,0,3,0,7,12.449,12.860,0.397,
30,50,30,0,0.000,1795.452,1534.926,,,,1.300,4,0,0,0,6,0,4,8.035,11.475,0.510,
30,50,40,0,0.000,1795.452,1534.926,,,,1.500,4,0,0,0,7,0,3,12.994,13.240,0.630,
30,50,50,0,0.000,1795.452,1534.926,,,,2.500,4,0,0,0,10,0,0,11.882,11.316,0.542,
30,50,60,0,10.000,1795.452,1534.926,1795.063,1535.206,0.479,2.500,4,0,0,0,9,0,0,11.905,11.109,0.575,0.000
30,50,70,0,40.000,1795.452,1534.926,1796.147,1534.529,0.800,2.000,3,0,0,0,6,0,0,12.680,9.326,0.499,0.000
30,50,80,0,90.000,1795.452,1534.926,1797.604,1533.466,2.601,1.300,3,0,0,0,1,0,0,9.045,9.661,0.530,0.000
30,50,90,0,80.000,1795.452,1534.926,1796.593,1534.196,1.354,1.600,4,0,0,0,2,0,0,8.322,12.180,0.530,0.000
30,50,100,0,60.000,1795.452,1534.926,1797.000,1533.906,1.854,1.800,4,0,0,0,3,1,0,10.447,11.250,0.531,0.000
30,50,110,0,50.000,1795.452,1534.926,1796.061,1534.533,0.724,1.800,3,0,0,0,5,0,0,5.125,13.766,0.583,0.000
30,50,120,0,70.000,1795.452,1534.926,1795.989,1534.645,0.606,1.700,4,0,0,0,3,0,0,13.480,11.118,0.477,0.000
30,50,130,0,80.000,1795.452,1534.926,1795.702,1534.824,0.270,1.300,2,0,0,0,1,1,0,9.898,7.953,0.532,0.000
30,50,140,0,100.000,1795.452,1534.926,1796.639,1534.134,1.427,1.300,2,0,0,0,0,0,0,13.460,8.921,0.629,0.000
30,50,150,0,100.000,1795.452,1534.926,1795.247,1535.125,0.286,1.100,2,0,0,0,0,0,0,11.619,11.989,0.560,0.000
30,50,160,0,100.000,1795.452,1534.926,1795.811,1534.737,0.405,1.000,1,0,0,0,0,0,0,12.979,11.980,0.395,0.000
30,50,170,0,100.000,1795.452,1534.926,1795.832,1534.713,0.435,1.000,1,0,0,0,0,0,0,7.696,12.139,0.586,0.000
30,50,180,0,100.000,1795.452,1534.926,1795.138,1535.211,0.425,1.000,1,0,0,0,0,0,0,10.193,9.396,0.499,0.000
30,50,190,0,100.000,1795.452,1534.926,1795.660,1534.844,0.224,1.000,1,0,0,0,0,0,0,9.334,14.935,0.555,0.000
30,50,200,0,100.000,1795.452,1534.926,1796.283,1534.380,0.994,1.000,1,0,0,0,0,0,0,10.979,12.878,0.392,0.000
30,50,210,0,100.000,1795.452,1534.926,1795.514,1534.958,0.070,1.200,2,0,0,0,0,0,0,9.968,10.695,0.657,0.000
30,50,220,0,90.000,1795.452,1534.926,1795.438,1535.011,0.086,1.000,1,0,0,0,0,1,0,9.808,11.812,0.479,0.000
30,50,230,0,70.000,1795.452,1534.926,1796.335,1534.348,1.055,1.000,1,0,0,0,0,3,0,10.383,8.367,0.607,0.000
30,50,240,0,100.000,1795.452,1534.926,1795.991,1534.622,0.619,1.100,2,0,0,0,0,0,0,11.121,9.634,0.475,0.000
30,50,250,0,80.000,1795.452,1534.926,1796.319,1534.387,1.021,1.000,1,0,0,0,0,2,0,10.243,10.420,0.456,0.000
30,50,260,0,90.000,1795.452,1534.926,1796.285,1534.419,0.975,1.000,1,0,0,0,0,1,0,10.452,11.946,0.679,0.000
30,50,270,0,90.000,1795.452,1534.926,1796.630,1534.193,1.388,1.000,1,0,0,0,0,1,0,11.716,9.830,0.516,0.000
30,50,280,0,90.000,1795.452,1534.926,1795.095,1535.258,0.487,1.000,1,0,0,0,0,1,0,11.960,10.734,0.522,0.000
30,50,290,0,100.000,1795.452,1534.926,1796.376,1534.346,1.090,1.000,1,0,0,0,0,0,0,11.806,8.156,0.649,0.000
30,50,300,0,100.000,1795.452,1534.926,1797.301,1533.684,2.227,1.000,1,0,0,0,0,0,0,11.521,11.142,0.659,0.000
30,50,310,0,90.000,1795.452,1534.926,1795.901,1534.674,0.515,1.100,2,0,0,0,1,0,0,11.537,12.268,0.565,0.000
30,50,320,0,80.000,1795.452,1534.926,1795.398,1535.045,0.130,1.000,1,0,0,0,0,2,0,9.431,12.376,0.445,0.000
30,50,330,0,90.000,1795.452,1534.926,1796.276,1534.415,0.970,1.000,1,0,0,0,0,1,0,13.181,7.840,0.497,0.000
30,50,340,0,70.000,1795.452,1534.926,1797.060,1533.866,1.926,1.000,1,0,0,0,0,3,0,9.993,12.579,0.503,0.000
30,50,350,0,90.000,1795.452,1534.926,1796.626,1534.191,1.385,1.000,1,0,0,0,0,1,0,12.203,12.006,0.395,0.000
30,50,360,0,90.000,1795.452,1534.926,1797.070,1533.874,1.930,1.000,1,0,0,0,0,1,0,10.797,11.472,0.559,0.000
30,50,370,0,80.000,1795.452,1534.926,1796.613,1534.192,1.374,1.100,2,0,0,0,1,1,0,10.636,10.818,0.501,0.000
30,50,380,0,80.000,1795.452,1534.926,1795.406,1535.042,0.125,1.100,2,0,0,0,1,1,0,10.936,10.548,0.494,0.000
30,50,390,0,90.000,1795.452,1534.926,1795.647,1534.858,0.206,1.000,1,0,0,0,0,1,0,11.204,10.329,0.606,0.000
30,60,-100,0,0.000,1795.452,1534.926,,,,0.000,0,0,0,0,0,0,10,13.421,9.638,0.673,
30,60,-90,0,0.000,1795.452,1534.926,,,,0.000,0,0,0,0,0,0,10,11.343,12.447,0.528,
30,60,-80,0,0.000,1795.452,1534.926,,,,0.000,0,0,0,0,0,0,10,9.225,10.538,0.496,
30,60,-70,0,0.000,1795.452,1534.926,,,,0.000,0,0,0,0,0,0,10,8.780,7.533,0.534,
30,60,-60,0,0.000,1795.452,1534.926,,,,0.000,0,0,0,0,0,0,10,9.306,11.265,0.595,
30,60,-50,0,0.000,1795.452,1534.926,,,,0.000,0,0,0,0,0,0,10,11.736,11.145,0.628,
30,60,-40,0,0.000,1795.452,1534.926,,,,0.000,0,0,0,0,0,0,10,12.639,10.453,0.589,
30,60,-30,0,0.000,1795.452,1534.926,,,,0.000,0,0,0,0,0,0,10,7.822,10.709,0.607,
30,60,-20,0,0.000,1795.452,1534.926,,,,0.000,0,0,0,0,0,0,10,12.016,9.493,0.365,
30,60,-10,0,0.000,1795.452,1534.926,,,,0.000,0,0,0,0,0,0,10,6.789,13.672,0.504,
30,60,0,0,0.000,1795.452,1534.926,,,,0.000,0,0,0,0,0,0,10,12.119,10.831,0.521,
30,60,10,0,0.000,1795.452,1534.926,,,,0.000,0,0,0,0,0,0,10,11.504,13.013,0.438,
30,60,20,0,0.000,1795.452,1534.926,,,,0.400,2,0,0,0,2,0,8,12.617,11.172,0.488,
30,60,30,0,0.000,1795.452,1534.926,,,,0.200,2,0,0,0,1,0,9,9.471,10.257,0.384,
30,60,40,0,0.000,1795.452,1534.926,,,,1.800,4,0,0,0,6,0,4,9.776,10.090,0.647,
30,60,50,0,0.000,1795.452,1534.926,,,,2.400,4,0,0,0,9,0,1,9.001,11.518,0.449,
30,60,60,0,0.000,1795.452,1534.926,,,,2.400,4,0,0,0,9,0,1,10.027,11.148,0.784,
30,60,70,0,0.000,1795.452,1534.926,,,,2.900,5,0,1,0,9,0,0,10.617,7.361,0.569,
30,60,80,0,20.000,1795.452,1534.926,1797.924,1533.224,3.001,2.500,4,0,0,0,8,0,0,13.973,8.488,0.674,0.000
30,60,90,0,30.000,1795.452,1534.926,1795.826,1534.770,0.405,2.200,4,0,0,0,7,0,0,11.234,13.048,0.655,0.000
30,60,100,0,30.000,1795.452,1534.926,1797.609,1533.497,2.587,2.400,4,0,0,0,7,0,0,10.685,9.081,0.631,0.000
30,60,110,0,50.000,1795.452,1534.926,1795.899,1534.680,0.511,1.900,4,0,0,0,5,0,0,12.040,7.114,0.711,0.000
30,60,120,0,70.000,1795.452,1534.926,1795.211,1535.199,0.364,1.500,3,0,0,0,3,0,0,11.270,9.673,0.461,0.000
30,60,130,0,40.000,1795.452,1534.926,1796.264,1534.446,0.944,1.900,3,0,0,0,6,0,0,13.400,13.670,0.540,0.000
30,60,140,0,90.000,1795.452,1534.926,1796.208,1534.444,0.897,1.300,2,0,0,0,1,0,0,9.228,11.107,0.415,0.000
30,60,150,0,90.000,1795.452,1534.926,1795.436,1535.028,0.104,1.200,3,0,0,0,1,0,0,12.262,11.962,0.624,0.000
30,60,160,0,100.000,1795.452,1534.926,1795.563,1534.912,0.112,1.100,2,0,0,0,0,0,0,10.252,10.132,0.639,0.000
30,60,170,0,100.000,1795.452,1534.926,1795.530,1534.933,0.079,1.000,1,0,0,0,0,0,0,10.668,6.277,0.495,0.000
30,60,180,0,80.000,1795.452,1534.926,1795.902,1534.698,0.504,1.300,2,0,0,0,0,2,0,10.881,7.946,0.506,0.000
30,60,190,0,90.000,1795.452,1534.926,1796.304,1534.389,1.007,1.000,1,0,0,0,0,1,0,10.802,12.251,0.518,0.000
30,60,200,0,90.000,1795.452,1534.926,1795.869,1534.682,0.483,1.200,2,0,0,0,0,1,0,11.184,13.319,0.338,0.000
30,60,210,0,90.000,1795.452,1534.926,1796.773,1534.066,1.576,1.000,1,0,0,0,0,1,0,10.856,8.714,0.637,0.000
30,60,220,0,90.000,1795.452,1534.926,1795.771,1534.786,0.349,1.000,1,0,0,0,0,1,0,11.366,10.565,0.572,0.000
30,60,230,0,90.000,1795.452,1534.926,1797.019,1533.902,1.872,1.100,2,0,0,0,0,1,0,9.226,10.831,0.536,0.000
30,60,240,0,80.000,1795.452,1534.926,1795.857,1534.727,0.451,1.100,2,0,0,0,0,2,0,12.265,13.287,0.626,0.000
30,60,250,0,80.000,1795.452,1534.926,1795.699,1534.825,0.267,1.100,2,0,0,0,0,2,0,11.973,12.533,0.390,0.000
30,60,260,0,90.000,1795.452,1534.926,1796.811,1534.045,1.619,1.100,2,0,0,0,0,1,0,7.386,10.183,0.628,0.000
30,60,270,0,90.000,1795.452,1534.926,1796.160,1534.472,0.841,1.000,1,0,0,0,0,1,0,10.143,9.396,0.650,0.000
30,60,280,0,90.000,1795.452,1534.926,1796.439,1534.294,1.172,1.000,1,0,0,0,1,0,0,9.646,10.177,0.490,0.000
30,60,290,0,100.000,1795.452,1534.926,1795.647,1534.879,0.201,1.000,1,0,0,0,0,0,0,12.298,8.773,0.411,0.000
30,60,300,0,90.000,1795.452,1534.926,1797.051,1533.882,1.910,1.000,1,0,0,0,0,1,0,14.223,11.167,0.504,0.000
30,60,310,0,100.000,1795.452,1534.926,1796.927,1533.964,1.761,1.000,1,0,0,0,0,0,0,9.788,7.972,0.366,0.000
30,60,320,0,80.000,1795.452,1534.926,1796.536,1534.218,1.295,1.100,2,0,0,0,0,2,0,13.561,12.484,0.691,0.000
30,60,330,0,80.000,1795.452,1534.926,1795.630,1534.882,0.183,1.000,1,0,0,0,0,2,0,9.693,14.186,0.589,0.000
30,60,340,0,100.000,1795.452,1534.926,1796.757,1534.066,1.563,1.000,1,0,0,0,0,0,0,10.615,8.367,0.518,0.000
30,60,350,0,70.000,1795.452,1534.926,1796.284,1534.403,0.982,1.100,2,0,0,0,0,3,0,15.478,12.518,0.490,0.000
30,60,360,0,90.000,1795.452,1534.926,1796.558,1534.215,1.315,1.000,1,0,0,0,0,1,0,11.383,11.065,0.517,0.000
30,60,370,0,100.000,1795.452,1534.926,1797.271,1533.734,2.175,1.000,1,0,0,0,0,0,0,9.312,13.118,0.549,0.000
30,60,380,0,100.000,1795.452,1534.926,1795.938,1534.662,0.553,1.000,1,0,0,0,0,0,0,10.802,10.733,0.462,0.000
30,60,390,0,80.000,1795.452,1534.926,1796.251,1534.436,0.937,1.000,1,0,0,0,0,2,0,10.787,11.942,0.514,0.000
30,70,-100,0,0.000,1795.452,1534.926,,,,0.000,0,0,0,0,0,0,10,12.278,9.521,0.585,
30,70,-90,0,0.000,1795.452,1534.926,,,,0.000,0,0,0,0,0,0,10,10.059,10.749,0.572,
30,70,-80,0,0.000,1795.452,1534.926,,,,0.000,0,0,0,0,0,0,10,7.407,12.495,0.536,
30,70,-70,0,0.000,1795.452,1534.926,,,,0.000,0,0,0,0,0,0,10,11.578,10.200,0.521,
30,70,-60,0,0.000,1795.452,1534.926,,,,0.000,0,0,0,0,0,0,10,10.437,9.169,0.476,
30,70,-50,0,0.000,1795.452,1534.926,,,,0.000,0,0,0,0,0,0,10,12.596,10.740,0.505,
30,70,-40,0,0.000,1795.452,1534.926,,,,0.000,0,0,0,0,0,0,10,10.293,11.725,0.516,
30,70,-30,0,0.000,1795.452,1534.926,,,,0.000,0,0,0,0,0,0,10,12.250,11.037,0.548,
30,70,-20,0,0.000,1795.452,1534.926,,,,0.000,0,0,0,0,0,0,10,11.352,12.639,0.561,
30,70,-10,0,0.000,1795.452,1534.926,,,,0.000,0,0,0,0,0,0,10,10.800,14.276,0.619,
30,70,0,0,0.000,1795.452,1534.926,,,,0.000,0,0,0,0,0,0,10,10.562,8.245,0.605,
30,70,10,0,0.000,1795.452,1534.926,,,,0.000,0,0,0,0,0,0,10,12.209,10.947,0.415,
30,70,20,0,0.000,1795.452,1534.926,,,,0.400,3,0,0,0,2,0,8,13.314,10.202,0.724,
30,70,30,0,0.000,1795.452,1534.926,,,,1.000,3,0,0,0,5,0,5,13.055,8.955,0.420,
30,70,40,0,0.000,1795.452,1534.926,,,,1.100,4,0,0,0,5,0,5,10.028,10.831,0.649,
30,70,50,0,0.000,1795.452,1534.926,,,,1.600,3,0,0,0,8,0,2,9.419,11.910,0.513,
30,70,60,0,0.000,1795.452,1534.926,,,,2.000,3,0,0,0,8,0,2,8.926,12.609,0.411,
30,70,70,0,0.000,1795.452,1534.926,,,,3.100,5,0,1,0,9,0,0,11.462,7.337,0.450,
30,70,80,0,0.000,1795.452,1534.926,,,,3.000,5,0,2,0,8,0,0,13.039,10.890,0.617,
30,70,90,0,0.000,1795.452,1534.926,,,,3.300,5,0,3,0,7,0,0,11.776,9.563,0.382,
30,70,100,0,20.000,1795.452,1534.926,1798.370,1532.939,3.531,2.500,4,0,0,0,8,0,0,9.786,11.511,0.461,0.000
30,70,110,0,20.000,1795.452,1534.926,1796.623,1534.140,1.410,2.400,4,0,0,0,8,0,0,11.503,7.307,0.620,0.000
30,70,120,0,60.000,1795.452,1534.926,1798.767,1532.656,4.018,1.800,3,0,0,0,4,0,0,11.296,10.867,0.448,0.000
30,70,130,0,10.000,1795.452,1534.926,1798.468,1532.889,3.639,2.700,5,0,2,0,6,1,0,9.048,9.283,0.507,0.000
30,70,140,0,70.000,1795.452,1534.926,1795.535,1534.920,0.083,1.700,4,0,0,0,3,0,0,10.309,7.070,0.521,0.000
30,70,150,0,60.000,1795.452,1534.926,1796.801,1534.035,1.617,2.000,4,0,0,0,4,0,0,11.967,10.496,0.668,0.000
30,70,160,0,90.000,1795.452,1534.926,1796.077,1534.555,0.727,1.500,2,0,0,0,1,0,0,8.803,10.596,0.542,0.000
30,70,170,0,80.000,1795.452,1534.926,1796.007,1534.578,0.655,1.700,3,0,0,0,2,0,0,6.410,10.551,0.421,0.000
30,70,180,0,90.000,1795.452,1534.926,1796.243,1534.437,0.930,1.300,3,0,0,0,1,0,0,10.932,13.626,0.625,0.000
30,70,190,0,100.000,1795.452,1534.926,1796.060,1534.579,0.700,1.000,1,0,0,0,0,0,0,9.999,11.652,0.579,0.000
30,70,200,0,80.000,1795.452,1534.926,1796.093,1534.545,0.746,1.100,2,0,0,0,0,2,0,11.585,10.759,0.407,0.000
30,70,210,0,90.000,1795.452,1534.926,1795.466,1534.971,0.047,1.400,2,0,0,0,0,1,0,14.215,12.642,0.532,0.000
30,70,220,0,100.000,1795.452,1534.926,1795.759,1534.775,0.343,1.200,2,0,0,0,0,0,0,10.838,13.784,0.577,0.000
30,70,230,0,100.000,1795.452,1534.926,1795.975,1534.607,0.613,1.000,1,0,0,0,0,0,0,9.239,11.289,0.437,0.000
30,70,240,0,100.000,1795.452,1534.926,1795.599,1534.898,0.149,1.200,2,0,0,0,0,0,0,10.702,9.641,0.615,0.000
30,70,250,0,80.000,1795.452,1534.926,1795.591,1534.905,0.141,1.200,2,0,0,0,1,1,0,8.247,13.239,0.511,0.000
30,70,260,0,80.000,1795.452,1534.926,1795.771,1534.773,0.354,1.000,1,0,0,0,0,2,0,11.446,5.351,0.487,0.000
30,70,270,0,90.000,1795.452,1534.926,1796.521,1534.266,1.256,1.100,2,0,0,0,1,0,0,12.425,13.606,0.475,0.000
30,70,280,0,100.000,1795.452,1534.926,1796.207,1534.442,0.897,1.200,2,0,0,0,0,0,0,11.652,8.139,0.679,0.000
30,70,290,0,90.000,1795.452,1534.926,1795.559,1534.918,0.107,1.000,1,0,0,0,0,1,0,11.673,7.560,0.543,0.000
30,70,300,0,100.000,1795.452,1534.926,1796.539,1534.221,1.295,1.100,2,0,0,0,0,0,0,8.657,12.750,0.465,0.000
30,70,310,0,90.000,1795.452,1534.926,1796.742,1534.071,1.548,1.300,3,0,0,0,1,0,0,11.662,11.045,0.657,0.000
30,70,320,0,100.000,1795.452,1534.926,1796.312,1534.388,1.014,1.000,1,0,0,0,0,0,0,10.530,7.424,0.365,0.000
30,70,330,0,100.000,1795.452,1534.926,1796.194,1534.498,0.857,1.000,1,0,0,0,0,0,0,12.029,5.043,0.426,0.000
30,70,340,0,100.000,1795.452,1534.926,1796.208,1534.485,0.875,1.000,1,0,0,0,0,0,0,12.781,10.597,0.530,0.000
30,70,350,0,90.000,1795.452,1534.926,1796.446,1534.294,1.177,1.300,4,0,0,0,1,0,0,11.399,11.836,0.628,0.000
30,70,360,0,60.000,1795.452,1534.926,1797.667,1533.423,2.676,1.100,2,0,0,0,1,3,0,7.558,8.679,0.518,0.000
30,70,370,0,90.000,1795.452,1534.926,1795.735,1534.801,0.309,1.000,1,0,0,0,0,1,0,11.548,11.618,0.664,0.000
30,70,380,0,100.000,1795.452,1534.926,1797.175,1533.792,2.062,1.200,2,0,0,0,0,0,0,11.229,13.283,0.473,0.000
30,70,390,0,90.000,1795.452,1534.926,1797.756,1533.357,2.787,1.300,3,0,0,0,1,0,0,9.930,10.247,0.402,0.000
30,80,-100,0,0.000,1795.452,1534.926,,,,0.000,0,0,0,0,0,0,10,10.178,13.167,0.500,
30,80,-90,0,0.000,1795.452,1534.926,,,,0.000,0,0,0,0,0,0,10,9.077,13.818,0.631,
30,80,-80,0,0.000,1795.452,1534.926,,,,0.000,0,0,0,0,0,0,10,10.542,11.138,0.321,
30,80,-70,0,0.000,1795.452,1534.926,,,,0.000,0,0,0,0,0,0,10,9.669,11.811,0.468,
30,80,-60,0,0.000,1795.452,1534.926,,,,0.000,0,0,0,0,0,0,10,11.563,12.022,0.597,
30,80,-50,0,0.000,1795.452,1534.926,,,,0.000,0,0,0,0,0,0,10,11.699,13.785,0.624,
30,80,-40,0,0.000,1795.452,1534.926,,,,0.000,0,0,0,0,0,0,10,9.206,9.749,0.469,
30,80,-30,0,0.000,1795.452,1534.926,,,,0.000,0,0,0,0,0,0,10,9.804,10.028,0.483,
30,80,-20,0,0.000,1795.452,1534.926,,,,0.000,0,0,0,0,0,0,10,12.815,7.601,0.431,
30,80,-10,0,0.000,1795.452,1534.926,,,,0.000,0,0,0,0,0,0,10,11.060,11.194,0.599,
30,80,0,0,0.000,1795.452,1534.926,,,,0.000,0,0,0,0,0,0,10,11.920,9.834,0.630,
30,80,10,0,0.000,1795.452,1534.926,,,,0.000,0,0,0,0,0,0,10,11.140,11.711,0.557,
30,80,20,0,0.000,1795.452,1534.926,,,,0.000,0,0,0,0,0,0,10,9.406,14.349,0.586,
30,80,30,0,0.000,1795.452,1534.926,,,,0.200,2,0,0,0,1,0,9,10.685,10.921,0.317,
30,80,40,0,0.000,1795.452,1534.926,,,,1.800,4,0,0,0,6,0,4,9.565,11.368,0.557,
30,80,50,0,0.000,1795.452,1534.926,,,,2.300,4,0,0,0,8,0,2,12.613,9.015,0.528,
30,80,60,0,0.000,1795.452,1534.926,,,,2.200,4,0,0,0,8,0,2,11.452,11.294,0.580,
30,80,70,0,0.000,1795.452,1534.926,,,,2.700,4,0,0,0,10,0,0,12.796,12.782,0.625,
30,80,80,0,0.000,1795.452,1534.926,,,,3.000,4,0,0,0,10,0,0,12.607,13.263,0.537,
30,80,90,0,0.000,1795.452,1534.926,,,,2.900,4,0,0,0,10,0,0,9.972,9.149,0.459,
30,80,100,0,0.000,1795.452,1534.926,,,,2.800,4,0,0,0,10,0,0,11.019,8.327,0.383,
30,80,110,0,0.000,1795.452,1534.926,,,,2.600,3,0,0,0,10,0,0,13.193,9.925,0.446,
30,80,120,0,10.000,1795.452,1534.926,1795.102,1535.289,0.504,2.400,4,0,0,0,9,0,0,10.593,10.767,0.640,0.000
30,80,130,0,10.000,1795.452,1534.926,1796.761,1534.110,1.542,3.000,5,0,1,0,8,0,0,10.257,10.237,0.566,0.000
30,80,140,0,60.000,1795.452,1534.926,1796.235,1534.454,0.914,2.100,4,0,0,0,4,0,0,11.018,12.071,0.517,0.000
30,80,150,0,10.000,1795.452,1534.926,1795.430,1534.987,0.066,2.700,4,0,0,0,9,0,0,7.522,11.943,0.586,0.000
30,80,160,0,70.000,1795.452,1534.926,1796.308,1534.421,0.994,1.900,3,0,0,0,3,0,0,11.847,8.068,0.695,0.000
30,80,170,0,60.000,1795.452,1534.926,1798.514,1532.862,3.693,2.100,3,0,0,0,4,0,0,9.593,13.764,0.703,0.000
30,80,180,0,60.000,1795.452,1534.926,1795.221,1535.167,0.334,1.900,3,0,0,0,4,0,0,12.026,11.468,0.535,0.000
30,80,190,0,90.000,1795.452,1534.926,1796.867,1533.987,1.698,1.300,2,0,0,0,0,1,0,13.510,12.600,0.543,0.000
30,80,200,0,90.000,1795.452,1534.926,1795.307,1535.094,0.222,1.400,2,0,0,0,0,1,0,11.674,8.242,0.653,0.000
30,80,210,0,100.000,1795.452,1534.926,1795.941,1534.652,0.561,1.400,2,0,0,0,0,0,0,12.980,8.688,0.401,0.000
30,80,220,0,80.000,1795.452,1534.926,1796.005,1534.591,0.647,1.500,2,0,0,0,0,2,0,9.127,8.444,0.544,0.000
30,80,230,0,100.000,1795.452,1534.926,1796.295,1534.383,1.003,1.200,2,0,0,0,0,0,0,13.301,10.319,0.603,0.000
30,80,240,0,100.000,1795.452,1534.926,1795.758,1534.759,0.349,1.000,1,0,0,0,0,0,0,10.757,14.609,0.430,0.000
30,80,250,0,100.000,1795.452,1534.926,1796.095,1534.532,0.754,1.300,2,0,0,0,0,0,0,11.365,14.083,0.636,0.000
30,80,260,0,100.000,1795.452,1534.926,1796.649,1534.135,1.435,1.300,2,0,0,0,0,0,0,11.508,7.990,0.389,0.000
30,80,270,0,100.000,1795.452,1534.926,1796.000,1534.597,0.638,1.000,1,0,0,0,0,0,0,11.377,14.319,0.557,0.000
30,80,280,0,90.000,1795.452,1534.926,1796.349,1534.359,1.061,1.000,1,0,0,0,0,1,0,14.522,10.615,0.507,0.000
30,80,290,0,100.000,1795.452,1534.926,1797.074,1533.829,1.958,1.200,2,0,0,0,0,0,0,11.928,12.668,0.589,0.000
30,80,300,0,90.000,1795.452,1534.926,1797.881,1533.294,2.926,1.200,2,0,0,0,1,0,0,9.924,8.967,0.499,0.000
30,80,310,0,90.000,1795.452,1534.926,1797.042,1533.880,1.903,1.200,2,0,0,0,0,1,0,12.054,10.051,0.610,0.000
30,80,320,0,90.000,1795.452,1534.926,1796.859,1533.986,1.692,1.200,2,0,0,0,0,1,0,12.344,13.025,0.608,0.000
30,80,330,0,90.000,1795.452,1534.926,1796.207,1534.457,0.889,1.100,2,0,0,0,0,1,0,14.486,7.911,0.574,0.000
30,80,340,0,90.000,1795.452,1534.926,1797.147,1533.802,2.034,1.200,2,0,0,0,1,0,0,9.538,11.863,0.534,0.000
30,80,350,0,100.000,1795.452,1534.926,1795.998,1534.610,0.631,1.100,2,0,0,0,0,0,0,7.082,8.817,0.606,0.000
30,80,360,0,90.000,1795.452,1534.926,1797.195,1533.772,2.090,1.000,1,0,0,0,0,1,0,10.198,10.803,0.564,0.000
30,80,370,0,80.000,1795.452,1534.926,1795.599,1534.901,0.149,1.300,3,0,0,0,2,0,0,7.274,12.220,0.444,0.000
30,80,380,0,90.000,1795.452,1534.926,1798.440,1532.907,3.606,1.000,1,0,0,0,1,0,0,8.294,8.131,0.521,0.000
30,80,390,0,90.000,1795.452,1534.926,1796.247,1534.427,0.938,1.200,3,0,0,0,1,0,0,9.809,11.300,0.540,0.000
30,90,-100,0,0.000,1795.452,1534.926,,,,0.000,0,0,0,0,0,0,10,11.009,14.587,0.462,
30,90,-90,0,0.000,1795.452,1534.926,,,,0.000,0,0,0,0,0,0,10,10.644,10.541,0.769,
30,90,-80,0,0.000,1795.452,1534.926,,,,0.000,0,0,0,0,0,0,10,8.716,7.305,0.492,
30,90,-70,0,0.000,1795.452,1534.926,,,,0.000,0,0,0,0,0,0,10,9.953,11.696,0.635,
30,90,-60,0,0.000,1795.452,1534.926,,,,0.000,0,0,0,0,0,0,10,9.425,6.743,0.531,
30,90,-50,0,0.000,1795.452,1534.926,,,,0.000,0,0,0,0,0,0,10,9.947,11.069,0.501,
30,90,-40,0,0.000,1795.452,1534.926,,,,0.000,0,0,0,0,0,0,10,11.692,8.008,0.507,
30,90,-30,0,0.000,1795.452,1534.926,,,,0.000,0,0,0,0,0,0,10,11.875,12.969,0.567,
30,90,-20,0,0.000,1795.452,1534.926,,,,0.000,0,0,0,0,0,0,10,12.165,11.990,0.588,
30,90,-10,0,0.000,1795.452,1534.926,,,,0.000,0,0,0,0,0,0,10,6.033,10.276,0.621,
30,90,0,0,0.000,1795.452,1534.926,,,,0.000,0,0,0,0,0,0,10,11.143,9.804,0.492,
30,90,10,0,0.000,1795.452,1534.926,,,,0.000,0,0,0,0,0,0,10,10.139,12.586,0.615,
30,90,20,0,0.000,1795.452,1534.926,,,,0.000,0,0,0,0,0,0,10,11.840,10.174,0.597,
30,90,30,0,0.000,1795.452,1534.926,,,,0.100,1,0,0,0,1,0,9,8.790,12.166,0.446,
30,90,40,0,0.000,1795.452,1534.926,,,,1.000,4,0,0,0,4,0,6,14.095,12.029,0.537,
30,90,50,0,0.000,1795.452,1534.926,,,,1.200,4,0,0,0,5,0,5,10.147,12.748,0.479,
30,90,60,0,0.000,1795.452,1534.926,,,,1.000,3,0,0,0,4,0,6,12.403,12.073,0.763,
30,90,70,0,0.000,1795.452,1534.926,,,,2.200,3,0,0,0,9,0,1,11.481,9.250,0.626,
30,90,80,0,0.000,1795.452,1534.926,,,,2.800,4,0,0,0,10,0,0,10.718,9.337,0.485,
30,90,90,0,0.000,1795.452,1534.926,,,,3.000,5,0,1,0,9,0,0,9.841,10.487,0.548,
30,90,100,0,0.000,1795.452,1534.926,,,,2.700,5,0,1,0,9,0,0,12.218,14.074,0.430,
30,90,110,0,0.000,1795.452,1534.926,,,,2.700,3,0,0,0,10,0,0,13.473,9.903,0.575,
30,90,120,0,0.000,1795.452,1534.926,,,,3.100,5,0,1,0,9,0,0,13.069,9.679,0.566,
30,90,130,0,10.000,1795.452,1534.926,1801.365,1530.850,7.181,2.600,4,0,0,0,9,0,0,8.743,11.366,0.511,0.000
30,90,140,0,10.000,1795.452,1534.926,1795.333,1535.122,0.230,2.500,4,0,0,0,9,0,0,7.406,11.514,0.571,0.000
30,90,150,0,20.000,1795.452,1534.926,1795.632,1534.884,0.185,2.200,3,0,0,0,8,0,0,12.069,10.170,0.638,0.000
30,90,160,0,40.000,1795.452,1534.926,1797.822,1533.345,2.848,2.400,4,0,0,0,6,0,0,12.650,11.358,0.256,0.000
30,90,170,0,50.000,1795.452,1534.926,1796.835,1534.042,1.641,1.800,2,0,0,0,4,1,0,10.971,12.050,0.635,0.000
30,90,180,0,80.000,1795.452,1534.926,1797.889,1533.302,2.929,1.900,3,0,0,0,2,0,0,10.073,13.084,0.541,0.000
30,90,190,0,60.000,1795.452,1534.926,1796.664,1534.151,1.439,2.000,3,0,0,0,2,2,0,12.250,13.297,0.483,0.000
30,90,200,0,80.000,1795.452,1534.926,1796.253,1534.407,0.954,1.600,2,0,0,0,0,2,0,7.136,9.743,0.430,0.000
30,90,210,0,90.000,1795.452,1534.926,1796.146,1534.519,0.804,1.600,2,0,0,0,0,1,0,10.711,12.577,0.507,0.000
30,90,220,0,90.000,1795.452,1534.926,1796.267,1534.427,0.956,1.600,3,0,0,0,0,1,0,13.150,11.762,0.359,0.000
30,90,230,0,100.000,1795.452,1534.926,1796.535,1534.231,1.287,1.100,2,0,0,0,0,0,0,9.718,10.527,0.528,0.000
30,90,240,0,90.000,1795.452,1534.926,1795.737,1534.798,0.313,1.300,2,0,0,0,0,1,0,11.562,12.028,0.497,0.000
30,90,250,0,100.000,1795.452,1534.926,1796.124,1534.528,0.780,1.200,2,0,0,0,0,0,0,9.944,12.904,0.549,0.000
30,90,260,0,100.000,1795.452,1534.926,1798.072,1533.117,3.184,1.500,2,0,0,0,0,0,0,12.111,8.904,0.576,0.000
30,90,270,0,100.000,1795.452,1534.926,1796.929,1533.959,1.765,1.200,2,0,0,0,0,0,0,8.731,9.980,0.632,0.000
30,90,280,0,90.000,1795.452,1534.926,1796.075,1534.540,0.733,1.300,2,0,0,0,1,0,0,10.783,9.794,0.655,0.000
30,90,290,0,100.000,1795.452,1534.926,1798.283,1533.008,3.419,1.100,2,0,0,0,0,0,0,12.502,14.461,0.649,0.000
30,90,300,0,90.000,1795.452,1534.926,1796.481,1534.278,1.216,1.400,2,0,0,0,1,0,0,11.042,9.901,0.574,0.000
30,90,310,0,90.000,1795.452,1534.926,1796.766,1534.067,1.570,1.000,1,0,0,0,0,1,0,9.683,8.074,0.577,0.000
30,90,320,0,90.000,1795.452,1534.926,1796.425,1534.301,1.157,1.300,3,0,0,0,1,0,0,13.884,11.913,0.614,0.000
30,90,330,0,100.000,1795.452,1534.926,1797.101,1533.850,1.969,1.100,2,0,0,0,0,0,0,15.774,10.836,0.399,0.000
30,90,340,0,100.000,1795.452,1534.926,1797.150,1533.815,2.029,1.100,2,0,0,0,0,0,0,9.982,8.555,0.406,0.000
30,90,350,0,90.000,1795.452,1534.926,1796.426,1534.311,1.152,1.300,3,0,0,0,1,0,0,13.353,10.742,0.609,0.000
30,90,360,0,100.000,1795.452,1534.926,1796.018,1534.614,0.646,1.100,2,0,0,0,0,0,0,10.774,12.058,0.485,0.000
30,90,370,0,100.000,1795.452,1534.926,1797.111,1533.828,1.990,1.100,2,0,0,0,0,0,0,13.310,11.331,0.479,0.000
30,90,380,0,100.000,1795.452,1534.926,1795.861,1534.696,0.469,1.000,1,0,0,0,0,0,0,4.310,9.862,0.498,0.000
30,90,390,0,90.000,1795.452,1534.926,1796.639,1534.160,1.412,1.100,2,0,0,0,0,1,0,11.153,12.672,0.559,0.000
30,100,-100,0,0.000,1795.452,1534.926,,,,0.000,0,0,0,0,0,0,10,10.213,11.257,0.691,
30,100,-90,0,0.000,1795.452,1534.926,,,,0.000,0,0,0,0,0,0,10,11.860,9.338,0.540,
30,100,-80,0,0.000,1795.452,1534.926,,,,0.000,0,0,0,0,0,0,10,12.672,11.570,0.538,
30,100,-70,0,0.000,1795.452,1534.926,,,,0.000,0,0,0,0,0,0,10,9.635,6.274,0.449,
30,100,-60,0,0.000,1795.452,1534.926,,,,0.000,0,0,0,0,0,0,10,7.637,12.348,0.374,
30,100,-50,0,0.000,1795.452,1534.926,,,,0.000,0,0,0,0,0,0,10,12.184,10.824,0.581,
30,100,-40,0,0.000,1795.452,1534.926,,,,0.000,0,0,0,0,0,0,10,12.960,11.895,0.589,
30,100,-30,0,0.000,1795.452,1534.926,,,,0.000,0,0,0,0,0,0,10,11.069,10.878,0.533,
30,100,-20,0,0.000,1795.452,1534.926,,,,0.000,0,0,0,0,0,0,10,11.346,7.305,0.641,
30,100,-10,0,0.000,1795.452,1534.926,,,,0.000,0,0,0,0,0,0,10,15.784,12.414,0.573,
30,100,0,0,0.000,1795.452,1534.926,,,,0.000,0,0,0,0,0,0,10,10.542,11.036,0.473,
30,100,10,0,0.000,1795.452,1534.926,,,,0.000,0,0,0,0,0,0,10,13.107,10.678,0.573,
30,100,20,0,0.000,1795.452,1534.926,,,,0.000,0,0,0,0,0,0,10,5.933,12.667,0.431,
30,100,30,0,0.000,1795.452,1534.926,,,,0.000,0,0,0,0,0,0,10,12.063,12.327,0.501,
30,100,40,0,0.000,1795.452,1534.926,,,,0.300,3,0,0,0,1,0,9,11.584,12.687,0.516,
30,100,50,0,0.000,1795.452,1534.926,,,,0.200,2,0,0,0,1,0,9,10.711,10.347,0.582,
30,100,60,0,0.000,1795.452,1534.926,,,,1.900,4,0,0,0,7,0,3,10.473,12.232,0.551,
30,100,70,0,0.000,1795.452,1534.926,,,,2.400,4,0,0,0,9,0,1,10.541,10.307,0.548,
30,100,80,0,0.000,1795.452,1534.926,,,,3.000,4,0,0,0,10,0,0,14.323,11.310,0.520,
30,100,90,0,0.000,1795.452,1534.926,,,,3.000,5,0,1,0,9,0,0,9.108,10.442,0.447,
30,100,100,0,0.000,1795.452,1534.926,,,,3.200,4,0,0,0,10,0,0,11.305,14.007,0.559,
30,100,110,0,0.000,1795.452,1534.926,,,,3.000,5,0,1,0,9,0,0,9.503,13.019,0.389,
30,100,120,0,0.000,1795.452,1534.926,,,,2.800,4,0,0,0,10,0,0,10.696,10.523,0.579,
30,100,130,0,0.000,1795.452,1534.926,,,,2.900,5,0,1,0,9,0,0,11.837,10.868,0.636,
30,100,140,0,0.000,1795.452,1534.926,,,,2.800,4,0,0,0,10,0,0,15.519,11.493,0.544,
30,100,150,0,10.000,1795.452,1534.926,1795.047,1535.211,0.495,2.900,4,0,0,0,9,0,0,12.621,11.021,0.513,0.000
30,100,160,0,10.000,1795.452,1534.926,1795.095,1535.294,0.513,2.400,3,0,0,0,9,0,0,11.600,11.200,0.543,0.000
30,100,170,0,20.000,1795.452,1534.926,1797.132,1533.788,2.029,2.500,4,0,0,0,8,0,0,10.282,7.862,0.513,0.000
30,100,180,0,50.000,1795.452,1534.926,1797.400,1533.623,2.344,2.200,4,0,0,0,5,0,0,12.444,9.069,0.604,0.000
30,100,190,0,20.000,1795.452,1534.926,1798.189,1533.100,3.290,2.900,5,0,1,0,7,0,0,11.170,8.981,0.670,0.000
30,100,200,0,30.000,1795.452,1534.926,1798.411,1532.886,3.594,2.400,4,0,0,0,7,0,0,11.697,11.680,0.529,0.000
30,100,210,0,90.000,1795.452,1534.926,1795.629,1534.864,0.187,1.600,2,0,0,0,0,1,0,4.899,6.760,0.649,0.000
30,100,220,0,70.000,1795.452,1534.926,1796.488,1534.241,1.242,2.200,4,0,0,0,3,0,0,13.074,11.938,0.578,0.000
30,100,230,0,60.000,1795.452,1534.926,1796.866,1534.008,1.686,1.600,2,0,0,0,2,2,0,11.292,7.243,0.659,0.000
30,100,240,0,100.000,1795.452,1534.926,1795.961,1534.611,0.599,1.600,2,0,0,0,0,0,0,9.637,10.230,0.618,0.000
30,100,250,0,100.000,1795.452,1534.926,1795.931,1534.660,0.548,1.500,2,0,0,0,0,0,0,15.973,9.791,0.583,0.000
30,100,260,0,90.000,1795.452,1534.926,1795.999,1534.627,0.623,1.300,2,0,0,0,0,1,0,10.786,11.501,0.643,0.000
30,100,270,0,90.000,1795.452,1534.926,1796.560,1534.207,1.320,1.400,2,0,0,0,1,0,0,8.520,10.820,0.710,0.000
30,100,280,0,100.000,1795.452,1534.926,1796.168,1534.501,0.833,1.600,3,0,0,0,0,0,0,11.667,10.559,0.658,0.000
30,100,290,0,100.000,1795.452,1534.926,1797.959,1533.211,3.038,1.400,2,0,0,0,0,0,0,8.981,12.009,0.551,0.000
30,100,300,0,80.000,1795.452,1534.926,1796.510,1534.254,1.253,1.700,3,0,0,0,1,1,0,13.153,9.931,0.466,0.000
30,100,310,0,100.000,1795.452,1534.926,1796.043,1534.565,0.692,1.200,2,0,0,0,0,0,0,11.746,9.062,0.408,0.000
30,100,320,0,70.000,1795.452,1534.926,1796.413,1534.332,1.130,1.200,2,0,0,0,1,2,0,13.350,9.943,0.371,0.000
30,100,330,0,90.000,1795.452,1534.926,1796.896,1533.976,1.729,1.200,2,0,0,0,0,1,0,11.716,8.822,0.652,0.000
30,100,340,0,100.000,1795.452,1534.926,1796.648,1534.149,1.426,1.300,2,0,0,0,0,0,0,9.565,8.641,0.564,0.000
30,100,350,0,90.000,1795.452,1534.926,1796.689,1534.118,1.478,1.200,2,0,0,0,1,0,0,9.849,15.508,0.631,0.000
30,100,360,0,80.000,1795.452,1534.926,1798.281,1532.986,3.430,1.600,3,0,0,0,1,1,0,7.711,9.661,0.535,0.000
30,100,370,0,100.000,1795.452,1534.926,1797.621,1533.473,2.611,1.300,3,0,0,0,0,0,0,11.995,11.434,0.639,0.000
30,100,380,0,90.000,1795.452,1534.926,1796.361,1534.361,1.070,1.100,2,0,0,0,0,1,0,11.791,9.826,0.448,0.000
30,100,390,0,100.000,1795.452,1534.926,1797.323,1533.671,2.253,1.000,1,0,0,0,0,0,0,6.529,7.344,0.481,0.000
30,110,-100,0,0.000,1795.452,1534.926,,,,0.000,0,0,0,0,0,0,10,8.391,10.979,0.462,
30,110,-90,0,0.000,1795.452,1534.926,,,,0.000,0,0,0,0,0,0,10,11.901,9.039,0.451,
30,110,-80,0,0.000,1795.452,1534.926,,,,0.000,0,0,0,0,0,0,10,8.453,11.639,0.360,
30,110,-70,0,0.000,1795.452,1534.926,,,,0.000,0,0,0,0,0,0,10,9.097,10.098,0.460,
30,110,-60,0,0.000,1795.452,1534.926,,,,0.000,0,0,0,0,0,0,10,10.927,12.284,0.542,
30,110,-50,0,0.000,1795.452,1534.926,,,,0.000,0,0,0,0,0,0,10,14.201,12.056,0.432,
30,110,-40,0,0.000,1795.452,1534.926,,,,0.000,0,0,0,0,0,0,10,10.108,11.975,0.455,
30,110,-30,0,0.000,1795.452,1534.926,,,,0.000,0,0,0,0,0,0,10,11.572,12.243,0.568,
30,110,-20,0,0.000,1795.452,1534.926,,,,0.000,0,0,0,0,0,0,10,10.282,12.484,0.373,
30,110,-10,0,0.000,1795.452,1534.926,,,,0.000,0,0,0,0,0,0,10,9.872,14.148,0.570,
30,110,0,0,0.000,1795.452,1534.926,,,,0.000,0,0,0,0,0,0,10,8.673,6.062,0.586,
30,110,10,0,0.000,1795.452,1534.926,,,,0.000,0,0,0,0,0,0,10,14.301,13.402,0.575,
30,110,20,0,0.000,1795.452,1534.926,,,,0.000,0,0,0,0,0,0,10,12.066,11.226,0.594,
30,110,30,0,0.000,1795.452,1534.926,,,,0.000,0,0,0,0,0,0,10,11.493,10.452,0.500,
30,110,40,0,0.000,1795.452,1534.926,,,,0.000,0,0,0,0,0,0,10,9.820,10.627,0.636,
30,110,50,0,0.000,1795.452,1534.926,,,,0.200,2,0,0,0,1,0,9,10.374,10.717,0.494,
30,110,60,0,0.000,1795.452,1534.926,,,,1.600,4,0,0,0,5,0,5,15.292,12.707,0.637,
30,110,70,0,0.000,1795.452,1534.926,,,,2.300,4,0,0,0,8,0,2,6.863,10.974,0.483,
30,110,80,0,0.000,1795.452,1534.926,,,,2.600,4,0,0,0,9,0,1,11.453,8.266,0.591,
30,110,90,0,0.000,1795.452,1534.926,,,,2.600,4,0,0,0,10,0,0,9.013,9.941,0.508,
30,110,100,0,0.000,1795.452,1534.926,,,,2.600,4,0,0,0,10,0,0,7.479,13.725,0.480,
30,110,110,0,0.000,1795.452,1534.926,,,,2.700,4,0,0,0,10,0,0,11.617,9.113,0.622,
30,110,120,0,0.000,1795.452,1534.926,,,,3.100,4,0,0,0,10,0,0,10.249,10.214,0.506,
30,110,130,0,0.000,1795.452,1534.926,,,,3.400,5,0,1,0,9,0,0,7.017,9.157,0.499,
30,110,140,0,0.000,1795.452,1534.926,,,,3.400,5,0,1,0,9,0,0,10.746,11.229,0.399,
30,110,150,0,0.000,1795.452,1534.926,,,,2.700,4,0,0,0,10,0,0,9.517,9.233,0.639,
30,110,160,0,0.000,1795.452,1534.926,,,,3.200,5,0,1,0,9,0,0,10.341,9.477,0.665,
30,110,170,0,0.000,1795.452,1534.926,,,,2.700,4,0,0,0,10,0,0,8.844,11.843,0.482,
30,110,180,0,20.000,1795.452,1534.926,1795.109,1535.248,0.471,2.900,4,0,0,0,8,0,0,13.987,11.064,0.480,0.000
30,110,190,0,30.000,1795.452,1534.926,1795.344,1535.115,0.217,2.700,4,0,0,0,7,0,0,12.439,9.992,0.753,0.000
30,110,200,0,20.000,1795.452,1534.926,1798.208,1533.087,3.314,2.500,4,0,0,0,8,0,0,11.845,9.678,0.479,0.000
30,110,210,0,50.000,1795.452,1534.926,1796.014,1534.615,0.642,2.300,4,0,0,0,5,0,0,11.251,14.054,0.702,0.000
30,110,220,0,50.000,1795.452,1534.926,1796.018,1534.595,0.656,1.900,4,0,0,0,3,2,0,15.098,10.232,0.413,0.000
30,110,230,0,80.000,1795.452,1534.926,1797.290,1533.713,2.202,1.900,3,0,0,0,2,0,0,9.188,12.966,0.594,0.000
30,110,240,0,50.000,1795.452,1534.926,1797.495,1533.535,2.472,2.400,3,0,0,0,5,0,0,11.488,9.858,0.520,0.000
30,110,250,0,70.000,1795.452,1534.926,1796.965,1533.935,1.808,1.800,3,0,0,0,3,0,0,13.107,9.419,0.627,0.000
30,110,260,0,90.000,1795.452,1534.926,1795.726,1534.806,0.299,1.600,3,0,0,0,1,0,0,11.706,9.454,0.597,0.000
30,110,270,0,100.000,1795.452,1534.926,1796.632,1534.181,1.396,1.600,2,0,0,0,0,0,0,8.779,8.960,0.656,0.000
30,110,280,0,100.000,1795.452,1534.926,1797.838,1533.285,2.896,1.400,2,0,0,0,0,0,0,10.016,12.371,0.514,0.000
30,110,290,0,100.000,1795.452,1534.926,1796.806,1534.013,1.633,1.500,2,0,0,0,0,0,0,13.572,10.607,0.606,0.000
30,110,300,0,80.000,1795.452,1534.926,1797.333,1533.663,2.265,1.700,2,0,0,0,1,1,0,9.429,11.376,0.473,0.000
30,110,310,0,100.000,1795.452,1534.926,1798.241,1533.031,3.372,1.700,3,0,0,0,0,0,0,11.864,11.368,0.594,0.000
30,110,320,0,100.000,1795.452,1534.926,1796.489,1534.244,1.241,1.400,2,0,0,0,0,0,0,10.932,8.503,0.674,0.000
30,110,330,0,100.000,1795.452,1534.926,1797.199,1533.787,2.085,1.300,2,0,0,0,0,0,0,7.910,10.370,0.574,0.000
30,110,340,0,100.000,1795.452,1534.926,1795.934,1534.646,0.557,1.400,2,0,0,0,0,0,0,13.228,7.634,0.633,0.000
30,110,350,0,90.000,1795.452,1534.926,1797.983,1533.219,3.053,1.100,2,0,0,0,1,0,0,11.991,8.991,0.305,0.000
30,110,360,0,90.000,1795.452,1534.926,1796.430,1534.290,1.166,1.400,2,0,0,0,1,0,0,13.065,12.097,0.402,0.000
30,110,370,0,80.000,1795.452,1534.926,1798.911,1532.559,4.191,1.700,3,0,0,0,2,0,0,12.510,11.741,0.505,0.000
30,110,380,0,90.000,1795.452,1534.926,1795.772,1534.764,0.359,1.300,2,0,0,0,1,0,0,13.140,8.003,0.611,0.000
30,110,390,0,70.000,1795.452,1534.926,1798.268,1533.007,3.408,1.300,3,0,0,0,3,0,0,11.658,11.615,0.498,0.000
30,120,-100,0,0.000,1795.452,1534.926,,,,0.000,0,0,0,0,0,0,10,11.068,10.735,0.512,
30,120,-90,0,0.000,1795.452,1534.926,,,,0.000,0,0,0,0,0,0,10,12.091,13.006,0.626,
30,120,-80,0,0.000,1795.452,1534.926,,,,0.000,0,0,0,0,0,0,10,7.893,10.664,0.510,
30,120,-70,0,0.000,1795.452,1534.926,,,,0.000,0,0,0,0,0,0,10,10.473,13.327,0.516,
30,120,-60,0,0.000,1795.452,1534.926,,,,0.000,0,0,0,0,0,0,10,10.017,10.444,0.564,
30,120,-50,0,0.000,1795.452,1534.926,,,,0.000,0,0,0,0,0,0,10,13.594,15.634,0.507,
30,120,-40,0,0.000,1795.452,1534.926,,,,0.000,0,0,0,0,0,0,10,10.531,10.674,0.296,
30,120,-30,0,0.000,1795.452,1534.926,,,,0.000,0,0,0,0,0,0,10,11.729,9.681,0.457,
30,120,-20,0,0.000,1795.452,1534.926,,,,0.000,0,0,0,0,0,0,10,12.051,9.329,0.747,
30,120,-10,0,0.000,1795.452,1534.926,,,,0.000,0,0,0,0,0,0,10,11.737,11.574,0.523,
30,120,0,0,0.000,1795.452,1534.926,,,,0.000,0,0,0,0,0,0,10,8.051,10.139,0.666,
30,120,10,0,0.000,1795.452,1534.926,,,,0.000,0,0,0,0,0,0,10,11.951,10.703,0.656,
30,120,20,0,0.000,1795.452,1534.926,,,,0.000,0,0,0,0,0,0,10,11.299,7.020,0.474,
30,120,30,0,0.000,1795.452,1534.926,,,,0.000,0,0,0,0,0,0,10,14.968,12.341,0.626,
30,120,40,0,0.000,1795.452,1534.926,,,,0.000,0,0,0,0,0,0,10,9.045,10.772,0.545,
30,120,50,0,0.000,1795.452,1534.926,,,,0.000,0,0,0,0,0,0,10,8.094,8.034,0.458,
30,120,60,0,0.000,1795.452,1534.926,,,,0.000,0,0,0,0,0,0,10,6.099,6.776,0.550,
30,120,70,0,0.000,1795.452,1534.926,,,,1.300,3,0,0,0,5,0,5,9.170,11.218,0.743,
30,120,80,0,0.000,1795.452,1534.926,,,,2.100,5,0,1,0,5,0,4,8.186,12.017,0.604,
30,120,90,0,0.000,1795.452,1534.926,,,,2.500,4,0,0,0,10,0,0,8.605,10.817,0.571,
30,120,100,0,0.000,1795.452,1534.926,,,,3.400,5,0,2,0,8,0,0,12.556,14.012,0.430,
30,120,110,0,0.000,1795.452,1534.926,,,,3.300,4,0,0,0,10,0,0,9.393,13.310,0.461,
30,120,120,0,0.000,1795.452,1534.926,,,,3.000,5,0,1,0,9,0,0,8.552,12.676,0.577,
30,120,130,0,0.000,1795.452,1534.926,,,,2.600,3,0,0,0,10,0,0,13.757,13.146,0.589,
30,120,140,0,0.000,1795.452,1534.926,,,,3.300,5,0,1,0,9,0,0,12.732,12.325,0.678,
30,120,150,0,0.000,1795.452,1534.926,,,,3.200,4,0,0,0,10,0,0,8.857,10.401,0.535,
30,120,160,0,0.000,1795.452,1534.926,,,,3.200,4,0,0,0,10,0,0,9.788,8.913,0.305,
30,120,170,0,0.000,1795.452,1534.926,,,,3.000,4,0,0,0,10,0,0,9.580,11.158,0.695,
30,120,180,0,0.000,1795.452,1534.926,,,,2.700,3,0,0,0,10,0,0,9.816,10.811,0.504,
30,120,190,0,0.000,1795.452,1534.926,,,,3.200,5,0,1,0,9,0,0,7.453,10.861,0.583,
30,120,200,0,0.000,1795.452,1534.926,,,,2.700,5,0,1,0,9,0,0,9.986,11.068,0.485,
30,120,210,0,10.000,1795.452,1534.926,1795.062,1535.238,0.499,2.700,4,0,0,0,9,0,0,9.216,10.125,0.706,0.000
30,120,220,0,40.000,1795.452,1534.926,1796.230,1534.435,0.920,2.600,4,0,0,0,6,0,0,11.106,10.038,0.362,0.000
30,120,230,0,60.000,1795.452,1534.926,1796.935,1533.926,1.788,2.400,4,0,0,0,4,0,0,12.172,9.439,0.619,0.000
30,120,240,0,50.000,1795.452,1534.926,1795.238,1535.175,0.328,2.400,4,0,0,0,5,0,0,13.698,10.856,0.545,0.000
30,120,250,0,70.000,1795.452,1534.926,1796.508,1534.247,1.256,2.300,4,0,0,0,3,0,0,11.475,9.709,0.454,0.000
30,120,260,0,60.000,1795.452,1534.926,1796.064,1534.583,0.702,2.300,3,0,0,0,3,1,0,12.215,10.517,0.574,0.000
30,120,270,0,80.000,1795.452,1534.926,1797.046,1533.866,1.914,1.700,2,0,0,0,1,1,0,11.683,13.385,0.411,0.000
30,120,280,0,100.000,1795.452,1534.926,1796.995,1533.883,1.862,1.800,2,0,0,0,0,0,0,9.130,12.548,0.527,0.000
30,120,290,0,100.000,1795.452,1534.926,1796.036,1534.609,0.665,1.600,2,0,0,0,0,0,0,12.720,7.340,0.573,0.000
30,120,300,0,100.000,1795.452,1534.926,1797.029,1533.885,1.889,1.600,2,0,0,0,0,0,0,10.751,9.596,0.667,0.000
30,120,310,0,90.000,1795.452,1534.926,1795.756,1534.784,0.336,1.700,2,0,0,0,1,0,0,11.149,11.023,0.565,0.000
30,120,320,0,100.000,1795.452,1534.926,1796.279,1534.398,0.981,1.600,2,0,0,0,0,0,0,10.641,11.511,0.475,0.000
30,120,330,0,100.000,1795.452,1534.926,1797.662,1533.455,2.655,1.700,2,0,0,0,0,0,0,12.360,11.755,0.507,0.000
30,120,340,0,80.000,1795.452,1534.926,1797.929,1533.244,2.995,1.700,3,0,0,0,2,0,0,10.255,8.366,0.470,0.000
30,120,350,0,100.000,1795.452,1534.926,1797.650,1533.448,2.649,1.400,2,0,0,0,0,0,0,12.527,11.337,0.659,0.000
30,120,360,0,90.000,1795.452,1534.926,1797.047,1533.881,1.907,1.500,2,0,0,0,1,0,0,9.267,7.373,0.541,0.000
30,120,370,0,70.000,1795.452,1534.926,1798.464,1532.850,3.658,1.900,4,0,0,0,3,0,0,7.479,9.141,0.572,0.000
30,120,380,0,100.000,1795.452,1534.926,1796.261,1534.406,0.962,1.700,2,0,0,0,0,0,0,13.052,10.708,0.515,0.000
30,120,390,0,90.000,1795.452,1534.926,1796.754,1534.062,1.562,1.600,3,0,0,0,1,0,0,9.774,8.788,0.512,0.000
30,130,-100,0,0.000,1795.452,1534.926,,,,0.000,0,0,0,0,0,0,10,10.952,12.890,0.427,
30,130,-90,0,0.000,1795.452,1534.926,,,,0.000,0,0,0,0,0,0,10,11.318,11.123,0.481,
30,130,-80,0,0.000,1795.452,1534.926,,,,0.000,0,0,0,0,0,0,10,11.506,9.715,0.566,
30,130,-70,0,0.000,1795.452,1534.926,,,,0.000,0,0,0,0,0,0,10,11.596,9.566,0.539,
30,130,-60,0,0.000,1795.452,1534.926,,,,0.000,0,0,0,0,0,0,10,11.489,12.716,0.448,
30,130,-50,0,0.000,1795.452,1534.926,,,,0.000,0,0,0,0,0,0,10,12.875,7.244,0.535,
30,130,-40,0,0.000,1795.452,1534.926,,,,0.000,0,0,0,0,0,0,10,13.351,11.591,0.449,
30,130,-30,0,0.000,1795.452,1534.926,,,,0.000,0,0,0,0,0,0,10,9.757,10.850,0.608,
30,130,-20,0,0.000,1795.452,1534.926,,,,0.000,0,0,0,0,0,0,10,9.472,13.560,0.534,
30,130,-10,0,0.000,1795.452,1534.926,,,,0.000,0,0,0,0,0,0,10,8.527,14.537,0.540,
30,130,0,0,0.000,1795.452,1534.926,,,,0.000,0,0,0,0,0,0,10,13.531,12.318,0.513,
30,130,10,0,0.000,1795.452,1534.926,,,,0.000,0,0,0,0,0,0,10,11.295,9.029,0.394,
30,130,20,0,0.000,1795.452,1534.926,,,,0.000,0,0,0,0,0,0,10,12.787,6.914,0.616,
30,130,30,0,0.000,1795.452,1534.926,,,,0.000,0,0,0,0,0,0,10,11.180,11.858,0.594,
30,130,40,0,0.000,1795.452,1534.926,,,,0.000,0,0,0,0,0,0,10,11.320,7.951,0.679,
30,130,50,0,0.000,1795.452,1534.926,,,,0.000,0,0,0,0,0,0,10,12.253,7.769,0.417,
30,130,60,0,0.000,1795.452,1534.926,,,,0.200,2,0,0,0,1,0,9,7.893,10.374,0.730,
30,130,70,0,0.000,1795.452,1534.926,,,,0.600,4,0,0,0,2,0,8,12.729,8.325,0.546,
30,130,80,0,0.000,1795.452,1534.926,,,,1.300,3,0,0,0,6,0,4,10.562,12.014,0.658,
30,130,90,0,0.000,1795.452,1534.926,,,,2.000,4,0,0,0,7,0,3,9.687,10.675,0.642,
30,130,100,0,0.000,1795.452,1534.926,,,,2.000,3,0,0,0,8,0,2,12.516,14.093,0.424,
30,130,110,0,0.000,1795.452,1534.926,,,,3.200,5,0,1,0,9,0,0,10.408,10.113,0.672,
30,130,120,0,0.000,1795.452,1534.926,,,,3.500,5,0,2,0,8,0,0,7.568,9.870,0.639,
30,130,130,0,0.000,1795.452,1534.926,,,,3.200,4,0,0,0,10,0,0,12.162,12.262,0.609,
30,130,140,0,0.000,1795.452,1534.926,,,,3.500,4,0,0,0,10,0,0,10.231,11.838,0.455,
30,130,150,0,0.000,1795.452,1534.926,,,,3.400,5,0,1,0,9,0,0,13.150,8.761,0.553,
30,130,160,0,0.000,1795.452,1534.926,,,,3.200,5,0,1,0,9,0,0,10.074,12.073,0.435,
30,130,170,0,0.000,1795.452,1534.926,,,,3.000,5,0,1,0,9,0,0,8.707,9.354,0.551,
30,130,180,0,0.000,1795.452,1534.926,,,,3.300,5,0,1,0,9,0,0,9.343,12.173,0.553,
30,130,190,0,0.000,1795.452,1534.926,,,,3.400,5,0,2,0,8,0,0,9.130,10.552,0.595,
30,130,200,0,0.000,1795.452,1534.926,,,,2.800,4,0,0,0,10,0,0,12.870,11.171,0.339,
30,130,210,0,0.000,1795.452,1534.926,,,,3.100,4,0,0,0,10,0,0,12.848,9.463,0.452,
30,130,220,0,0.000,1795.452,1534.926,,,,2.800,4,0,0,0,10,0,0,10.624,11.824,0.609,
30,130,230,0,20.000,1795.452,1534.926,1795.227,1535.199,0.354,2.700,4,0,0,0,8,0,0,11.407,9.307,0.523,0.000
30,130,240,0,30.000,1795.452,1534.926,1796.387,1534.328,1.110,3.000,5,0,1,0,6,0,0,12.939,10.637,0.467,0.000
30,130,250,0,60.000,1795.452,1534.926,1795.756,1534.777,0.339,2.800,5,0,1,0,3,0,0,10.103,11.875,0.493,0.000
30,130,260,0,30.000,1795.452,1534.926,1795.615,1534.922,0.163,2.800,4,0,0,0,7,0,0,10.924,10.079,0.574,0.000
30,130,270,0,60.000,1795.452,1534.926,1796.787,1534.086,1.577,2.500,4,0,0,0,4,0,0,12.332,11.832,0.560,0.000
30,130,280,0,40.000,1795.452,1534.926,1795.648,1534.853,0.209,2.500,4,0,0,0,6,0,0,14.322,10.391,0.483,0.000
30,130,290,0,90.000,1795.452,1534.926,1796.772,1534.070,1.573,2.100,3,0,0,0,1,0,0,7.922,8.316,0.595,0.000
30,130,300,0,100.000,1795.452,1534.926,1795.988,1534.616,0.619,1.900,2,0,0,0,0,0,0,10.187,10.688,0.494,0.000
30,130,310,0,90.000,1795.452,1534.926,1795.739,1534.813,0.308,2.000,3,0,0,0,1,0,0,9.441,7.734,0.505,0.000
30,130,320,0,90.000,1795.452,1534.926,1796.022,1534.591,0.661,2.000,2,0,0,0,0,1,0,10.452,11.635,0.470,0.000
30,130,330,0,90.000,1795.452,1534.926,1796.633,1534.166,1.404,1.700,2,0,0,0,1,0,0,13.318,9.346,0.583,0.000
30,130,340,0,100.000,1795.452,1534.926,1796.067,1534.548,0.722,1.600,3,0,0,0,0,0,0,11.283,11.971,0.621,0.000
30,130,350,0,80.000,1795.452,1534.926,1796.557,1534.205,1.319,2.000,3,0,0,0,2,0,0,8.791,9.600,0.620,0.000
30,130,360,0,90.000,1795.452,1534.926,1796.715,1534.113,1.502,1.800,2,0,0,0,1,0,0,10.021,10.078,0.572,0.000
30,130,370,0,90.000,1795.452,1534.926,1797.562,1533.504,2.545,1.400,2,0,0,0,0,1,0,11.199,11.525,0.437,0.000
30,130,380,0,90.000,1795.452,1534.926,1797.742,1533.366,2.771,1.800,3,0,0,0,1,0,0,9.259,12.948,0.511,0.000
30,130,390,0,80.000,1795.452,1534.926,1797.903,1533.270,2.958,1.300,2,0,0,0,2,0,0,9.208,10.999,0.563,0.000
30,140,-100,0,0.000,1795.452,1534.926,,,,0.000,0,0,0,0,0,0,10,13.222,12.065,0.576,
30,140,-90,0,0.000,1795.452,1534.926,,,,0.000,0,0,0,0,0,0,10,12.818,9.731,0.654,
30,140,-80,0,0.000,1795.452,1534.926,,,,0.000,0,0,0,0,0,0,10,8.481,11.677,0.749,
30,140,-70,0,0.000,1795.452,1534.926,,,,0.000,0,0,0,0,0,0,10,10.632,10.458,0.564,
30,140,-60,0,0.000,1795.452,1534.926,,,,0.000,0,0,0,0,0,0,10,10.221,11.270,0.636,
30,140,-50,0,0.000,1795.452,1534.926,,,,0.000,0,0,0,0,0,0,10,9.673,11.000,0.643,
30,140,-40,0,0.000,1795.452,1534.926,,,,0.000,0,0,0,0,0,0,10,11.933,11.460,0.541,
30,140,-30,0,0.000,1795.452,1534.926,,,,0.000,0,0,0,0,0,0,10,11.162,16.116,0.350,
30,140,-20,0,0.000,1795.452,1534.926,,,,0.000,0,0,0,0,0,0,10,8.709,11.967,0.595,
30,140,-10,0,0.000,1795.452,1534.926,,,,0.000,0,0,0,0,0,0,10,11.844,12.168,0.541,
30,140,0,0,0.000,1795.452,1534.926,,,,0.000,0,0,0,0,0,0,10,9.563,10.956,0.502,
30,140,10,0,0.000,1795.452,1534.926,,,,0.000,0,0,0,0,0,0,10,9.900,10.964,0.539,
30,140,20,0,0.000,1795.452,1534.926,,,,0.000,0,0,0,0,0,0,10,11.207,12.391,0.439,
30,140,30,0,0.000,1795.452,1534.926,,,,0.000,0,0,0,0,0,0,10,8.279,10.259,0.390,
30,140,40,0,0.000,1795.452,1534.926,,,,0.000,0,0,0,0,0,0,10,10.085,10.388,0.610,
30,140,50,0,0.000,1795.452,1534.926,,,,0.000,0,0,0,0,0,0,10,11.884,10.076,0.639,
30,140,60,0,0.000,1795.452,1534.926,,,,0.200,1,0,0,0,2,0,8,10.891,14.179,0.541,
30,140,70,0,0.000,1795.452,1534.926,,,,0.900,3,0,0,0,3,0,7,12.860,11.511,0.452,
30,140,80,0,0.000,1795.452,1534.926,,,,1.300,3,0,0,0,6,0,4,6.263,9.057,0.494,
30,140,90,0,0.000,1795.452,1534.926,,,,1.900,5,0,1,0,6,0,3,12.443,12.153,0.587,
30,140,100,0,0.000,1795.452,1534.926,,,,2.700,4,0,0,0,8,0,2,7.518,10.576,0.515,
30,140,110,0,0.000,1795.452,1534.926,,,,3.000,5,0,1,0,9,0,0,8.087,10.773,0.656,
30,140,120,0,0.000,1795.452,1534.926,,,,3.100,5,0,2,0,8,0,0,11.315,6.481,0.605,
30,140,130,0,0.000,1795.452,1534.926,,,,3.300,5,0,1,0,9,0,0,7.987,7.691,0.498,
30,140,140,0,0.000,1795.452,1534.926,,,,3.100,5,0,1,0,9,0,0,10.654,10.221,0.423,
30,140,150,0,0.000,1795.452,1534.926,,,,3.000,5,0,1,0,9,0,0,10.228,8.883,0.654,
30,140,160,0,0.000,1795.452,1534.926,,,,3.300,5,0,1,0,9,0,0,11.759,9.938,0.584,
30,140,170,0,0.000,1795.452,1534.926,,,,2.900,4,0,0,0,10,0,0,11.450,10.995,0.548,
30,140,180,0,0.000,1795.452,1534.926,,,,3.100,5,0,1,0,9,0,0,11.100,10.663,0.425,
30,140,190,0,0.000,1795.452,1534.926,,,,3.400,5,0,1,0,9,0,0,10.434,10.035,0.642,
30,140,200,0,0.000,1795.452,1534.926,,,,2.900,5,0,1,0,9,0,0,10.131,12.044,0.573,
30,140,210,0,0.000,1795.452,1534.926,,,,3.000,4,0,0,0,10,0,0,10.979,12.327,0.550,
30,140,220,0,0.000,1795.452,1534.926,,,,2.700,4,0,0,0,10,0,0,10.781,9.195,0.481,
30,140,230,0,0.000,1795.452,1534.926,,,,2.700,4,0,0,0,10,0,0,10.784,10.198,0.632,
30,140,240,0,20.000,1795.452,1534.926,1796.318,1534.422,1.002,2.900,5,0,1,0,7,0,0,9.085,11.280,0.559,0.000
30,140,250,0,0.000,1795.452,1534.926,,,,2.600,3,0,0,0,10,0,0,10.643,13.596,0.499,
30,140,260,0,30.000,1795.452,1534.926,1796.950,1533.925,1.802,2.700,4,0,0,0,7,0,0,13.809,7.495,0.646,0.000
30,140,270,0,30.000,1795.452,1534.926,1795.413,1535.019,0.101,2.600,3,0,0,0,7,0,0,11.574,10.378,0.484,0.000
30,140,280,0,50.000,1795.452,1534.926,1797.165,1533.783,2.059,2.500,3,0,0,0,5,0,0,10.258,9.472,0.622,0.000
30,140,290,0,30.000,1795.452,1534.926,1796.864,1534.000,1.688,2.900,4,0,0,0,7,0,0,10.262,12.436,0.616,0.000
30,140,300,0,70.000,1795.452,1534.926,1795.119,1535.247,0.463,2.100,3,0,0,0,1,2,0,8.574,12.567,0.434,0.000
30,140,310,0,80.000,1795.452,1534.926,1796.909,1533.970,1.742,2.100,4,0,0,0,1,1,0,10.403,9.568,0.605,0.000
30,140,320,0,90.000,1795.452,1534.926,1796.244,1534.435,0.932,2.100,4,0,0,0,1,0,0,12.757,9.551,0.568,0.000
30,140,330,0,90.000,1795.452,1534.926,1796.050,1534.559,0.701,2.100,3,0,0,0,1,0,0,12.939,11.228,0.556,0.000
30,140,340,0,100.000,1795.452,1534.926,1795.982,1534.602,0.621,2.000,2,0,0,0,0,0,0,10.913,10.609,0.631,0.000
30,140,350,0,90.000,1795.452,1534.926,1796.196,1534.449,0.884,1.900,3,0,0,0,1,0,0,9.805,11.602,0.473,0.000
30,140,360,0,80.000,1795.452,1534.926,1796.968,1533.895,1.833,1.700,2,0,0,0,0,2,0,6.587,12.468,0.677,0.000
30,140,370,0,80.000,1795.452,1534.926,1796.655,1534.154,1.429,1.800,3,0,0,0,2,0,0,10.405,10.788,0.504,0.000
30,140,380,0,90.000,1795.452,1534.926,1796.903,1533.953,1.747,1.900,3,0,0,0,1,0,0,9.028,11.671,0.435,0.000
30,140,390,0,100.000,1795.452,1534.926,1796.113,1534.541,0.765,1.800,2,0,0,0,0,0,0,12.529,12.242,0.618,0.000
30,150,-100,0,0.000,1795.452,1534.926,,,,0.000,0,0,0,0,0,0,10,8.472,12.796,0.423,
30,150,-90,0,0.000,1795.452,1534.926,,,,0.000,0,0,0,0,0,0,10,8.239,12.818,0.660,
30,150,-80,0,0.000,1795.452,1534.926,,,,0.000,0,0,0,0,0,0,10,13.056,8.225,0.500,
30,150,-70,0,0.000,1795.452,1534.926,,,,0.000,0,0,0,0,0,0,10,6.857,9.747,0.422,
30,150,-60,0,0.000,1795.452,1534.926,,,,0.000,0,0,0,0,0,0,10,11.628,9.679,0.452,
30,150,-50,0,0.000,1795.452,1534.926,,,,0.000,0,0,0,0,0,0,10,8.539,11.812,0.625,
30,150,-40,0,0.000,1795.452,1534.926,,,,0.000,0,0,0,0,0,0,10,7.368,8.115,0.501,
30,150,-30,0,0.000,1795.452,1534.926,,,,0.000,0,0,0,0,0,0,10,8.996,13.276,0.471,
30,150,-20,0,0.000,1795.452,1534.926,,,,0.000,0,0,0,0,0,0,10,11.066,13.141,0.377,
30,150,-10,0,0.000,1795.452,1534.926,,,,0.000,0,0,0,0,0,0,10,9.471,13.275,0.392,
30,150,0,0,0.000,1795.452,1534.926,,,,0.000,0,0,0,0,0,0,10,12.680,13.458,0.578,
30,150,10,0,0.000,1795.452,1534.926,,,,0.000,0,0,0,0,0,0,10,13.144,11.129,0.634,
30,150,20,0,0.000,1795.452,1534.926,,,,0.000,0,0,0,0,0,0,10,10.084,11.739,0.593,
30,150,30,0,0.000,1795.452,1534.926,,,,0.000,0,0,0,0,0,0,10,11.414,7.727,0.514,
30,150,40,0,0.000,1795.452,1534.926,,,,0.000,0,0,0,0,0,0,10,13.931,10.256,0.559,
30,150,50,0,0.000,1795.452,1534.926,,,,0.000,0,0,0,0,0,0,10,9.009,10.486,0.546,
30,150,60,0,0.000,1795.452,1534.926,,,,0.000,0,0,0,0,0,0,10,7.083,7.559,0.669,
30,150,70,0,0.000,1795.452,1534.926,,,,0.300,3,0,0,0,1,0,9,10.799,14.053,0.554,
30,150,80,0,0.000,1795.452,1534.926,,,,0.700,4,0,0,0,2,0,8,7.363,8.499,0.449,
30,150,90,0,0.000,1795.452,1534.926,,,,1.500,3,0,0,0,7,0,3,12.171,8.472,0.517,
30,150,100,0,0.000,1795.452,1534.926,,,,1.800,4,0,0,0,6,0,4,11.911,11.857,0.679,
30,150,110,0,0.000,1795.452,1534.926,,,,3.000,5,0,2,0,8,0,0,6.099,10.952,0.570,
30,150,120,0,0.000,1795.452,1534.926,,,,3.300,4,0,0,0,10,0,0,9.201,11.231,0.526,
30,150,130,0,0.000,1795.452,1534.926,,,,3.100,4,0,0,0,10,0,0,13.410,11.929,0.423,
30,150,140,0,0.000,1795.452,1534.926,,,,3.000,4,0,0,0,10,0,0,9.112,11.579,0.516,
30,150,150,0,0.000,1795.452,1534.926,,,,3.200,4,0,0,0,10,0,0,7.933,7.914,0.549,
30,150,160,0,0.000,1795.452,1534.926,,,,3.300,5,0,1,0,9,0,0,12.989,12.972,0.653,
30,150,170,0,0.000,1795.452,1534.926,,,,3.600,5,0,1,0,9,0,0,10.502,13.775,0.601,
30,150,180,0,0.000,1795.452,1534.926,,,,3.400,4,0,0,0,10,0,0,11.616,8.290,0.721,
30,150,190,0,0.000,1795.452,1534.926,,,,3.600,5,0,1,0,9,0,0,7.995,13.159,0.365,
30,150,200,0,0.000,1795.452,1534.926,,,,3.300,5,0,1,0,9,0,0,11.432,9.947,0.632,
30,150,210,0,0.000,1795.452,1534.926,,,,3.200,5,0,1,0,9,0,0,13.384,9.613,0.554,
30,150,220,0,0.000,1795.452,1534.926,,,,2.800,4,0,0,0,10,0,0,14.383,9.505,0.295,
30,150,230,0,0.000,1795.452,1534.926,,,,3.000,4,0,0,0,10,0,0,10.652,13.830,0.438,
30,150,240,0,0.000,1795.452,1534.926,,,,3.100,5,0,1,0,9,0,0,13.045,9.777,0.682,
30,150,250,0,0.000,1795.452,1534.926,,,,2.900,4,0,0,0,10,0,0,10.115,10.334,0.522,
30,150,260,0,0.000,1795.452,1534.926,,,,2.700,4,0,0,0,10,0,0,12.553,9.516,0.455,
30,150,270,0,10.000,1795.452,1534.926,1795.113,1535.231,0.456,3.100,5,0,1,0,8,0,0,11.525,7.696,0.772,0.000
30,150,280,0,10.000,1795.452,1534.926,1795.066,1535.208,0.478,2.900,4,0,0,0,9,0,0,9.703,8.676,0.610,0.000
30,150,290,0,30.000,1795.452,1534.926,1795.439,1535.016,0.091,2.800,4,0,0,0,7,0,0,11.526,9.781,0.566,0.000
30,150,300,0,50.000,1795.452,1534.926,1795.934,1534.627,0.567,2.500,4,0,0,0,5,0,0,14.529,9.740,0.612,0.000
30,150,310,0,80.000,1795.452,1534.926,1797.247,1533.746,2.148,2.300,4,0,0,0,2,0,0,10.742,8.714,0.612,0.000
30,150,320,0,80.000,1795.452,1534.926,1796.257,1534.432,0.945,2.100,3,0,0,0,1,1,0,9.874,14.321,0.528,0.000
30,150,330,0,50.000,1795.452,1534.926,1796.830,1534.027,1.646,2.700,4,0,0,0,5,0,0,5.668,9.798,0.618,0.000
30,150,340,0,70.000,1795.452,1534.926,1797.022,1533.877,1.888,1.900,3,0,0,0,1,2,0,10.163,9.398,0.513,0.000
30,150,350,0,50.000,1795.452,1534.926,1795.628,1534.877,0.183,2.000,3,0,0,0,2,3,0,12.365,7.795,0.538,0.000
30,150,360,0,90.000,1795.452,1534.926,1797.289,1533.705,2.206,2.000,2,0,0,0,1,0,0,8.776,11.627,0.600,0.000
30,150,370,0,60.000,1795.452,1534.926,1797.721,1533.382,2.744,2.000,3,0,0,0,3,1,0,13.852,12.077,0.546,0.000
30,150,380,0,80.000,1795.452,1534.926,1796.052,1534.580,0.693,2.000,2,0,0,0,0,2,0,10.251,13.305,0.504,0.000
30,150,390,0,80.000,1795.452,1534.926,1797.358,1533.665,2.285,2.000,3,0,0,0,1,1,0,10.381,9.101,0.474,0.000
30,160,-100,0,0.000,1795.452,1534.926,,,,0.000,0,0,0,0,0,0,10,12.719,9.959,0.578,
30,160,-90,0,0.000,1795.452,1534.926,,,,0.000,0,0,0,0,0,0,10,11.364,11.579,0.477,
30,160,-80,0,0.000,1795.452,1534.926,,,,0.000,0,0,0,0,0,0,10,14.033,11.745,0.507,
30,160,-70,0,0.000,1795.452,1534.926,,,,0.000,0,0,0,0,0,0,10,10.996,14.093,0.616,
30,160,-60,0,0.000,1795.452,1534.926,,,,0.000,0,0,0,0,0,0,10,11.730,7.029,0.516,
30,160,-50,0,0.000,1795.452,1534.926,,,,0.000,0,0,0,0,0,0,10,11.389,13.870,0.636,
30,160,-40,0,0.000,1795.452,1534.926,,,,0.000,0,0,0,0,0,0,10,9.734,6.865,0.584,
30,160,-30,0,0.000,1795.452,1534.926,,,,0.000,0,0,0,0,0,0,10,11.567,11.350,0.509,
30,160,-20,0,0.000,1795.452,1534.926,,,,0.000,0,0,0,0,0,0,10,11.860,7.876,0.491,
30,160,-10,0,0.000,1795.452,1534.926,,,,0.000,0,0,0,0,0,0,10,6.314,10.874,0.420,
30,160,0,0,0.000,1795.452,1534.926,,,,0.000,0,0,0,0,0,0,10,11.662,9.207,0.719,
30,160,10,0,0.000,1795.452,1534.926,,,,0.000,0,0,0,0,0,0,10,11.192,11.361,0.473,
30,160,20,0,0.000,1795.452,1534.926,,,,0.000,0,0,0,0,0,0,10,10.390,11.616,0.506,
30,160,30,0,0.000,1795.452,1534.926,,,,0.000,0,0,0,0,0,0,10,10.071,10.247,0.485,
30,160,40,0,0.000,1795.452,1534.926,,,,0.000,0,0,0,0,0,0,10,14.178,11.116,0.419,
30,160,50,0,0.000,1795.452,1534.926,,,,0.000,0,0,0,0,0,0,10,11.037,13.189,0.478,
30,160,60,0,0.000,1795.452,1534.926,,,,0.000,0,0,0,0,0,0,10,11.797,10.544,0.575,
30,160,70,0,0.000,1795.452,1534.926,,,,0.600,4,0,0,0,2,0,8,7.797,10.943,0.534,
30,160,80,0,0.000,1795.452,1534.926,,,,0.400,4,0,0,0,1,0,9,13.144,10.714,0.564,
30,160,90,0,0.000,1795.452,1534.926,,,,2.100,3,0,0,0,7,0,3,8.194,10.876,0.482,
30,160,100,0,0.000,1795.452,1534.926,,,,2.400,5,0,2,0,6,0,2,9.350,11.553,0.560,
30,160,110,0,0.000,1795.452,1534.926,,,,3.100,5,0,2,0,8,0,0,6.657,10.446,0.249,
30,160,120,0,0.000,1795.452,1534.926,,,,3.000,4,0,0,0,10,0,0,10.071,12.558,0.707,
30,160,130,0,0.000,1795.452,1534.926,,,,2.700,4,0,0,0,10,0,0,10.485,11.428,0.492,
30,160,140,0,0.000,1795.452,1534.926,,,,3.500,5,0,2,0,8,0,0,11.397,10.223,0.409,
30,160,150,0,0.000,1795.452,1534.926,,,,3.300,4,0,0,0,10,0,0,13.053,12.689,0.625,
30,160,160,0,0.000,1795.452,1534.926,,,,3.600,5,0,1,0,9,0,0,12.628,7.959,0.609,
30,160,170,0,0.000,1795.452,1534.926,,,,3.600,4,0,0,0,10,0,0,9.627,9.767,0.494,
30,160,180,0,0.000,1795.452,1534.926,,,,3.300,4,0,0,0,10,0,0,10.120,10.772,0.507,
30,160,190,0,0.000,1795.452,1534.926,,,,3.800,5,0,2,0,8,0,0,13.218,11.761,0.530,
30,160,200,0,0.000,1795.452,1534.926,,,,3.400,4,0,0,0,10,0,0,11.294,11.485,0.474,
30,160,210,0,0.000,1795.452,1534.926,,,,3.500,5,0,1,0,9,0,0,10.994,10.654,0.614,
30,160,220,0,0.000,1795.452,1534.926,,,,3.400,5,0,1,0,9,0,0,12.545,9.420,0.540,
30,160,230,0,0.000,1795.452,1534.926,,,,3.300,4,0,0,0,10,0,0,9.825,11.731,0.616,
30,160,240,0,0.000,1795.452,1534.926,,,,2.800,4,0,0,0,10,0,0,11.256,12.590,0.476,
30,160,250,0,0.000,1795.452,1534.926,,,,3.000,5,0,1,0,9,0,0,10.190,13.495,0.435,
30,160,260,0,0.000,1795.452,1534.926,,,,3.000,5,0,1,0,9,0,0,14.130,12.345,0.488,
30,160,270,0,0.000,1795.452,1534.926,,,,3.000,4,0,0,0,10,0,0,12.211,9.621,0.610,
30,160,280,0,0.000,1795.452,1534.926,,,,3.200,4,0,0,0,10,0,0,11.558,7.586,0.503,
30,160,290,0,20.000,1795.452,1534.926,1799.606,1532.099,5.024,3.000,4,0,0,0,8,0,0,8.416,14.499,0.518,0.000
30,160,300,0,50.000,1795.452,1534.926,1796.251,1534.425,0.943,2.600,4,0,0,0,5,0,0,13.010,8.940,0.691,0.000
30,160,310,0,50.000,1795.452,1534.926,1796.812,1534.044,1.621,2.900,5,0,1,0,3,1,0,10.868,10.113,0.571,0.000
30,160,320,0,10.000,1795.452,1534.926,1795.299,1535.095,0.228,3.100,4,0,0,0,9,0,0,10.276,10.037,0.463,0.000
30,160,330,0,60.000,1795.452,1534.926,1795.259,1535.148,0.294,2.600,4,0,0,0,4,0,0,12.251,7.537,0.629,0.000
30,160,340,0,60.000,1795.452,1534.926,1795.227,1535.144,0.313,2.500,4,0,0,0,4,0,0,10.036,6.216,0.416,0.000
30,160,350,0,80.000,1795.452,1534.926,1796.630,1534.171,1.399,2.000,2,0,0,0,0,2,0,11.296,10.804,0.680,0.000
30,160,360,0,70.000,1795.452,1534.926,1795.696,1534.831,0.261,2.000,3,0,0,0,3,0,0,14.617,11.309,0.485,0.000
30,160,370,0,80.000,1795.452,1534.926,1796.553,1534.213,1.311,2.200,4,0,0,0,1,1,0,10.609,13.686,0.489,0.000
30,160,380,0,100.000,1795.452,1534.926,1795.929,1534.650,0.551,2.000,2,0,0,0,0,0,0,10.279,10.249,0.391,0.000
30,160,390,0,100.000,1795.452,1534.926,1795.863,1534.713,0.463,2.000,2,0,0,0,0,0,0,9.740,11.830,0.596,0.000
30,170,-100,0,0.000,1795.452,1534.926,,,,0.000,0,0,0,0,0,0,10,10.061,8.631,0.600,
30,170,-90,0,0.000,1795.452,1534.926,,,,0.000,0,0,0,0,0,0,10,12.443,12.199,0.541,
30,170,-80,0,0.000,1795.452,1534.926,,,,0.000,0,0,0,0,0,0,10,10.786,12.823,0.525,
30,170,-70,0,0.000,1795.452,1534.926,,,,0.000,0,0,0,0,0,0,10,10.690,12.526,0.660,
30,170,-60,0,0.000,1795.452,1534.926,,,,0.000,0,0,0,0,0,0,10,11.106,11.624,0.522,
30,170,-50,0,0.000,1795.452,1534.926,,,,0.000,0,0,0,0,0,0,10,9.387,8.206,0.622,
30,170,-40,0,0.000,1795.452,1534.926,,,,0.000,0,0,0,0,0,0,10,11.979,7.982,0.555,
30,170,-30,0,0.000,1795.452,1534.926,,,,0.000,0,0,0,0,0,0,10,11.622,13.218,0.577,
30,170,-20,0,0.000,1795.452,1534.926,,,,0.000,0,0,0,0,0,0,10,10.582,10.770,0.410,
30,170,-10,0,0.000,1795.452,1534.926,,,,0.000,0,0,0,0,0,0,10,10.686,9.199,0.541,
30,170,0,0,0.000,1795.452,1534.926,,,,0.000,0,0,0,0,0,0,10,10.999,15.212,0.596,
30,170,10,0,0.000,1795.452,1534.926,,,,0.000,0,0,0,0,0,0,10,5.964,9.145,0.567,
30,170,20,0,0.000,1795.452,1534.926,,,,0.000,0,0,0,0,0,0,10,12.006,11.360,0.438,
30,170,30,0,0.000,1795.452,1534.926,,,,0.000,0,0,0,0,0,0,10,12.622,12.365,0.562,
30,170,40,0,0.000,1795.452,1534.926,,,,0.000,0,0,0,0,0,0,10,13.140,10.140,0.574,
30,170,50,0,0.000,1795.452,1534.926,,,,0.000,0,0,0,0,0,0,10,11.809,10.678,0.556,
30,170,60,0,0.000,1795.452,1534.926,,,,0.000,0,0,0,0,0,0,10,8.973,10.614,0.431,
30,170,70,0,0.000,1795.452,1534.926,,,,0.000,0,0,0,0,0,0,10,11.730,10.661,0.587,
30,170,80,0,0.000,1795.452,1534.926,,,,1.300,4,0,0,0,4,0,6,13.638,11.346,0.609,
30,170,90,0,0.000,1795.452,1534.926,,,,0.500,5,0,1,0,0,0,9,8.430,10.199,0.482,
30,170,100,0,0.000,1795.452,1534.926,,,,2.800,5,0,2,0,6,0,2,11.058,9.327,0.581,
30,170,110,0,0.000,1795.452,1534.926,,,,2.000,5,0,1,0,5,0,4,12.569,12.860,0.533,
30,170,120,0,0.000,1795.452,1534.926,,,,2.900,4,0,0,0,9,0,1,8.682,13.303,0.425,
30,170,130,0,0.000,1795.452,1534.926,,,,3.200,5,0,1,0,9,0,0,9.311,13.587,0.514,
30,170,140,0,0.000,1795.452,1534.926,,,,3.400,5,0,1,0,9,0,0,10.882,10.524,0.428,
30,170,150,0,0.000,1795.452,1534.926,,,,3.400,5,0,1,0,9,0,0,11.406,12.696,0.552,
30,170,160,0,0.000,1795.452,1534.926,,,,3.000,3,0,0,0,10,0,0,13.707,11.184,0.590,
30,170,170,0,0.000,1795.452,1534.926,,,,3.500,5,0,1,0,9,0,0,14.829,10.972,0.603,
30,170,180,0,0.000,1795.452,1534.926,,,,3.400,5,0,1,0,9,0,0,12.089,14.904,0.675,
30,170,190,0,0.000,1795.452,1534.926,,,,3.800,5,0,2,0,8,0,0,7.137,13.074,0.361,
30,170,200,0,0.000,1795.452,1534.926,,,,3.400,4,0,0,0,10,0,0,11.687,9.328,0.588,
30,170,210,0,0.000,1795.452,1534.926,,,,3.300,5,0,1,0,9,0,0,6.887,6.601,0.521,
30,170,220,0,0.000,1795.452,1534.926,,,,3.600,5,0,2,0,8,0,0,12.172,8.898,0.524,
30,170,230,0,0.000,1795.452,1534.926,,,,3.700,5,0,1,0,9,0,0,13.421,11.210,0.574,
30,170,240,0,0.000,1795.452,1534.926,,,,3.300,5,0,1,0,9,0,0,10.992,12.339,0.431,
30,170,250,0,0.000,1795.452,1534.926,,,,3.300,5,0,2,0,8,0,0,10.186,12.181,0.403,
30,170,260,0,0.000,1795.452,1534.926,,,,3.300,4,0,0,0,10,0,0,10.056,8.505,0.472,
30,170,270,0,0.000,1795.452,1534.926,,,,2.900,4,0,0,0,10,0,0,10.381,9.950,0.528,
30,170,280,0,0.000,1795.452,1534.926,,,,2.700,4,0,0,0,10,0,0,12.260,13.914,0.317,
30,170,290,0,20.000,1795.452,1534.926,1799.323,1532.284,4.687,2.900,4,0,0,0,8,0,0,10.688,9.665,0.585,0.000
30,170,300,0,20.000,1795.452,1534.926,1801.030,1531.067,6.782,2.900,5,0,1,0,7,0,0,13.633,11.968,0.451,0.000
30,170,310,0,0.000,1795.452,1534.926,,,,3.400,5,0,2,0,8,0,0,12.317,9.626,0.597,
30,170,320,0,10.000,1795.452,1534.926,1795.687,1534.830,0.254,3.100,5,0,1,0,8,0,0,11.996,12.562,0.538,0.000
30,170,330,0,30.000,1795.452,1534.926,1796.664,1534.129,1.451,3.000,4,0,0,0,7,0,0,11.699,10.377,0.457,0.000
30,170,340,0,30.000,1795.452,1534.926,1796.370,1534.373,1.072,3.200,5,0,1,0,6,0,0,12.502,10.967,0.610,0.000
30,170,350,0,50.000,1795.452,1534.926,1795.561,1534.952,0.112,2.800,5,0,1,0,4,0,0,9.757,10.751,0.475,0.000
30,170,360,0,80.000,1795.452,1534.926,1796.313,1534.391,1.013,2.500,4,0,0,0,2,0,0,12.806,10.536,0.350,0.000
30,170,370,0,60.000,1795.452,1534.926,1796.060,1534.574,0.703,2.200,4,0,0,0,3,1,0,13.721,11.049,0.569,0.000
30,170,380,0,100.000,1795.452,1534.926,1795.814,1534.729,0.412,2.100,3,0,0,0,0,0,0,8.139,8.813,0.426,0.000
30,170,390,0,80.000,1795.452,1534.926,1796.031,1534.574,0.678,2.200,3,0,0,0,2,0,0,8.034,11.466,0.553,0.000
30,180,-100,0,0.000,1795.452,1534.926,,,,0.000,0,0,0,0,0,0,10,9.012,11.059,0.686,
30,180,-90,0,0.000,1795.452,1534.926,,,,0.000,0,0,0,0,0,0,10,9.690,10.949,0.456,
30,180,-80,0,0.000,1795.452,1534.926,,,,0.000,0,0,0,0,0,0,10,7.622,9.346,0.606,
30,180,-70,0,0.000,1795.452,1534.926,,,,0.000,0,0,0,0,0,0,10,11.197,14.020,0.677,
30,180,-60,0,0.000,1795.452,1534.926,,,,0.000,0,0,0,0,0,0,10,8.117,9.502,0.575,
30,180,-50,0,0.000,1795.452,1534.926,,,,0.000,0,0,0,0,0,0,10,13.100,10.051,0.469,
30,180,-40,0,0.000,1795.452,1534.926,,,,0.000,0,0,0,0,0,0,10,10.635,13.123,0.635,
30,180,-30,0,0.000,1795.452,1534.926,,,,0.000,0,0,0,0,0,0,10,10.644,10.224,0.453,
30,180,-20,0,0.000,1795.452,1534.926,,,,0.000,0,0,0,0,0,0,10,13.074,8.330,0.461,
30,180,-10,0,0.000,1795.452,1534.926,,,,0.000,0,0,0,0,0,0,10,13.304,10.509,0.562,
30,180,0,0,0.000,1795.452,1534.926,,,,0.000,0,0,0,0,0,0,10,9.740,10.462,0.625,
30,180,10,0,0.000,1795.452,1534.926,,,,0.000,0,0,0,0,0,0,10,11.850,9.015,0.496,
30,180,20,0,0.000,1795.452,1534.926,,,,0.000,0,0,0,0,0,0,10,10.130,10.722,0.673,
30,180,30,0,0.000,1795.452,1534.926,,,,0.000,0,0,0,0,0,0,10,9.042,14.420,0.600,
30,180,40,0,0.000,1795.452,1534.926,,,,0.000,0,0,0,0,0,0,10,10.313,6.791,0.597,
30,180,50,0,0.000,1795.452,1534.926,,,,0.000,0,0,0,0,0,0,10,13.720,9.474,0.577,
30,180,60,0,0.000,1795.452,1534.926,,,,0.000,0,0,0,0,0,0,10,12.919,8.162,0.558,
30,180,70,0,0.000,1795.452,1534.926,,,,0.000,0,0,0,0,0,0,10,12.304,10.533,0.429,
30,180,80,0,0.000,1795.452,1534.926,,,,0.000,0,0,0,0,0,0,10,11.837,6.166,0.419,
30,180,90,0,0.000,1795.452,1534.926,,,,0.200,2,0,0,0,1,0,9,9.593,12.211,0.750,
30,180,100,0,0.000,1795.452,1534.926,,,,2.200,4,0,0,0,6,0,4,12.260,12.786,0.496,
30,180,110,0,0.000,1795.452,1534.926,,,,3.200,5,0,2,0,6,0,2,7.878,11.684,0.448,
30,180,120,0,0.000,1795.452,1534.926,,,,2.400,4,0,0,0,8,0,2,10.349,11.246,0.597,
30,180,130,0,0.000,1795.452,1534.926,,,,3.300,5,0,1,0,9,0,0,12.216,11.740,0.493,
30,180,140,0,0.000,1795.452,1534.926,,,,3.400,5,0,1,0,9,0,0,5.175,12.313,0.484,
30,180,150,0,0.000,1795.452,1534.926,,,,3.600,5,0,1,0,9,0,0,10.525,12.975,0.542,
30,180,160,0,0.000,1795.452,1534.926,,,,3.800,5,0,2,0,8,0,0,12.068,9.077,0.705,
30,180,170,0,0.000,1795.452,1534.926,,,,3.600,4,0,0,0,10,0,0,11.530,10.522,0.537,
30,180,180,0,0.000,1795.452,1534.926,,,,3.500,4,0,0,0,10,0,0,9.223,10.671,0.601,
30,180,190,0,0.000,1795.452,1534.926,,,,3.600,5,0,2,0,8,0,0,12.403,9.341,0.717,
30,180,200,0,0.000,1795.452,1534.926,,,,3.800,5,0,2,0,8,0,0,9.889,11.626,0.580,
30,180,210,0,0.000,1795.452,1534.926,,,,3.300,5,0,1,0,9,0,0,10.161,11.095,0.510,
30,180,220,0,0.000,1795.452,1534.926,,,,3.400,4,0,0,0,10,0,0,11.288,10.081,0.390,
30,180,230,0,0.000,1795.452,1534.926,,,,3.800,5,0,2,0,8,0,0,11.960,10.769,0.478,
30,180,240,0,0.000,1795.452,1534.926,,,,3.500,5,0,1,0,9,0,0,9.322,12.298,0.652,
30,180,250,0,0.000,1795.452,1534.926,,,,4.000,5,0,2,0,8,0,0,11.221,9.944,0.645,
30,180,260,0,0.000,1795.452,1534.926,,,,3.600,5,0,2,0,8,0,0,10.062,10.993,0.485,
30,180,270,0,0.000,1795.452,1534.926,,,,2.900,4,0,0,0,10,0,0,10.796,9.257,0.439,
30,180,280,0,0.000,1795.452,1534.926,,,,2.700,4,0,0,0,10,0,0,13.928,11.547,0.488,
30,180,290,0,0.000,1795.452,1534.926,,,,2.800,4,0,0,0,10,0,0,6.503,4.601,0.607,
30,180,300,0,0.000,1795.452,1534.926,,,,3.200,5,0,1,0,9,0,0,9.651,14.540,0.632,
30,180,310,0,0.000,1795.452,1534.926,,,,3.500,5,0,1,0,9,0,0,10.075,12.350,0.711,
30,180,320,0,0.000,1795.452,1534.926,,,,3.200,5,0,1,0,9,0,0,10.154,8.900,0.526,
30,180,330,0,10.000,1795.452,1534.926,1795.169,1535.162,0.369,3.000,4,0,0,0,9,0,0,11.853,12.043,0.536,0.000
30,180,340,0,20.000,1795.452,1534.926,1797.554,1533.504,2.538,3.000,4,0,0,0,8,0,0,9.426,9.377,0.404,0.000
30,180,350,0,30.000,1795.452,1534.926,1796.627,1534.137,1.415,2.700,3,0,0,0,7,0,0,8.409,10.429,0.665,0.000
30,180,360,0,60.000,1795.452,1534.926,1797.062,1533.867,1.927,2.500,3,0,0,0,3,1,0,7.522,12.586,0.651,0.000
30,180,370,0,70.000,1795.452,1534.926,1796.934,1533.956,1.771,2.400,4,0,0,0,3,0,0,9.180,11.449,0.660,0.000
30,180,380,0,50.000,1795.452,1534.926,1795.241,1535.149,0.307,2.500,3,0,0,0,5,0,0,11.189,6.794,0.445,0.000
30,180,390,0,90.000,1795.452,1534.926,1795.937,1534.661,0.553,2.100,3,0,0,0,1,0,0,10.967,12.058,0.455,0.000
30,190,-100,0,0.000,1795.452,1534.926,,,,0.000,0,0,0,0,0,0,10,14.448,10.279,0.503,
30,190,-90,0,0.000,1795.452,1534.926,,,,0.000,0,0,0,0,0,0,10,10.828,10.672,0.442,
30,190,-80,0,0.000,1795.452,1534.926,,,,0.000,0,0,0,0,0,0,10,13.318,10.268,0.527,
30,190,-70,0,0.000,1795.452,1534.926,,,,0.000,0,0,0,0,0,0,10,12.141,11.434,0.473,
30,190,-60,0,0.000,1795.452,1534.926,,,,0.000,0,0,0,0,0,0,10,8.901,11.618,0.552,
30,190,-50,0,0.000,1795.452,1534.926,,,,0.000,0,0,0,0,0,0,10,11.741,13.225,0.459,
30,190,-40,0,0.000,1795.452,1534.926,,,,0.000,0,0,0,0,0,0,10,9.296,10.434,0.553,
30,190,-30,0,0.000,1795.452,1534.926,,,,0.000,0,0,0,0,0,0,10,9.794,10.742,0.462,
30,190,-20,0,0.000,1795.452,1534.926,,,,0.000,0,0,0,0,0,0,10,7.562,7.544,0.587,
30,190,-10,0,0.000,1795.452,1534.926,,,,0.000,0,0,0,0,0,0,10,10.571,12.179,0.528,
30,190,0,0,0.000,1795.452,1534.926,,,,0.000,0,0,0,0,0,0,10,10.454,9.529,0.463,
30,190,10,0,0.000,1795.452,1534.926,,,,0.000,0,0,0,0,0,0,10,8.185,5.356,0.492,
30,190,20,0,0.000,1795.452,1534.926,,,,0.000,0,0,0,0,0,0,10,10.354,7.964,0.489,
30,190,30,0,0.000,1795.452,1534.926,,,,0.000,0,0,0,0,0,0,10,11.630,10.792,0.451,
30,190,40,0,0.000,1795.452,1534.926,,,,0.000,0,0,0,0,0,0,10,7.818,10.883,0.601,
30,190,50,0,0.000,1795.452,1534.926,,,,0.000,0,0,0,0,0,0,10,12.216,12.097,0.363,
30,190,60,0,0.000,1795.452,1534.926,,,,0.000,0,0,0,0,0,0,10,10.869,10.441,0.571,
30,190,70,0,0.000,1795.452,1534.926,,,,0.000,0,0,0,0,0,0,10,10.278,12.804,0.463,
30,190,80,0,0.000,1795.452,1534.926,,,,0.000,0,0,0,0,0,0,10,9.709,9.827,0.703,
30,190,90,0,0.000,1795.452,1534.926,,,,0.000,0,0,0,0,0,0,10,8.663,9.768,0.485,
30,190,100,0,0.000,1795.452,1534.926,,,,0.800,4,0,0,0,3,0,7,12.758,12.624,0.670,
30,190,110,0,0.000,1795.452,1534.926,,,,2.500,5,0,1,0,7,0,2,10.172,8.126,0.485,
30,190,120,0,0.000,1795.452,1534.926,,,,2.500,5,0,1,0,7,0,2,14.595,11.833,0.643,
30,190,130,0,0.000,1795.452,1534.926,,,,3.000,5,0,2,0,7,0,1,12.494,10.338,0.708,
30,190,140,0,0.000,1795.452,1534.926,,,,3.400,5,0,1,0,9,0,0,10.504,12.648,0.561,
30,190,150,0,0.000,1795.452,1534.926,,,,3.500,4,0,0,0,10,0,0,10.197,7.739,0.573,
30,190,160,0,0.000,1795.452,1534.926,,,,3.600,5,0,2,0,8,0,0,13.174,9.327,0.628,
30,190,170,0,0.000,1795.452,1534.926,,,,3.300,4,0,0,0,10,0,0,10.800,10.314,0.563,
30,190,180,0,0.000,1795.452,1534.926,,,,3.600,5,0,2,0,8,0,0,11.642,8.786,0.683,
30,190,190,0,0.000,1795.452,1534.926,,,,3.900,5,0,2,0,8,0,0,8.092,13.183,0.461,
30,190,200,0,0.000,1795.452,1534.926,,,,3.300,5,0,1,0,9,0,0,10.137,14.511,0.575,
30,190,210,0,0.000,1795.452,1534.926,,,,3.600,4,0,0,0,10,0,0,13.018,14.941,0.679,
30,190,220,0,0.000,1795.452,1534.926,,,,4.000,5,0,2,0,8,0,0,13.999,9.419,0.653,
30,190,230,0,0.000,1795.452,1534.926,,,,3.300,5,0,1,0,9,0,0,13.410,9.493,0.598,
30,190,240,0,0.000,1795.452,1534.926,,,,4.000,5,0,3,0,7,0,0,12.532,11.305,0.466,
30,190,250,0,0.000,1795.452,1534.926,,,,3.500,4,0,0,0,10,0,0,11.294,8.698,0.520,
30,190,260,0,0.000,1795.452,1534.926,,,,3.200,4,0,0,0,10,0,0,12.490,11.167,0.478,
30,190,270,0,0.000,1795.452,1534.926,,,,3.600,5,0,2,0,8,0,0,12.008,6.928,0.560,
30,190,280,0,0.000,1795.452,1534.926,,,,3.800,5,0,2,0,8,0,0,8.725,11.253,0.484,
30,190,290,0,0.000,1795.452,1534.926,,,,3.000,4,0,0,0,10,0,0,11.081,10.541,0.550,
30,190,300,0,0.000,1795.452,1534.926,,,,3.200,5,0,1,0,9,0,0,8.765,13.839,0.458,
30,190,310,0,0.000,1795.452,1534.926,,,,2.800,4,0,0,0,10,0,0,11.785,10.713,0.648,
30,190,320,0,0.000,1795.452,1534.926,,,,3.300,4,0,0,0,10,0,0,9.792,11.735,0.487,
30,190,330,0,0.000,1795.452,1534.926,,,,3.100,4,0,0,0,10,0,0,8.985,9.317,0.484,
30,190,340,0,0.000,1795.452,1534.926,,,,3.100,4,0,0,0,10,0,0,10.163,8.312,0.715,
30,190,350,0,10.000,1795.452,1534.926,1799.088,1532.447,4.401,3.300,5,0,1,0,8,0,0,8.641,11.580,0.354,0.000
30,190,360,0,40.000,1795.452,1534.926,1795.574,1534.881,0.131,3.000,4,0,0,0,6,0,0,12.495,8.427,0.505,0.000
30,190,370,0,10.000,1795.452,1534.926,1798.706,1532.618,3.989,3.200,5,0,1,0,8,0,0,11.720,8.786,0.676,0.000
30,190,380,0,20.000,1795.452,1534.926,1795.435,1535.040,0.116,3.100,4,0,0,0,8,0,0,12.691,12.244,0.636,0.000
30,190,390,0,70.000,1795.452,1534.926,1797.864,1533.318,2.899,2.800,5,0,1,0,2,0,0,8.564,7.856,0.611,0.000
30,200,-100,0,0.000,1795.452,1534.926,,,,0.000,0,0,0,0,0,0,10,8.639,14.216,0.431,
30,200,-90,0,0.000,1795.452,1534.926,,,,0.000,0,0,0,0,0,0,10,14.130,9.469,0.526,
30,200,-80,0,0.000,1795.452,1534.926,,,,0.000,0,0,0,0,0,0,10,13.612,13.081,0.653,
30,200,-70,0,0.000,1795.452,1534.926,,,,0.000,0,0,0,0,0,0,10,9.762,16.414,0.601,
30,200,-60,0,0.000,1795.452,1534.926,,,,0.000,0,0,0,0,0,0,10,10.738,9.875,0.613,
30,200,-50,0,0.000,1795.452,1534.926,,,,0.000,0,0,0,0,0,0,10,13.146,14.553,0.541,
30,200,-40,0,0.000,1795.452,1534.926,,,,0.000,0,0,0,0,0,0,10,12.933,13.836,0.526,
30,200,-30,0,0.000,1795.452,1534.926,,,,0.000,0,0,0,0,0,0,10,12.343,13.530,0.504,
30,200,-20,0,0.000,1795.452,1534.926,,,,0.000,0,0,0,0,0,0,10,12.356,11.385,0.424,
30,200,-10,0,0.000,1795.452,1534.926,,,,0.000,0,0,0,0,0,0,10,12.214,9.883,0.562,
30,200,0,0,0.000,1795.452,1534.926,,,,0.000,0,0,0,0,0,0,10,10.459,11.885,0.454,
30,200,10,0,0.000,1795.452,1534.926,,,,0.000,0,0,0,0,0,0,10,7.291,9.894,0.503,
30,200,20,0,0.000,1795.452,1534.926,,,,0.000,0,0,0,0,0,0,10,11.792,9.676,0.642,
30,200,30,0,0.000,1795.452,1534.926,,,,0.000,0,0,0,0,0,0,10,8.682,10.215,0.704,
30,200,40,0,0.000,1795.452,1534.926,,,,0.000,0,0,0,0,0,0,10,10.664,12.437,0.516,
30,200,50,0,0.000,1795.452,1534.926,,,,0.000,0,0,0,0,0,0,10,5.281,10.177,0.434,
30,200,60,0,0.000,1795.452,1534.926,,,,0.000,0,0,0,0,0,0,10,9.663,13.127,0.530,
30,200,70,0,0.000,1795.452,1534.926,,,,0.000,0,0,0,0,0,0,10,12.628,10.492,0.573,
30,200,80,0,0.000,1795.452,1534.926,,,,0.000,0,0,0,0,0,0,10,11.761,10.991,0.639,
30,200,90,0,0.000,1795.452,1534.926,,,,0.000,0,0,0,0,0,0,10,12.299,11.058,0.566,
30,200,100,0,0.000,1795.452,1534.926,,,,0.000,0,0,0,0,0,0,10,13.402,9.733,0.593,
30,200,110,0,0.000,1795.452,1534.926,,,,1.100,4,0,0,0,3,0,7,12.605,10.002,0.644,
30,200,120,0,0.000,1795.452,1534.926,,,,1.800,5,0,1,0,4,0,5,12.229,14.161,0.546,
30,200,130,0,0.000,1795.452,1534.926,,,,3.400,5,0,2,0,7,0,1,14.269,8.307,0.641,
30,200,140,0,0.000,1795.452,1534.926,,,,4.400,5,0,5,0,5,0,0,12.253,10.096,0.588,
30,200,150,0,0.000,1795.452,1534.926,,,,4.100,5,0,3,0,7,0,0,10.426,8.998,0.343,
30,200,160,0,0.000,1795.452,1534.926,,,,3.700,5,0,2,0,8,0,0,10.830,12.886,0.537,
30,200,170,0,0.000,1795.452,1534.926,,,,3.700,5,0,2,0,8,0,0,13.607,11.550,0.494,
30,200,180,0,0.000,1795.452,1534.926,,,,3.500,5,0,1,0,9,0,0,9.052,10.718,0.489,
30,200,190,0,0.000,1795.452,1534.926,,,,3.600,5,0,2,0,8,0,0,7.113,8.856,0.490,
30,200,200,0,0.000,1795.452,1534.926,,,,3.900,5,0,2,0,8,0,0,10.916,10.194,0.409,
30,200,210,0,0.000,1795.452,1534.926,,,,3.600,5,0,1,0,9,0,0,9.705,11.509,0.332,
30,200,220,0,0.000,1795.452,1534.926,,,,3.800,4,0,0,0,10,0,0,14.164,10.818,0.393,
30,200,230,0,0.000,1795.452,1534.926,,,,3.300,4,0,0,0,10,0,0,9.833,7.584,0.457,
30,200,240,0,0.000,1795.452,1534.926,,,,3.600,5,0,2,0,8,0,0,14.037,13.199,0.626,
30,200,250,0,0.000,1795.452,1534.926,,,,3.700,5,0,1,0,9,0,0,10.510,11.614,0.562,
30,200,260,0,0.000,1795.452,1534.926,,,,3.800,5,0,2,0,8,0,0,12.745,9.311,0.624,
30,200,270,0,0.000,1795.452,1534.926,,,,3.600,5,0,1,0,9,0,0,8.348,9.955,0.484,
30,200,280,0,0.000,1795.452,1534.926,,,,3.600,5,0,2,0,8,0,0,10.662,10.296,0.392,
30,200,290,0,0.000,1795.452,1534.926,,,,3.600,5,0,2,0,8,0,0,10.666,7.621,0.639,
30,200,300,0,0.000,1795.452,1534.926,,,,3.600,5,0,2,0,8,0,0,14.233,10.835,0.569,
30,200,310,0,0.000,1795.452,1534.926,,,,3.000,5,0,1,0,9,0,0,12.701,10.844,0.672,
30,200,320,0,0.000,1795.452,1534.926,,,,3.200,5,0,1,0,9,0,0,13.223,9.266,0.407,
30,200,330,0,0.000,1795.452,1534.926,,,,2.900,4,0,0,0,10,0,0,9.822,11.522,0.594,
30,200,340,0,0.000,1795.452,1534.926,,,,3.100,4,0,0,0,10,0,0,12.944,13.334,0.502,
30,200,350,0,0.000,1795.452,1534.926,,,,3.000,4,0,0,0,10,0,0,13.078,10.408,0.459,
30,200,360,0,0.000,1795.452,1534.926,,,,3.200,4,0,0,0,10,0,0,12.358,13.114,0.696,
30,200,370,0,0.000,1795.452,1534.926,,,,3.400,5,0,1,0,9,0,0,9.704,13.017,0.452,
30,200,380,0,10.000,1795.452,1534.926,1800.531,1531.432,6.165,3.200,4,0,0,0,9,0,0,13.670,10.507,0.639,0.000
30,200,390,0,20.000,1795.452,1534.926,1799.321,1532.281,4.687,3.200,4,0,0,0,8,0,0,9.524,10.597,0.412,0.000
30,210,-100,0,0.000,1795.452,1534.926,,,,0.000,0,0,0,0,0,0,10,11.700,11.348,0.460,
30,210,-90,0,0.000,1795.452,1534.926,,,,0.000,0,0,0,0,0,0,10,10.728,8.852,0.630,
30,210,-80,0,0.000,1795.452,1534.926,,,,0.000,0,0,0,0,0,0,10,8.139,10.321,0.590,
30,210,-70,0,0.000,1795.452,1534.926,,,,0.000,0,0,0,0,0,0,10,9.683,10.888,0.528,
30,210,-60,0,0.000,1795.452,1534.926,,,,0.000,0,0,0,0,0,0,10,9.884,12.102,0.555,
30,210,-50,0,0.000,1795.452,1534.926,,,,0.000,0,0,0,0,0,0,10,10.378,9.591,0.502,
30,210,-40,0,0.000,1795.452,1534.926,,,,0.000,0,0,0,0,0,0,10,10.485,11.508,0.607,
30,210,-30,0,0.000,1795.452,1534.926,,,,0.000,0,0,0,0,0,0,10,10.231,10.007,0.573,
30,210,-20,0,0.000,1795.452,1534.926,,,,0.000,0,0,0,0,0,0,10,11.507,10.212,0.431,
30,210,-10,0,0.000,1795.452,1534.926,,,,0.000,0,0,0,0,0,0,10,11.053,10.420,0.556,
30,210,0,0,0.000,1795.452,1534.926,,,,0.000,0,0,0,0,0,0,10,11.186,14.227,0.621,
30,210,10,0,0.000,1795.452,1534.926,,,,0.000,0,0,0,0,0,0,10,12.244,12.401,0.508,
30,210,20,0,0.000,1795.452,1534.926,,,,0.000,0,0,0,0,0,0,10,10.443,8.676,0.428,
30,210,30,0,0.000,1795.452,1534.926,,,,0.000,0,0,0,0,0,0,10,9.385,14.557,0.613,
30,210,40,0,0.000,1795.452,1534.926,,,,0.000,0,0,0,0,0,0,10,11.681,12.102,0.552,
30,210,50,0,0.000,1795.452,1534.926,,,,0.000,0,0,0,0,0,0,10,10.675,11.026,0.580,
30,210,60,0,0.000,1795.452,1534.926,,,,0.000,0,0,0,0,0,0,10,10.636,13.438,0.412,
30,210,70,0,0.000,1795.452,1534.926,,,,0.000,0,0,0,0,0,0,10,12.406,11.380,0.557,
30,210,80,0,0.000,1795.452,1534.926,,,,0.000,0,0,0,0,0,0,10,11.596,11.667,0.618,
30,210,90,0,0.000,1795.452,1534.926,,,,0.000,0,0,0,0,0,0,10,12.904,7.386,0.479,
30,210,100,0,0.000,1795.452,1534.926,,,,0.000,0,0,0,0,0,0,10,11.423,12.634,0.502,
30,210,110,0,0.000,1795.452,1534.926,,,,0.900,3,0,0,0,3,0,7,12.995,8.467,0.555,
30,210,120,0,0.000,1795.452,1534.926,,,,2.000,4,0,0,0,6,0,4,9.153,7.498,0.454,
30,210,130,0,0.000,1795.452,1534.926,,,,2.600,5,0,2,0,5,0,3,8.463,13.035,0.470,
30,210,140,0,0.000,1795.452,1534.926,,,,2.300,5,0,1,0,6,0,3,10.191,11.701,0.491,
30,210,150,0,0.000,1795.452,1534.926,,,,3.500,5,0,2,0,8,0,0,10.812,12.094,0.512,
30,210,160,0,0.000,1795.452,1534.926,,,,3.900,5,0,3,0,7,0,0,9.709,10.952,0.544,
30,210,170,0,0.000,1795.452,1534.926,,,,3.300,5,0,1,0,9,0,0,10.217,11.264,0.468,
30,210,180,0,0.000,1795.452,1534.926,,,,3.500,4,0,0,0,10,0,0,9.865,10.293,0.545,
30,210,190,0,0.000,1795.452,1534.926,,,,3.900,5,0,3,0,7,0,0,10.268,9.587,0.554,
30,210,200,0,0.000,1795.452,1534.926,,,,3.500,4,0,0,0,10,0,0,7.468,9.590,0.533,
30,210,210,0,0.000,1795.452,1534.926,,,,3.800,5,0,2,0,8,0,0,9.348,13.220,0.502,
30,210,220,0,0.000,1795.452,1534.926,,,,4.000,5,0,3,0,7,0,0,10.890,6.598,0.368,
30,210,230,0,0.000,1795.452,1534.926,,,,4.000,5,0,4,0,6,0,0,9.242,10.501,0.494,
30,210,240,0,0.000,1795.452,1534.926,,,,3.700,5,0,2,0,8,0,0,10.487,9.855,0.462,
30,210,250,0,0.000,1795.452,1534.926,,,,3.300,4,0,0,0,10,0,0,10.981,10.732,0.529,
30,210,260,0,0.000,1795.452,1534.926,,,,3.900,5,0,3,0,7,0,0,11.077,8.281,0.750,
30,210,270,0,0.000,1795.452,1534.926,,,,3.600,5,0,1,0,9,0,0,13.214,10.553,0.412,
30,210,280,0,0.000,1795.452,1534.926,,,,4.000,5,0,3,0,7,0,0,10.862,9.996,0.666,
30,210,290,0,0.000,1795.452,1534.926,,,,3.300,5,0,1,0,9,0,0,13.029,10.319,0.668,
30,210,300,0,0.000,1795.452,1534.926,,,,3.500,5,0,1,0,9,0,0,11.681,11.802,0.527,
30,210,310,0,0.000,1795.452,1534.926,,,,3.200,5,0,1,0,9,0,0,6.198,12.330,0.539,
30,210,320,0,0.000,1795.452,1534.926,,,,3.400,5,0,1,0,9,0,0,11.312,12.092,0.574,
30,210,330,0,0.000,1795.452,1534.926,,,,2.900,4,0,0,0,10,0,0,9.415,8.827,0.524,
30,210,340,0,0.000,1795.452,1534.926,,,,3.100,4,0,0,0,10,0,0,9.068,12.338,0.485,
30,210,350,0,0.000,1795.452,1534.926,,,,3.000,5,0,1,0,9,0,0,12.128,11.678,0.615,
30,210,360,0,0.000,1795.452,1534.926,,,,3.700,5,0,2,0,8,0,0,15.068,13.756,0.583,
30,210,370,0,0.000,1795.452,1534.926,,,,3.500,5,0,1,0,9,0,0,6.571,7.290,0.364,
30,210,380,0,0.000,1795.452,1534.926,,,,3.300,4,0,0,0,10,0,0,12.317,11.244,0.670,
30,210,390,0,0.000,1795.452,1534.926,,,,3.200,4,0,0,0,10,0,0,11.023,8.255,0.518,
30,220,-100,0,0.000,1795.452,1534.926,,,,0.000,0,0,0,0,0,0,10,9.121,12.219,0.360,
30,220,-90,0,0.000,1795.452,1534.926,,,,0.000,0,0,0,0,0,0,10,11.559,7.770,0.501,
30,220,-80,0,0.000,1795.452,1534.926,,,,0.000,0,0,0,0,0,0,10,9.173,8.324,0.452,
30,220,-70,0,0.000,1795.452,1534.926,,,,0.000,0,0,0,0,0,0,10,11.806,11.463,0.560,
30,220,-60,0,0.000,1795.452,1534.926,,,,0.000,0,0,0,0,0,0,10,11.372,6.045,0.484,
30,220,-50,0,0.000,1795.452,1534.926,,,,0.000,0,0,0,0,0,0,10,13.670,10.213,0.547,
30,220,-40,0,0.000,1795.452,1534.926,,,,0.000,0,0,0,0,0,0,10,11.235,11.248,0.616,
30,220,-30,0,0.000,1795.452,1534.926,,,,0.000,0,0,0,0,0,0,10,12.059,8.908,0.521,
30,220,-20,0,0.000,1795.452,1534.926,,,,0.000,0,0,0,0,0,0,10,9.574,12.602,0.582,
30,220,-10,0,0.000,1795.452,1534.926,,,,0.000,0,0,0,0,0,0,10,10.470,12.219,0.600,
30,220,0,0,0.000,1795.452,1534.926,,,,0.000,0,0,0,0,0,0,10,11.364,9.133,0.535,
30,220,10,0,0.000,1795.452,1534.926,,,,0.000,0,0,0,0,0,0,10,10.352,13.218,0.734,
30,220,20,0,0.000,1795.452,1534.926,,,,0.000,0,0,0,0,0,0,10,8.130,11.546,0.560,
30,220,30,0,0.000,1795.452,1534.926,,,,0.000,0,0,0,0,0,0,10,9.702,11.640,0.571,
30,220,40,0,0.000,1795.452,1534.926,,,,0.000,0,0,0,0,0,0,10,7.714,12.500,0.673,
30,220,50,0,0.000,1795.452,1534.926,,,,0.000,0,0,0,0,0,0,10,8.701,10.267,0.608,
30,220,60,0,0.000,1795.452,1534.926,,,,0.000,0,0,0,0,0,0,10,9.332,13.399,0.513,
30,220,70,0,0.000,1795.452,1534.926,,,,0.000,0,0,0,0,0,0,10,8.813,12.245,0.472,
30,220,80,0,0.000,1795.452,1534.926,,,,0.000,0,0,0,0,0,0,10,12.531,9.894,0.641,
30,220,90,0,0.000,1795.452,1534.926,,,,0.000,0,0,0,0,0,0,10,9.918,8.193,0.500,
30,220,100,0,0.000,1795.452,1534.926,,,,0.000,0,0,0,0,0,0,10,11.649,7.432,0.710,
30,220,110,0,0.000,1795.452,1534.926,,,,0.000,0,0,0,0,0,0,10,11.487,9.986,0.421,
30,220,120,0,0.000,1795.452,1534.926,,,,0.700,4,0,0,0,2,0,8,10.352,12.203,0.596,
30,220,130,0,0.000,1795.452,1534.926,,,,1.500,5,0,1,0,3,0,6,9.449,13.138,0.436,
30,220,140,0,0.000,1795.452,1534.926,,,,3.100,5,0,2,0,6,0,2,8.048,14.351,0.552,
30,220,150,0,0.000,1795.452,1534.926,,,,3.500,5,0,1,0,9,0,0,10.892,7.143,0.320,
30,220,160,0,0.000,1795.452,1534.926,,,,4.000,5,0,2,0,8,0,0,11.719,11.794,0.553,
30,220,170,0,0.000,1795.452,1534.926,,,,3.400,4,0,0,0,10,0,0,10.567,12.596,0.508,
30,220,180,0,0.000,1795.452,1534.926,,,,3.900,5,0,3,0,7,0,0,8.036,9.585,0.440,
30,220,190,0,0.000,1795.452,1534.926,,,,4.300,5,0,5,0,5,0,0,12.020,10.453,0.707,
30,220,200,0,0.000,1795.452,1534.926,,,,3.700,5,0,2,0,8,0,0,11.428,10.138,0.487,
30,220,210,0,0.000,1795.452,1534.926,,,,3.700,5,0,2,0,8,0,0,11.966,11.876,0.549,
30,220,220,0,0.000,1795.452,1534.926,,,,4.400,5,0,6,0,4,0,0,10.512,10.901,0.591,
30,220,230,0,0.000,1795.452,1534.926,,,,3.800,5,0,3,0,7,0,0,8.249,7.913,0.352,
30,220,240,0,0.000,1795.452,1534.926,,,,3.500,5,0,1,0,9,0,0,10.121,9.010,0.675,
30,220,250,0,0.000,1795.452,1534.926,,,,3.700,5,0,2,0,8,0,0,9.215,13.433,0.476,
30,220,260,0,0.000,1795.452,1534.926,,,,3.900,5,0,1,0,9,0,0,14.056,12.007,0.317,
30,220,270,0,0.000,1795.452,1534.926,,,,3.700,5,0,1,0,9,0,0,10.799,10.250,0.509,
30,220,280,0,0.000,1795.452,1534.926,,,,3.700,5,0,2,0,8,0,0,10.013,10.611,0.566,
30,220,290,0,0.000,1795.452,1534.926,,,,3.800,5,0,1,0,9,0,0,8.069,11.041,0.543,
30,220,300,0,0.000,1795.452,1534.926,,,,4.000,5,0,3,0,7,0,0,10.760,6.764,0.641,
30,220,310,0,0.000,1795.452,1534.926,,,,3.900,5,0,3,0,7,0,0,6.157,10.990,0.636,
30,220,320,0,0.000,1795.452,1534.926,,,,3.100,5,0,1,0,9,0,0,10.978,10.482,0.714,
30,220,330,0,0.000,1795.452,1534.926,,,,3.400,5,0,1,0,9,0,0,8.905,12.033,0.581,
30,220,340,0,0.000,1795.452,1534.926,,,,3.400,5,0,2,0,8,0,0,15.097,11.250,0.537,
30,220,350,0,0.000,1795.452,1534.926,,,,2.700,5,0,1,0,9,0,0,11.157,9.718,0.556,
30,220,360,0,0.000,1795.452,1534.926,,,,2.900,4,0,0,0,10,0,0,13.429,8.230,0.403,
30,220,370,0,0.000,1795.452,1534.926,,,,3.300,5,0,1,0,9,0,0,8.746,11.901,0.578,
30,220,380,0,0.000,1795.452,1534.926,,,,3.700,5,0,1,0,9,0,0,8.979,9.401,0.555,
30,220,390,0,0.000,1795.452,1534.926,,,,3.300,4,0,0,0,10,0,0,10.379,13.057,0.532,
30,230,-100,0,0.000,1795.452,1534.926,,,,0.000,0,0,0,0,0,0,10,11.738,9.589,0.430,
30,230,-90,0,0.000,1795.452,1534.926,,,,0.000,0,0,0,0,0,0,10,10.907,11.730,0.403,
30,230,-80,0,0.000,1795.452,1534.926,,,,0.000,0,0,0,0,0,0,10,10.843,9.233,0.428,
30,230,-70,0,0.000,1795.452,1534.926,,,,0.000,0,0,0,0,0,0,10,12.488,11.259,0.511,
30,230,-60,0,0.000,1795.452,1534.926,,,,0.000,0,0,0,0,0,0,10,11.878,9.362,0.607,
30,230,-50,0,0.000,1795.452,1534.926,,,,0.000,0,0,0,0,0,0,10,8.543,9.635,0.412,
30,230,-40,0,0.000,1795.452,1534.926,,,,0.000,0,0,0,0,0,0,10,9.904,5.033,0.478,
30,230,-30,0,0.000,1795.452,1534.926,,,,0.000,0,0,0,0,0,0,10,10.659,10.612,0.511,
30,230,-20,0,0.000,1795.452,1534.926,,,,0.000,0,0,0,0,0,0,10,10.873,13.393,0.453,
30,230,-10,0,0.000,1795.452,1534.926,,,,0.000,0,0,0,0,0,0,10,10.631,10.643,0.437,
30,230,0,0,0.000,1795.452,1534.926,,,,0.000,0,0,0,0,0,0,10,7.534,9.372,0.425,
30,230,10,0,0.000,1795.452,1534.926,,,,0.000,0,0,0,0,0,0,10,12.033,9.898,0.625,
30,230,20,0,0.000,1795.452,1534.926,,,,0.000,0,0,0,0,0,0,10,10.865,10.007,0.560,
30,230,30,0,0.000,1795.452,1534.926,,,,0.000,0,0,0,0,0,0,10,11.433,11.027,0.548,
30,230,40,0,0.000,1795.452,1534.926,,,,0.000,0,0,0,0,0,0,10,12.768,9.839,0.569,
30,230,50,0,0.000,1795.452,1534.926,,,,0.000,0,0,0,0,0,0,10,11.595,11.225,0.579,
30,230,60,0,0.000,1795.452,1534.926,,,,0.000,0,0,0,0,0,0,10,11.901,10.816,0.670,
30,230,70,0,0.000,1795.452,1534.926,,,,0.000,0,0,0,0,0,0,10,7.544,11.297,0.452,
30,230,80,0,0.000,1795.452,1534.926,,,,0.000,0,0,0,0,0,0,10,8.002,10.433,0.366,
30,230,90,0,0.000,1795.452,1534.926,,,,0.000,0,0,0,0,0,0,10,12.340,9.811,0.575,
30,230,100,0,0.000,1795.452,1534.926,,,,0.000,0,0,0,0,0,0,10,10.019,11.509,0.646,
30,230,110,0,0.000,1795.452,1534.926,,,,0.000,0,0,0,0,0,0,10,8.251,11.749,0.441,
30,230,120,0,0.000,1795.452,1534.926,,,,0.200,2,0,0,0,1,0,9,12.140,9.971,0.635,
30,230,130,0,0.000,1795.452,1534.926,,,,1.800,5,0,1,0,4,0,5,13.091,12.917,0.662,
30,230,140,0,0.000,1795.452,1534.926,,,,2.200,5,0,2,0,4,0,4,11.265,9.056,0.531,
30,230,150,0,0.000,1795.452,1534.926,,,,3.600,5,0,1,0,9,0,0,5.454,6.287,0.599,
30,230,160,0,0.000,1795.452,1534.926,,,,4.300,5,0,5,0,5,0,0,11.451,7.350,0.505,
30,230,170,0,0.000,1795.452,1534.926,,,,4.000,5,0,2,0,8,0,0,12.581,12.294,0.482,
30,230,180,0,0.000,1795.452,1534.926,,,,3.900,5,0,3,0,7,0,0,11.050,10.143,0.640,
30,230,190,0,0.000,1795.452,1534.926,,,,4.400,5,0,6,0,4,0,0,8.983,10.613,0.473,
30,230,200,0,0.000,1795.452,1534.926,,,,4.100,5,0,4,0,6,0,0,15.150,11.112,0.547,
30,230,210,0,0.000,1795.452,1534.926,,,,4.300,5,0,5,0,5,0,0,11.731,12.360,0.498,
30,230,220,0,0.000,1795.452,1534.926,,,,3.800,5,0,1,0,9,0,0,11.532,12.951,0.568,
30,230,230,0,0.000,1795.452,1534.926,,,,4.000,5,0,4,0,6,0,0,13.195,10.323,0.670,
30,230,240,0,0.000,1795.452,1534.926,,,,3.900,5,0,2,0,8,0,0,13.666,14.193,0.538,
30,230,250,0,0.000,1795.452,1534.926,,,,3.700,5,0,2,0,8,0,0,11.539,9.893,0.682,
30,230,260,0,0.000,1795.452,1534.926,,,,3.700,5,0,2,0,8,0,0,12.131,10.399,0.630,
30,230,270,0,0.000,1795.452,1534.926,,,,3.400,5,0,1,0,9,0,0,10.998,10.894,0.396,
30,230,280,0,0.000,1795.452,1534.926,,,,4.000,5,0,2,0,8,0,0,12.526,8.881,0.619,
30,230,290,0,0.000,1795.452,1534.926,,,,3.800,5,0,2,0,8,0,0,11.394,12.251,0.629,
30,230,300,0,0.000,1795.452,1534.926,,,,3.900,5,0,2,0,8,0,0,12.160,8.920,0.601,
30,230,310,0,0.000,1795.452,1534.926,,,,3.800,5,0,1,0,9,0,0,12.461,15.267,0.583,
30,230,320,0,0.000,1795.452,1534.926,,,,4.100,5,0,5,0,5,0,0,11.847,13.196,0.574,
30,230,330,0,0.000,1795.452,1534.926,,,,3.300,4,0,0,0,10,0,0,13.550,11.580,0.672,
30,230,340,0,0.000,1795.452,1534.926,,,,3.100,5,0,1,0,9,0,0,11.283,8.392,0.573,
30,230,350,0,0.000,1795.452,1534.926,,,,3.200,5,0,1,0,9,0,0,10.361,10.537,0.509,
30,230,360,0,0.000,1795.452,1534.926,,,,3.900,5,0,2,0,8,0,0,11.052,11.959,0.484,
30,230,370,0,0.000,1795.452,1534.926,,,,2.800,4,0,0,0,10,0,0,11.360,12.253,0.457,
30,230,380,0,0.000,1795.452,1534.926,,,,2.600,4,0,0,0,10,0,0,10.331,10.299,0.549,
30,230,390,0,0.000,1795.452,1534.926,,,,3.400,5,0,1,0,9,0,0,13.845,11.158,0.560,
30,240,-100,0,0.000,1795.452,1534.926,,,,0.000,0,0,0,0,0,0,10,8.691,13.227,0.525,
30,240,-90,0,0.000,1795.452,1534.926,,,,0.000,0,0,0,0,0,0,10,10.793,11.163,0.410,
30,240,-80,0,0.000,1795.452,1534.926,,,,0.000,0,0,0,0,0,0,10,11.738,9.532,0.639,
30,240,-70,0,0.000,1795.452,1534.926,,,,0.000,0,0,0,0,0,0,10,9.997,9.303,0.527,
30,240,-60,0,0.000,1795.452,1534.926,,,,0.000,0,0,0,0,0,0,10,12.280,12.404,0.487,
30,240,-50,0,0.000,1795.452,1534.926,,,,0.000,0,0,0,0,0,0,10,10.083,9.802,0.419,
30,240,-40,0,0.000,1795.452,1534.926,,,,0.000,0,0,0,0,0,0,10,10.218,10.429,0.494,
30,240,-30,0,0.000,1795.452,1534.926,,,,0.000,0,0,0,0,0,0,10,10.531,10.097,0.628,
30,240,-20,0,0.000,1795.452,1534.926,,,,0.000,0,0,0,0,0,0,10,11.257,10.090,0.604,
30,240,-10,0,0.000,1795.452,1534.926,,,,0.000,0,0,0,0,0,0,10,10.824,9.472,0.457,
30,240,0,0,0.000,1795.452,1534.926,,,,0.000,0,0,0,0,0,0,10,11.727,8.959,0.518,
30,240,10,0,0.000,1795.452,1534.926,,,,0.000,0,0,0,0,0,0,10,14.275,13.067,0.630,
30,240,20,0,0.000,1795.452,1534.926,,,,0.000,0,0,0,0,0,0,10,11.487,10.263,0.415,
30,240,30,0,0.000,1795.452,1534.926,,,,0.000,0,0,0,0,0,0,10,11.576,9.657,0.545,
30,240,40,0,0.000,1795.452,1534.926,,,,0.000,0,0,0,0,0,0,10,12.230,8.434,0.606,
30,240,50,0,0.000,1795.452,1534.926,,,,0.000,0,0,0,0,0,0,10,13.025,6.625,0.503,
30,240,60,0,0.000,1795.452,1534.926,,,,0.000,0,0,0,0,0,0,10,11.850,13.617,0.530,
30,240,70,0,0.000,1795.452,1534.926,,,,0.000,0,0,0,0,0,0,10,11.082,10.476,0.657,
30,240,80,0,0.000,1795.452,1534.926,,,,0.000,0,0,0,0,0,0,10,11.066,12.142,0.575,
30,240,90,0,0.000,1795.452,1534.926,,,,0.000,0,0,0,0,0,0,10,12.772,13.228,0.482,
30,240,100,0,0.000,1795.452,1534.926,,,,0.000,0,0,0,0,0,0,10,11.672,13.015,0.563,
30,240,110,0,0.000,1795.452,1534.926,,,,0.000,0,0,0,0,0,0,10,13.051,9.981,0.466,
30,240,120,0,0.000,1795.452,1534.926,,,,0.300,3,0,0,0,1,0,9,10.200,9.278,0.512,
30,240,130,0,0.000,1795.452,1534.926,,,,0.800,5,0,1,0,1,0,8,10.056,11.888,0.579,
30,240,140,0,0.000,1795.452,1534.926,,,,1.600,5,0,1,0,3,0,6,10.869,13.597,0.538,
30,240,150,0,0.000,1795.452,1534.926,,,,3.000,5,0,4,0,3,0,3,12.383,11.848,0.622,
30,240,160,0,0.000,1795.452,1534.926,,,,4.100,5,0,4,0,6,0,0,9.878,9.564,0.446,
30,240,170,0,0.000,1795.452,1534.926,,,,3.800,5,0,2,0,8,0,0,7.602,13.539,0.609,
30,240,180,0,0.000,1795.452,1534.926,,,,4.000,5,0,3,0,7,0,0,9.648,13.244,0.682,
30,240,190,0,0.000,1795.452,1534.926,,,,3.900,5,0,3,0,7,0,0,7.372,12.034,0.407,
30,240,200,0,0.000,1795.452,1534.926,,,,4.100,5,0,3,0,7,0,0,11.285,10.499,0.506,
30,240,210,0,0.000,1795.452,1534.926,,,,4.200,5,0,3,0,7,0,0,11.759,10.552,0.589,
30,240,220,0,0.000,1795.452,1534.926,,,,4.400,5,0,5,0,5,0,0,11.395,13.343,0.513,
30,240,230,0,0.000,1795.452,1534.926,,,,3.800,5,0,2,0,8,0,0,10.971,12.555,0.470,
30,240,240,0,0.000,1795.452,1534.926,,,,4.200,5,0,3,0,7,0,0,10.739,9.325,0.554,
30,240,250,0,0.000,1795.452,1534.926,,,,3.600,5,0,2,0,8,0,0,10.678,11.034,0.448,
30,240,260,0,0.000,1795.452,1534.926,,,,3.600,5,0,1,0,9,0,0,12.785,11.967,0.486,
30,240,270,0,0.000,1795.452,1534.926,,,,3.600,5,0,1,0,9,0,0,7.536,9.562,0.633,
30,240,280,0,0.000,1795.452,1534.926,,,,4.100,5,0,3,0,7,0,0,9.755,11.032,0.529,
30,240,290,0,0.000,1795.452,1534.926,,,,3.800,5,0,2,0,8,0,0,9.863,9.722,0.543,
30,240,300,0,0.000,1795.452,1534.926,,,,4.000,5,0,2,0,8,0,0,11.084,11.520,0.519,
30,240,310,0,0.000,1795.452,1534.926,,,,4.300,5,0,3,0,7,0,0,11.511,12.267,0.638,
30,240,320,0,0.000,1795.452,1534.926,,,,4.100,5,0,3,0,7,0,0,8.052,9.270,0.496,
30,240,330,0,0.000,1795.452,1534.926,,,,3.200,4,0,0,0,10,0,0,9.414,12.832,0.580,
30,240,340,0,0.000,1795.452,1534.926,,,,3.800,5,0,2,0,8,0,0,7.492,8.403,0.446,
30,240,350,0,0.000,1795.452,1534.926,,,,3.500,5,0,1,0,9,0,0,11.058,10.093,0.556,
30,240,360,0,0.000,1795.452,1534.926,,,,3.600,5,0,1,0,9,0,0,12.434,8.962,0.559,
30,240,370,0,0.000,1795.452,1534.926,,,,3.800,5,0,2,0,8,0,0,11.803,10.837,0.439,
30,240,380,0,0.000,1795.452,1534.926,,,,3.100,4,0,0,0,10,0,0,10.280,13.076,0.466,
30,240,390,0,0.000,1795.452,1534.926,,,,3.300,5,0,2,0,8,0,0,12.386,11.166,0.594,
30,250,-100,0,0.000,1795.452,1534.926,,,,0.000,0,0,0,0,0,0,10,11.323,15.185,0.538,
30,250,-90,0,0.000,1795.452,1534.926,,,,0.000,0,0,0,0,0,0,10,11.542,13.249,0.503,
30,250,-80,0,0.000,1795.452,1534.926,,,,0.000,0,0,0,0,0,0,10,12.242,11.698,0.545,
30,250,-70,0,0.000,1795.452,1534.926,,,,0.000,0,0,0,0,0,0,10,7.623,11.518,0.533,
30,250,-60,0,0.000,1795.452,1534.926,,,,0.000,0,0,0,0,0,0,10,14.174,9.480,0.573,
30,250,-50,0,0.000,1795.452,1534.926,,,,0.000,0,0,0,0,0,0,10,9.176,10.693,0.509,
30,250,-40,0,0.000,1795.452,1534.926,,,,0.000,0,0,0,0,0,0,10,8.544,10.110,0.471,
30,250,-30,0,0.000,1795.452,1534.926,,,,0.000,0,0,0,0,0,0,10,8.866,13.029,0.547,
30,250,-20,0,0.000,1795.452,1534.926,,,,0.000,0,0,0,0,0,0,10,10.613,8.559,0.255,
30,250,-10,0,0.000,1795.452,1534.926,,,,0.000,0,0,0,0,0,0,10,9.125,11.704,0.508,
30,250,0,0,0.000,1795.452,1534.926,,,,0.000,0,0,0,0,0,0,10,10.229,13.473,0.557,
30,250,10,0,0.000,1795.452,1534.926,,,,0.000,0,0,0,0,0,0,10,5.842,7.286,0.530,
30,250,20,0,0.000,1795.452,1534.926,,,,0.000,0,0,0,0,0,0,10,12.910,9.078,0.550,
30,250,30,0,0.000,1795.452,1534.926,,,,0.000,0,0,0,0,0,0,10,10.553,9.447,0.487,
30,250,40,0,0.000,1795.452,1534.926,,,,0.000,0,0,0,0,0,0,10,9.734,11.362,0.461,
30,250,50,0,0.000,1795.452,1534.926,,,,0.000,0,0,0,0,0,0,10,7.949,11.691,0.396,
30,250,60,0,0.000,1795.452,1534.926,,,,0.000,0,0,0,0,0,0,10,11.255,7.307,0.582,
30,250,70,0,0.000,1795.452,1534.926,,,,0.000,0,0,0,0,0,0,10,9.358,10.573,0.477,
30,250,80,0,0.000,1795.452,1534.926,,,,0.000,0,0,0,0,0,0,10,10.555,4.848,0.500,
30,250,90,0,0.000,1795.452,1534.926,,,,0.000,0,0,0,0,0,0,10,11.293,11.863,0.409,
30,250,100,0,0.000,1795.452,1534.926,,,,0.000,0,0,0,0,0,0,10,6.604,8.101,0.651,
30,250,110,0,0.000,1795.452,1534.926,,,,0.000,0,0,0,0,0,0,10,11.387,8.504,0.746,
30,250,120,0,0.000,1795.452,1534.926,,,,0.000,0,0,0,0,0,0,10,11.137,8.990,0.399,
30,250,130,0,0.000,1795.452,1534.926,,,,0.200,2,0,0,0,1,0,9,13.638,13.178,0.549,
30,250,140,0,0.000,1795.452,1534.926,,,,1.200,5,0,1,0,2,0,7,10.500,9.891,0.400,
30,250,150,0,0.000,1795.452,1534.926,,,,2.300,5,0,1,0,5,0,4,10.647,11.714,0.640,
30,250,160,0,0.000,1795.452,1534.926,,,,3.400,5,0,3,0,6,0,1,10.665,10.765,0.659,
30,250,170,0,0.000,1795.452,1534.926,,,,4.100,5,0,4,0,6,0,0,10.673,7.936,0.523,
30,250,180,0,0.000,1795.452,1534.926,,,,4.500,5,0,5,0,5,0,0,10.778,12.372,0.444,
30,250,190,0,0.000,1795.452,1534.926,,,,4.000,5,0,4,0,6,0,0,12.623,10.768,0.687,
30,250,200,0,0.000,1795.452,1534.926,,,,4.300,5,0,6,0,4,0,0,12.745,10.115,0.347,
30,250,210,0,0.000,1795.452,1534.926,,,,3.900,5,0,3,0,7,0,0,10.654,10.667,0.532,
30,250,220,0,0.000,1795.452,1534.926,,,,4.200,5,0,4,0,6,0,0,11.529,11.539,0.467,
30,250,230,0,0.000,1795.452,1534.926,,,,4.200,5,0,4,0,6,0,0,12.507,10.633,0.560,
30,250,240,0,0.000,1795.452,1534.926,,,,4.300,5,0,5,0,5,0,0,11.007,11.382,0.355,
30,250,250,0,0.000,1795.452,1534.926,,,,3.900,5,0,3,0,7,0,0,11.320,10.783,0.717,
30,250,260,0,0.000,1795.452,1534.926,,,,4.300,5,0,4,0,6,0,0,11.799,13.120,0.390,
30,250,270,0,0.000,1795.452,1534.926,,,,4.000,5,0,4,0,6,0,0,10.415,10.726,0.617,
30,250,280,0,0.000,1795.452,1534.926,,,,3.800,5,0,2,0,8,0,0,13.086,11.393,0.509,
30,250,290,0,0.000,1795.452,1534.926,,,,3.400,5,0,1,0,9,0,0,10.595,8.433,0.502,
30,250,300,0,0.000,1795.452,1534.926,,,,3.700,5,0,1,0,9,0,0,14.755,13.098,0.509,
30,250,310,0,0.000,1795.452,1534.926,,,,3.400,4,0,0,0,10,0,0,7.219,9.124,0.565,
30,250,320,0,0.000,1795.452,1534.926,,,,3.600,5,0,2,0,8,0,0,12.822,10.891,0.583,
30,250,330,0,0.000,1795.452,1534.926,,,,3.700,5,0,3,0,7,0,0,10.899,8.399,0.500,
30,250,340,0,0.000,1795.452,1534.926,,,,3.800,5,0,4,0,6,0,0,8.488,11.737,0.530,
30,250,350,0,0.000,1795.452,1534.926,,,,4.100,5,0,3,0,7,0,0,9.917,9.962,0.407,
30,250,360,0,0.000,1795.452,1534.926,,,,3.700,5,0,3,0,7,0,0,8.833,13.160,0.600,
30,250,370,0,0.000,1795.452,1534.926,,,,3.600,5,0,1,0,9,0,0,10.442,12.702,0.383,
30,250,380,0,0.000,1795.452,1534.926,,,,3.400,5,0,2,0,8,0,0,13.715,8.094,0.682,
30,250,390,0,0.000,1795.452,1534.926,,,,2.500,5,0,1,0,9,0,0,11.066,11.001,0.500,
30,260,-100,0,0.000,1795.452,1534.926,,,,0.000,0,0,0,0,0,0,10,14.031,10.988,0.581,
30,260,-90,0,0.000,1795.452,1534.926,,,,0.000,0,0,0,0,0,0,10,10.822,10.193,0.572,
30,260,-80,0,0.000,1795.452,1534.926,,,,0.000,0,0,0,0,0,0,10,9.004,11.093,0.450,
30,260,-70,0,0.000,1795.452,1534.926,,,,0.000,0,0,0,0,0,0,10,10.185,9.622,0.606,
30,260,-60,0,0.000,1795.452,1534.926,,,,0.000,0,0,0,0,0,0,10,11.888,12.204,0.515,
30,260,-50,0,0.000,1795.452,1534.926,,,,0.000,0,0,0,0,0,0,10,13.045,7.544,0.526,
30,260,-40,0,0.000,1795.452,1534.926,,,,0.000,0,0,0,0,0,0,10,11.647,12.240,0.550,
30,260,-30,0,0.000,1795.452,1534.926,,,,0.000,0,0,0,0,0,0,10,11.823,8.504,0.576,
30,260,-20,0,0.000,1795.452,1534.926,,,,0.000,0,0,0,0,0,0,10,13.298,8.810,0.627,
30,260,-10,0,0.000,1795.452,1534.926,,,,0.000,0,0,0,0,0,0,10,8.339,10.332,0.263,
30,260,0,0,0.000,1795.452,1534.926,,,,0.000,0,0,0,0,0,0,10,10.794,9.768,0.578,
30,260,10,0,0.000,1795.452,1534.926,,,,0.000,0,0,0,0,0,0,10,11.824,9.729,0.567,
30,260,20,0,0.000,1795.452,1534.926,,,,0.000,0,0,0,0,0,0,10,12.119,11.349,0.621,
30,260,30,0,0.000,1795.452,1534.926,,,,0.000,0,0,0,0,0,0,10,11.682,7.810,0.578,
30,260,40,0,0.000,1795.452,1534.926,,,,0.000,0,0,0,0,0,0,10,10.408,8.119,0.624,
30,260,50,0,0.000,1795.452,1534.926,,,,0.000,0,0,0,0,0,0,10,10.827,10.620,0.633,
30,260,60,0,0.000,1795.452,1534.926,,,,0.000,0,0,0,0,0,0,10,8.258,10.972,0.456,
30,260,70,0,0.000,1795.452,1534.926,,,,0.000,0,0,0,0,0,0,10,14.414,12.617,0.562,
30,260,80,0,0.000,1795.452,1534.926,,,,0.000,0,0,0,0,0,0,10,10.800,10.771,0.472,
30,260,90,0,0.000,1795.452,1534.926,,,,0.000,0,0,0,0,0,0,10,10.329,14.575,0.604,
30,260,100,0,0.000,1795.452,1534.926,,,,0.000,0,0,0,0,0,0,10,13.119,9.524,0.649,
30,260,110,0,0.000,1795.452,1534.926,,,,0.000,0,0,0,0,0,0,10,10.845,12.950,0.641,
30,260,120,0,0.000,1795.452,1534.926,,,,0.000,0,0,0,0,0,0,10,8.318,9.725,0.331,
30,260,130,0,0.000,1795.452,1534.926,,,,0.000,0,0,0,0,0,0,10,9.606,8.358,0.630,
30,260,140,0,0.000,1795.452,1534.926,,,,1.100,5,0,1,0,2,0,7,10.257,10.855,0.418,
30,260,150,0,0.000,1795.452,1534.926,,,,1.800,5,0,3,0,1,0,6,9.194,12.951,0.588,
30,260,160,0,0.000,1795.452,1534.926,,,,2.000,5,0,1,0,4,0,5,6.752,6.170,0.552,
30,260,170,0,0.000,1795.452,1534.926,,,,3.700,5,0,2,0,8,0,0,10.312,10.464,0.538,
30,260,180,0,0.000,1795.452,1534.926,,,,4.200,5,0,3,0,7,0,0,9.227,13.296,0.557,
30,260,190,0,0.000,1795.452,1534.926,,,,4.000,5,0,3,0,7,0,0,10.552,12.455,0.558,
30,260,200,0,0.000,1795.452,1534.926,,,,4.500,5,0,5,0,5,0,0,9.822,12.793,0.704,
30,260,210,0,0.000,1795.452,1534.926,,,,4.400,5,0,4,0,6,0,0,10.344,7.974,0.556,
30,260,220,0,0.000,1795.452,1534.926,,,,4.300,5,0,3,0,7,0,0,7.304,12.734,0.589,
30,260,230,0,0.000,1795.452,1534.926,,,,4.300,5,0,3,0,7,0,0,10.712,10.798,0.572,
30,260,240,0,0.000,1795.452,1534.926,,,,4.500,5,0,6,0,4,0,0,11.506,7.076,0.595,
30,260,250,0,0.000,1795.452,1534.926,,,,3.900,5,0,4,0,6,0,0,10.888,11.342,0.539,
30,260,260,0,0.000,1795.452,1534.926,,,,4.100,5,0,4,0,6,0,0,8.611,9.466,0.518,
30,260,270,0,0.000,1795.452,1534.926,,,,3.400,4,0,0,0,10,0,0,11.284,13.027,0.553,
30,260,280,0,0.000,1795.452,1534.926,,,,3.700,5,0,3,0,7,0,0,12.575,10.241,0.629,
30,260,290,0,0.000,1795.452,1534.926,,,,3.600,5,0,1,0,9,0,0,13.167,11.770,0.442,
30,260,300,0,0.000,1795.452,1534.926,,,,3.800,5,0,2,0,8,0,0,11.085,9.277,0.521,
30,260,310,0,0.000,1795.452,1534.926,,,,3.700,5,0,2,0,8,0,0,9.983,10.489,0.585,
30,260,320,0,0.000,1795.452,1534.926,,,,4.200,5,0,5,0,5,0,0,5.811,11.812,0.467,
30,260,330,0,0.000,1795.452,1534.926,,,,4.300,5,0,3,0,7,0,0,9.904,6.430,0.594,
30,260,340,0,0.000,1795.452,1534.926,,,,3.900,5,0,2,0,8,0,0,12.711,12.868,0.338,
30,260,350,0,0.000,1795.452,1534.926,,,,3.900,5,0,1,0,9,0,0,10.735,10.759,0.458,
30,260,360,0,0.000,1795.452,1534.926,,,,3.900,5,0,3,0,7,0,0,9.254,12.136,0.524,
30,260,370,0,0.000,1795.452,1534.926,,,,3.500,5,0,2,0,8,0,0,10.882,10.374,0.607,
30,260,380,0,0.000,1795.452,1534.926,,,,3.700,5,0,2,0,8,0,0,14.337,9.944,0.399,
30,260,390,0,0.000,1795.452,1534.926,,,,3.700,5,0,4,0,6,0,0,9.425,9.585,0.695,
30,270,-100,0,0.000,1795.452,1534.926,,,,0.000,0,0,0,0,0,0,10,9.538,10.672,0.549,
30,270,-90,0,0.000,1795.452,1534.926,,,,0.000,0,0,0,0,0,0,10,9.637,12.497,0.555,
30,270,-80,0,0.000,1795.452,1534.926,,,,0.000,0,0,0,0,0,0,10,9.776,13.093,0.557,
30,270,-70,0,0.000,1795.452,1534.926,,,,0.000,0,0,0,0,0,0,10,11.836,9.180,0.647,
30,270,-60,0,0.000,1795.452,1534.926,,,,0.000,0,0,0,0,0,0,10,12.218,10.590,0.374,
30,270,-50,0,0.000,1795.452,1534.926,,,,0.000,0,0,0,0,0,0,10,13.055,10.820,0.460,
30,270,-40,0,0.000,1795.452,1534.926,,,,0.000,0,0,0,0,0,0,10,14.425,8.244,0.548,
30,270,-30,0,0.000,1795.452,1534.926,,,,0.000,0,0,0,0,0,0,10,9.935,11.173,0.487,
30,270,-20,0,0.000,1795.452,1534.926,,,,0.000,0,0,0,0,0,0,10,10.285,12.075,0.477,
30,270,-10,0,0.000,1795.452,1534.926,,,,0.000,0,0,0,0,0,0,10,9.509,11.882,0.529,
30,270,0,0,0.000,1795.452,1534.926,,,,0.000,0,0,0,0,0,0,10,9.717,10.444,0.695,
30,270,10,0,0.000,1795.452,1534.926,,,,0.000,0,0,0,0,0,0,10,9.502,8.034,0.483,
30,270,20,0,0.000,1795.452,1534.926,,,,0.000,0,0,0,0,0,0,10,12.036,6.963,0.416,
30,270,30,0,0.000,1795.452,1534.926,,,,0.000,0,0,0,0,0,0,10,10.849,12.718,0.535,
30,270,40,0,0.000,1795.452,1534.926,,,,0.000,0,0,0,0,0,0,10,11.571,10.991,0.476,
30,270,50,0,0.000,1795.452,1534.926,,,,0.000,0,0,0,0,0,0,10,9.884,10.278,0.667,
30,270,60,0,0.000,1795.452,1534.926,,,,0.000,0,0,0,0,0,0,10,8.726,10.019,0.357,
30,270,70,0,0.000,1795.452,1534.926,,,,0.000,0,0,0,0,0,0,10,9.428,10.492,0.588,
30,270,80,0,0.000,1795.452,1534.926,,,,0.000,0,0,0,0,0,0,10,12.365,12.750,0.663,
30,270,90,0,0.000,1795.452,1534.926,,,,0.000,0,0,0,0,0,0,10,10.021,8.809,0.473,
30,270,100,0,0.000,1795.452,1534.926,,,,0.000,0,0,0,0,0,0,10,8.878,11.109,0.531,
30,270,110,0,0.000,1795.452,1534.926,,,,0.000,0,0,0,0,0,0,10,9.070,10.570,0.523,
30,270,120,0,0.000,1795.452,1534.926,,,,0.000,0,0,0,0,0,0,10,12.629,10.891,0.513,
30,270,130,0,0.000,1795.452,1534.926,,,,0.000,0,0,0,0,0,0,10,10.687,11.187,0.412,
30,270,140,0,0.000,1795.452,1534.926,,,,0.300,3,0,0,0,1,0,9,12.041,11.321,0.536,
30,270,150,0,0.000,1795.452,1534.926,,,,2.500,5,0,2,0,4,0,4,13.516,12.229,0.483,
30,270,160,0,0.000,1795.452,1534.926,,,,3.300,5,0,2,0,6,0,2,10.231,7.205,0.447,
30,270,170,0,0.000,1795.452,1534.926,,,,3.200,5,0,4,0,3,0,3,11.560,11.606,0.701,
30,270,180,0,0.000,1795.452,1534.926,,,,4.200,5,0,3,0,7,0,0,9.526,12.735,0.537,
30,270,190,0,0.000,1795.452,1534.926,,,,4.600,5,0,7,0,3,0,0,12.728,11.189,0.625,
30,270,200,0,0.000,1795.452,1534.926,,,,4.400,5,0,6,0,4,0,0,9.162,8.910,0.593,
30,270,210,0,0.000,1795.452,1534.926,,,,4.300,5,0,3,0,7,0,0,11.892,12.070,0.367,
30,270,220,0,0.000,1795.452,1534.926,,,,4.500,5,0,5,0,5,0,0,11.908,10.086,0.596,
30,270,230,0,0.000,1795.452,1534.926,,,,4.500,5,0,5,0,5,0,0,9.293,11.576,0.555,
30,270,240,0,0.000,1795.452,1534.926,,,,4.500,5,0,5,0,5,0,0,12.559,11.813,0.569,
30,270,250,0,0.000,1795.452,1534.926,,,,4.700,5,0,7,0,3,0,0,9.782,7.559,0.569,
30,270,260,0,0.000,1795.452,1534.926,,,,4.400,5,0,4,0,6,0,0,13.667,10.150,0.361,
30,270,270,0,0.000,1795.452,1534.926,,,,4.200,5,0,4,0,6,0,0,9.713,12.094,0.509,
30,270,280,0,0.000,1795.452,1534.926,,,,4.500,5,0,6,0,4,0,0,11.076,7.104,0.647,
30,270,290,0,0.000,1795.452,1534.926,,,,4.100,5,0,2,0,8,0,0,9.939,9.352,0.533,
30,270,300,0,0.000,1795.452,1534.926,,,,3.800,5,0,2,0,8,0,0,12.414,10.024,0.632,
30,270,310,0,0.000,1795.452,1534.926,,,,3.400,5,0,1,0,9,0,0,8.290,13.393,0.574,
30,270,320,0,0.000,1795.452,1534.926,,,,3.700,5,0,2,0,8,0,0,9.419,9.900,0.495,
30,270,330,0,0.000,1795.452,1534.926,,,,3.900,5,0,1,0,9,0,0,9.502,7.812,0.654,
30,270,340,0,0.000,1795.452,1534.926,,,,4.000,5,0,3,0,7,0,0,10.199,14.936,0.463,
30,270,350,0,0.000,1795.452,1534.926,,,,4.200,5,0,2,0,8,0,0,13.139,10.226,0.597,
30,270,360,0,0.000,1795.452,1534.926,,,,4.200,5,0,4,0,6,0,0,9.770,6.806,0.668,
30,270,370,0,0.000,1795.452,1534.926,,,,4.100,5,0,2,0,8,0,0,12.137,8.891,0.694,
30,270,380,0,0.000,1795.452,1534.926,,,,3.900,5,0,4,0,6,0,0,9.916,5.976,0.566,
30,270,390,0,0.000,1795.452,1534.926,,,,3.600,5,0,2,0,8,0,0,11.560,8.797,0.445,
30,280,-100,0,0.000,1795.452,1534.926,,,,0.000,0,0,0,0,0,0,10,7.745,10.014,0.671,
30,280,-90,0,0.000,1795.452,1534.926,,,,0.000,0,0,0,0,0,0,10,13.281,8.047,0.524,
30,280,-80,0,0.000,1795.452,1534.926,,,,0.000,0,0,0,0,0,0,10,8.166,11.951,0.366,
30,280,-70,0,0.000,1795.452,1534.926,,,,0.000,0,0,0,0,0,0,10,11.294,9.060,0.627,
30,280,-60,0,0.000,1795.452,1534.926,,,,0.000,0,0,0,0,0,0,10,7.047,12.263,0.410,
30,280,-50,0,0.000,1795.452,1534.926,,,,0.000,0,0,0,0,0,0,10,13.220,11.718,0.367,
30,280,-40,0,0.000,1795.452,1534.926,,,,0.000,0,0,0,0,0,0,10,10.324,10.134,0.278,
30,280,-30,0,0.000,1795.452,1534.926,,,,0.000,0,0,0,0,0,0,10,12.912,13.265,0.356,
30,280,-20,0,0.000,1795.452,1534.926,,,,0.000,0,0,0,0,0,0,10,9.600,11.226,0.645,
30,280,-10,0,0.000,1795.452,1534.926,,,,0.000,0,0,0,0,0,0,10,13.279,10.362,0.564,
30,280,0,0,0.000,1795.452,1534.926,,,,0.000,0,0,0,0,0,0,10,7.694,12.659,0.556,
30,280,10,0,0.000,1795.452,1534.926,,,,0.000,0,0,0,0,0,0,10,12.370,11.610,0.512,
30,280,20,0,0.000,1795.452,1534.926,,,,0.000,0,0,0,0,0,0,10,11.225,11.942,0.386,
30,280,30,0,0.000,1795.452,1534.926,,,,0.000,0,0,0,0,0,0,10,7.535,11.709,0.468,
30,280,40,0,0.000,1795.452,1534.926,,,,0.000,0,0,0,0,0,0,10,9.888,8.894,0.530,
30,280,50,0,0.000,1795.452,1534.926,,,,0.000,0,0,0,0,0,0,10,9.360,8.370,0.530,
30,280,60,0,0.000,1795.452,1534.926,,,,0.000,0,0,0,0,0,0,10,11.881,10.802,0.488,
30,280,70,0,0.000,1795.452,1534.926,,,,0.000,0,0,0,0,0,0,10,8.803,9.045,0.645,
30,280,80,0,0.000,1795.452,1534.926,,,,0.000,0,0,0,0,0,0,10,10.738,10.956,0.487,
30,280,90,0,0.000,1795.452,1534.926,,,,0.000,0,0,0,0,0,0,10,11.191,12.234,0.527,
30,280,100,0,0.000,1795.452,1534.926,,,,0.000,0,0,0,0,0,0,10,13.036,10.561,0.443,
30,280,110,0,0.000,1795.452,1534.926,,,,0.000,0,0,0,0,0,0,10,11.273,12.107,0.652,
30,280,120,0,0.000,1795.452,1534.926,,,,0.000,0,0,0,0,0,0,10,10.031,8.805,0.703,
30,280,130,0,0.000,1795.452,1534.926,,,,0.000,0,0,0,0,0,0,10,11.283,9.229,0.655,
30,280,140,0,0.000,1795.452,1534.926,,,,0.000,0,0,0,0,0,0,10,11.753,10.105,0.606,
30,280,150,0,0.000,1795.452,1534.926,,,,1.800,5,0,2,0,2,0,6,10.998,10.843,0.532,
30,280,160,0,0.000,1795.452,1534.926,,,,1.500,5,0,3,0,0,0,7,11.304,10.725,0.483,
30,280,170,0,0.000,1795.452,1534.926,,,,3.400,5,0,3,0,5,0,2,11.237,10.802,0.585,
30,280,180,0,0.000,1795.452,1534.926,,,,2.700,5,0,4,0,2,0,4,5.988,13.377,0.697,
30,280,190,0,0.000,1795.452,1534.926,,,,4.400,5,0,5,0,5,0,0,13.151,11.976,0.621,
30,280,200,0,0.000,1795.452,1534.926,,,,4.400,5,0,4,0,6,0,0,9.770,13.615,0.576,
30,280,210,0,0.000,1795.452,1534.926,,,,4.600,5,0,6,0,4,0,0,13.432,8.470,0.684,
30,280,220,0,0.000,1795.452,1534.926,,,,4.700,5,0,7,0,3,0,0,12.242,9.913,0.697,
30,280,230,0,0.000,1795.452,1534.926,,,,4.800,5,0,8,0,2,0,0,11.730,8.456,0.462,
30,280,240,0,0.000,1795.452,1534.926,,,,4.400,5,0,5,0,5,0,0,11.650,11.128,0.442,
30,280,250,0,0.000,1795.452,1534.926,,,,4.400,5,0,4,0,6,0,0,7.438,10.760,0.627,
30,280,260,0,0.000,1795.452,1534.926,,,,4.200,5,0,5,0,5,0,0,11.703,8.567,0.478,
30,280,270,0,0.000,1795.452,1534.926,,,,3.900,5,0,1,0,9,0,0,8.902,12.144,0.664,
30,280,280,0,0.000,1795.452,1534.926,,,,4.000,5,0,2,0,8,0,0,9.028,12.713,0.560,
30,280,290,0,0.000,1795.452,1534.926,,,,4.100,5,0,2,0,8,0,0,10.785,10.658,0.432,
30,280,300,0,0.000,1795.452,1534.926,,,,3.900,5,0,4,0,6,0,0,11.356,10.314,0.709,
30,280,310,0,0.000,1795.452,1534.926,,,,4.200,5,0,4,0,6,0,0,11.576,11.720,0.576,
30,280,320,0,0.000,1795.452,1534.926,,,,3.700,5,0,1,0,9,0,0,8.942,12.159,0.469,
30,280,330,0,0.000,1795.452,1534.926,,,,3.800,5,0,2,0,8,0,0,11.607,11.902,0.344,
30,280,340,0,0.000,1795.452,1534.926,,,,3.900,5,0,1,0,9,0,0,7.012,12.142,0.326,
30,280,350,0,0.000,1795.452,1534.926,,,,3.900,5,0,2,0,8,0,0,9.822,13.823,0.551,
30,280,360,0,0.000,1795.452,1534.926,,,,4.200,5,0,3,0,7,0,0,10.894,10.331,0.519,
30,280,370,0,0.000,1795.452,1534.926,,,,4.300,5,0,4,0,6,0,0,12.012,10.725,0.542,
30,280,380,0,0.000,1795.452,1534.926,,,,4.600,5,0,6,0,4,0,0,10.280,14.659,0.560,
30,280,390,0,0.000,1795.452,1534.926,,,,3.900,5,0,2,0,8,0,0,12.866,10.767,0.449,
30,290,-100,0,0.000,1795.452,1534.926,,,,0.000,0,0,0,0,0,0,10,12.299,10.185,0.573,
30,290,-90,0,0.000,1795.452,1534.926,,,,0.000,0,0,0,0,0,0,10,10.860,9.922,0.554,
30,290,-80,0,0.000,1795.452,1534.926,,,,0.000,0,0,0,0,0,0,10,8.771,8.709,0.423,
30,290,-70,0,0.000,1795.452,1534.926,,,,0.000,0,0,0,0,0,0,10,5.064,7.841,0.512,
30,290,-60,0,0.000,1795.452,1534.926,,,,0.000,0,0,0,0,0,0,10,8.971,12.067,0.561,
30,290,-50,0,0.000,1795.452,1534.926,,,,0.000,0,0,0,0,0,0,10,9.247,9.106,0.459,
30,290,-40,0,0.000,1795.452,1534.926,,,,0.000,0,0,0,0,0,0,10,12.201,12.621,0.668,
30,290,-30,0,0.000,1795.452,1534.926,,,,0.000,0,0,0,0,0,0,10,11.009,13.142,0.490,
30,290,-20,0,0.000,1795.452,1534.926,,,,0.000,0,0,0,0,0,0,10,11.570,11.860,0.503,
30,290,-10,0,0.000,1795.452,1534.926,,,,0.000,0,0,0,0,0,0,10,11.068,11.696,0.417,
30,290,0,0,0.000,1795.452,1534.926,,,,0.000,0,0,0,0,0,0,10,6.195,11.733,0.504,
30,290,10,0,0.000,1795.452,1534.926,,,,0.000,0,0,0,0,0,0,10,8.411,11.710,0.752,
30,290,20,0,0.000,1795.452,1534.926,,,,0.000,0,0,0,0,0,0,10,13.220,11.738,0.529,
30,290,30,0,0.000,1795.452,1534.926,,,,0.000,0,0,0,0,0,0,10,10.426,10.411,0.531,
30,290,40,0,0.000,1795.452,1534.926,,,,0.000,0,0,0,0,0,0,10,9.367,11.829,0.592,
30,290,50,0,0.000,1795.452,1534.926,,,,0.000,0,0,0,0,0,0,10,13.070,6.239,0.521,
30,290,60,0,0.000,1795.452,1534.926,,,,0.000,0,0,0,0,0,0,10,11.386,13.919,0.643,
30,290,70,0,0.000,1795.452,1534.926,,,,0.000,0,0,0,0,0,0,10,13.471,8.856,0.444,
30,290,80,0,0.000,1795.452,1534.926,,,,0.000,0,0,0,0,0,0,10,12.660,10.861,0.540,
30,290,90,0,0.000,1795.452,1534.926,,,,0.000,0,0,0,0,0,0,10,10.856,9.069,0.456,
30,290,100,0,0.000,1795.452,1534.926,,,,0.000,0,0,0,0,0,0,10,11.560,12.500,0.297,
30,290,110,0,0.000,1795.452,1534.926,,,,0.000,0,0,0,0,0,0,10,12.834,12.158,0.504,
30,290,120,0,0.000,1795.452,1534.926,,,,0.000,0,0,0,0,0,0,10,12.949,11.562,0.636,
30,290,130,0,0.000,1795.452,1534.926,,,,0.000,0,0,0,0,0,0,10,13.311,12.761,0.479,
30,290,140,0,0.000,1795.452,1534.926,,,,0.000,0,0,0,0,0,0,10,11.324,6.896,0.513,
30,290,150,0,0.000,1795.452,1534.926,,,,0.000,0,0,0,0,0,0,10,13.066,9.290,0.635,
30,290,160,0,0.000,1795.452,1534.926,,,,1.500,4,0,0,0,4,0,6,9.794,12.704,0.344,
30,290,170,0,0.000,1795.452,1534.926,,,,3.000,5,0,2,0,5,0,3,13.167,10.094,0.501,
30,290,180,0,0.000,1795.452,1534.926,,,,4.100,5,0,6,0,3,0,1,7.481,7.951,0.538,
30,290,190,0,0.000,1795.452,1534.926,,,,4.900,5,0,9,0,1,0,0,11.393,10.600,0.461,
30,290,200,0,0.000,1795.452,1534.926,,,,4.900,5,0,9,0,1,0,0,12.665,9.421,0.453,
30,290,210,0,0.000,1795.452,1534.926,,,,4.700,5,0,7,0,3,0,0,7.659,10.657,0.452,
30,290,220,0,0.000,1795.452,1534.926,,,,4.600,5,0,7,0,3,0,0,10.367,8.963,0.569,
30,290,230,0,0.000,1795.452,1534.926,,,,4.700,5,0,7,0,3,0,0,11.960,12.164,0.481,
30,290,240,0,0.000,1795.452,1534.926,,,,4.600,5,0,6,0,4,0,0,10.350,12.231,0.467,
30,290,250,0,0.000,1795.452,1534.926,,,,4.800,5,0,9,0,1,0,0,11.315,12.266,0.542,
30,290,260,0,0.000,1795.452,1534.926,,,,4.900,5,0,9,0,1,0,0,11.478,12.117,0.514,
30,290,270,0,0.000,1795.452,1534.926,,,,4.800,5,0,8,0,2,0,0,8.954,13.312,0.542,
30,290,280,0,0.000,1795.452,1534.926,,,,4.200,5,0,4,0,6,0,0,10.384,11.900,0.559,
30,290,290,0,0.000,1795.452,1534.926,,,,4.200,5,0,6,0,4,0,0,10.417,8.859,0.528,
30,290,300,0,0.000,1795.452,1534.926,,,,3.800,5,0,2,0,8,0,0,8.750,11.790,0.604,
30,290,310,0,0.000,1795.452,1534.926,,,,4.000,5,0,2,0,8,0,0,12.183,11.419,0.467,
30,290,320,0,0.000,1795.452,1534.926,,,,3.900,5,0,2,0,8,0,0,7.028,11.268,0.474,
30,290,330,0,0.000,1795.452,1534.926,,,,3.600,5,0,1,0,9,0,0,12.517,14.011,0.544,
30,290,340,0,0.000,1795.452,1534.926,,,,3.700,4,0,0,0,10,0,0,12.679,10.094,0.576,
30,290,350,0,0.000,1795.452,1534.926,,,,3.800,5,0,2,0,8,0,0,11.013,10.095,0.669,
30,290,360,0,0.000,1795.452,1534.926,,,,4.200,5,0,3,0,7,0,0,11.761,11.321,0.374,
30,290,370,0,0.000,1795.452,1534.926,,,,3.900,5,0,1,0,9,0,0,10.375,10.042,0.555,
30,290,380,0,0.000,1795.452,1534.926,,,,4.100,5,0,4,0,6,0,0,8.686,10.444,0.645,
30,290,390,0,0.000,1795.452,1534.926,,,,4.200,5,0,3,0,7,0,0,8.377,10.060,0.642,
