angle,release_x_offset,release_y_offset,relative_angle,success_rate,ideal_x,ideal_y,avg_final_x,avg_final_y,difference_from_ideal_px,avg_short_contacts,max_short_contacts,failures_floor,failures_multi_short,failures_unstable,failures_angle,failures_no_contact,failures_invalid_pos,x_offset_std,y_offset_std,angle_offset_std,difference_from_ideal_mm
20,-200,-100,0,0.000,1879.319,1506.472,,,,0.000,0,10,0,0,0,0,0,8.078,9.436,0.552,
20,-200,-80,0,0.000,1879.319,1506.472,,,,0.000,0,10,0,0,0,0,0,8.368,13.424,0.670,
20,-200,-60,0,0.000,1879.319,1506.472,,,,0.000,0,10,0,0,0,0,0,10.813,10.481,0.549,
20,-200,-40,0,0.000,1879.319,1506.472,,,,0.000,0,10,0,0,0,0,0,9.275,11.216,0.539,
20,-200,-20,0,0.000,1879.319,1506.472,,,,0.000,0,10,0,0,0,0,0,11.665,12.408,0.499,
20,-200,0,0,0.000,1879.319,1506.472,,,,0.000,0,10,0,0,0,0,0,10.040,10.717,0.570,
20,-200,20,0,0.000,1879.319,1506.472,,,,0.000,0,10,0,0,0,0,0,10.452,9.361,0.552,
20,-200,40,0,0.000,1879.319,1506.472,,,,0.000,0,10,0,0,0,0,0,13.549,8.931,0.587,
20,-200,60,0,0.000,1879.319,1506.472,,,,0.000,0,10,0,0,0,0,0,11.791,12.085,0.666,
20,-200,80,0,0.000,1879.319,1506.472,,,,0.000,0,10,0,0,0,0,0,13.102,13.462,0.366,
20,-200,100,0,0.000,1879.319,1506.472,,,,0.000,0,10,0,0,0,0,0,11.242,9.603,0.596,
20,-200,120,0,0.000,1879.319,1506.472,,,,0.000,0,10,0,0,0,0,0,12.535,11.728,0.674,
20,-200,140,0,0.000,1879.319,1506.472,,,,0.000,0,10,0,0,0,0,0,11.246,12.411,0.618,
20,-200,160,0,0.000,1879.319,1506.472,,,,0.000,0,10,0,0,0,0,0,12.092,9.209,0.706,
20,-200,180,0,0.000,1879.319,1506.472,,,,0.000,0,9,0,0,0,0,1,10.480,12.480,0.571,
20,-200,200,0,0.000,1879.319,1506.472,,,,0.000,0,7,0,0,0,0,3,12.437,6.236,0.538,
20,-200,220,0,0.000,1879.319,1506.472,,,,0.000,0,6,0,0,0,0,4,7.531,9.306,0.483,
20,-200,240,0,0.000,1879.319,1506.472,,,,0.000,0,3,0,0,0,0,7,11.775,9.248,0.529,
20,-200,260,0,0.000,1879.319,1506.472,,,,0.000,0,1,0,0,0,0,9,10.293,10.846,0.484,
20,-200,280,0,0.000,1879.319,1506.472,,,,0.000,0,1,0,0,0,0,9,9.206,10.788,0.531,
20,-200,300,0,0.000,1879.319,1506.472,,,,0.000,0,0,0,0,0,0,10,10.727,11.439,0.480,
20,-200,320,0,0.000,1879.319,1506.472,,,,0.000,0,0,0,0,0,0,10,7.536,9.660,0.683,
20,-200,340,0,0.000,1879.319,1506.472,,,,0.000,0,0,0,0,0,0,10,9.856,9.980,0.451,
20,-200,360,0,0.000,1879.319,1506.472,,,,0.000,0,0,0,0,0,0,10,8.915,13.926,0.615,
20,-200,380,0,0.000,1879.319,1506.472,,,,0.000,0,0,0,0,0,0,10,9.000,8.469,0.442,
20,-180,-100,0,0.000,1879.319,1506.472,,,,0.000,0,10,0,0,0,0,0,10.971,11.215,0.548,
20,-180,-80,0,0.000,1879.319,1506.472,,,,0.000,0,10,0,0,0,0,0,10.467,10.841,0.736,
20,-180,-60,0,0.000,1879.319,1506.472,,,,0.000,0,10,0,0,0,0,0,8.955,9.793,0.487,
20,-180,-40,0,0.000,1879.319,1506.472,,,,0.000,0,10,0,0,0,0,0,12.285,13.068,0.434,
20,-180,-20,0,0.000,1879.319,1506.472,,,,0.000,0,10,0,0,0,0,0,13.877,9.081,0.492,
20,-180,0,0,0.000,1879.319,1506.472,,,,0.000,0,10,0,0,0,0,0,10.531,9.740,0.616,
20,-180,20,0,0.000,1879.319,1506.472,,,,0.000,0,10,0,0,0,0,0,11.400,14.175,0.585,
20,-180,40,0,0.000,1879.319,1506.472,,,,0.000,0,10,0,0,0,0,0,12.166,11.094,0.573,
20,-180,60,0,0.000,1879.319,1506.472,,,,0.000,0,10,0,0,0,0,0,13.521,11.509,0.527,
20,-180,80,0,0.000,1879.319,1506.472,,,,0.000,0,10,0,0,0,0,0,11.750,11.656,0.486,
20,-180,100,0,0.000,1879.319,1506.472,,,,0.000,0,10,0,0,0,0,0,8.459,9.585,0.329,
20,-180,120,0,0.000,1879.319,1506.472,,,,0.000,0,9,0,0,0,0,1,9.156,14.887,0.556,
20,-180,140,0,0.000,1879.319,1506.472,,,,0.000,0,7,0,0,0,0,3,12.032,12.445,0.620,
20,-180,160,0,0.000,1879.319,1506.472,,,,0.000,0,7,0,0,0,0,3,11.155,11.483,0.628,
20,-180,180,0,0.000,1879.319,1506.472,,,,0.000,0,3,0,0,0,0,7,9.247,12.330,0.570,
20,-180,200,0,0.000,1879.319,1506.472,,,,0.000,0,5,0,0,0,0,5,8.606,8.842,0.517,
20,-180,220,0,0.000,1879.319,1506.472,,,,0.000,0,1,0,0,0,0,9,13.728,10.025,0.475,
20,-180,240,0,0.000,1879.319,1506.472,,,,0.000,0,0,0,0,0,0,10,9.603,8.752,0.559,
20,-180,260,0,0.000,1879.319,1506.472,,,,0.000,0,0,0,0,0,0,10,12.117,9.181,0.573,
20,-180,280,0,0.000,1879.319,1506.472,,,,0.000,0,0,0,0,0,0,10,8.181,13.028,0.677,
20,-180,300,0,0.000,1879.319,1506.472,,,,0.000,0,0,0,0,0,0,10,11.546,12.008,0.645,
20,-180,320,0,0.000,1879.319,1506.472,,,,0.000,0,0,0,0,0,0,10,12.676,10.622,0.464,
20,-180,340,0,0.000,1879.319,1506.472,,,,0.000,0,0,0,0,0,0,10,11.149,11.246,0.567,
20,-180,360,0,0.000,1879.319,1506.472,,,,0.000,0,0,0,0,0,0,10,12.722,9.838,0.624,
20,-180,380,0,0.000,1879.319,1506.472,,,,0.000,0,0,0,0,0,0,10,14.027,10.956,0.551,
20,-160,-100,0,0.000,1879.319,1506.472,,,,0.000,0,10,0,0,0,0,0,10.258,8.123,0.638,
20,-160,-80,0,0.000,1879.319,1506.472,,,,0.000,0,10,0,0,0,0,0,9.683,11.538,0.625,
20,-160,-60,0,0.000,1879.319,1506.472,,,,0.000,0,10,0,0,0,0,0,12.744,11.528,0.626,
20,-160,-40,0,0.000,1879.319,1506.472,,,,0.000,0,10,0,0,0,0,0,8.488,11.449,0.541,
20,-160,-20,0,0.000,1879.319,1506.472,,,,0.000,0,10,0,0,0,0,0,10.969,8.420,0.513,
20,-160,0,0,0.000,1879.319,1506.472,,,,0.000,0,10,0,0,0,0,0,10.563,8.748,0.601,
20,-160,20,0,0.000,1879.319,1506.472,,,,0.000,0,10,0,0,0,0,0,10.539,13.186,0.647,
20,-160,40,0,0.000,1879.319,1506.472,,,,0.000,0,10,0,0,0,0,0,12.575,9.228,0.622,
20,-160,60,0,0.000,1879.319,1506.472,,,,0.000,0,9,0,0,0,0,1,11.425,10.105,0.403,
20,-160,80,0,0.000,1879.319,1506.472,,,,0.000,0,9,0,0,0,0,1,10.256,9.557,0.503,
20,-160,100,0,0.000,1879.319,1506.472,,,,0.000,0,5,0,0,0,0,5,11.977,11.450,0.640,
20,-160,120,0,0.000,1879.319,1506.472,,,,0.000,0,3,0,0,0,0,7,10.771,7.175,0.581,
20,-160,140,0,0.000,1879.319,1506.472,,,,0.000,0,2,0,0,0,0,8,9.517,10.750,0.397,
20,-160,160,0,0.000,1879.319,1506.472,,,,0.000,0,1,0,0,0,0,9,12.304,10.847,0.511,
20,-160,180,0,0.000,1879.319,1506.472,,,,0.000,0,0,0,0,0,0,10,12.232,10.752,0.636,
20,-160,200,0,0.000,1879.319,1506.472,,,,0.000,0,0,0,0,0,0,10,8.703,15.402,0.397,
20,-160,220,0,0.000,1879.319,1506.472,,,,0.000,0,0,0,0,0,0,10,12.214,9.196,0.407,
20,-160,240,0,0.000,1879.319,1506.472,,,,0.000,0,0,0,0,0,0,10,13.398,13.216,0.467,
20,-160,260,0,0.000,1879.319,1506.472,,,,0.000,0,0,0,0,0,0,10,11.145,12.080,0.507,
20,-160,280,0,0.000,1879.319,1506.472,,,,0.000,0,0,0,0,0,0,10,12.038,6.310,0.558,
20,-160,300,0,0.000,1879.319,1506.472,,,,0.000,0,0,0,0,0,0,10,8.568,9.553,0.465,
20,-160,320,0,0.000,1879.319,1506.472,,,,0.000,0,0,0,0,0,0,10,11.330,9.359,0.405,
20,-160,340,0,0.000,1879.319,1506.472,,,,0.000,0,0,0,0,0,0,10,14.086,11.452,0.497,
20,-160,360,0,0.000,1879.319,1506.472,,,,0.000,0,0,0,0,0,0,10,12.128,11.596,0.430,
20,-160,380,0,0.000,1879.319,1506.472,,,,0.000,0,0,0,0,0,0,10,9.183,9.331,0.334,
20,-140,-100,0,0.000,1879.319,1506.472,,,,0.000,0,10,0,0,0,0,0,9.662,10.103,0.683,
20,-140,-80,0,0.000,1879.319,1506.472,,,,0.000,0,10,0,0,0,0,0,8.739,12.190,0.578,
20,-140,-60,0,0.000,1879.319,1506.472,,,,0.000,0,10,0,0,0,0,0,8.934,15.195,0.556,
20,-140,-40,0,0.000,1879.319,1506.472,,,,0.000,0,10,0,0,0,0,0,12.517,11.312,0.647,
20,-140,-20,0,0.000,1879.319,1506.472,,,,0.000,0,10,0,0,0,0,0,12.038,13.337,0.602,
20,-140,0,0,0.000,1879.319,1506.472,,,,0.000,0,8,0,0,0,0,2,13.069,13.161,0.564,
20,-140,20,0,0.000,1879.319,1506.472,,,,0.000,0,7,0,0,0,0,3,11.248,10.613,0.404,
20,-140,40,0,0.000,1879.319,1506.472,,,,0.000,0,8,0,0,0,0,2,7.194,8.410,0.611,
20,-140,60,0,0.000,1879.319,1506.472,,,,0.000,0,5,0,0,0,0,5,9.849,11.340,0.472,
20,-140,80,0,0.000,1879.319,1506.472,,,,0.000,0,2,0,0,0,0,8,12.614,12.421,0.550,
20,-140,100,0,0.000,1879.319,1506.472,,,,0.000,0,1,0,0,0,0,9,12.811,10.487,0.543,
20,-140,120,0,0.000,1879.319,1506.472,,,,0.000,0,0,0,0,0,0,10,9.892,11.244,0.600,
20,-140,140,0,0.000,1879.319,1506.472,,,,0.000,0,0,0,0,0,0,10,12.835,7.499,0.625,
20,-140,160,0,0.000,1879.319,1506.472,,,,0.000,0,0,0,0,0,0,10,8.635,12.584,0.543,
20,-140,180,0,0.000,1879.319,1506.472,,,,0.000,0,0,0,0,0,0,10,10.728,12.747,0.565,
20,-140,200,0,0.000,1879.319,1506.472,,,,0.000,0,0,0,0,0,0,10,10.352,10.281,0.459,
20,-140,220,0,0.000,1879.319,1506.472,,,,0.000,0,0,0,0,0,0,10,11.639,9.813,0.601,
20,-140,240,0,0.000,1879.319,1506.472,,,,0.000,0,0,0,0,0,0,10,12.399,12.133,0.491,
20,-140,260,0,0.000,1879.319,1506.472,,,,0.000,0,0,0,0,0,0,10,13.174,12.584,0.577,
20,-140,280,0,0.000,1879.319,1506.472,,,,0.000,0,0,0,0,0,0,10,9.952,11.257,0.430,
20,-140,300,0,0.000,1879.319,1506.472,,,,0.000,0,0,0,0,0,0,10,9.471,7.890,0.552,
20,-140,320,0,0.000,1879.319,1506.472,,,,0.000,0,0,0,0,0,0,10,10.701,13.546,0.427,
20,-140,340,0,0.000,1879.319,1506.472,,,,0.000,0,0,0,0,0,0,10,9.418,11.495,0.531,
20,-140,360,0,10.000,1879.319,1506.472,1878.952,1506.669,0.416,0.000,0,0,0,0,0,0,9,8.174,10.550,0.455,0.000
20,-140,380,0,20.000,1879.319,1506.472,1878.952,1506.725,0.446,0.000,0,0,0,0,0,0,8,10.036,10.634,0.630,0.000
20,-120,-100,0,0.000,1879.319,1506.472,,,,0.000,0,10,0,0,0,0,0,10.628,11.061,0.543,
20,-120,-80,0,0.000,1879.319,1506.472,,,,0.000,0,10,0,0,0,0,0,11.433,11.518,0.428,
20,-120,-60,0,0.000,1879.319,1506.472,,,,0.000,0,8,0,0,0,0,2,8.375,13.376,0.567,
20,-120,-40,0,0.000,1879.319,1506.472,,,,0.000,0,9,0,0,0,0,1,9.350,11.355,0.510,
20,-120,-20,0,0.000,1879.319,1506.472,,,,0.000,0,6,0,0,0,0,4,6.934,14.835,0.509,
20,-120,0,0,0.000,1879.319,1506.472,,,,0.000,0,5,0,0,0,0,5,11.178,12.187,0.433,
20,-120,20,0,0.000,1879.319,1506.472,,,,0.000,0,0,0,0,0,0,10,8.025,11.443,0.489,
20,-120,40,0,0.000,1879.319,1506.472,,,,0.000,0,0,0,0,0,0,10,8.301,9.538,0.530,
20,-120,60,0,0.000,1879.319,1506.472,,,,0.000,0,0,0,0,0,0,10,10.468,9.584,0.361,
20,-120,80,0,0.000,1879.319,1506.472,,,,0.000,0,0,0,0,0,0,10,11.872,6.645,0.697,
20,-120,100,0,0.000,1879.319,1506.472,,,,0.000,0,0,0,0,0,0,10,11.744,11.452,0.567,
20,-120,120,0,0.000,1879.319,1506.472,,,,0.000,0,0,0,0,0,0,10,9.730,12.697,0.476,
20,-120,140,0,0.000,1879.319,1506.472,,,,0.000,0,0,0,0,0,0,10,9.900,12.056,0.523,
20,-120,160,0,0.000,1879.319,1506.472,,,,0.000,0,0,0,0,0,0,10,7.713,13.963,0.526,
20,-120,180,0,0.000,1879.319,1506.472,,,,0.000,0,0,0,0,0,0,10,12.221,12.057,0.531,
20,-120,200,0,0.000,1879.319,1506.472,,,,0.000,0,0,0,0,0,0,10,11.461,11.570,0.460,
20,-120,220,0,0.000,1879.319,1506.472,,,,0.000,0,0,0,0,0,0,10,8.911,8.719,0.433,
20,-120,240,0,0.000,1879.319,1506.472,,,,0.000,0,0,0,0,0,0,10,10.401,13.280,0.691,
20,-120,260,0,0.000,1879.319,1506.472,,,,0.000,0,0,0,0,0,0,10,8.761,13.179,0.453,
20,-120,280,0,0.000,1879.319,1506.472,,,,0.000,0,0,0,0,0,0,10,12.675,12.775,0.604,
20,-120,300,0,10.000,1879.319,1506.472,1878.966,1506.749,0.449,0.000,0,0,0,0,0,0,9,10.181,12.827,0.570,0.000
20,-120,320,0,50.000,1879.319,1506.472,1878.943,1506.736,0.460,0.000,0,0,0,0,0,0,5,11.097,12.049,0.607,0.000
20,-120,340,0,40.000,1879.319,1506.472,1878.931,1506.733,0.468,0.000,0,0,0,0,0,0,6,12.304,15.621,0.586,0.000
20,-120,360,0,90.000,1879.319,1506.472,1878.950,1506.747,0.460,0.000,0,0,0,0,0,0,1,11.112,9.218,0.674,0.000
20,-120,380,0,100.000,1879.319,1506.472,1878.939,1506.731,0.459,0.000,0,0,0,0,0,0,0,11.252,13.453,0.694,0.000
20,-100,-100,0,0.000,1879.319,1506.472,,,,0.000,0,10,0,0,0,0,0,8.432,12.377,0.557,
20,-100,-80,0,0.000,1879.319,1506.472,,,,0.000,0,5,0,0,0,0,5,12.003,10.774,0.507,
20,-100,-60,0,0.000,1879.319,1506.472,,,,0.000,0,5,0,0,0,0,5,12.269,11.893,0.535,
20,-100,-40,0,0.000,1879.319,1506.472,,,,0.000,0,4,0,0,0,0,6,9.840,11.440,0.557,
20,-100,-20,0,0.000,1879.319,1506.472,,,,0.000,0,0,0,0,0,0,10,10.005,13.697,0.667,
20,-100,0,0,0.000,1879.319,1506.472,,,,0.000,0,0,0,0,0,0,10,10.691,8.127,0.602,
20,-100,20,0,0.000,1879.319,1506.472,,,,0.000,0,0,0,0,0,0,10,11.403,11.167,0.622,
20,-100,40,0,0.000,1879.319,1506.472,,,,0.000,0,0,0,0,0,0,10,12.634,12.625,0.603,
20,-100,60,0,0.000,1879.319,1506.472,,,,0.000,0,0,0,0,0,0,10,12.199,12.654,0.486,
20,-100,80,0,0.000,1879.319,1506.472,,,,0.000,0,0,0,0,0,0,10,11.149,8.635,0.624,
20,-100,100,0,0.000,1879.319,1506.472,,,,0.000,0,0,0,0,0,0,10,10.625,14.285,0.384,
20,-100,120,0,0.000,1879.319,1506.472,,,,0.000,0,0,0,0,0,0,10,8.531,8.188,0.528,
20,-100,140,0,0.000,1879.319,1506.472,,,,0.000,0,0,0,0,0,0,10,12.908,11.668,0.473,
20,-100,160,0,0.000,1879.319,1506.472,,,,0.000,0,0,0,0,0,0,10,10.368,13.467,0.679,
20,-100,180,0,0.000,1879.319,1506.472,,,,0.000,0,0,0,0,0,0,10,12.404,10.841,0.477,
20,-100,200,0,0.000,1879.319,1506.472,,,,0.000,0,0,0,0,0,0,10,11.452,11.071,0.594,
20,-100,220,0,10.000,1879.319,1506.472,1878.923,1506.735,0.476,0.000,0,0,0,0,0,0,9,12.291,13.783,0.506,0.000
20,-100,240,0,0.000,1879.319,1506.472,,,,0.000,0,0,0,0,0,0,10,11.306,11.280,0.554,
20,-100,260,0,40.000,1879.319,1506.472,1878.933,1506.735,0.467,0.000,0,0,0,0,0,0,6,12.969,11.162,0.534,0.000
20,-100,280,0,50.000,1879.319,1506.472,1878.944,1506.723,0.451,0.000,0,0,0,0,0,0,5,8.839,8.451,0.490,0.000
20,-100,300,0,70.000,1879.319,1506.472,1878.957,1506.744,0.452,0.000,0,0,0,0,0,0,3,11.768,14.434,0.693,0.000
20,-100,320,0,90.000,1879.319,1506.472,1878.948,1506.719,0.445,0.000,0,0,0,0,0,0,1,10.726,8.824,0.576,0.000
20,-100,340,0,100.000,1879.319,1506.472,1878.939,1506.746,0.468,0.000,0,0,0,0,0,0,0,10.670,6.898,0.575,0.000
20,-100,360,0,100.000,1879.319,1506.472,1878.931,1506.732,0.467,0.000,0,0,0,0,0,0,0,8.500,12.127,0.480,0.000
20,-100,380,0,100.000,1879.319,1506.472,1878.943,1506.725,0.453,0.000,0,0,0,0,0,0,0,13.126,8.728,0.607,0.000
20,-80,-100,0,0.000,1879.319,1506.472,,,,0.000,0,5,0,0,0,0,5,10.685,11.015,0.623,
20,-80,-80,0,0.000,1879.319,1506.472,,,,0.000,0,1,0,0,0,0,9,9.974,9.814,0.516,
20,-80,-60,0,0.000,1879.319,1506.472,,,,0.000,0,0,0,0,0,0,10,10.314,12.593,0.408,
20,-80,-40,0,0.000,1879.319,1506.472,,,,0.000,0,0,0,0,0,0,10,11.794,9.432,0.312,
20,-80,-20,0,0.000,1879.319,1506.472,,,,0.000,0,0,0,0,0,0,10,8.687,8.380,0.670,
20,-80,0,0,0.000,1879.319,1506.472,,,,0.000,0,0,0,0,0,0,10,7.033,13.405,0.598,
20,-80,20,0,0.000,1879.319,1506.472,,,,0.000,0,0,0,0,0,0,10,11.683,8.010,0.621,
20,-80,40,0,0.000,1879.319,1506.472,,,,0.000,0,0,0,0,0,0,10,10.589,11.843,0.480,
20,-80,60,0,0.000,1879.319,1506.472,,,,0.000,0,0,0,0,0,0,10,11.590,9.760,0.565,
20,-80,80,0,0.000,1879.319,1506.472,,,,0.000,0,0,0,0,0,0,10,8.103,13.636,0.596,
20,-80,100,0,0.000,1879.319,1506.472,,,,0.000,0,0,0,0,0,0,10,9.315,11.717,0.598,
20,-80,120,0,0.000,1879.319,1506.472,,,,0.000,0,0,0,0,0,0,10,10.837,10.980,0.525,
20,-80,140,0,0.000,1879.319,1506.472,,,,0.000,0,0,0,0,0,0,10,7.913,10.943,0.399,
20,-80,160,0,0.000,1879.319,1506.472,,,,0.000,0,0,0,0,0,0,10,10.924,6.550,0.638,
20,-80,180,0,0.000,1879.319,1506.472,,,,0.000,0,0,0,0,0,0,10,9.757,9.963,0.527,
20,-80,200,0,50.000,1879.319,1506.472,1878.954,1506.725,0.444,0.000,0,0,0,0,0,0,5,9.480,9.093,0.628,0.000
20,-80,220,0,60.000,1879.319,1506.472,1878.942,1506.730,0.456,0.000,0,0,0,0,0,0,4,9.205,9.132,0.541,0.000
20,-80,240,0,70.000,1879.319,1506.472,1878.945,1506.722,0.450,0.000,0,0,0,0,0,0,3,8.938,13.330,0.619,0.000
20,-80,260,0,80.000,1879.319,1506.472,1878.926,1506.727,0.468,0.000,0,0,0,0,0,0,2,12.574,11.953,0.655,0.000
20,-80,280,0,100.000,1879.319,1506.472,1878.932,1506.743,0.473,0.000,0,0,0,0,0,0,0,12.512,10.487,0.522,0.000
20,-80,300,0,100.000,1879.319,1506.472,1878.934,1506.723,0.459,0.000,0,0,0,0,0,0,0,13.377,9.567,0.340,0.000
20,-80,320,0,100.000,1879.319,1506.472,1878.932,1506.732,0.466,0.000,0,0,0,0,0,0,0,9.665,10.071,0.700,0.000
20,-80,340,0,100.000,1879.319,1506.472,1878.933,1506.728,0.463,0.000,0,0,0,0,0,0,0,11.277,11.192,0.522,0.000
20,-80,360,0,100.000,1879.319,1506.472,1878.928,1506.717,0.461,0.000,0,0,0,0,0,0,0,11.291,6.214,0.596,0.000
20,-80,380,0,100.000,1879.319,1506.472,1878.932,1506.729,0.465,0.000,0,0,0,0,0,0,0,7.656,12.190,0.558,0.000
20,-60,-100,0,0.000,1879.319,1506.472,,,,0.000,0,0,0,0,0,0,10,14.513,10.023,0.568,
20,-60,-80,0,0.000,1879.319,1506.472,,,,0.000,0,0,0,0,0,0,10,11.835,10.865,0.583,
20,-60,-60,0,0.000,1879.319,1506.472,,,,0.000,0,0,0,0,0,0,10,11.994,11.753,0.567,
20,-60,-40,0,0.000,1879.319,1506.472,,,,0.000,0,0,0,0,0,0,10,13.576,11.279,0.427,
20,-60,-20,0,0.000,1879.319,1506.472,,,,0.000,0,0,0,0,0,0,10,9.307,9.604,0.611,
20,-60,0,0,0.000,1879.319,1506.472,,,,0.000,0,0,0,0,0,0,10,12.765,12.035,0.569,
20,-60,20,0,0.000,1879.319,1506.472,,,,0.000,0,0,0,0,0,0,10,9.451,9.956,0.535,
20,-60,40,0,0.000,1879.319,1506.472,,,,0.000,0,0,0,0,0,0,10,9.491,9.019,0.555,
20,-60,60,0,0.000,1879.319,1506.472,,,,0.000,0,0,0,0,0,0,10,8.776,11.239,0.515,
20,-60,80,0,0.000,1879.319,1506.472,,,,0.000,0,0,0,0,0,0,10,11.125,10.254,0.470,
20,-60,100,0,0.000,1879.319,1506.472,,,,0.000,0,0,0,0,0,0,10,10.103,12.406,0.626,
20,-60,120,0,0.000,1879.319,1506.472,,,,0.000,0,0,0,0,0,0,10,9.454,9.884,0.461,
20,-60,140,0,30.000,1879.319,1506.472,1878.953,1506.715,0.439,0.000,0,0,0,0,0,0,7,11.535,11.390,0.585,0.000
20,-60,160,0,20.000,1879.319,1506.472,1878.915,1506.699,0.463,0.000,0,0,0,0,0,0,8,9.516,9.944,0.469,0.000
20,-60,180,0,80.000,1879.319,1506.472,1878.928,1506.751,0.480,0.000,0,0,0,0,0,0,2,9.428,9.291,0.545,0.000
20,-60,200,0,70.000,1879.319,1506.472,1878.929,1506.742,0.474,0.000,0,0,0,0,0,0,3,15.126,7.739,0.522,0.000
20,-60,220,0,90.000,1879.319,1506.472,1878.940,1506.734,0.461,0.000,0,0,0,0,0,0,1,11.325,9.453,0.668,0.000
20,-60,240,0,100.000,1879.319,1506.472,1878.930,1506.734,0.469,0.000,0,0,0,0,0,0,0,13.280,10.611,0.731,0.000
20,-60,260,0,100.000,1879.319,1506.472,1878.937,1506.730,0.461,0.000,0,0,0,0,0,0,0,6.589,8.987,0.581,0.000
20,-60,280,0,100.000,1879.319,1506.472,1878.921,1506.752,0.486,0.000,0,0,0,0,0,0,0,11.734,7.745,0.616,0.000
20,-60,300,0,100.000,1879.319,1506.472,1878.938,1506.745,0.469,0.000,0,0,0,0,0,0,0,11.641,12.188,0.632,0.000
20,-60,320,0,100.000,1879.319,1506.472,1878.929,1506.737,0.472,0.000,0,0,0,0,0,0,0,8.525,9.081,0.664,0.000
20,-60,340,0,100.000,1879.319,1506.472,1878.931,1506.731,0.466,0.000,0,0,0,0,0,0,0,10.714,11.596,0.528,0.000
20,-60,360,0,100.000,1879.319,1506.472,1878.926,1506.733,0.471,0.000,0,0,0,0,0,0,0,12.311,12.528,0.553,0.000
20,-60,380,0,100.000,1879.319,1506.472,1878.918,1506.719,0.471,0.000,0,0,0,0,0,0,0,9.870,10.572,0.419,0.000
20,-40,-100,0,0.000,1879.319,1506.472,,,,0.000,0,0,0,0,0,0,10,11.268,6.911,0.565,
20,-40,-80,0,0.000,1879.319,1506.472,,,,0.000,0,0,0,0,0,0,10,10.816,10.579,0.376,
20,-40,-60,0,0.000,1879.319,1506.472,,,,0.000,0,0,0,0,0,0,10,9.668,14.131,0.462,
20,-40,-40,0,0.000,1879.319,1506.472,,,,0.000,0,0,0,0,0,0,10,10.967,10.585,0.597,
20,-40,-20,0,0.000,1879.319,1506.472,,,,0.000,0,0,0,0,0,0,10,8.602,11.132,0.719,
20,-40,0,0,0.000,1879.319,1506.472,,,,0.000,0,0,0,0,0,0,10,13.406,11.791,0.497,
20,-40,20,0,0.000,1879.319,1506.472,,,,0.000,0,0,0,0,0,0,10,8.591,12.613,0.416,
20,-40,40,0,0.000,1879.319,1506.472,,,,0.000,0,0,0,0,0,0,10,12.475,11.379,0.633,
20,-40,60,0,0.000,1879.319,1506.472,,,,0.000,0,0,0,0,0,0,10,13.435,11.063,0.675,
20,-40,80,0,20.000,1879.319,1506.472,1878.966,1506.748,0.448,0.000,0,0,0,0,0,0,8,11.829,9.260,0.522,0.000
20,-40,100,0,10.000,1879.319,1506.472,1878.936,1506.719,0.456,0.000,0,0,0,0,0,0,9,10.461,12.623,0.462,0.000
20,-40,120,0,50.000,1879.319,1506.472,1878.940,1506.736,0.462,0.000,0,0,0,0,0,0,5,8.538,11.141,0.488,0.000
20,-40,140,0,40.000,1879.319,1506.472,1878.921,1506.732,0.475,0.000,0,0,0,0,0,0,6,12.188,11.976,0.745,0.000
20,-40,160,0,80.000,1879.319,1506.472,1878.921,1506.727,0.472,0.000,0,0,0,0,0,0,2,10.576,9.725,0.653,0.000
20,-40,180,0,90.000,1879.319,1506.472,1878.921,1506.750,0.485,0.000,0,0,0,0,0,0,1,11.196,10.073,0.534,0.000
20,-40,200,0,100.000,1879.319,1506.472,1878.918,1506.720,0.472,0.000,0,0,0,0,0,0,0,10.309,11.888,0.475,0.000
20,-40,220,0,100.000,1879.319,1506.472,1878.940,1506.741,0.465,0.000,0,0,0,0,0,0,0,11.435,12.195,0.526,0.000
20,-40,240,0,100.000,1879.319,1506.472,1878.923,1506.743,0.480,0.000,0,0,0,0,0,0,0,10.073,10.701,0.472,0.000
20,-40,260,0,100.000,1879.319,1506.472,1878.917,1506.695,0.460,0.000,0,0,0,0,0,0,0,9.109,11.591,0.592,0.000
20,-40,280,0,100.000,1879.319,1506.472,1878.923,1506.749,0.483,0.000,0,0,0,0,0,0,0,10.695,7.876,0.615,0.000
20,-40,300,0,100.000,1879.319,1506.472,1878.929,1506.729,0.467,0.000,0,0,0,0,0,0,0,10.403,11.915,0.277,0.000
20,-40,320,0,100.000,1879.319,1506.472,1878.923,1506.745,0.481,0.000,0,0,0,0,0,0,0,10.459,12.525,0.577,0.000
20,-40,340,0,100.000,1879.319,1506.472,1878.927,1506.724,0.465,0.100,1,0,0,0,0,0,0,12.289,9.497,0.483,0.000
20,-40,360,0,100.000,1879.319,1506.472,1878.928,1506.728,0.468,0.000,0,0,0,0,0,0,0,11.402,8.889,0.403,0.000
20,-40,380,0,100.000,1879.319,1506.472,1878.922,1506.721,0.469,0.100,1,0,0,0,0,0,0,10.788,15.168,0.556,0.000
20,-20,-100,0,0.000,1879.319,1506.472,,,,0.000,0,0,0,0,0,0,10,9.239,10.497,0.525,
20,-20,-80,0,0.000,1879.319,1506.472,,,,0.000,0,0,0,0,0,0,10,10.980,9.321,0.526,
20,-20,-60,0,0.000,1879.319,1506.472,,,,0.000,0,0,0,0,0,0,10,13.453,9.397,0.478,
20,-20,-40,0,0.000,1879.319,1506.472,,,,0.000,0,0,0,0,0,0,10,9.353,9.117,0.646,
20,-20,-20,0,0.000,1879.319,1506.472,,,,0.000,0,0,0,0,0,0,10,13.962,8.771,0.590,
20,-20,0,0,0.000,1879.319,1506.472,,,,0.000,0,0,0,0,0,0,10,7.770,12.286,0.542,
20,-20,20,0,0.000,1879.319,1506.472,,,,0.000,0,0,0,0,0,0,10,11.009,12.672,0.599,
20,-20,40,0,30.000,1879.319,1506.472,1878.930,1506.727,0.465,0.000,0,0,0,0,0,0,7,10.052,13.030,0.570,0.000
20,-20,60,0,30.000,1879.319,1506.472,1878.916,1506.732,0.480,0.000,0,0,0,0,0,0,7,9.053,9.286,0.579,0.000
20,-20,80,0,70.000,1879.319,1506.472,1878.930,1506.732,0.468,0.000,0,0,0,0,0,0,3,8.975,10.821,0.543,0.000
20,-20,100,0,70.000,1879.319,1506.472,1878.923,1506.742,0.479,0.000,0,0,0,0,0,0,3,11.704,9.165,0.368,0.000
20,-20,120,0,100.000,1879.319,1506.472,1878.910,1506.728,0.482,0.000,0,0,0,0,0,0,0,9.389,12.987,0.678,0.000
20,-20,140,0,100.000,1879.319,1506.472,1878.903,1506.721,0.485,0.000,0,0,0,0,0,0,0,11.940,10.089,0.581,0.000
20,-20,160,0,100.000,1879.319,1506.472,1879.108,1506.633,0.265,0.000,0,0,0,0,0,0,0,10.077,12.377,0.761,0.000
20,-20,180,0,100.000,1879.319,1506.472,1878.939,1506.724,0.456,0.000,0,0,0,0,0,0,0,12.626,9.242,0.521,0.000
20,-20,200,0,100.000,1879.319,1506.472,1879.293,1506.565,0.097,0.000,0,0,0,0,0,0,0,12.073,8.180,0.590,0.000
20,-20,220,0,100.000,1879.319,1506.472,1878.948,1506.708,0.440,0.000,0,0,0,0,0,0,0,8.213,11.800,0.451,0.000
20,-20,240,0,100.000,1879.319,1506.472,1879.035,1506.691,0.358,0.000,0,0,0,0,0,0,0,10.325,9.389,0.631,0.000
20,-20,260,0,100.000,1879.319,1506.472,1879.055,1506.671,0.330,0.000,0,0,0,0,0,0,0,9.913,11.487,0.578,0.000
20,-20,280,0,100.000,1879.319,1506.472,1879.133,1506.613,0.233,0.000,0,0,0,0,0,0,0,10.144,13.788,0.471,0.000
20,-20,300,0,100.000,1879.319,1506.472,1878.932,1506.723,0.461,0.000,0,0,0,0,0,0,0,10.805,12.048,0.498,0.000
20,-20,320,0,100.000,1879.319,1506.472,1879.149,1506.604,0.215,0.000,0,0,0,0,0,0,0,11.150,11.456,0.543,0.000
20,-20,340,0,100.000,1879.319,1506.472,1879.369,1506.510,0.064,0.000,0,0,0,0,0,0,0,9.513,7.457,0.621,0.000
20,-20,360,0,100.000,1879.319,1506.472,1879.038,1506.682,0.351,0.200,2,0,0,0,0,0,0,10.647,11.632,0.531,0.000
20,-20,380,0,100.000,1879.319,1506.472,1879.321,1506.529,0.058,0.200,2,0,0,0,0,0,0,12.308,9.352,0.482,0.000
20,0,-100,0,0.000,1879.319,1506.472,,,,0.000,0,0,0,0,0,0,10,13.222,10.229,0.566,
20,0,-80,0,0.000,1879.319,1506.472,,,,0.000,0,0,0,0,0,0,10,7.932,9.462,0.569,
20,0,-60,0,0.000,1879.319,1506.472,,,,0.000,0,0,0,0,0,0,10,13.008,13.222,0.327,
20,0,-40,0,0.000,1879.319,1506.472,,,,0.000,0,0,0,0,0,0,10,10.007,9.626,0.474,
20,0,-20,0,0.000,1879.319,1506.472,,,,0.000,0,0,0,0,0,0,10,9.878,10.663,0.619,
20,0,0,0,10.000,1879.319,1506.472,1881.137,1505.701,1.975,0.100,1,0,0,0,1,0,8,11.610,7.871,0.518,0.000
20,0,20,0,40.000,1879.319,1506.472,1880.790,1505.866,1.591,0.400,3,0,0,0,0,0,6,11.649,12.373,0.583,0.000
20,0,40,0,70.000,1879.319,1506.472,1879.334,1506.520,0.051,0.300,1,0,0,0,0,0,3,12.484,10.456,0.510,0.000
20,0,60,0,80.000,1879.319,1506.472,1880.326,1506.057,1.089,0.400,1,0,0,0,0,0,2,11.688,11.884,0.665,0.000
20,0,80,0,100.000,1879.319,1506.472,1878.963,1506.707,0.426,0.200,1,0,0,0,0,0,0,8.694,11.632,0.417,0.000
20,0,100,0,100.000,1879.319,1506.472,1879.371,1506.520,0.071,0.200,1,0,0,0,0,0,0,11.534,8.093,0.670,0.000
20,0,120,0,100.000,1879.319,1506.472,1879.316,1506.561,0.089,0.200,1,0,0,0,0,0,0,9.198,11.939,0.488,0.000
20,0,140,0,100.000,1879.319,1506.472,1879.784,1506.325,0.488,0.400,1,0,0,0,0,0,0,10.074,8.992,0.612,0.000
20,0,160,0,100.000,1879.319,1506.472,1879.042,1506.678,0.345,0.300,1,0,0,0,0,0,0,10.539,11.755,0.502,0.000
20,0,180,0,100.000,1879.319,1506.472,1879.287,1506.580,0.113,0.200,1,0,0,0,0,0,0,10.881,8.166,0.718,0.000
20,0,200,0,100.000,1879.319,1506.472,1879.639,1506.397,0.329,0.300,1,0,0,0,0,0,0,11.051,10.730,0.564,0.000
20,0,220,0,100.000,1879.319,1506.472,1879.173,1506.602,0.195,0.000,0,0,0,0,0,0,0,7.694,11.051,0.523,0.000
20,0,240,0,100.000,1879.319,1506.472,1879.432,1506.494,0.116,0.300,1,0,0,0,0,0,0,6.816,12.039,0.547,0.000
20,0,260,0,100.000,1879.319,1506.472,1879.153,1506.632,0.231,0.500,1,0,0,0,0,0,0,9.311,9.968,0.678,0.000
20,0,280,0,100.000,1879.319,1506.472,1879.423,1506.488,0.106,0.400,1,0,0,0,0,0,0,11.848,11.768,0.544,0.000
20,0,300,0,100.000,1879.319,1506.472,1879.488,1506.488,0.170,0.100,1,0,0,0,0,0,0,8.890,8.170,0.603,0.000
20,0,320,0,100.000,1879.319,1506.472,1879.276,1506.574,0.111,0.300,1,0,0,0,0,0,0,9.526,8.657,0.593,0.000
20,0,340,0,100.000,1879.319,1506.472,1879.206,1506.588,0.161,0.300,1,0,0,0,0,0,0,13.557,12.364,0.305,0.000
20,0,360,0,100.000,1879.319,1506.472,1879.318,1506.533,0.062,0.500,1,0,0,0,0,0,0,13.188,10.664,0.543,0.000
20,0,380,0,100.000,1879.319,1506.472,1879.374,1506.514,0.069,0.500,1,0,0,0,0,0,0,9.857,10.400,0.536,0.000
20,20,-100,0,0.000,1879.319,1506.472,,,,0.000,0,0,0,0,0,0,10,10.431,10.466,0.645,
20,20,-80,0,0.000,1879.319,1506.472,,,,0.000,0,0,0,0,0,0,10,12.618,11.229,0.334,
20,20,-60,0,0.000,1879.319,1506.472,,,,0.000,0,0,0,0,0,0,10,8.414,11.169,0.576,
20,20,-40,0,0.000,1879.319,1506.472,,,,0.000,0,0,0,0,0,0,10,8.869,10.433,0.588,
20,20,-20,0,0.000,1879.319,1506.472,,,,0.000,0,0,0,0,0,0,10,7.867,12.973,0.669,
20,20,0,0,0.000,1879.319,1506.472,,,,0.200,2,0,0,0,1,0,9,11.032,7.470,0.560,
20,20,20,0,50.000,1879.319,1506.472,1881.178,1505.667,2.026,1.000,3,0,0,0,4,0,1,13.669,11.269,0.478,0.000
20,20,40,0,60.000,1879.319,1506.472,1879.840,1506.307,0.546,1.300,3,0,0,0,4,0,0,12.452,11.799,0.507,0.000
20,20,60,0,80.000,1879.319,1506.472,1880.655,1505.912,1.449,1.400,4,0,0,0,2,0,0,10.698,8.994,0.581,0.000
20,20,80,0,100.000,1879.319,1506.472,1879.510,1506.441,0.194,0.800,1,0,0,0,0,0,0,10.871,12.933,0.498,0.000
20,20,100,0,100.000,1879.319,1506.472,1880.118,1506.174,0.853,0.700,1,0,0,0,0,0,0,10.014,13.610,0.617,0.000
20,20,120,0,100.000,1879.319,1506.472,1879.392,1506.521,0.088,0.800,1,0,0,0,0,0,0,11.801,11.728,0.480,0.000
20,20,140,0,100.000,1879.319,1506.472,1879.145,1506.607,0.220,0.700,1,0,0,0,0,0,0,12.091,8.226,0.566,0.000
20,20,160,0,100.000,1879.319,1506.472,1879.017,1506.691,0.373,0.900,1,0,0,0,0,0,0,10.760,12.850,0.570,0.000
20,20,180,0,100.000,1879.319,1506.472,1878.974,1506.724,0.427,0.700,1,0,0,0,0,0,0,14.279,11.382,0.577,0.000
20,20,200,0,100.000,1879.319,1506.472,1879.173,1506.613,0.203,0.700,1,0,0,0,0,0,0,10.502,10.212,0.384,0.000
20,20,220,0,100.000,1879.319,1506.472,1879.142,1506.630,0.238,0.900,1,0,0,0,0,0,0,9.549,12.260,0.514,0.000
20,20,240,0,100.000,1879.319,1506.472,1879.164,1506.592,0.196,0.700,1,0,0,0,0,0,0,9.758,11.593,0.507,0.000
20,20,260,0,100.000,1879.319,1506.472,1879.134,1506.657,0.261,0.800,1,0,0,0,0,0,0,9.439,10.386,0.491,0.000
20,20,280,0,100.000,1879.319,1506.472,1879.579,1506.438,0.263,1.000,1,0,0,0,0,0,0,8.919,11.240,0.684,0.000
20,20,300,0,100.000,1879.319,1506.472,1879.610,1506.402,0.300,0.700,1,0,0,0,0,0,0,8.494,10.545,0.554,0.000
20,20,320,0,100.000,1879.319,1506.472,1879.405,1506.514,0.096,0.900,1,0,0,0,0,0,0,9.584,13.222,0.576,0.000
20,20,340,0,100.000,1879.319,1506.472,1879.632,1506.404,0.321,0.800,1,0,0,0,0,0,0,7.555,11.306,0.546,0.000
20,20,360,0,100.000,1879.319,1506.472,1879.255,1506.571,0.118,0.800,1,0,0,0,0,0,0,10.457,8.649,0.487,0.000
20,20,380,0,100.000,1879.319,1506.472,1879.565,1506.453,0.247,0.800,1,0,0,0,0,0,0,12.459,10.401,0.552,0.000
20,40,-100,0,0.000,1879.319,1506.472,,,,0.000,0,0,0,0,0,0,10,9.210,11.133,0.461,
20,40,-80,0,0.000,1879.319,1506.472,,,,0.000,0,0,0,0,0,0,10,11.646,8.863,0.498,
20,40,-60,0,0.000,1879.319,1506.472,,,,0.000,0,0,0,0,0,0,10,12.733,11.595,0.564,
20,40,-40,0,0.000,1879.319,1506.472,,,,0.000,0,0,0,0,0,0,10,10.932,10.235,0.559,
20,40,-20,0,0.000,1879.319,1506.472,,,,0.000,0,0,0,0,0,0,10,13.518,11.017,0.509,
20,40,0,0,0.000,1879.319,1506.472,,,,0.000,0,0,0,0,0,0,10,11.105,12.899,0.641,
20,40,20,0,10.000,1879.319,1506.472,1886.214,1503.316,7.583,0.700,3,0,0,0,2,0,7,13.405,9.406,0.535,0.000
20,40,40,0,0.000,1879.319,1506.472,,,,2.300,3,0,0,0,10,0,0,11.421,8.522,0.539,
20,40,60,0,40.000,1879.319,1506.472,1882.766,1504.918,3.781,2.000,4,0,0,0,6,0,0,11.788,7.869,0.460,0.000
20,40,80,0,10.000,1879.319,1506.472,1879.401,1506.533,0.102,2.500,4,0,0,0,9,0,0,9.497,10.853,0.595,0.000
20,40,100,0,60.000,1879.319,1506.472,1880.556,1505.966,1.336,2.100,4,0,0,0,4,0,0,10.409,6.789,0.472,0.000
20,40,120,0,90.000,1879.319,1506.472,1879.936,1506.257,0.654,1.200,2,0,0,0,1,0,0,9.514,10.869,0.491,0.000
20,40,140,0,100.000,1879.319,1506.472,1879.457,1506.470,0.138,1.000,1,0,0,0,0,0,0,13.141,9.585,0.642,0.000
20,40,160,0,100.000,1879.319,1506.472,1880.046,1506.205,0.775,1.000,1,0,0,0,0,0,0,11.141,11.478,0.566,0.000
20,40,180,0,100.000,1879.319,1506.472,1879.262,1506.578,0.120,1.000,1,0,0,0,0,0,0,8.656,11.609,0.570,0.000
20,40,200,0,100.000,1879.319,1506.472,1879.417,1506.493,0.100,1.000,1,0,0,0,0,0,0,13.795,10.682,0.469,0.000
20,40,220,0,100.000,1879.319,1506.472,1879.647,1506.380,0.341,1.000,1,0,0,0,0,0,0,13.739,10.338,0.496,0.000
20,40,240,0,100.000,1879.319,1506.472,1878.951,1506.735,0.452,1.000,1,0,0,0,0,0,0,13.192,10.905,0.363,0.000
20,40,260,0,100.000,1879.319,1506.472,1879.795,1506.301,0.506,1.000,1,0,0,0,0,0,0,9.790,13.456,0.534,0.000
20,40,280,0,100.000,1879.319,1506.472,1879.659,1506.395,0.349,1.000,1,0,0,0,0,0,0,10.059,14.655,0.629,0.000
20,40,300,0,100.000,1879.319,1506.472,1879.575,1506.426,0.260,1.000,1,0,0,0,0,0,0,14.782,9.817,0.395,0.000
20,40,320,0,100.000,1879.319,1506.472,1879.233,1506.587,0.143,1.000,1,0,0,0,0,0,0,12.695,9.888,0.480,0.000
20,40,340,0,100.000,1879.319,1506.472,1879.745,1506.355,0.442,1.000,1,0,0,0,0,0,0,13.393,9.141,0.605,0.000
20,40,360,0,100.000,1879.319,1506.472,1879.885,1506.275,0.599,1.000,1,0,0,0,0,0,0,12.995,11.399,0.509,0.000
20,40,380,0,100.000,1879.319,1506.472,1879.111,1506.638,0.266,1.000,1,0,0,0,0,0,0,11.056,7.494,0.546,0.000
20,60,-100,0,0.000,1879.319,1506.472,,,,0.000,0,0,0,0,0,0,10,10.384,13.231,0.502,
20,60,-80,0,0.000,1879.319,1506.472,,,,0.000,0,0,0,0,0,0,10,8.226,9.530,0.570,
20,60,-60,0,0.000,1879.319,1506.472,,,,0.000,0,0,0,0,0,0,10,10.491,13.073,0.463,
20,60,-40,0,0.000,1879.319,1506.472,,,,0.000,0,0,0,0,0,0,10,12.647,13.943,0.332,
20,60,-20,0,0.000,1879.319,1506.472,,,,0.000,0,0,0,0,0,0,10,9.121,10.829,0.510,
20,60,0,0,0.000,1879.319,1506.472,,,,0.000,0,0,0,0,0,0,10,9.412,9.868,0.603,
20,60,20,0,0.000,1879.319,1506.472,,,,0.900,3,0,0,0,6,0,4,10.923,9.048,0.542,
20,60,40,0,0.000,1879.319,1506.472,,,,2.500,4,0,0,0,10,0,0,10.080,7.219,0.585,
20,60,60,0,0.000,1879.319,1506.472,,,,2.800,4,0,0,0,10,0,0,7.375,11.298,0.603,
20,60,80,0,10.000,1879.319,1506.472,1884.713,1504.014,5.928,2.800,4,0,0,0,9,0,0,13.053,10.477,0.541,0.000
20,60,100,0,0.000,1879.319,1506.472,,,,2.800,4,0,0,0,10,0,0,8.413,9.741,0.582,
20,60,120,0,40.000,1879.319,1506.472,1879.963,1506.260,0.679,2.100,4,0,0,0,6,0,0,10.579,11.789,0.598,0.000
20,60,140,0,50.000,1879.319,1506.472,1880.929,1505.781,1.752,1.900,3,0,0,0,5,0,0,11.724,8.750,0.473,0.000
20,60,160,0,100.000,1879.319,1506.472,1879.505,1506.439,0.189,1.000,1,0,0,0,0,0,0,6.789,9.288,0.595,0.000
20,60,180,0,90.000,1879.319,1506.472,1880.924,1505.798,1.741,1.300,3,0,0,0,1,0,0,8.096,8.795,0.524,0.000
20,60,200,0,100.000,1879.319,1506.472,1879.349,1506.522,0.059,1.000,1,0,0,0,0,0,0,12.091,12.214,0.371,0.000
20,60,220,0,100.000,1879.319,1506.472,1879.669,1506.385,0.361,1.000,1,0,0,0,0,0,0,13.691,13.321,0.574,0.000
20,60,240,0,100.000,1879.319,1506.472,1879.540,1506.432,0.224,1.000,1,0,0,0,0,0,0,8.997,11.299,0.448,0.000
20,60,260,0,90.000,1879.319,1506.472,1879.948,1506.270,0.661,1.100,2,0,0,0,1,0,0,9.083,12.961,0.658,0.000
20,60,280,0,100.000,1879.319,1506.472,1879.132,1506.620,0.238,1.000,1,0,0,0,0,0,0,10.983,13.248,0.508,0.000
20,60,300,0,100.000,1879.319,1506.472,1879.394,1506.511,0.085,1.000,1,0,0,0,0,0,0,12.181,11.255,0.582,0.000
20,60,320,0,100.000,1879.319,1506.472,1879.531,1506.444,0.214,1.000,1,0,0,0,0,0,0,7.437,13.299,0.499,0.000
20,60,340,0,100.000,1879.319,1506.472,1879.973,1506.245,0.693,1.000,1,0,0,0,0,0,0,12.275,10.954,0.453,0.000
20,60,360,0,100.000,1879.319,1506.472,1878.904,1506.719,0.482,1.000,1,0,0,0,0,0,0,11.434,10.735,0.450,0.000
20,60,380,0,100.000,1879.319,1506.472,1879.572,1506.418,0.259,1.000,1,0,0,0,0,0,0,13.173,10.789,0.583,0.000
20,80,-100,0,0.000,1879.319,1506.472,,,,0.000,0,0,0,0,0,0,10,8.879,11.653,0.553,
20,80,-80,0,0.000,1879.319,1506.472,,,,0.000,0,0,0,0,0,0,10,10.332,13.549,0.591,
20,80,-60,0,0.000,1879.319,1506.472,,,,0.000,0,0,0,0,0,0,10,7.349,12.384,0.569,
20,80,-40,0,0.000,1879.319,1506.472,,,,0.000,0,0,0,0,0,0,10,13.307,13.075,0.612,
20,80,-20,0,0.000,1879.319,1506.472,,,,0.000,0,0,0,0,0,0,10,10.765,8.410,0.493,
20,80,0,0,0.000,1879.319,1506.472,,,,0.000,0,0,0,0,0,0,10,10.394,9.254,0.643,
20,80,20,0,0.000,1879.319,1506.472,,,,0.000,0,0,0,0,0,0,10,7.858,7.452,0.525,
20,80,40,0,0.000,1879.319,1506.472,,,,2.000,4,0,0,0,9,0,1,10.275,11.920,0.466,
20,80,60,0,0.000,1879.319,1506.472,,,,2.900,4,0,0,0,10,0,0,11.114,10.899,0.633,
20,80,80,0,0.000,1879.319,1506.472,,,,2.500,4,0,0,0,10,0,0,10.184,10.156,0.355,
20,80,100,0,0.000,1879.319,1506.472,,,,3.300,4,0,0,0,10,0,0,11.245,10.080,0.492,
20,80,120,0,0.000,1879.319,1506.472,,,,3.300,5,0,1,0,9,0,0,12.741,9.654,0.716,
20,80,140,0,10.000,1879.319,1506.472,1881.111,1505.713,1.946,2.500,3,0,0,0,9,0,0,8.648,7.682,0.544,0.000
20,80,160,0,10.000,1879.319,1506.472,1885.227,1503.774,6.495,2.700,5,0,1,0,8,0,0,11.490,13.419,0.600,0.000
20,80,180,0,70.000,1879.319,1506.472,1880.738,1505.879,1.538,1.800,4,0,0,0,3,0,0,5.323,12.903,0.537,0.000
20,80,200,0,80.000,1879.319,1506.472,1881.107,1505.677,1.957,1.800,3,0,0,0,2,0,0,12.210,11.319,0.594,0.000
20,80,220,0,90.000,1879.319,1506.472,1880.389,1506.043,1.153,1.100,2,0,0,0,1,0,0,9.248,7.927,0.567,0.000
20,80,240,0,100.000,1879.319,1506.472,1880.357,1506.063,1.116,1.200,2,0,0,0,0,0,0,10.127,10.759,0.490,0.000
20,80,260,0,100.000,1879.319,1506.472,1880.542,1505.971,1.322,1.100,2,0,0,0,0,0,0,11.742,10.431,0.450,0.000
20,80,280,0,100.000,1879.319,1506.472,1880.244,1506.113,0.993,1.000,1,0,0,0,0,0,0,9.533,10.043,0.673,0.000
20,80,300,0,100.000,1879.319,1506.472,1880.309,1506.057,1.074,1.000,1,0,0,0,0,0,0,12.095,11.737,0.445,0.000
20,80,320,0,100.000,1879.319,1506.472,1879.863,1506.285,0.576,1.100,2,0,0,0,0,0,0,11.698,11.970,0.603,0.000
20,80,340,0,100.000,1879.319,1506.472,1880.117,1506.161,0.857,1.100,2,0,0,0,0,0,0,10.257,9.391,0.478,0.000
20,80,360,0,100.000,1879.319,1506.472,1879.050,1506.676,0.338,1.000,1,0,0,0,0,0,0,7.689,13.210,0.539,0.000
20,80,380,0,100.000,1879.319,1506.472,1879.721,1506.371,0.414,1.000,1,0,0,0,0,0,0,11.619,5.824,0.552,0.000
20,100,-100,0,0.000,1879.319,1506.472,,,,0.000,0,0,0,0,0,0,10,15.889,9.727,0.517,
20,100,-80,0,0.000,1879.319,1506.472,,,,0.000,0,0,0,0,0,0,10,13.980,13.327,0.591,
20,100,-60,0,0.000,1879.319,1506.472,,,,0.000,0,0,0,0,0,0,10,7.213,11.379,0.561,
20,100,-40,0,0.000,1879.319,1506.472,,,,0.000,0,0,0,0,0,0,10,8.057,13.064,0.399,
20,100,-20,0,0.000,1879.319,1506.472,,,,0.000,0,0,0,0,0,0,10,9.352,10.356,0.531,
20,100,0,0,0.000,1879.319,1506.472,,,,0.000,0,0,0,0,0,0,10,8.487,9.555,0.439,
20,100,20,0,0.000,1879.319,1506.472,,,,0.500,3,0,0,0,3,0,7,14.188,12.810,0.500,
20,100,40,0,0.000,1879.319,1506.472,,,,0.800,3,0,0,0,4,0,6,14.282,11.788,0.538,
20,100,60,0,0.000,1879.319,1506.472,,,,2.700,4,0,0,0,10,0,0,12.786,10.779,0.573,
20,100,80,0,0.000,1879.319,1506.472,,,,2.800,4,0,0,0,10,0,0,9.748,11.783,0.399,
20,100,100,0,0.000,1879.319,1506.472,,,,2.700,4,0,0,0,10,0,0,13.477,8.093,0.496,
20,100,120,0,0.000,1879.319,1506.472,,,,3.000,4,0,0,0,10,0,0,12.080,15.140,0.530,
20,100,140,0,0.000,1879.319,1506.472,,,,2.900,3,0,0,0,10,0,0,13.572,11.285,0.487,
20,100,160,0,10.000,1879.319,1506.472,1880.368,1506.031,1.138,3.000,5,0,1,0,8,0,0,12.396,11.357,0.554,0.000
20,100,180,0,10.000,1879.319,1506.472,1883.373,1504.615,4.459,2.900,4,0,0,0,9,0,0,5.995,10.721,0.599,0.000
20,100,200,0,30.000,1879.319,1506.472,1880.941,1505.755,1.774,2.700,5,0,1,0,6,0,0,14.320,10.779,0.388,0.000
20,100,220,0,30.000,1879.319,1506.472,1878.946,1506.737,0.457,2.600,5,0,1,0,6,0,0,12.675,12.476,0.553,0.000
20,100,240,0,60.000,1879.319,1506.472,1880.531,1505.956,1.317,2.200,4,0,0,0,4,0,0,10.233,11.803,0.560,0.000
20,100,260,0,70.000,1879.319,1506.472,1880.757,1505.852,1.566,2.300,5,0,1,0,2,0,0,12.874,7.732,0.513,0.000
20,100,280,0,90.000,1879.319,1506.472,1880.384,1506.052,1.145,1.500,2,0,0,0,1,0,0,9.720,11.247,0.505,0.000
20,100,300,0,100.000,1879.319,1506.472,1880.096,1506.174,0.833,1.600,2,0,0,0,0,0,0,11.080,11.691,0.396,0.000
20,100,320,0,100.000,1879.319,1506.472,1879.877,1506.267,0.594,1.300,2,0,0,0,0,0,0,11.283,9.173,0.695,0.000
20,100,340,0,100.000,1879.319,1506.472,1881.357,1505.567,2.230,1.000,1,0,0,0,0,0,0,10.245,8.275,0.623,0.000
20,100,360,0,100.000,1879.319,1506.472,1881.432,1505.548,2.306,1.100,2,0,0,0,0,0,0,9.763,10.727,0.460,0.000
20,100,380,0,100.000,1879.319,1506.472,1881.196,1505.656,2.046,1.000,1,0,0,0,0,0,0,6.733,14.050,0.475,0.000
20,120,-100,0,0.000,1879.319,1506.472,,,,0.000,0,0,0,0,0,0,10,9.937,8.949,0.547,
20,120,-80,0,0.000,1879.319,1506.472,,,,0.000,0,0,0,0,0,0,10,10.500,10.984,0.719,
20,120,-60,0,0.000,1879.319,1506.472,,,,0.000,0,0,0,0,0,0,10,9.063,10.163,0.509,
20,120,-40,0,0.000,1879.319,1506.472,,,,0.000,0,0,0,0,0,0,10,12.522,11.885,0.569,
20,120,-20,0,0.000,1879.319,1506.472,,,,0.000,0,0,0,0,0,0,10,8.727,13.211,0.578,
20,120,0,0,0.000,1879.319,1506.472,,,,0.000,0,0,0,0,0,0,10,10.490,8.442,0.673,
20,120,20,0,0.000,1879.319,1506.472,,,,0.000,0,0,0,0,0,0,10,10.498,11.130,0.538,
20,120,40,0,0.000,1879.319,1506.472,,,,1.400,4,0,0,0,5,0,5,11.639,7.288,0.435,
20,120,60,0,0.000,1879.319,1506.472,,,,2.700,5,0,1,0,9,0,0,13.363,14.844,0.499,
20,120,80,0,0.000,1879.319,1506.472,,,,3.000,5,0,1,0,9,0,0,10.937,9.282,0.635,
20,120,100,0,0.000,1879.319,1506.472,,,,3.400,5,0,1,0,9,0,0,8.773,12.339,0.578,
20,120,120,0,0.000,1879.319,1506.472,,,,3.600,5,0,2,0,8,0,0,11.815,9.329,0.693,
20,120,140,0,0.000,1879.319,1506.472,,,,3.500,4,0,0,0,10,0,0,9.939,11.402,0.627,
20,120,160,0,0.000,1879.319,1506.472,,,,3.300,5,0,1,0,9,0,0,10.363,12.278,0.532,
20,120,180,0,0.000,1879.319,1506.472,,,,3.600,5,0,1,0,9,0,0,9.645,11.055,0.563,
20,120,200,0,0.000,1879.319,1506.472,,,,2.800,4,0,0,0,10,0,0,8.240,10.940,0.563,
20,120,220,0,0.000,1879.319,1506.472,,,,2.900,4,0,0,0,10,0,0,12.690,11.523,0.535,
20,120,240,0,40.000,1879.319,1506.472,1882.068,1505.241,3.013,2.600,3,0,0,0,6,0,0,13.629,13.071,0.434,0.000
20,120,260,0,20.000,1879.319,1506.472,1880.857,1505.842,1.662,2.700,4,0,0,0,8,0,0,9.960,10.153,0.432,0.000
20,120,280,0,60.000,1879.319,1506.472,1882.288,1505.135,3.257,2.200,4,0,0,0,4,0,0,13.888,11.686,0.516,0.000
20,120,300,0,60.000,1879.319,1506.472,1879.570,1506.406,0.260,1.900,3,0,0,0,4,0,0,14.736,6.783,0.355,0.000
20,120,320,0,100.000,1879.319,1506.472,1881.425,1505.537,2.304,1.400,2,0,0,0,0,0,0,9.492,8.651,0.360,0.000
20,120,340,0,90.000,1879.319,1506.472,1880.556,1505.953,1.341,1.300,2,0,0,0,1,0,0,11.853,10.278,0.455,0.000
20,120,360,0,100.000,1879.319,1506.472,1880.745,1505.885,1.542,1.600,2,0,0,0,0,0,0,13.122,14.036,0.609,0.000
20,120,380,0,100.000,1879.319,1506.472,1881.120,1505.684,1.966,1.500,3,0,0,0,0,0,0,7.674,11.754,0.567,0.000
20,140,-100,0,0.000,1879.319,1506.472,,,,0.000,0,0,0,0,0,0,10,12.322,10.172,0.502,
20,140,-80,0,0.000,1879.319,1506.472,,,,0.000,0,0,0,0,0,0,10,6.056,6.988,0.509,
20,140,-60,0,0.000,1879.319,1506.472,,,,0.000,0,0,0,0,0,0,10,8.554,9.886,0.378,
20,140,-40,0,0.000,1879.319,1506.472,,,,0.000,0,0,0,0,0,0,10,10.868,10.982,0.499,
20,140,-20,0,0.000,1879.319,1506.472,,,,0.000,0,0,0,0,0,0,10,11.420,10.912,0.638,
20,140,0,0,0.000,1879.319,1506.472,,,,0.000,0,0,0,0,0,0,10,13.305,10.293,0.441,
20,140,20,0,0.000,1879.319,1506.472,,,,0.000,0,0,0,0,0,0,10,9.721,12.048,0.645,
20,140,40,0,0.000,1879.319,1506.472,,,,0.500,3,0,0,0,2,0,8,11.580,12.389,0.625,
20,140,60,0,0.000,1879.319,1506.472,,,,1.900,4,0,0,0,7,0,3,13.812,8.251,0.612,
20,140,80,0,0.000,1879.319,1506.472,,,,2.600,4,0,0,0,10,0,0,12.165,9.737,0.528,
20,140,100,0,0.000,1879.319,1506.472,,,,2.600,3,0,0,0,10,0,0,10.005,9.826,0.589,
20,140,120,0,0.000,1879.319,1506.472,,,,3.400,5,0,1,0,9,0,0,9.804,9.941,0.548,
20,140,140,0,0.000,1879.319,1506.472,,,,3.500,5,0,1,0,9,0,0,7.277,10.584,0.633,
20,140,160,0,0.000,1879.319,1506.472,,,,3.600,5,0,1,0,9,0,0,9.862,10.351,0.550,
20,140,180,0,0.000,1879.319,1506.472,,,,3.700,4,0,0,0,10,0,0,7.580,13.649,0.480,
20,140,200,0,0.000,1879.319,1506.472,,,,3.400,4,0,0,0,10,0,0,12.749,10.893,0.439,
20,140,220,0,0.000,1879.319,1506.472,,,,3.200,5,0,1,0,9,0,0,8.661,12.236,0.517,
20,140,240,0,0.000,1879.319,1506.472,,,,3.300,4,0,0,0,10,0,0,11.889,10.718,0.412,
20,140,260,0,0.000,1879.319,1506.472,,,,3.200,4,0,0,0,10,0,0,10.762,8.114,0.460,
20,140,280,0,0.000,1879.319,1506.472,,,,3.400,5,0,2,0,8,0,0,10.557,11.946,0.625,
20,140,300,0,0.000,1879.319,1506.472,,,,3.000,5,0,1,0,9,0,0,10.178,11.616,0.627,
20,140,320,0,50.000,1879.319,1506.472,1879.304,1506.573,0.102,2.700,5,0,1,0,4,0,0,11.339,10.312,0.613,0.000
20,140,340,0,20.000,1879.319,1506.472,1882.199,1505.166,3.162,2.900,4,0,0,0,8,0,0,9.205,10.346,0.561,0.000
20,140,360,0,80.000,1879.319,1506.472,1881.001,1505.752,1.830,1.700,3,0,0,0,2,0,0,8.953,7.786,0.442,0.000
20,140,380,0,80.000,1879.319,1506.472,1881.893,1505.316,2.821,1.900,4,0,0,0,2,0,0,11.419,14.231,0.454,0.000
20,160,-100,0,0.000,1879.319,1506.472,,,,0.000,0,0,0,0,0,0,10,9.833,9.633,0.517,
20,160,-80,0,0.000,1879.319,1506.472,,,,0.000,0,0,0,0,0,0,10,12.730,9.764,0.340,
20,160,-60,0,0.000,1879.319,1506.472,,,,0.000,0,0,0,0,0,0,10,11.551,8.662,0.529,
20,160,-40,0,0.000,1879.319,1506.472,,,,0.000,0,0,0,0,0,0,10,9.962,9.789,0.692,
20,160,-20,0,0.000,1879.319,1506.472,,,,0.000,0,0,0,0,0,0,10,11.769,11.321,0.597,
20,160,0,0,0.000,1879.319,1506.472,,,,0.000,0,0,0,0,0,0,10,10.720,9.235,0.549,
20,160,20,0,0.000,1879.319,1506.472,,,,0.000,0,0,0,0,0,0,10,9.800,9.775,0.550,
20,160,40,0,0.000,1879.319,1506.472,,,,0.200,2,0,0,0,1,0,9,9.207,10.895,0.501,
20,160,60,0,0.000,1879.319,1506.472,,,,2.100,4,0,0,0,8,0,2,10.211,10.570,0.465,
20,160,80,0,0.000,1879.319,1506.472,,,,2.800,5,0,1,0,9,0,0,6.824,9.911,0.475,
20,160,100,0,0.000,1879.319,1506.472,,,,3.400,5,0,2,0,8,0,0,12.407,7.721,0.580,
20,160,120,0,0.000,1879.319,1506.472,,,,3.100,4,0,0,0,10,0,0,11.682,10.286,0.542,
20,160,140,0,0.000,1879.319,1506.472,,,,3.800,5,0,2,0,8,0,0,8.343,15.554,0.515,
20,160,160,0,0.000,1879.319,1506.472,,,,3.400,5,0,1,0,9,0,0,8.485,7.161,0.484,
20,160,180,0,0.000,1879.319,1506.472,,,,3.700,5,0,1,0,9,0,0,12.614,10.791,0.511,
20,160,200,0,0.000,1879.319,1506.472,,,,3.600,5,0,1,0,9,0,0,12.255,11.106,0.531,
20,160,220,0,0.000,1879.319,1506.472,,,,3.400,5,0,1,0,9,0,0,9.868,10.588,0.481,
20,160,240,0,0.000,1879.319,1506.472,,,,3.400,4,0,0,0,10,0,0,7.127,11.977,0.598,
20,160,260,0,0.000,1879.319,1506.472,,,,3.500,5,0,2,0,8,0,0,9.380,10.097,0.280,
20,160,280,0,0.000,1879.319,1506.472,,,,2.700,4,0,0,0,10,0,0,10.746,11.437,0.437,
20,160,300,0,0.000,1879.319,1506.472,,,,3.500,5,0,1,0,9,0,0,11.075,13.736,0.434,
20,160,320,0,0.000,1879.319,1506.472,,,,2.900,4,0,0,0,10,0,0,12.219,9.918,0.687,
20,160,340,0,10.000,1879.319,1506.472,1880.289,1506.106,1.037,3.100,4,0,0,0,9,0,0,9.140,11.243,0.402,0.000
20,160,360,0,30.000,1879.319,1506.472,1883.795,1504.407,4.930,2.900,5,0,1,0,6,0,0,11.363,7.356,0.644,0.000
20,160,380,0,40.000,1879.319,1506.472,1881.818,1505.351,2.739,3.000,4,0,0,0,6,0,0,7.123,13.765,0.668,0.000
20,180,-100,0,0.000,1879.319,1506.472,,,,0.000,0,0,0,0,0,0,10,14.051,9.154,0.253,
20,180,-80,0,0.000,1879.319,1506.472,,,,0.000,0,0,0,0,0,0,10,10.035,11.948,0.489,
20,180,-60,0,0.000,1879.319,1506.472,,,,0.000,0,0,0,0,0,0,10,11.286,12.925,0.628,
20,180,-40,0,0.000,1879.319,1506.472,,,,0.000,0,0,0,0,0,0,10,9.384,10.324,0.639,
20,180,-20,0,0.000,1879.319,1506.472,,,,0.000,0,0,0,0,0,0,10,10.381,14.077,0.685,
20,180,0,0,0.000,1879.319,1506.472,,,,0.000,0,0,0,0,0,0,10,13.202,11.064,0.508,
20,180,20,0,0.000,1879.319,1506.472,,,,0.000,0,0,0,0,0,0,10,10.611,10.880,0.542,
20,180,40,0,0.000,1879.319,1506.472,,,,0.000,0,0,0,0,0,0,10,11.223,11.825,0.444,
20,180,60,0,0.000,1879.319,1506.472,,,,1.000,2,0,0,0,5,0,5,11.634,10.499,0.382,
20,180,80,0,0.000,1879.319,1506.472,,,,2.500,5,0,1,0,7,0,2,8.105,8.432,0.636,
20,180,100,0,0.000,1879.319,1506.472,,,,3.100,5,0,1,0,9,0,0,11.365,12.583,0.554,
20,180,120,0,0.000,1879.319,1506.472,,,,3.600,5,0,2,0,8,0,0,8.385,12.492,0.704,
20,180,140,0,0.000,1879.319,1506.472,,,,3.700,5,0,2,0,8,0,0,11.435,11.420,0.548,
20,180,160,0,0.000,1879.319,1506.472,,,,3.600,5,0,3,0,7,0,0,11.153,13.899,0.576,
20,180,180,0,0.000,1879.319,1506.472,,,,3.600,5,0,1,0,9,0,0,13.352,7.234,0.481,
20,180,200,0,0.000,1879.319,1506.472,,,,4.000,5,0,2,0,8,0,0,9.546,10.305,0.570,
20,180,220,0,0.000,1879.319,1506.472,,,,3.500,5,0,2,0,8,0,0,12.423,11.137,0.532,
20,180,240,0,0.000,1879.319,1506.472,,,,3.300,4,0,0,0,10,0,0,9.960,7.266,0.637,
20,180,260,0,0.000,1879.319,1506.472,,,,3.200,4,0,0,0,10,0,0,12.382,8.988,0.477,
20,180,280,0,0.000,1879.319,1506.472,,,,4.100,5,0,2,0,8,0,0,12.742,11.779,0.517,
20,180,300,0,0.000,1879.319,1506.472,,,,4.000,5,0,2,0,8,0,0,5.402,9.631,0.582,
20,180,320,0,0.000,1879.319,1506.472,,,,3.300,5,0,2,0,8,0,0,14.875,11.915,0.385,
20,180,340,0,0.000,1879.319,1506.472,,,,3.600,5,0,3,0,7,0,0,9.533,8.975,0.422,
20,180,360,0,0.000,1879.319,1506.472,,,,3.100,5,0,1,0,9,0,0,11.525,11.717,0.558,
20,180,380,0,10.000,1879.319,1506.472,1885.384,1503.709,6.665,3.000,5,0,1,0,8,0,0,13.850,10.613,0.629,0.000
20,200,-100,0,0.000,1879.319,1506.472,,,,0.000,0,0,0,0,0,0,10,12.502,11.936,0.516,
20,200,-80,0,0.000,1879.319,1506.472,,,,0.000,0,0,0,0,0,0,10,10.299,13.461,0.485,
20,200,-60,0,0.000,1879.319,1506.472,,,,0.000,0,0,0,0,0,0,10,7.051,14.332,0.641,
20,200,-40,0,0.000,1879.319,1506.472,,,,0.000,0,0,0,0,0,0,10,12.181,10.326,0.478,
20,200,-20,0,0.000,1879.319,1506.472,,,,0.000,0,0,0,0,0,0,10,9.551,11.515,0.528,
20,200,0,0,0.000,1879.319,1506.472,,,,0.000,0,0,0,0,0,0,10,12.126,10.240,0.583,
20,200,20,0,0.000,1879.319,1506.472,,,,0.000,0,0,0,0,0,0,10,14.678,9.014,0.592,
20,200,40,0,0.000,1879.319,1506.472,,,,0.000,0,0,0,0,0,0,10,8.809,11.537,0.496,
20,200,60,0,0.000,1879.319,1506.472,,,,0.000,0,0,0,0,0,0,10,10.708,6.916,0.573,
20,200,80,0,0.000,1879.319,1506.472,,,,2.500,4,0,0,0,9,0,1,10.896,9.421,0.549,
20,200,100,0,0.000,1879.319,1506.472,,,,3.000,4,0,0,0,10,0,0,12.421,13.440,0.330,
20,200,120,0,0.000,1879.319,1506.472,,,,2.800,5,0,1,0,9,0,0,10.762,11.801,0.609,
20,200,140,0,0.000,1879.319,1506.472,,,,3.500,5,0,1,0,9,0,0,11.908,10.559,0.536,
20,200,160,0,0.000,1879.319,1506.472,,,,3.900,5,0,3,0,7,0,0,10.801,10.331,0.517,
20,200,180,0,0.000,1879.319,1506.472,,,,3.600,5,0,2,0,8,0,0,10.873,13.136,0.631,
20,200,200,0,0.000,1879.319,1506.472,,,,4.000,5,0,4,0,6,0,0,11.911,8.279,0.531,
20,200,220,0,0.000,1879.319,1506.472,,,,3.700,5,0,3,0,7,0,0,10.350,14.555,0.620,
20,200,240,0,0.000,1879.319,1506.472,,,,3.800,4,0,0,0,10,0,0,9.767,9.460,0.498,
20,200,260,0,0.000,1879.319,1506.472,,,,3.300,4,0,0,0,10,0,0,8.793,12.770,0.599,
20,200,280,0,0.000,1879.319,1506.472,,,,3.400,4,0,0,0,10,0,0,9.111,10.392,0.313,
20,200,300,0,0.000,1879.319,1506.472,,,,3.700,4,0,0,0,10,0,0,13.161,9.234,0.458,
20,200,320,0,0.000,1879.319,1506.472,,,,3.800,5,0,2,0,8,0,0,7.421,9.895,0.514,
20,200,340,0,0.000,1879.319,1506.472,,,,3.500,5,0,2,0,8,0,0,8.355,9.346,0.517,
20,200,360,0,0.000,1879.319,1506.472,,,,3.200,4,0,0,0,10,0,0,12.203,7.583,0.516,
20,200,380,0,0.000,1879.319,1506.472,,,,3.600,5,0,2,0,8,0,0,10.533,10.464,0.532,
20,220,-100,0,0.000,1879.319,1506.472,,,,0.000,0,0,0,0,0,0,10,7.650,10.125,0.671,
20,220,-80,0,0.000,1879.319,1506.472,,,,0.000,0,0,0,0,0,0,10,8.964,14.651,0.331,
20,220,-60,0,0.000,1879.319,1506.472,,,,0.000,0,0,0,0,0,0,10,11.740,13.552,0.521,
20,220,-40,0,0.000,1879.319,1506.472,,,,0.000,0,0,0,0,0,0,10,9.790,11.678,0.572,
20,220,-20,0,0.000,1879.319,1506.472,,,,0.000,0,0,0,0,0,0,10,11.697,10.744,0.593,
20,220,0,0,0.000,1879.319,1506.472,,,,0.000,0,0,0,0,0,0,10,9.551,9.041,0.582,
20,220,20,0,0.000,1879.319,1506.472,,,,0.000,0,0,0,0,0,0,10,11.706,12.859,0.560,
20,220,40,0,0.000,1879.319,1506.472,,,,0.000,0,0,0,0,0,0,10,12.179,9.024,0.587,
20,220,60,0,0.000,1879.319,1506.472,,,,0.000,0,0,0,0,0,0,10,9.410,9.608,0.491,
20,220,80,0,0.000,1879.319,1506.472,,,,1.800,4,0,0,0,6,0,4,12.590,9.995,0.429,
20,220,100,0,0.000,1879.319,1506.472,,,,3.600,5,0,3,0,6,0,1,8.282,11.696,0.647,
20,220,120,0,0.000,1879.319,1506.472,,,,3.800,5,0,3,0,7,0,0,6.321,12.672,0.570,
20,220,140,0,0.000,1879.319,1506.472,,,,3.700,4,0,0,0,10,0,0,12.254,10.567,0.434,
20,220,160,0,0.000,1879.319,1506.472,,,,4.100,5,0,4,0,6,0,0,10.646,12.006,0.597,
20,220,180,0,0.000,1879.319,1506.472,,,,3.600,5,0,2,0,8,0,0,12.309,12.622,0.298,
20,220,200,0,0.000,1879.319,1506.472,,,,3.700,5,0,1,0,9,0,0,10.024,9.686,0.594,
20,220,220,0,0.000,1879.319,1506.472,,,,3.500,5,0,1,0,9,0,0,8.606,14.139,0.566,
20,220,240,0,0.000,1879.319,1506.472,,,,3.700,5,0,2,0,8,0,0,11.821,8.627,0.294,
20,220,260,0,0.000,1879.319,1506.472,,,,3.700,5,0,1,0,9,0,0,10.739,11.727,0.578,
20,220,280,0,0.000,1879.319,1506.472,,,,3.200,4,0,0,0,10,0,0,11.695,10.552,0.560,
20,220,300,0,0.000,1879.319,1506.472,,,,3.500,5,0,1,0,9,0,0,10.018,12.236,0.544,
20,220,320,0,0.000,1879.319,1506.472,,,,3.900,5,0,4,0,6,0,0,13.338,12.628,0.537,
20,220,340,0,0.000,1879.319,1506.472,,,,3.500,5,0,1,0,9,0,0,10.550,12.772,0.578,
20,220,360,0,0.000,1879.319,1506.472,,,,3.600,5,0,1,0,9,0,0,9.839,11.413,0.648,
20,220,380,0,0.000,1879.319,1506.472,,,,3.900,5,0,1,0,9,0,0,6.716,11.212,0.627,
20,240,-100,0,0.000,1879.319,1506.472,,,,0.000,0,0,0,0,0,0,10,8.442,7.532,0.544,
20,240,-80,0,0.000,1879.319,1506.472,,,,0.000,0,0,0,0,0,0,10,10.467,8.629,0.594,
20,240,-60,0,0.000,1879.319,1506.472,,,,0.000,0,0,0,0,0,0,10,11.033,10.099,0.597,
20,240,-40,0,0.000,1879.319,1506.472,,,,0.000,0,0,0,0,0,0,10,12.470,10.912,0.482,
20,240,-20,0,0.000,1879.319,1506.472,,,,0.000,0,0,0,0,0,0,10,12.913,11.958,0.674,
20,240,0,0,0.000,1879.319,1506.472,,,,0.000,0,0,0,0,0,0,10,11.196,12.445,0.315,
20,240,20,0,0.000,1879.319,1506.472,,,,0.000,0,0,0,0,0,0,10,11.004,11.176,0.448,
20,240,40,0,0.000,1879.319,1506.472,,,,0.000,0,0,0,0,0,0,10,11.152,9.528,0.491,
20,240,60,0,0.000,1879.319,1506.472,,,,0.000,0,0,0,0,0,0,10,9.539,10.487,0.458,
20,240,80,0,0.000,1879.319,1506.472,,,,0.500,3,0,0,0,2,0,8,12.585,10.786,0.355,
20,240,100,0,0.000,1879.319,1506.472,,,,3.100,5,0,2,0,6,0,2,9.794,11.989,0.663,
20,240,120,0,0.000,1879.319,1506.472,,,,3.600,4,0,0,0,10,0,0,11.641,9.837,0.554,
20,240,140,0,0.000,1879.319,1506.472,,,,4.100,5,0,2,0,8,0,0,9.735,8.107,0.561,
20,240,160,0,0.000,1879.319,1506.472,,,,3.800,5,0,2,0,8,0,0,8.588,8.999,0.693,
20,240,180,0,0.000,1879.319,1506.472,,,,3.800,5,0,1,0,9,0,0,11.364,11.703,0.632,
20,240,200,0,0.000,1879.319,1506.472,,,,3.700,5,0,2,0,8,0,0,12.526,9.534,0.546,
20,240,220,0,0.000,1879.319,1506.472,,,,4.000,5,0,4,0,6,0,0,12.468,8.721,0.506,
20,240,240,0,0.000,1879.319,1506.472,,,,3.600,5,0,1,0,9,0,0,6.982,7.187,0.447,
20,240,260,0,0.000,1879.319,1506.472,,,,3.700,5,0,1,0,9,0,0,11.355,11.154,0.462,
20,240,280,0,0.000,1879.319,1506.472,,,,3.900,5,0,3,0,7,0,0,11.174,11.616,0.565,
20,240,300,0,0.000,1879.319,1506.472,,,,3.700,5,0,1,0,9,0,0,6.499,9.813,0.480,
20,240,320,0,0.000,1879.319,1506.472,,,,3.500,4,0,0,0,10,0,0,10.198,8.498,0.718,
20,240,340,0,0.000,1879.319,1506.472,,,,3.700,5,0,1,0,9,0,0,10.943,14.065,0.555,
20,240,360,0,0.000,1879.319,1506.472,,,,3.700,5,0,1,0,9,0,0,11.074,8.049,0.608,
20,240,380,0,0.000,1879.319,1506.472,,,,3.900,5,0,2,0,8,0,0,10.110,8.840,0.594,
20,260,-100,0,0.000,1879.319,1506.472,,,,0.000,0,0,0,0,0,0,10,8.738,9.528,0.536,
20,260,-80,0,0.000,1879.319,1506.472,,,,0.000,0,0,0,0,0,0,10,9.737,9.677,0.399,
20,260,-60,0,0.000,1879.319,1506.472,,,,0.000,0,0,0,0,0,0,10,7.504,10.098,0.579,
20,260,-40,0,0.000,1879.319,1506.472,,,,0.000,0,0,0,0,0,0,10,13.564,14.068,0.325,
20,260,-20,0,0.000,1879.319,1506.472,,,,0.000,0,0,0,0,0,0,10,12.315,9.580,0.509,
20,260,0,0,0.000,1879.319,1506.472,,,,0.000,0,0,0,0,0,0,10,9.256,10.930,0.660,
20,260,20,0,0.000,1879.319,1506.472,,,,0.000,0,0,0,0,0,0,10,9.637,10.096,0.568,
20,260,40,0,0.000,1879.319,1506.472,,,,0.000,0,0,0,0,0,0,10,11.171,11.946,0.536,
20,260,60,0,0.000,1879.319,1506.472,,,,0.000,0,0,0,0,0,0,10,13.206,11.022,0.576,
20,260,80,0,0.000,1879.319,1506.472,,,,0.700,4,0,0,0,2,0,8,10.490,12.504,0.461,
20,260,100,0,0.000,1879.319,1506.472,,,,1.800,5,0,1,0,4,0,5,11.930,12.205,0.568,
20,260,120,0,0.000,1879.319,1506.472,,,,3.500,5,0,1,0,9,0,0,12.474,10.892,0.581,
20,260,140,0,0.000,1879.319,1506.472,,,,4.300,5,0,4,0,6,0,0,10.064,9.359,0.557,
20,260,160,0,0.000,1879.319,1506.472,,,,4.500,5,0,5,0,5,0,0,9.728,11.190,0.679,
20,260,180,0,0.000,1879.319,1506.472,,,,4.400,5,0,5,0,5,0,0,11.049,9.385,0.378,
20,260,200,0,0.000,1879.319,1506.472,,,,4.300,5,0,5,0,5,0,0,12.041,12.826,0.668,
20,260,220,0,0.000,1879.319,1506.472,,,,3.700,5,0,2,0,8,0,0,8.663,11.304,0.625,
20,260,240,0,0.000,1879.319,1506.472,,,,3.900,5,0,2,0,8,0,0,12.347,11.160,0.428,
20,260,260,0,0.000,1879.319,1506.472,,,,3.900,5,0,4,0,6,0,0,11.783,7.929,0.397,
20,260,280,0,0.000,1879.319,1506.472,,,,3.900,5,0,2,0,8,0,0,13.140,9.021,0.557,
20,260,300,0,0.000,1879.319,1506.472,,,,3.800,5,0,1,0,9,0,0,6.831,11.864,0.691,
20,260,320,0,0.000,1879.319,1506.472,,,,3.200,4,0,0,0,10,0,0,12.409,10.910,0.563,
20,260,340,0,0.000,1879.319,1506.472,,,,3.400,4,0,0,0,10,0,0,10.474,11.356,0.475,
20,260,360,0,0.000,1879.319,1506.472,,,,4.100,5,0,4,0,6,0,0,6.622,12.431,0.493,
20,260,380,0,0.000,1879.319,1506.472,,,,3.800,5,0,1,0,9,0,0,12.337,12.121,0.629,
20,280,-100,0,0.000,1879.319,1506.472,,,,0.000,0,0,0,0,0,0,10,7.956,9.808,0.538,
20,280,-80,0,0.000,1879.319,1506.472,,,,0.000,0,0,0,0,0,0,10,10.316,8.591,0.561,
20,280,-60,0,0.000,1879.319,1506.472,,,,0.000,0,0,0,0,0,0,10,11.450,11.230,0.461,
20,280,-40,0,0.000,1879.319,1506.472,,,,0.000,0,0,0,0,0,0,10,8.233,11.414,0.635,
20,280,-20,0,0.000,1879.319,1506.472,,,,0.000,0,0,0,0,0,0,10,13.516,8.817,0.534,
20,280,0,0,0.000,1879.319,1506.472,,,,0.000,0,0,0,0,0,0,10,11.010,11.049,0.491,
20,280,20,0,0.000,1879.319,1506.472,,,,0.000,0,0,0,0,0,0,10,8.597,10.488,0.515,
20,280,40,0,0.000,1879.319,1506.472,,,,0.000,0,0,0,0,0,0,10,11.227,11.533,0.439,
20,280,60,0,0.000,1879.319,1506.472,,,,0.000,0,0,0,0,0,0,10,9.913,11.361,0.548,
20,280,80,0,0.000,1879.319,1506.472,,,,0.000,0,0,0,0,0,0,10,11.746,5.253,0.648,
20,280,100,0,0.000,1879.319,1506.472,,,,2.100,4,0,0,0,7,0,3,13.438,12.446,0.546,
20,280,120,0,0.000,1879.319,1506.472,,,,4.000,5,0,5,0,5,0,0,10.889,9.479,0.585,
20,280,140,0,0.000,1879.319,1506.472,,,,3.800,5,0,2,0,8,0,0,12.542,9.791,0.588,
20,280,160,0,0.000,1879.319,1506.472,,,,4.200,5,0,5,0,5,0,0,10.538,12.590,0.374,
20,280,180,0,0.000,1879.319,1506.472,,,,4.100,5,0,3,0,7,0,0,11.731,8.069,0.324,
20,280,200,0,0.000,1879.319,1506.472,,,,4.400,5,0,4,0,6,0,0,10.184,11.504,0.590,
20,280,220,0,0.000,1879.319,1506.472,,,,4.200,5,0,4,0,6,0,0,10.456,11.787,0.553,
20,280,240,0,0.000,1879.319,1506.472,,,,3.800,5,0,3,0,7,0,0,11.345,13.610,0.602,
20,280,260,0,0.000,1879.319,1506.472,,,,3.900,5,0,2,0,8,0,0,11.472,12.065,0.535,
20,280,280,0,0.000,1879.319,1506.472,,,,3.900,5,0,2,0,8,0,0,10.058,12.255,0.581,
20,280,300,0,0.000,1879.319,1506.472,,,,3.800,5,0,1,0,9,0,0,10.915,12.300,0.587,
20,280,320,0,0.000,1879.319,1506.472,,,,3.900,5,0,4,0,6,0,0,10.373,12.189,0.415,
20,280,340,0,0.000,1879.319,1506.472,,,,3.600,5,0,2,0,8,0,0,6.312,8.795,0.419,
20,280,360,0,0.000,1879.319,1506.472,,,,3.700,5,0,3,0,7,0,0,10.519,12.043,0.483,
20,280,380,0,0.000,1879.319,1506.472,,,,3.700,5,0,1,0,9,0,0,11.958,13.374,0.620,
30,-200,-100,0,0.000,1795.452,1534.926,,,,0.000,0,10,0,0,0,0,0,10.099,12.232,0.660,
30,-200,-80,0,0.000,1795.452,1534.926,,,,0.000,0,10,0,0,0,0,0,11.586,9.369,0.553,
30,-200,-60,0,0.000,1795.452,1534.926,,,,0.000,0,10,0,0,0,0,0,6.690,9.035,0.568,
30,-200,-40,0,0.000,1795.452,1534.926,,,,0.000,0,10,0,0,0,0,0,12.157,12.608,0.432,
30,-200,-20,0,0.000,1795.452,1534.926,,,,0.000,0,10,0,0,0,0,0,7.102,9.661,0.438,
30,-200,0,0,0.000,1795.452,1534.926,,,,0.000,0,10,0,0,0,0,0,9.697,8.195,0.585,
30,-200,20,0,0.000,1795.452,1534.926,,,,0.000,0,10,0,0,0,0,0,12.367,9.498,0.539,
30,-200,40,0,0.000,1795.452,1534.926,,,,0.000,0,10,0,0,0,0,0,11.984,13.268,0.514,
30,-200,60,0,0.000,1795.452,1534.926,,,,0.000,0,10,0,0,0,0,0,13.753,12.002,0.514,
30,-200,80,0,0.000,1795.452,1534.926,,,,0.000,0,9,0,0,0,0,1,12.436,10.794,0.604,
30,-200,100,0,0.000,1795.452,1534.926,,,,0.000,0,6,0,0,0,0,4,9.981,6.360,0.437,
30,-200,120,0,0.000,1795.452,1534.926,,,,0.000,0,6,0,0,0,0,4,10.549,10.223,0.335,
30,-200,140,0,0.000,1795.452,1534.926,,,,0.000,0,1,0,0,0,0,9,12.312,9.481,0.457,
30,-200,160,0,0.000,1795.452,1534.926,,,,0.000,0,1,0,0,0,0,9,11.968,10.182,0.522,
30,-200,180,0,0.000,1795.452,1534.926,,,,0.000,0,0,0,0,0,0,10,6.817,11.249,0.494,
30,-200,200,0,0.000,1795.452,1534.926,,,,0.000,0,0,0,0,0,0,10,13.112,12.263,0.581,
30,-200,220,0,0.000,1795.452,1534.926,,,,0.000,0,0,0,0,0,0,10,10.566,7.998,0.562,
30,-200,240,0,0.000,1795.452,1534.926,,,,0.000,0,0,0,0,0,0,10,13.485,14.475,0.485,
30,-200,260,0,0.000,1795.452,1534.926,,,,0.000,0,0,0,0,0,0,10,9.213,10.569,0.444,
30,-200,280,0,0.000,1795.452,1534.926,,,,0.000,0,0,0,0,0,0,10,9.118,9.195,0.618,
30,-200,300,0,0.000,1795.452,1534.926,,,,0.000,0,0,0,0,0,0,10,11.422,9.512,0.547,
30,-200,320,0,0.000,1795.452,1534.926,,,,0.000,0,0,0,0,0,0,9,10.697,11.445,0.446,
30,-200,340,0,0.000,1795.452,1534.926,,,,0.000,0,0,0,0,0,0,6,10.161,10.669,0.600,
30,-200,360,0,0.000,1795.452,1534.926,,,,0.000,0,0,0,0,0,0,2,8.157,9.363,0.476,
30,-200,380,0,0.000,1795.452,1534.926,,,,0.000,0,0,0,0,0,0,0,12.226,14.316,0.571,
30,-180,-100,0,0.000,1795.452,1534.926,,,,0.000,0,10,0,0,0,0,0,10.436,11.467,0.601,
30,-180,-80,0,0.000,1795.452,1534.926,,,,0.000,0,10,0,0,0,0,0,10.472,12.216,0.523,
30,-180,-60,0,0.000,1795.452,1534.926,,,,0.000,0,10,0,0,0,0,0,11.273,9.711,0.541,
30,-180,-40,0,0.000,1795.452,1534.926,,,,0.000,0,10,0,0,0,0,0,10.284,13.953,0.535,
30,-180,-20,0,0.000,1795.452,1534.926,,,,0.000,0,10,0,0,0,0,0,12.045,10.331,0.369,
30,-180,0,0,0.000,1795.452,1534.926,,,,0.000,0,10,0,0,0,0,0,10.163,13.849,0.468,
30,-180,20,0,0.000,1795.452,1534.926,,,,0.000,0,10,0,0,0,0,0,9.640,13.172,0.605,
30,-180,40,0,0.000,1795.452,1534.926,,,,0.000,0,10,0,0,0,0,0,8.931,10.472,0.473,
30,-180,60,0,0.000,1795.452,1534.926,,,,0.000,0,8,0,0,0,0,2,10.848,11.474,0.580,
30,-180,80,0,0.000,1795.452,1534.926,,,,0.000,0,5,0,0,0,0,5,12.712,10.963,0.387,
30,-180,100,0,0.000,1795.452,1534.926,,,,0.000,0,3,0,0,0,0,7,11.186,12.687,0.526,
30,-180,120,0,0.000,1795.452,1534.926,,,,0.000,0,1,0,0,0,0,9,10.357,10.865,0.550,
30,-180,140,0,0.000,1795.452,1534.926,,,,0.000,0,0,0,0,0,0,10,15.216,10.412,0.597,
30,-180,160,0,0.000,1795.452,1534.926,,,,0.000,0,0,0,0,0,0,10,13.030,9.761,0.516,
30,-180,180,0,0.000,1795.452,1534.926,,,,0.000,0,0,0,0,0,0,10,7.280,13.813,0.505,
30,-180,200,0,0.000,1795.452,1534.926,,,,0.000,0,0,0,0,0,0,10,13.019,12.122,0.771,
30,-180,220,0,0.000,1795.452,1534.926,,,,0.000,0,0,0,0,0,0,10,7.407,12.490,0.648,
30,-180,240,0,0.000,1795.452,1534.926,,,,0.000,0,0,0,0,0,0,10,14.707,11.340,0.480,
30,-180,260,0,0.000,1795.452,1534.926,,,,0.000,0,0,0,0,0,0,10,11.034,11.630,0.616,
30,-180,280,0,0.000,1795.452,1534.926,,,,0.000,0,0,0,0,0,0,8,10.560,10.827,0.551,
30,-180,300,0,0.000,1795.452,1534.926,,,,0.000,0,0,0,0,0,0,8,9.553,11.515,0.476,
30,-180,320,0,0.000,1795.452,1534.926,,,,0.000,0,0,0,0,0,0,6,9.792,11.708,0.501,
30,-180,340,0,0.000,1795.452,1534.926,,,,0.000,0,0,0,0,0,0,1,10.315,10.133,0.509,
30,-180,360,0,0.000,1795.452,1534.926,,,,0.000,0,0,0,1,0,0,1,9.266,11.767,0.556,
30,-180,380,0,0.000,1795.452,1534.926,,,,0.000,0,0,0,5,0,0,0,7.596,7.207,0.445,
30,-160,-100,0,0.000,1795.452,1534.926,,,,0.000,0,10,0,0,0,0,0,12.284,9.511,0.599,
30,-160,-80,0,0.000,1795.452,1534.926,,,,0.000,0,10,0,0,0,0,0,12.336,10.930,0.508,
30,-160,-60,0,0.000,1795.452,1534.926,,,,0.000,0,10,0,0,0,0,0,9.884,12.911,0.558,
30,-160,-40,0,0.000,1795.452,1534.926,,,,0.000,0,10,0,0,0,0,0,12.016,7.770,0.431,
30,-160,-20,0,0.000,1795.452,1534.926,,,,0.000,0,10,0,0,0,0,0,11.952,11.336,0.623,
30,-160,0,0,0.000,1795.452,1534.926,,,,0.000,0,10,0,0,0,0,0,8.690,12.968,0.635,
30,-160,20,0,0.000,1795.452,1534.926,,,,0.000,0,7,0,0,0,0,3,14.770,12.707,0.348,
30,-160,40,0,0.000,1795.452,1534.926,,,,0.000,0,8,0,0,0,0,2,11.538,10.981,0.454,
30,-160,60,0,0.000,1795.452,1534.926,,,,0.000,0,4,0,0,0,0,6,11.168,13.041,0.529,
30,-160,80,0,0.000,1795.452,1534.926,,,,0.000,0,0,0,0,0,0,10,11.854,14.138,0.506,
30,-160,100,0,0.000,1795.452,1534.926,,,,0.000,0,0,0,0,0,0,10,12.129,7.176,0.434,
30,-160,120,0,0.000,1795.452,1534.926,,,,0.000,0,0,0,0,0,0,10,9.358,13.450,0.528,
30,-160,140,0,0.000,1795.452,1534.926,,,,0.000,0,0,0,0,0,0,10,11.215,11.079,0.420,
30,-160,160,0,0.000,1795.452,1534.926,,,,0.000,0,0,0,0,0,0,10,14.079,10.111,0.492,
30,-160,180,0,0.000,1795.452,1534.926,,,,0.000,0,0,0,0,0,0,10,11.573,14.086,0.661,
30,-160,200,0,0.000,1795.452,1534.926,,,,0.000,0,0,0,0,0,0,10,11.023,8.446,0.702,
30,-160,220,0,0.000,1795.452,1534.926,,,,0.000,0,0,0,0,0,0,10,13.407,9.741,0.666,
30,-160,240,0,0.000,1795.452,1534.926,,,,0.000,0,0,0,0,0,0,10,9.294,12.525,0.648,
30,-160,260,0,0.000,1795.452,1534.926,,,,0.000,0,0,0,0,0,0,9,12.074,10.134,0.650,
30,-160,280,0,0.000,1795.452,1534.926,,,,0.000,0,0,0,0,0,0,5,10.936,9.871,0.559,
30,-160,300,0,0.000,1795.452,1534.926,,,,0.000,0,0,0,0,0,0,2,11.173,9.932,0.544,
30,-160,320,0,0.000,1795.452,1534.926,,,,0.000,0,0,0,0,0,0,0,8.821,8.307,0.573,
30,-160,340,0,0.000,1795.452,1534.926,,,,0.000,0,0,0,1,0,1,0,15.677,8.118,0.530,
30,-160,360,0,0.000,1795.452,1534.926,,,,0.000,0,0,0,4,0,0,0,12.379,12.425,0.577,
30,-160,380,0,10.000,1795.452,1534.926,1795.135,1535.274,0.471,0.000,0,0,0,5,0,0,0,9.414,9.959,0.412,0.000
30,-140,-100,0,0.000,1795.452,1534.926,,,,0.000,0,10,0,0,0,0,0,14.601,13.161,0.409,
30,-140,-80,0,0.000,1795.452,1534.926,,,,0.000,0,10,0,0,0,0,0,6.749,8.962,0.541,
30,-140,-60,0,0.000,1795.452,1534.926,,,,0.000,0,10,0,0,0,0,0,13.180,8.072,0.560,
30,-140,-40,0,0.000,1795.452,1534.926,,,,0.000,0,10,0,0,0,0,0,11.094,11.252,0.413,
30,-140,-20,0,0.000,1795.452,1534.926,,,,0.000,0,9,0,0,0,0,1,8.104,10.150,0.533,
30,-140,0,0,0.000,1795.452,1534.926,,,,0.000,0,7,0,0,0,0,3,12.836,13.815,0.483,
30,-140,20,0,0.000,1795.452,1534.926,,,,0.000,0,3,0,0,0,0,7,11.962,12.523,0.542,
30,-140,40,0,0.000,1795.452,1534.926,,,,0.000,0,1,0,0,0,0,9,10.663,11.709,0.578,
30,-140,60,0,0.000,1795.452,1534.926,,,,0.000,0,1,0,0,0,0,9,14.507,10.675,0.459,
30,-140,80,0,0.000,1795.452,1534.926,,,,0.000,0,0,0,0,0,0,10,10.806,11.785,0.637,
30,-140,100,0,0.000,1795.452,1534.926,,,,0.000,0,0,0,0,0,0,10,14.799,12.836,0.563,
30,-140,120,0,0.000,1795.452,1534.926,,,,0.000,0,0,0,0,0,0,10,10.728,8.780,0.549,
30,-140,140,0,0.000,1795.452,1534.926,,,,0.000,0,0,0,0,0,0,10,13.849,13.414,0.577,
30,-140,160,0,0.000,1795.452,1534.926,,,,0.000,0,0,0,0,0,0,10,11.047,11.512,0.391,
30,-140,180,0,0.000,1795.452,1534.926,,,,0.000,0,0,0,0,0,0,10,11.838,11.175,0.576,
30,-140,200,0,0.000,1795.452,1534.926,,,,0.000,0,0,0,0,0,0,9,13.706,10.598,0.621,
30,-140,220,0,0.000,1795.452,1534.926,,,,0.000,0,0,0,0,0,0,9,8.514,11.342,0.563,
30,-140,240,0,0.000,1795.452,1534.926,,,,0.000,0,0,0,0,0,0,5,12.100,11.157,0.530,
30,-140,260,0,0.000,1795.452,1534.926,,,,0.000,0,0,0,0,0,0,4,9.658,12.650,0.424,
30,-140,280,0,0.000,1795.452,1534.926,,,,0.000,0,0,0,0,0,0,2,11.520,11.910,0.630,
30,-140,300,0,0.000,1795.452,1534.926,,,,0.000,0,0,0,0,0,0,0,13.449,12.608,0.631,
30,-140,320,0,10.000,1795.452,1534.926,1795.160,1535.254,0.440,0.000,0,0,0,0,0,0,0,10.931,10.479,0.318,0.000
30,-140,340,0,0.000,1795.452,1534.926,,,,0.000,0,0,0,4,0,1,0,8.109,13.581,0.458,
30,-140,360,0,10.000,1795.452,1534.926,1795.109,1535.311,0.516,0.000,0,0,0,6,0,0,0,11.629,11.392,0.732,0.000
30,-140,380,0,30.000,1795.452,1534.926,1795.115,1535.263,0.477,0.000,0,0,0,3,0,4,0,10.820,10.760,0.337,0.000
30,-120,-100,0,0.000,1795.452,1534.926,,,,0.000,0,10,0,0,0,0,0,12.010,11.095,0.590,
30,-120,-80,0,0.000,1795.452,1534.926,,,,0.000,0,10,0,0,0,0,0,11.904,11.036,0.560,
30,-120,-60,0,0.000,1795.452,1534.926,,,,0.000,0,9,0,0,0,0,1,8.798,10.215,0.534,
30,-120,-40,0,0.000,1795.452,1534.926,,,,0.000,0,8,0,0,0,0,2,12.142,9.472,0.582,
30,-120,-20,0,0.000,1795.452,1534.926,,,,0.000,0,4,0,0,0,0,6,8.470,8.717,0.532,
30,-120,0,0,0.000,1795.452,1534.926,,,,0.000,0,0,0,0,0,0,10,10.183,9.623,0.568,
30,-120,20,0,0.000,1795.452,1534.926,,,,0.000,0,0,0,0,0,0,10,12.299,9.080,0.488,
30,-120,40,0,0.000,1795.452,1534.926,,,,0.000,0,0,0,0,0,0,10,8.298,9.787,0.301,
30,-120,60,0,0.000,1795.452,1534.926,,,,0.000,0,0,0,0,0,0,10,11.146,8.252,0.649,
30,-120,80,0,0.000,1795.452,1534.926,,,,0.000,0,0,0,0,0,0,10,9.419,10.810,0.435,
30,-120,100,0,0.000,1795.452,1534.926,,,,0.000,0,0,0,0,0,0,10,10.237,10.112,0.419,
30,-120,120,0,0.000,1795.452,1534.926,,,,0.000,0,0,0,0,0,0,10,12.192,11.309,0.496,
30,-120,140,0,0.000,1795.452,1534.926,,,,0.000,0,0,0,0,0,0,10,11.773,10.640,0.521,
30,-120,160,0,0.000,1795.452,1534.926,,,,0.000,0,0,0,0,0,0,10,11.380,10.035,0.488,
30,-120,180,0,0.000,1795.452,1534.926,,,,0.000,0,0,0,0,0,0,8,10.288,11.029,0.714,
30,-120,200,0,0.000,1795.452,1534.926,,,,0.000,0,0,0,0,0,0,8,11.617,9.215,0.582,
30,-120,220,0,0.000,1795.452,1534.926,,,,0.000,0,0,0,0,0,0,1,4.764,12.314,0.665,
30,-120,240,0,0.000,1795.452,1534.926,,,,0.000,0,0,0,0,0,0,4,12.950,10.194,0.580,
30,-120,260,0,0.000,1795.452,1534.926,,,,0.000,0,0,0,0,0,0,0,13.302,9.626,0.580,
30,-120,280,0,0.000,1795.452,1534.926,,,,0.000,0,0,0,0,0,1,0,12.468,11.924,0.543,
30,-120,300,0,20.000,1795.452,1534.926,1795.067,1535.211,0.479,0.000,0,0,0,0,0,0,0,10.513,10.375,0.594,0.000
30,-120,320,0,0.000,1795.452,1534.926,,,,0.000,0,0,0,1,0,0,0,8.988,10.898,0.694,
30,-120,340,0,10.000,1795.452,1534.926,1795.142,1535.271,0.464,0.000,0,0,0,2,0,1,0,9.677,9.361,0.489,0.000
30,-120,360,0,10.000,1795.452,1534.926,1795.107,1535.286,0.499,0.000,0,0,0,4,0,2,0,10.992,9.508,0.525,0.000
30,-120,380,0,20.000,1795.452,1534.926,1795.110,1535.283,0.495,0.000,0,0,0,4,0,2,0,12.778,12.846,0.566,0.000
30,-100,-100,0,0.000,1795.452,1534.926,,,,0.000,0,9,0,0,0,0,1,10.370,13.584,0.631,
30,-100,-80,0,0.000,1795.452,1534.926,,,,0.000,0,9,0,0,0,0,1,10.226,13.058,0.629,
30,-100,-60,0,0.000,1795.452,1534.926,,,,0.000,0,3,0,0,0,0,7,12.376,8.737,0.572,
30,-100,-40,0,0.000,1795.452,1534.926,,,,0.000,0,2,0,0,0,0,8,12.763,9.656,0.536,
30,-100,-20,0,0.000,1795.452,1534.926,,,,0.000,0,0,0,0,0,0,10,9.376,9.853,0.432,
30,-100,0,0,0.000,1795.452,1534.926,,,,0.000,0,1,0,0,0,0,9,8.890,11.258,0.478,
30,-100,20,0,0.000,1795.452,1534.926,,,,0.000,0,0,0,0,0,0,10,10.017,10.906,0.311,
30,-100,40,0,0.000,1795.452,1534.926,,,,0.000,0,0,0,0,0,0,10,9.653,11.102,0.697,
30,-100,60,0,0.000,1795.452,1534.926,,,,0.000,0,0,0,0,0,0,10,12.301,9.302,0.464,
30,-100,80,0,0.000,1795.452,1534.926,,,,0.000,0,0,0,0,0,0,10,10.507,8.960,0.597,
30,-100,100,0,0.000,1795.452,1534.926,,,,0.000,0,0,0,0,0,0,10,9.818,11.573,0.539,
30,-100,120,0,0.000,1795.452,1534.926,,,,0.000,0,0,0,0,0,0,10,7.790,10.085,0.615,
30,-100,140,0,0.000,1795.452,1534.926,,,,0.000,0,0,0,0,0,0,10,8.656,12.208,0.551,
30,-100,160,0,0.000,1795.452,1534.926,,,,0.000,0,0,0,0,0,0,9,10.962,9.162,0.595,
30,-100,180,0,0.000,1795.452,1534.926,,,,0.000,0,0,0,0,0,0,1,10.932,10.598,0.471,
30,-100,200,0,0.000,1795.452,1534.926,,,,0.000,0,0,0,0,0,0,3,13.256,11.473,0.574,
30,-100,220,0,10.000,1795.452,1534.926,1795.108,1535.285,0.497,0.000,0,0,0,0,0,0,0,9.039,10.110,0.576,0.000
30,-100,240,0,0.000,1795.452,1534.926,,,,0.000,0,0,0,0,0,0,0,10.310,10.962,0.514,
30,-100,260,0,0.000,1795.452,1534.926,,,,0.000,0,0,0,0,0,1,0,9.370,11.809,0.581,
30,-100,280,0,20.000,1795.452,1534.926,1795.122,1535.276,0.481,0.000,0,0,0,0,0,2,0,5.758,11.942,0.330,0.000
30,-100,300,0,30.000,1795.452,1534.926,1795.078,1535.256,0.498,0.000,0,0,0,0,0,2,0,9.834,10.837,0.393,0.000
30,-100,320,0,10.000,1795.452,1534.926,1795.086,1535.275,0.506,0.000,0,0,0,0,0,2,0,11.673,7.944,0.591,0.000
30,-100,340,0,50.000,1795.452,1534.926,1795.111,1535.265,0.481,0.000,0,0,0,0,0,4,0,10.515,11.119,0.542,0.000
30,-100,360,0,50.000,1795.452,1534.926,1795.096,1535.264,0.491,0.000,0,0,0,0,0,1,0,10.625,11.521,0.631,0.000
30,-100,380,0,30.000,1795.452,1534.926,1795.103,1535.258,0.482,0.000,0,0,0,1,0,4,0,13.463,9.103,0.606,0.000
30,-80,-100,0,0.000,1795.452,1534.926,,,,0.000,0,7,0,0,0,0,3,12.589,8.400,0.650,
30,-80,-80,0,0.000,1795.452,1534.926,,,,0.000,0,1,0,0,0,0,9,7.180,10.347,0.486,
30,-80,-60,0,0.000,1795.452,1534.926,,,,0.000,0,0,0,0,0,0,10,6.382,9.993,0.610,
30,-80,-40,0,0.000,1795.452,1534.926,,,,0.000,0,0,0,0,0,0,10,11.092,14.952,0.494,
30,-80,-20,0,0.000,1795.452,1534.926,,,,0.000,0,0,0,0,0,0,10,8.821,10.853,0.444,
30,-80,0,0,0.000,1795.452,1534.926,,,,0.000,0,0,0,0,0,0,10,10.723,11.659,0.645,
30,-80,20,0,0.000,1795.452,1534.926,,,,0.000,0,0,0,0,0,0,10,11.778,10.048,0.399,
30,-80,40,0,0.000,1795.452,1534.926,,,,0.000,0,0,0,0,0,0,10,10.402,11.156,0.459,
30,-80,60,0,0.000,1795.452,1534.926,,,,0.000,0,0,0,0,0,0,10,12.874,11.500,0.543,
30,-80,80,0,0.000,1795.452,1534.926,,,,0.000,0,0,0,0,0,0,10,11.553,12.970,0.588,
30,-80,100,0,0.000,1795.452,1534.926,,,,0.000,0,0,0,0,0,0,10,9.104,11.461,0.434,
30,-80,120,0,0.000,1795.452,1534.926,,,,0.000,0,0,0,0,0,0,9,9.222,13.272,0.571,
30,-80,140,0,0.000,1795.452,1534.926,,,,0.000,0,0,0,0,0,0,8,8.010,10.743,0.400,
30,-80,160,0,0.000,1795.452,1534.926,,,,0.000,0,0,0,0,0,0,4,9.384,12.185,0.650,
30,-80,180,0,0.000,1795.452,1534.926,,,,0.000,0,0,0,0,0,1,0,12.428,10.564,0.514,
30,-80,200,0,10.000,1795.452,1534.926,1795.108,1535.285,0.497,0.000,0,0,0,0,0,0,0,8.584,11.401,0.461,0.000
30,-80,220,0,30.000,1795.452,1534.926,1795.120,1535.277,0.483,0.000,0,0,0,0,0,0,0,7.623,13.248,0.474,0.000
30,-80,240,0,20.000,1795.452,1534.926,1795.098,1535.277,0.499,0.000,0,0,0,0,0,3,0,8.232,10.311,0.610,0.000
30,-80,260,0,20.000,1795.452,1534.926,1795.080,1535.245,0.490,0.000,0,0,0,0,0,3,0,10.298,12.518,0.594,0.000
30,-80,280,0,10.000,1795.452,1534.926,1795.127,1535.272,0.475,0.000,0,0,0,0,0,7,0,9.941,12.554,0.644,0.000
30,-80,300,0,60.000,1795.452,1534.926,1795.125,1535.275,0.478,0.000,0,0,0,0,0,3,0,11.515,10.129,0.559,0.000
30,-80,320,0,50.000,1795.452,1534.926,1795.114,1535.259,0.475,0.000,0,0,0,0,0,4,0,10.034,13.166,0.589,0.000
30,-80,340,0,60.000,1795.452,1534.926,1795.102,1535.276,0.495,0.000,0,0,0,0,0,3,0,11.670,10.779,0.516,0.000
30,-80,360,0,40.000,1795.452,1534.926,1795.084,1535.242,0.485,0.000,0,0,0,0,0,5,0,8.697,12.916,0.617,0.000
30,-80,380,0,40.000,1795.452,1534.926,1795.110,1535.261,0.479,0.000,0,0,0,0,0,6,0,10.141,11.580,0.532,0.000
30,-60,-100,0,0.000,1795.452,1534.926,,,,0.000,0,2,0,0,0,0,8,12.773,7.402,0.416,
30,-60,-80,0,0.000,1795.452,1534.926,,,,0.000,0,0,0,0,0,0,10,9.967,10.548,0.490,
30,-60,-60,0,0.000,1795.452,1534.926,,,,0.000,0,0,0,0,0,0,10,9.575,9.262,0.517,
30,-60,-40,0,0.000,1795.452,1534.926,,,,0.000,0,0,0,0,0,0,10,11.662,11.441,0.563,
30,-60,-20,0,0.000,1795.452,1534.926,,,,0.000,0,0,0,0,0,0,10,6.180,11.130,0.572,
30,-60,0,0,0.000,1795.452,1534.926,,,,0.000,0,0,0,0,0,0,10,12.703,8.966,0.515,
30,-60,20,0,0.000,1795.452,1534.926,,,,0.000,0,0,0,0,0,0,10,10.921,10.450,0.528,
30,-60,40,0,0.000,1795.452,1534.926,,,,0.000,0,0,0,0,0,0,10,11.446,11.314,0.504,
30,-60,60,0,0.000,1795.452,1534.926,,,,0.000,0,0,0,0,0,0,10,12.595,9.642,0.623,
30,-60,80,0,0.000,1795.452,1534.926,,,,0.000,0,0,0,0,0,0,9,12.174,9.939,0.625,
30,-60,100,0,0.000,1795.452,1534.926,,,,0.000,0,0,0,0,0,0,3,9.833,13.245,0.523,
30,-60,120,0,0.000,1795.452,1534.926,,,,0.000,0,0,0,0,0,0,4,8.184,10.037,0.530,
30,-60,140,0,0.000,1795.452,1534.926,,,,0.000,0,0,0,0,0,1,1,9.856,10.190,0.346,
30,-60,160,0,10.000,1795.452,1534.926,1795.063,1535.229,0.493,0.000,0,0,0,0,0,2,0,12.315,12.353,0.461,0.000
30,-60,180,0,20.000,1795.452,1534.926,1795.117,1535.280,0.487,0.000,0,0,0,0,0,1,0,11.136,10.543,0.624,0.000
30,-60,200,0,30.000,1795.452,1534.926,1795.111,1535.277,0.489,0.000,0,0,0,0,0,1,0,10.575,13.349,0.662,0.000
30,-60,220,0,30.000,1795.452,1534.926,1795.088,1535.244,0.483,0.000,0,0,0,0,0,2,0,12.464,8.710,0.648,0.000
30,-60,240,0,40.000,1795.452,1534.926,1795.077,1535.243,0.492,0.000,0,0,0,0,0,4,0,11.355,15.131,0.359,0.000
30,-60,260,0,70.000,1795.452,1534.926,1795.101,1535.270,0.492,0.000,0,0,0,0,0,0,0,11.629,12.606,0.613,0.000
30,-60,280,0,70.000,1795.452,1534.926,1795.085,1535.251,0.490,0.000,0,0,0,0,0,3,0,9.104,13.191,0.573,0.000
30,-60,300,0,40.000,1795.452,1534.926,1795.081,1535.252,0.494,0.000,0,0,0,0,0,6,0,8.772,9.447,0.620,0.000
30,-60,320,0,50.000,1795.452,1534.926,1795.109,1535.254,0.475,0.000,0,0,0,0,0,5,0,12.501,13.156,0.588,0.000
30,-60,340,0,30.000,1795.452,1534.926,1795.130,1535.268,0.470,0.000,0,0,0,0,0,7,0,7.672,8.449,0.608,0.000
30,-60,360,0,30.000,1795.452,1534.926,1795.082,1535.250,0.492,0.100,1,0,0,0,0,7,0,8.433,8.496,0.436,0.000
30,-60,380,0,40.000,1795.452,1534.926,1795.262,1535.133,0.281,0.000,0,0,0,0,0,6,0,10.272,12.762,0.532,0.000
30,-40,-100,0,0.000,1795.452,1534.926,,,,0.000,0,0,0,0,0,0,10,9.628,11.322,0.521,
30,-40,-80,0,0.000,1795.452,1534.926,,,,0.000,0,0,0,0,0,0,10,11.335,9.644,0.402,
30,-40,-60,0,0.000,1795.452,1534.926,,,,0.000,0,0,0,0,0,0,10,11.308,10.930,0.436,
30,-40,-40,0,0.000,1795.452,1534.926,,,,0.000,0,0,0,0,0,0,10,7.038,9.621,0.231,
30,-40,-20,0,0.000,1795.452,1534.926,,,,0.000,0,0,0,0,0,0,10,12.957,10.274,0.575,
30,-40,0,0,0.000,1795.452,1534.926,,,,0.000,0,0,0,0,0,0,10,10.987,13.071,0.562,
30,-40,20,0,0.000,1795.452,1534.926,,,,0.000,0,0,0,0,0,0,10,10.030,11.558,0.422,
30,-40,40,0,0.000,1795.452,1534.926,,,,0.000,0,0,0,0,0,0,10,9.690,10.596,0.535,
30,-40,60,0,0.000,1795.452,1534.926,,,,0.000,0,0,0,0,0,0,8,8.595,10.449,0.623,
30,-40,80,0,0.000,1795.452,1534.926,,,,0.000,0,0,0,0,0,1,4,11.900,9.986,0.571,
30,-40,100,0,10.000,1795.452,1534.926,1795.141,1535.262,0.458,0.000,0,0,0,0,0,3,1,9.793,11.982,0.512,0.000
30,-40,120,0,20.000,1795.452,1534.926,1795.106,1535.253,0.476,0.000,0,0,0,0,0,0,1,9.018,14.549,0.389,0.000
30,-40,140,0,50.000,1795.452,1534.926,1795.112,1535.283,0.493,0.000,0,0,0,0,0,1,0,12.642,10.138,0.494,0.000
30,-40,160,0,30.000,1795.452,1534.926,1795.116,1535.281,0.489,0.000,0,0,0,0,0,5,0,9.186,10.794,0.421,0.000
30,-40,180,0,20.000,1795.452,1534.926,1795.120,1535.256,0.468,0.000,0,0,0,0,0,8,0,8.309,12.415,0.562,0.000
30,-40,200,0,50.000,1795.452,1534.926,1795.117,1535.270,0.480,0.000,0,0,0,0,0,4,0,11.587,9.230,0.634,0.000
30,-40,220,0,50.000,1795.452,1534.926,1795.116,1535.274,0.484,0.000,0,0,0,0,0,5,0,9.525,7.147,0.562,0.000
30,-40,240,0,20.000,1795.452,1534.926,1795.125,1535.273,0.477,0.000,0,0,0,0,0,8,0,7.412,9.589,0.583,0.000
30,-40,260,0,40.000,1795.452,1534.926,1795.098,1535.256,0.484,0.000,0,0,0,0,0,6,0,10.708,10.321,0.335,0.000
30,-40,280,0,40.000,1795.452,1534.926,1795.086,1535.235,0.479,0.100,1,0,0,0,0,6,0,12.303,9.106,0.532,0.000
30,-40,300,0,50.000,1795.452,1534.926,1796.305,1534.409,0.997,0.100,1,0,0,0,0,5,0,11.312,14.081,0.396,0.000
30,-40,320,0,60.000,1795.452,1534.926,1795.635,1534.876,0.190,0.100,1,0,0,0,0,4,0,11.920,11.458,0.468,0.000
30,-40,340,0,70.000,1795.452,1534.926,1795.365,1535.062,0.162,0.200,1,0,0,0,0,3,0,11.689,8.735,0.585,0.000
30,-40,360,0,80.000,1795.452,1534.926,1795.105,1535.254,0.478,0.200,1,0,0,0,0,2,0,12.543,10.756,0.559,0.000
30,-40,380,0,60.000,1795.452,1534.926,1795.155,1535.211,0.412,0.300,2,0,0,0,0,4,0,12.795,10.007,0.445,0.000
30,-20,-100,0,0.000,1795.452,1534.926,,,,0.000,0,0,0,0,0,0,10,7.879,10.029,0.555,
30,-20,-80,0,0.000,1795.452,1534.926,,,,0.000,0,0,0,0,0,0,10,12.142,13.754,0.701,
30,-20,-60,0,0.000,1795.452,1534.926,,,,0.000,0,0,0,0,0,0,10,12.040,10.362,0.599,
30,-20,-40,0,0.000,1795.452,1534.926,,,,0.000,0,0,0,0,0,0,10,11.257,12.494,0.461,
30,-20,-20,0,0.000,1795.452,1534.926,,,,0.000,0,0,0,0,0,0,10,9.288,14.368,0.489,
30,-20,0,0,10.000,1795.452,1534.926,1795.095,1535.294,0.513,0.000,0,0,0,0,0,0,9,9.791,9.407,0.481,0.000
30,-20,20,0,20.000,1795.452,1534.926,1795.083,1535.246,0.489,0.000,0,0,0,0,0,0,6,10.231,12.704,0.614,0.000
30,-20,40,0,30.000,1795.452,1534.926,1795.421,1534.965,0.049,0.000,0,0,0,0,0,1,4,12.201,14.366,0.401,0.000
30,-20,60,0,10.000,1795.452,1534.926,1795.072,1535.196,0.466,0.000,0,0,0,0,0,1,3,11.164,7.986,0.475,0.000
30,-20,80,0,40.000,1795.452,1534.926,1795.746,1534.779,0.329,0.000,0,0,0,0,0,2,0,13.219,8.351,0.551,0.000
30,-20,100,0,40.000,1795.452,1534.926,1795.967,1534.634,0.592,0.000,0,0,0,0,0,1,0,12.221,11.914,0.470,0.000
30,-20,120,0,90.000,1795.452,1534.926,1795.094,1535.259,0.489,0.000,0,0,0,0,0,0,0,9.261,10.168,0.400,0.000
30,-20,140,0,70.000,1795.452,1534.926,1795.194,1535.190,0.370,0.000,0,0,0,0,0,2,0,11.024,11.089,0.526,0.000
30,-20,160,0,70.000,1795.452,1534.926,1795.104,1535.272,0.490,0.000,0,0,0,0,0,1,0,11.889,10.651,0.577,0.000
30,-20,180,0,80.000,1795.452,1534.926,1795.484,1535.005,0.085,0.100,1,0,0,0,0,2,0,8.536,8.626,0.609,0.000
30,-20,200,0,70.000,1795.452,1534.926,1796.077,1534.554,0.727,0.000,0,0,0,0,0,3,0,11.063,9.299,0.538,0.000
30,-20,220,0,90.000,1795.452,1534.926,1795.795,1534.767,0.378,0.000,0,0,0,0,0,1,0,9.607,9.936,0.485,0.000
30,-20,240,0,80.000,1795.452,1534.926,1796.818,1534.028,1.635,0.300,3,0,0,0,0,2,0,10.764,10.349,0.514,0.000
30,-20,260,0,70.000,1795.452,1534.926,1795.681,1534.807,0.258,0.100,1,0,0,0,0,3,0,8.371,9.051,0.568,0.000
30,-20,280,0,70.000,1795.452,1534.926,1797.118,1533.815,2.002,0.200,1,0,0,0,0,3,0,11.285,13.442,0.605,0.000
30,-20,300,0,70.000,1795.452,1534.926,1796.078,1534.547,0.732,0.300,1,0,0,0,2,1,0,9.546,10.580,0.412,0.000
30,-20,320,0,70.000,1795.452,1534.926,1795.927,1534.690,0.530,0.300,1,0,0,0,0,3,0,7.036,14.597,0.519,0.000
30,-20,340,0,80.000,1795.452,1534.926,1796.521,1534.254,1.262,0.600,3,0,0,0,2,0,0,11.436,13.858,0.658,0.000
30,-20,360,0,80.000,1795.452,1534.926,1796.957,1533.941,1.798,0.800,2,0,0,0,1,1,0,11.488,8.230,0.476,0.000
30,-20,380,0,80.000,1795.452,1534.926,1797.423,1533.608,2.371,0.700,3,0,0,0,0,2,0,10.454,11.241,0.593,0.000
30,0,-100,0,0.000,1795.452,1534.926,,,,0.000,0,0,0,0,0,0,10,11.745,11.305,0.571,
30,0,-80,0,0.000,1795.452,1534.926,,,,0.000,0,0,0,0,0,0,10,11.735,6.192,0.594,
30,0,-60,0,0.000,1795.452,1534.926,,,,0.000,0,0,0,0,0,0,10,12.674,12.184,0.637,
30,0,-40,0,0.000,1795.452,1534.926,,,,0.000,0,0,0,0,0,0,10,13.720,11.552,0.464,
30,0,-20,0,0.000,1795.452,1534.926,,,,0.000,0,0,0,0,0,0,10,9.294,12.002,0.445,
30,0,0,0,30.000,1795.452,1534.926,1798.323,1532.957,3.481,0.400,3,0,0,0,0,0,7,8.281,11.128,0.567,0.000
30,0,20,0,20.000,1795.452,1534.926,1795.100,1535.207,0.451,0.300,3,0,0,0,1,0,6,10.421,12.292,0.596,0.000
30,0,40,0,60.000,1795.452,1534.926,1795.109,1535.277,0.491,0.300,1,0,0,0,0,1,1,12.566,11.812,0.521,0.000
30,0,60,0,70.000,1795.452,1534.926,1795.158,1535.213,0.411,0.100,1,0,0,0,0,2,0,8.851,11.224,0.497,0.000
30,0,80,0,70.000,1795.452,1534.926,1795.335,1535.095,0.205,0.200,1,0,0,0,0,3,0,8.894,11.106,0.557,0.000
30,0,100,0,60.000,1795.452,1534.926,1795.622,1534.895,0.173,0.100,1,0,0,0,0,4,0,8.518,9.201,0.306,0.000
30,0,120,0,100.000,1795.452,1534.926,1795.304,1535.084,0.216,0.400,1,0,0,0,0,0,0,10.622,11.897,0.621,0.000
30,0,140,0,60.000,1795.452,1534.926,1796.043,1534.618,0.667,0.400,1,0,0,0,0,3,0,9.209,12.378,0.549,0.000
30,0,160,0,80.000,1795.452,1534.926,1795.643,1534.869,0.199,0.200,1,0,0,0,0,2,0,11.884,9.854,0.572,0.000
30,0,180,0,100.000,1795.452,1534.926,1795.965,1534.641,0.587,0.400,1,0,0,0,0,0,0,9.635,12.213,0.579,0.000
30,0,200,0,100.000,1795.452,1534.926,1795.794,1534.779,0.372,0.300,1,0,0,0,0,0,0,10.477,13.453,0.563,0.000
30,0,220,0,100.000,1795.452,1534.926,1795.998,1534.619,0.626,0.400,1,0,0,0,0,0,0,10.916,10.953,0.492,0.000
30,0,240,0,70.000,1795.452,1534.926,1796.354,1534.360,1.065,0.400,1,0,0,0,1,2,0,13.816,8.429,0.535,0.000
30,0,260,0,100.000,1795.452,1534.926,1795.951,1534.642,0.574,0.400,2,0,0,0,0,0,0,9.662,11.583,0.471,0.000
30,0,280,0,90.000,1795.452,1534.926,1796.391,1534.339,1.107,0.300,1,0,0,0,1,0,0,11.428,7.488,0.575,0.000
30,0,300,0,90.000,1795.452,1534.926,1795.869,1534.700,0.475,0.300,2,0,0,0,0,1,0,7.577,9.661,0.536,0.000
30,0,320,0,90.000,1795.452,1534.926,1796.259,1534.415,0.955,1.100,3,0,0,0,1,0,0,12.115,10.292,0.471,0.000
30,0,340,0,100.000,1795.452,1534.926,1796.384,1534.318,1.113,0.500,1,0,0,0,0,0,0,12.285,8.830,0.746,0.000
30,0,360,0,90.000,1795.452,1534.926,1796.846,1534.004,1.672,0.600,3,0,0,0,1,0,0,11.763,12.039,0.640,0.000
30,0,380,0,70.000,1795.452,1534.926,1795.741,1534.806,0.313,1.200,3,0,0,0,2,1,0,9.341,9.853,0.507,0.000
30,20,-100,0,0.000,1795.452,1534.926,,,,0.000,0,0,0,0,0,0,10,12.972,11.563,0.513,
30,20,-80,0,0.000,1795.452,1534.926,,,,0.000,0,0,0,0,0,0,10,14.896,12.120,0.565,
30,20,-60,0,0.000,1795.452,1534.926,,,,0.000,0,0,0,0,0,0,10,8.173,10.854,0.451,
30,20,-40,0,0.000,1795.452,1534.926,,,,0.000,0,0,0,0,0,0,10,8.716,11.370,0.478,
30,20,-20,0,0.000,1795.452,1534.926,,,,0.000,0,0,0,0,0,0,10,12.439,9.308,0.630,
30,20,0,0,40.000,1795.452,1534.926,1799.466,1532.173,4.868,0.900,4,0,0,0,1,0,5,10.004,11.390,0.443,0.000
30,20,20,0,30.000,1795.452,1534.926,1799.653,1532.004,5.117,1.500,3,0,0,0,4,0,3,8.197,12.193,0.571,0.000
30,20,40,0,50.000,1795.452,1534.926,1795.994,1534.617,0.624,1.200,4,0,0,0,3,2,0,12.804,12.735,0.551,0.000
30,20,60,0,60.000,1795.452,1534.926,1796.836,1534.051,1.637,0.900,3,0,0,0,1,3,0,10.538,15.036,0.579,0.000
30,20,80,0,100.000,1795.452,1534.926,1795.393,1535.057,0.144,0.600,1,0,0,0,0,0,0,13.527,8.464,0.630,0.000
30,20,100,0,90.000,1795.452,1534.926,1795.432,1535.018,0.094,0.700,1,0,0,0,0,1,0,13.231,9.964,0.484,0.000
30,20,120,0,90.000,1795.452,1534.926,1795.379,1535.047,0.142,0.800,1,0,0,0,0,1,0,7.907,8.638,0.522,0.000
30,20,140,0,90.000,1795.452,1534.926,1795.671,1534.852,0.232,0.900,1,0,0,0,0,1,0,9.921,9.921,0.500,0.000
30,20,160,0,90.000,1795.452,1534.926,1795.639,1534.844,0.204,0.700,1,0,0,0,0,1,0,12.953,11.134,0.645,0.000
30,20,180,0,90.000,1795.452,1534.926,1795.702,1534.837,0.265,0.800,1,0,0,0,0,1,0,11.036,14.387,0.464,0.000
30,20,200,0,100.000,1795.452,1534.926,1796.256,1534.426,0.946,0.900,1,0,0,0,0,0,0,11.062,11.443,0.557,0.000
30,20,220,0,100.000,1795.452,1534.926,1796.074,1534.559,0.722,0.900,1,0,0,0,0,0,0,9.337,9.792,0.653,0.000
30,20,240,0,70.000,1795.452,1534.926,1795.434,1535.020,0.096,0.700,1,0,0,0,0,3,0,12.207,9.768,0.641,0.000
30,20,260,0,90.000,1795.452,1534.926,1796.613,1534.185,1.377,0.700,1,0,0,0,0,1,0,11.178,14.629,0.427,0.000
30,20,280,0,90.000,1795.452,1534.926,1796.572,1534.205,1.332,0.900,1,0,0,0,0,0,0,9.834,12.396,0.449,0.000
30,20,300,0,90.000,1795.452,1534.926,1796.631,1534.168,1.402,0.800,1,0,0,0,0,1,0,10.929,11.218,0.535,0.000
30,20,320,0,100.000,1795.452,1534.926,1796.112,1534.540,0.765,0.700,1,0,0,0,0,0,0,10.249,8.420,0.408,0.000
30,20,340,0,90.000,1795.452,1534.926,1796.252,1534.422,0.945,0.900,4,0,0,0,1,0,0,14.459,13.363,0.541,0.000
30,20,360,0,90.000,1795.452,1534.926,1796.108,1534.562,0.750,0.600,1,0,0,0,0,1,0,11.627,12.465,0.530,0.000
30,20,380,0,90.000,1795.452,1534.926,1796.489,1534.241,1.243,0.800,1,0,0,0,0,1,0,9.370,10.276,0.566,0.000
30,40,-100,0,0.000,1795.452,1534.926,,,,0.000,0,0,0,0,0,0,10,9.568,10.088,0.653,
30,40,-80,0,0.000,1795.452,1534.926,,,,0.000,0,0,0,0,0,0,10,11.100,14.108,0.522,
30,40,-60,0,0.000,1795.452,1534.926,,,,0.000,0,0,0,0,0,0,10,11.854,13.865,0.564,
30,40,-40,0,0.000,1795.452,1534.926,,,,0.000,0,0,0,0,0,0,10,11.998,8.886,0.429,
30,40,-20,0,0.000,1795.452,1534.926,,,,0.000,0,0,0,0,0,0,10,11.226,10.446,0.537,
30,40,0,0,0.000,1795.452,1534.926,,,,0.000,0,0,0,0,0,0,10,13.093,10.033,0.540,
30,40,20,0,0.000,1795.452,1534.926,,,,0.900,3,0,0,0,4,0,6,11.785,8.700,0.580,
30,40,40,0,20.000,1795.452,1534.926,1799.565,1532.113,4.983,2.400,4,0,0,0,8,0,0,12.880,8.140,0.580,0.000
30,40,60,0,30.000,1795.452,1534.926,1795.388,1535.074,0.161,2.200,4,0,0,0,7,0,0,13.047,15.115,0.635,0.000
30,40,80,0,70.000,1795.452,1534.926,1795.562,1534.909,0.112,1.400,3,0,0,0,3,0,0,12.708,11.192,0.536,0.000
30,40,100,0,100.000,1795.452,1534.926,1796.682,1534.129,1.465,1.300,2,0,0,0,0,0,0,10.756,6.703,0.432,0.000
30,40,120,0,100.000,1795.452,1534.926,1795.885,1534.685,0.495,1.000,1,0,0,0,0,0,0,11.164,11.273,0.590,0.000
30,40,140,0,100.000,1795.452,1534.926,1795.575,1534.912,0.124,1.000,1,0,0,0,0,0,0,11.208,11.258,0.485,0.000
30,40,160,0,100.000,1795.452,1534.926,1795.610,1534.875,0.166,1.000,1,0,0,0,0,0,0,9.966,9.803,0.541,0.000
30,40,180,0,90.000,1795.452,1534.926,1795.367,1535.046,0.147,1.000,1,0,0,0,0,1,0,8.338,11.632,0.558,0.000
30,40,200,0,90.000,1795.452,1534.926,1795.589,1534.891,0.142,1.000,1,0,0,0,0,1,0,12.370,9.255,0.620,0.000
30,40,220,0,80.000,1795.452,1534.926,1796.009,1534.594,0.648,1.000,1,0,0,0,0,2,0,10.058,13.563,0.585,0.000
30,40,240,0,100.000,1795.452,1534.926,1796.398,1534.313,1.127,1.000,1,0,0,0,0,0,0,11.732,11.490,0.564,0.000
30,40,260,0,100.000,1795.452,1534.926,1795.551,1534.955,0.104,1.000,1,0,0,0,0,0,0,11.787,11.628,0.525,0.000
30,40,280,0,80.000,1795.452,1534.926,1795.329,1535.114,0.225,1.000,1,0,0,0,0,2,0,10.827,8.376,0.438,0.000
30,40,300,0,90.000,1795.452,1534.926,1795.932,1534.665,0.546,1.000,1,0,0,0,0,1,0,11.615,13.303,0.445,0.000
30,40,320,0,80.000,1795.452,1534.926,1795.998,1534.623,0.624,1.000,1,0,0,0,0,2,0,9.045,12.499,0.633,0.000
30,40,340,0,90.000,1795.452,1534.926,1797.099,1533.850,1.968,1.100,2,0,0,0,0,1,0,11.807,12.569,0.559,0.000
30,40,360,0,100.000,1795.452,1534.926,1796.818,1534.061,1.617,1.000,1,0,0,0,0,0,0,11.996,11.379,0.572,0.000
30,40,380,0,90.000,1795.452,1534.926,1796.747,1534.105,1.533,1.000,1,0,0,0,0,1,0,12.066,11.341,0.427,0.000
30,60,-100,0,0.000,1795.452,1534.926,,,,0.000,0,0,0,0,0,0,10,7.419,12.027,0.678,
30,60,-80,0,0.000,1795.452,1534.926,,,,0.000,0,0,0,0,0,0,10,11.376,11.132,0.692,
30,60,-60,0,0.000,1795.452,1534.926,,,,0.000,0,0,0,0,0,0,10,12.166,14.246,0.464,
30,60,-40,0,0.000,1795.452,1534.926,,,,0.000,0,0,0,0,0,0,10,12.970,12.211,0.731,
30,60,-20,0,0.000,1795.452,1534.926,,,,0.000,0,0,0,0,0,0,10,8.713,12.993,0.591,
30,60,0,0,0.000,1795.452,1534.926,,,,0.000,0,0,0,0,0,0,10,12.789,9.780,0.580,
30,60,20,0,0.000,1795.452,1534.926,,,,0.000,0,0,0,0,0,0,10,12.088,10.878,0.773,
30,60,40,0,0.000,1795.452,1534.926,,,,1.900,3,0,0,0,9,0,1,11.650,9.343,0.383,
30,60,60,0,0.000,1795.452,1534.926,,,,2.900,4,0,0,0,10,0,0,7.525,10.039,0.397,
30,60,80,0,20.000,1795.452,1534.926,1798.258,1533.010,3.398,2.200,3,0,0,0,8,0,0,10.397,7.622,0.208,0.000
30,60,100,0,40.000,1795.452,1534.926,1796.716,1534.068,1.528,2.300,4,0,0,0,6,0,0,14.060,9.314,0.389,0.000
30,60,120,0,60.000,1795.452,1534.926,1796.111,1534.573,0.747,1.500,2,0,0,0,4,0,0,10.512,11.676,0.424,0.000
30,60,140,0,50.000,1795.452,1534.926,1796.797,1534.056,1.602,1.600,3,0,0,0,4,1,0,12.607,11.893,0.648,0.000
30,60,160,0,100.000,1795.452,1534.926,1795.398,1535.055,0.141,1.300,2,0,0,0,0,0,0,9.507,9.822,0.550,0.000
30,60,180,0,90.000,1795.452,1534.926,1795.645,1534.873,0.201,1.000,1,0,0,0,0,1,0,11.192,9.069,0.679,0.000
30,60,200,0,100.000,1795.452,1534.926,1796.210,1534.456,0.892,1.100,2,0,0,0,0,0,0,12.935,10.669,0.392,0.000
30,60,220,0,100.000,1795.452,1534.926,1795.952,1534.652,0.570,1.000,1,0,0,0,0,0,0,8.720,11.663,0.551,0.000
30,60,240,0,100.000,1795.452,1534.926,1795.766,1534.762,0.354,1.100,2,0,0,0,0,0,0,11.634,11.662,0.536,0.000
30,60,260,0,100.000,1795.452,1534.926,1796.597,1534.193,1.359,1.000,1,0,0,0,0,0,0,10.762,11.996,0.469,0.000
30,60,280,0,90.000,1795.452,1534.926,1796.312,1534.374,1.021,1.100,2,0,0,0,1,0,0,12.463,13.209,0.438,0.000
30,60,300,0,90.000,1795.452,1534.926,1795.589,1534.908,0.139,1.000,1,0,0,0,0,1,0,11.142,8.882,0.561,0.000
30,60,320,0,90.000,1795.452,1534.926,1797.230,1533.756,2.129,1.000,1,0,0,0,0,1,0,11.058,11.370,0.625,0.000
30,60,340,0,80.000,1795.452,1534.926,1795.910,1534.706,0.508,1.100,2,0,0,0,0,2,0,8.254,10.591,0.270,0.000
30,60,360,0,90.000,1795.452,1534.926,1795.788,1534.763,0.373,1.100,2,0,0,0,1,0,0,11.047,12.071,0.432,0.000
30,60,380,0,90.000,1795.452,1534.926,1797.415,1533.573,2.384,1.100,2,0,0,0,1,0,0,13.485,11.144,0.501,0.000
30,80,-100,0,0.000,1795.452,1534.926,,,,0.000,0,0,0,0,0,0,10,10.129,7.905,0.677,
30,80,-80,0,0.000,1795.452,1534.926,,,,0.000,0,0,0,0,0,0,10,9.441,12.748,0.521,
30,80,-60,0,0.000,1795.452,1534.926,,,,0.000,0,0,0,0,0,0,10,10.891,9.847,0.583,
30,80,-40,0,0.000,1795.452,1534.926,,,,0.000,0,0,0,0,0,0,10,9.587,7.713,0.710,
30,80,-20,0,0.000,1795.452,1534.926,,,,0.000,0,0,0,0,0,0,10,10.045,7.761,0.640,
30,80,0,0,0.000,1795.452,1534.926,,,,0.000,0,0,0,0,0,0,10,11.454,12.368,0.649,
30,80,20,0,0.000,1795.452,1534.926,,,,0.000,0,0,0,0,0,0,10,13.860,10.136,0.385,
30,80,40,0,0.000,1795.452,1534.926,,,,0.900,3,0,0,0,4,0,6,12.994,12.835,0.391,
30,80,60,0,0.000,1795.452,1534.926,,,,2.200,3,0,0,0,8,0,2,12.482,12.738,0.440,
30,80,80,0,0.000,1795.452,1534.926,,,,2.300,3,0,0,0,10,0,0,11.439,8.418,0.558,
30,80,100,0,0.000,1795.452,1534.926,,,,2.900,4,0,0,0,10,0,0,11.038,8.706,0.469,
30,80,120,0,10.000,1795.452,1534.926,1795.060,1535.233,0.498,2.800,4,0,0,0,9,0,0,9.881,10.822,0.628,0.000
30,80,140,0,50.000,1795.452,1534.926,1796.450,1534.278,1.190,2.100,5,0,1,0,4,0,0,12.290,9.673,0.630,0.000
30,80,160,0,40.000,1795.452,1534.926,1795.098,1535.221,0.461,2.200,4,0,0,0,6,0,0,15.054,9.812,0.626,0.000
30,80,180,0,70.000,1795.452,1534.926,1795.904,1534.679,0.515,1.600,3,0,0,0,1,2,0,8.938,11.066,0.401,0.000
30,80,200,0,80.000,1795.452,1534.926,1795.888,1534.724,0.480,1.300,2,0,0,0,0,2,0,8.836,12.161,0.518,0.000
30,80,220,0,100.000,1795.452,1534.926,1795.747,1534.791,0.325,1.200,2,0,0,0,0,0,0,9.788,9.665,0.264,0.000
30,80,240,0,90.000,1795.452,1534.926,1796.752,1534.088,1.546,1.100,2,0,0,0,0,1,0,10.587,9.073,0.557,0.000
30,80,260,0,100.000,1795.452,1534.926,1796.939,1533.949,1.779,1.200,2,0,0,0,0,0,0,9.943,12.847,0.650,0.000
30,80,280,0,90.000,1795.452,1534.926,1796.881,1533.992,1.707,1.000,1,0,0,0,0,1,0,11.261,10.925,0.427,0.000
30,80,300,0,90.000,1795.452,1534.926,1795.816,1534.729,0.414,1.100,2,0,0,0,0,1,0,10.473,10.530,0.549,0.000
30,80,320,0,100.000,1795.452,1534.926,1796.764,1534.069,1.567,1.300,2,0,0,0,0,0,0,11.870,12.629,0.589,0.000
30,80,340,0,90.000,1795.452,1534.926,1796.162,1534.481,0.838,1.100,2,0,0,0,0,1,0,9.312,9.153,0.449,0.000
30,80,360,0,80.000,1795.452,1534.926,1797.951,1533.245,3.011,1.100,2,0,0,0,0,2,0,14.123,7.782,0.529,0.000
30,80,380,0,100.000,1795.452,1534.926,1797.095,1533.841,1.969,1.200,2,0,0,0,0,0,0,10.806,11.483,0.543,0.000
30,100,-100,0,0.000,1795.452,1534.926,,,,0.000,0,0,0,0,0,0,10,11.635,11.338,0.578,
30,100,-80,0,0.000,1795.452,1534.926,,,,0.000,0,0,0,0,0,0,10,9.578,10.292,0.528,
30,100,-60,0,0.000,1795.452,1534.926,,,,0.000,0,0,0,0,0,0,10,10.558,13.470,0.471,
30,100,-40,0,0.000,1795.452,1534.926,,,,0.000,0,0,0,0,0,0,10,10.465,9.975,0.704,
30,100,-20,0,0.000,1795.452,1534.926,,,,0.000,0,0,0,0,0,0,10,12.939,10.654,0.495,
30,100,0,0,0.000,1795.452,1534.926,,,,0.000,0,0,0,0,0,0,10,10.318,8.769,0.626,
30,100,20,0,0.000,1795.452,1534.926,,,,0.000,0,0,0,0,0,0,10,10.327,11.880,0.701,
30,100,40,0,0.000,1795.452,1534.926,,,,0.200,2,0,0,0,1,0,9,10.034,10.238,0.583,
30,100,60,0,0.000,1795.452,1534.926,,,,0.900,3,0,0,0,4,0,6,10.404,10.313,0.352,
30,100,80,0,0.000,1795.452,1534.926,,,,2.300,4,0,0,0,9,0,1,12.237,11.876,0.549,
30,100,100,0,0.000,1795.452,1534.926,,,,3.100,4,0,0,0,10,0,0,8.892,11.704,0.604,
30,100,120,0,0.000,1795.452,1534.926,,,,2.900,4,0,0,0,10,0,0,12.709,10.333,0.467,
30,100,140,0,0.000,1795.452,1534.926,,,,2.600,3,0,0,0,10,0,0,10.416,11.641,0.681,
30,100,160,0,20.000,1795.452,1534.926,1795.765,1534.772,0.349,2.700,4,0,0,0,8,0,0,11.559,8.841,0.576,0.000
30,100,180,0,40.000,1795.452,1534.926,1796.079,1534.526,0.743,2.000,3,0,0,0,4,2,0,10.473,12.753,0.544,0.000
30,100,200,0,60.000,1795.452,1534.926,1795.708,1534.842,0.269,2.100,5,0,1,0,1,2,0,9.964,11.297,0.607,0.000
30,100,220,0,50.000,1795.452,1534.926,1795.368,1535.076,0.172,2.300,3,0,0,0,5,0,0,13.558,11.365,0.585,0.000
30,100,240,0,100.000,1795.452,1534.926,1796.070,1534.548,0.724,1.600,2,0,0,0,0,0,0,11.801,8.165,0.561,0.000
30,100,260,0,90.000,1795.452,1534.926,1796.417,1534.306,1.146,1.600,4,0,0,0,1,0,0,12.715,9.804,0.608,0.000
30,100,280,0,100.000,1795.452,1534.926,1796.951,1533.920,1.805,1.500,2,0,0,0,0,0,0,11.333,11.121,0.471,0.000
30,100,300,0,90.000,1795.452,1534.926,1796.733,1534.084,1.532,1.300,2,0,0,0,0,1,0,9.848,6.159,0.497,0.000
30,100,320,0,100.000,1795.452,1534.926,1797.081,1533.831,1.963,1.300,2,0,0,0,0,0,0,12.145,10.887,0.477,0.000
30,100,340,0,90.000,1795.452,1534.926,1796.835,1534.002,1.663,1.300,2,0,0,0,0,1,0,15.421,13.358,0.519,0.000
30,100,360,0,70.000,1795.452,1534.926,1797.360,1533.661,2.289,1.300,3,0,0,0,2,1,0,11.834,9.901,0.457,0.000
30,100,380,0,80.000,1795.452,1534.926,1797.494,1533.549,2.463,1.400,3,0,0,0,2,0,0,12.086,8.618,0.462,0.000
30,120,-100,0,0.000,1795.452,1534.926,,,,0.000,0,0,0,0,0,0,10,11.374,12.586,0.479,
30,120,-80,0,0.000,1795.452,1534.926,,,,0.000,0,0,0,0,0,0,10,8.491,10.643,0.405,
30,120,-60,0,0.000,1795.452,1534.926,,,,0.000,0,0,0,0,0,0,10,11.712,10.171,0.764,
30,120,-40,0,0.000,1795.452,1534.926,,,,0.000,0,0,0,0,0,0,10,10.151,13.430,0.581,
30,120,-20,0,0.000,1795.452,1534.926,,,,0.000,0,0,0,0,0,0,10,12.875,8.433,0.673,
30,120,0,0,0.000,1795.452,1534.926,,,,0.000,0,0,0,0,0,0,10,7.023,12.015,0.482,
30,120,20,0,0.000,1795.452,1534.926,,,,0.000,0,0,0,0,0,0,10,9.518,9.687,0.646,
30,120,40,0,0.000,1795.452,1534.926,,,,0.000,0,0,0,0,0,0,10,11.615,8.651,0.582,
30,120,60,0,0.000,1795.452,1534.926,,,,0.700,3,0,0,0,3,0,7,8.184,10.387,0.638,
30,120,80,0,0.000,1795.452,1534.926,,,,2.400,5,0,2,0,4,0,4,11.317,13.026,0.530,
30,120,100,0,0.000,1795.452,1534.926,,,,3.400,5,0,1,0,9,0,0,9.789,12.589,0.490,
30,120,120,0,0.000,1795.452,1534.926,,,,3.300,4,0,0,0,10,0,0,9.525,12.479,0.649,
30,120,140,0,0.000,1795.452,1534.926,,,,3.100,5,0,1,0,9,0,0,8.576,11.049,0.485,
30,120,160,0,0.000,1795.452,1534.926,,,,3.500,5,0,2,0,8,0,0,8.692,9.735,0.609,
30,120,180,0,0.000,1795.452,1534.926,,,,3.000,4,0,0,0,10,0,0,8.579,9.993,0.592,
30,120,200,0,10.000,1795.452,1534.926,1795.574,1534.889,0.128,3.100,5,0,1,0,8,0,0,9.380,8.700,0.647,0.000
30,120,220,0,30.000,1795.452,1534.926,1796.527,1534.216,1.289,2.800,4,0,0,0,7,0,0,10.401,10.989,0.563,0.000
30,120,240,0,10.000,1795.452,1534.926,1796.064,1534.592,0.697,2.700,5,0,1,0,7,1,0,12.249,10.466,0.520,0.000
30,120,260,0,80.000,1795.452,1534.926,1795.925,1534.660,0.543,2.200,3,0,0,0,2,0,0,10.895,9.227,0.518,0.000
30,120,280,0,60.000,1795.452,1534.926,1795.610,1534.890,0.162,1.900,3,0,0,0,2,2,0,10.949,11.331,0.583,0.000
30,120,300,0,80.000,1795.452,1534.926,1796.125,1534.536,0.778,1.700,2,0,0,0,1,1,0,9.603,6.899,0.506,0.000
30,120,320,0,90.000,1795.452,1534.926,1797.623,1533.448,2.627,1.700,2,0,0,0,0,1,0,8.590,9.438,0.646,0.000
30,120,340,0,100.000,1795.452,1534.926,1796.853,1534.002,1.678,1.300,2,0,0,0,0,0,0,9.182,11.180,0.562,0.000
30,120,360,0,80.000,1795.452,1534.926,1796.988,1533.898,1.848,1.700,2,0,0,0,1,1,0,7.026,12.660,0.374,0.000
30,120,380,0,80.000,1795.452,1534.926,1797.941,1533.235,3.009,1.500,2,0,0,0,1,1,0,13.356,9.914,0.461,0.000
30,140,-100,0,0.000,1795.452,1534.926,,,,0.000,0,0,0,0,0,0,10,11.569,13.824,0.471,
30,140,-80,0,0.000,1795.452,1534.926,,,,0.000,0,0,0,0,0,0,10,9.640,12.458,0.607,
30,140,-60,0,0.000,1795.452,1534.926,,,,0.000,0,0,0,0,0,0,10,12.272,11.336,0.414,
30,140,-40,0,0.000,1795.452,1534.926,,,,0.000,0,0,0,0,0,0,10,12.636,11.318,0.533,
30,140,-20,0,0.000,1795.452,1534.926,,,,0.000,0,0,0,0,0,0,10,13.332,12.323,0.620,
30,140,0,0,0.000,1795.452,1534.926,,,,0.000,0,0,0,0,0,0,10,12.192,7.621,0.565,
30,140,20,0,0.000,1795.452,1534.926,,,,0.000,0,0,0,0,0,0,10,14.756,10.844,0.349,
30,140,40,0,0.000,1795.452,1534.926,,,,0.000,0,0,0,0,0,0,10,13.312,10.291,0.512,
30,140,60,0,0.000,1795.452,1534.926,,,,0.000,0,0,0,0,0,0,10,6.575,11.630,0.567,
30,140,80,0,0.000,1795.452,1534.926,,,,1.400,3,0,0,0,6,0,4,10.423,11.470,0.379,
30,140,100,0,0.000,1795.452,1534.926,,,,3.100,5,0,3,0,6,0,1,12.649,11.899,0.641,
30,140,120,0,0.000,1795.452,1534.926,,,,2.700,4,0,0,0,10,0,0,11.002,9.070,0.645,
30,140,140,0,0.000,1795.452,1534.926,,,,3.600,5,0,1,0,9,0,0,7.614,9.721,0.437,
30,140,160,0,0.000,1795.452,1534.926,,,,3.300,4,0,0,0,10,0,0,10.941,8.430,0.697,
30,140,180,0,0.000,1795.452,1534.926,,,,3.100,4,0,0,0,10,0,0,7.379,10.854,0.445,
30,140,200,0,0.000,1795.452,1534.926,,,,3.300,5,0,1,0,9,0,0,11.006,12.628,0.743,
30,140,220,0,0.000,1795.452,1534.926,,,,2.900,5,0,1,0,9,0,0,10.136,11.661,0.502,
30,140,240,0,0.000,1795.452,1534.926,,,,3.100,5,0,1,0,9,0,0,9.971,11.344,0.682,
30,140,260,0,40.000,1795.452,1534.926,1796.727,1534.099,1.520,2.400,4,0,0,0,6,0,0,13.244,13.856,0.453,0.000
30,140,280,0,40.000,1795.452,1534.926,1795.589,1534.904,0.139,2.600,4,0,0,0,6,0,0,12.687,5.220,0.573,0.000
30,140,300,0,100.000,1795.452,1534.926,1796.926,1533.976,1.754,1.900,2,0,0,0,0,0,0,10.158,9.032,0.586,0.000
30,140,320,0,80.000,1795.452,1534.926,1796.288,1534.403,0.986,2.000,2,0,0,0,1,1,0,10.161,11.512,0.604,0.000
30,140,340,0,60.000,1795.452,1534.926,1795.964,1534.650,0.582,2.000,2,0,0,0,1,3,0,8.186,10.468,0.445,0.000
30,140,360,0,70.000,1795.452,1534.926,1795.363,1535.066,0.167,2.000,2,0,0,0,2,1,0,11.191,11.227,0.493,0.000
30,140,380,0,100.000,1795.452,1534.926,1796.486,1534.272,1.223,1.900,3,0,0,0,0,0,0,12.657,10.161,0.567,0.000
30,160,-100,0,0.000,1795.452,1534.926,,,,0.000,0,0,0,0,0,0,10,11.271,10.777,0.514,
30,160,-80,0,0.000,1795.452,1534.926,,,,0.000,0,0,0,0,0,0,10,11.265,11.857,0.577,
30,160,-60,0,0.000,1795.452,1534.926,,,,0.000,0,0,0,0,0,0,10,11.351,9.463,0.455,
30,160,-40,0,0.000,1795.452,1534.926,,,,0.000,0,0,0,0,0,0,10,8.299,9.234,0.564,
30,160,-20,0,0.000,1795.452,1534.926,,,,0.000,0,0,0,0,0,0,10,14.613,10.268,0.465,
30,160,0,0,0.000,1795.452,1534.926,,,,0.000,0,0,0,0,0,0,10,7.681,12.486,0.487,
30,160,20,0,0.000,1795.452,1534.926,,,,0.000,0,0,0,0,0,0,10,12.592,10.920,0.505,
30,160,40,0,0.000,1795.452,1534.926,,,,0.000,0,0,0,0,0,0,10,9.699,10.424,0.586,
30,160,60,0,0.000,1795.452,1534.926,,,,0.000,0,0,0,0,0,0,10,12.940,10.780,0.675,
30,160,80,0,0.000,1795.452,1534.926,,,,0.600,4,0,0,0,2,0,8,11.080,10.742,0.446,
30,160,100,0,0.000,1795.452,1534.926,,,,1.200,4,0,0,0,4,0,6,10.545,12.456,0.410,
30,160,120,0,0.000,1795.452,1534.926,,,,2.800,4,0,0,0,10,0,0,10.865,12.953,0.640,
30,160,140,0,0.000,1795.452,1534.926,,,,3.000,5,0,1,0,9,0,0,8.075,12.419,0.704,
30,160,160,0,0.000,1795.452,1534.926,,,,3.400,4,0,0,0,10,0,0,12.043,13.411,0.519,
30,160,180,0,0.000,1795.452,1534.926,,,,3.500,5,0,1,0,9,0,0,10.634,7.864,0.456,
30,160,200,0,0.000,1795.452,1534.926,,,,3.700,5,0,2,0,8,0,0,9.907,11.618,0.451,
30,160,220,0,0.000,1795.452,1534.926,,,,3.400,4,0,0,0,10,0,0,9.897,11.800,0.493,
30,160,240,0,0.000,1795.452,1534.926,,,,2.900,4,0,0,0,10,0,0,6.926,13.014,0.605,
30,160,260,0,0.000,1795.452,1534.926,,,,3.300,4,0,0,0,10,0,0,12.023,11.441,0.577,
30,160,280,0,0.000,1795.452,1534.926,,,,3.100,5,0,1,0,9,0,0,12.737,13.033,0.638,
30,160,300,0,10.000,1795.452,1534.926,1796.129,1534.452,0.826,3.300,4,0,0,0,9,0,0,9.369,12.560,0.504,0.000
30,160,320,0,30.000,1795.452,1534.926,1795.185,1535.224,0.401,3.000,5,0,1,0,6,0,0,8.331,8.162,0.688,0.000
30,160,340,0,70.000,1795.452,1534.926,1795.563,1534.940,0.112,2.300,4,0,0,0,2,1,0,9.805,10.268,0.579,0.000
30,160,360,0,70.000,1795.452,1534.926,1795.591,1534.902,0.141,2.300,3,0,0,0,3,0,0,9.554,9.769,0.406,0.000
30,160,380,0,80.000,1795.452,1534.926,1797.200,1533.739,2.113,2.300,4,0,0,0,1,1,0,11.417,11.327,0.605,0.000
30,180,-100,0,0.000,1795.452,1534.926,,,,0.000,0,0,0,0,0,0,10,10.798,8.932,0.603,
30,180,-80,0,0.000,1795.452,1534.926,,,,0.000,0,0,0,0,0,0,10,11.088,8.868,0.545,
30,180,-60,0,0.000,1795.452,1534.926,,,,0.000,0,0,0,0,0,0,10,9.551,11.857,0.490,
30,180,-40,0,0.000,1795.452,1534.926,,,,0.000,0,0,0,0,0,0,10,10.438,11.877,0.576,
30,180,-20,0,0.000,1795.452,1534.926,,,,0.000,0,0,0,0,0,0,10,15.113,10.932,0.532,
30,180,0,0,0.000,1795.452,1534.926,,,,0.000,0,0,0,0,0,0,10,9.650,11.526,0.638,
30,180,20,0,0.000,1795.452,1534.926,,,,0.000,0,0,0,0,0,0,10,12.980,10.628,0.616,
30,180,40,0,0.000,1795.452,1534.926,,,,0.000,0,0,0,0,0,0,10,13.230,10.889,0.638,
30,180,60,0,0.000,1795.452,1534.926,,,,0.000,0,0,0,0,0,0,10,9.142,9.021,0.576,
30,180,80,0,0.000,1795.452,1534.926,,,,0.000,0,0,0,0,0,0,10,12.038,10.880,0.501,
30,180,100,0,0.000,1795.452,1534.926,,,,1.200,4,0,0,0,4,0,6,12.340,9.652,0.629,
30,180,120,0,0.000,1795.452,1534.926,,,,3.500,4,0,0,0,10,0,0,9.483,9.957,0.581,
30,180,140,0,0.000,1795.452,1534.926,,,,3.100,4,0,0,0,10,0,0,10.770,10.478,0.493,
30,180,160,0,0.000,1795.452,1534.926,,,,3.300,5,0,1,0,9,0,0,9.581,11.591,0.705,
30,180,180,0,0.000,1795.452,1534.926,,,,3.300,5,0,1,0,9,0,0,10.270,11.729,0.580,
30,180,200,0,0.000,1795.452,1534.926,,,,3.600,5,0,1,0,9,0,0,10.239,8.564,0.643,
30,180,220,0,0.000,1795.452,1534.926,,,,3.800,5,0,1,0,9,0,0,10.206,12.434,0.356,
30,180,240,0,0.000,1795.452,1534.926,,,,3.300,4,0,0,0,10,0,0,12.695,12.708,0.624,
30,180,260,0,0.000,1795.452,1534.926,,,,2.900,4,0,0,0,10,0,0,8.533,9.943,0.553,
30,180,280,0,0.000,1795.452,1534.926,,,,3.200,5,0,1,0,9,0,0,12.220,10.902,0.585,
30,180,300,0,0.000,1795.452,1534.926,,,,3.000,5,0,1,0,9,0,0,8.218,10.421,0.553,
30,180,320,0,0.000,1795.452,1534.926,,,,3.100,5,0,1,0,9,0,0,11.143,9.937,0.497,
30,180,340,0,10.000,1795.452,1534.926,1800.672,1531.334,6.337,3.100,5,0,1,0,7,1,0,13.924,13.194,0.550,0.000
30,180,360,0,50.000,1795.452,1534.926,1797.862,1533.284,2.916,2.600,4,0,0,0,5,0,0,11.701,8.805,0.429,0.000
30,180,380,0,40.000,1795.452,1534.926,1795.540,1534.964,0.096,2.700,4,0,0,0,6,0,0,10.038,10.914,0.564,0.000
30,200,-100,0,0.000,1795.452,1534.926,,,,0.000,0,0,0,0,0,0,10,10.510,11.344,0.514,
30,200,-80,0,0.000,1795.452,1534.926,,,,0.000,0,0,0,0,0,0,10,9.462,11.758,0.611,
30,200,-60,0,0.000,1795.452,1534.926,,,,0.000,0,0,0,0,0,0,10,12.185,9.161,0.418,
30,200,-40,0,0.000,1795.452,1534.926,,,,0.000,0,0,0,0,0,0,10,9.157,9.292,0.555,
30,200,-20,0,0.000,1795.452,1534.926,,,,0.000,0,0,0,0,0,0,10,9.450,7.502,0.611,
30,200,0,0,0.000,1795.452,1534.926,,,,0.000,0,0,0,0,0,0,10,11.884,12.015,0.560,
30,200,20,0,0.000,1795.452,1534.926,,,,0.000,0,0,0,0,0,0,10,10.396,10.545,0.509,
30,200,40,0,0.000,1795.452,1534.926,,,,0.000,0,0,0,0,0,0,10,9.789,11.552,0.399,
30,200,60,0,0.000,1795.452,1534.926,,,,0.000,0,0,0,0,0,0,10,10.027,12.986,0.479,
30,200,80,0,0.000,1795.452,1534.926,,,,0.000,0,0,0,0,0,0,10,8.727,10.747,0.668,
30,200,100,0,0.000,1795.452,1534.926,,,,0.400,4,0,0,0,1,0,9,11.437,6.106,0.630,
30,200,120,0,0.000,1795.452,1534.926,,,,2.000,3,0,0,0,7,0,3,10.508,10.810,0.406,
30,200,140,0,0.000,1795.452,1534.926,,,,4.100,5,0,4,0,6,0,0,9.016,11.653,0.385,
30,200,160,0,0.000,1795.452,1534.926,,,,3.700,5,0,3,0,7,0,0,9.032,11.397,0.588,
30,200,180,0,0.000,1795.452,1534.926,,,,4.100,5,0,2,0,8,0,0,11.535,13.797,0.622,
30,200,200,0,0.000,1795.452,1534.926,,,,3.900,5,0,2,0,8,0,0,5.309,12.522,0.458,
30,200,220,0,0.000,1795.452,1534.926,,,,3.500,4,0,0,0,10,0,0,11.885,13.936,0.624,
30,200,240,0,0.000,1795.452,1534.926,,,,3.500,4,0,0,0,10,0,0,11.658,13.048,0.543,
30,200,260,0,0.000,1795.452,1534.926,,,,4.000,5,0,3,0,7,0,0,3.667,9.066,0.558,
30,200,280,0,0.000,1795.452,1534.926,,,,3.700,5,0,3,0,7,0,0,7.356,10.825,0.575,
30,200,300,0,0.000,1795.452,1534.926,,,,2.900,5,0,1,0,9,0,0,12.308,13.315,0.411,
30,200,320,0,0.000,1795.452,1534.926,,,,3.800,5,0,1,0,9,0,0,10.145,10.174,0.491,
30,200,340,0,0.000,1795.452,1534.926,,,,3.500,5,0,1,0,9,0,0,9.031,9.731,0.499,
30,200,360,0,0.000,1795.452,1534.926,,,,3.100,4,0,0,0,10,0,0,11.495,11.107,0.532,
30,200,380,0,20.000,1795.452,1534.926,1795.095,1535.294,0.513,3.000,4,0,0,0,8,0,0,10.464,11.004,0.416,0.000
30,220,-100,0,0.000,1795.452,1534.926,,,,0.000,0,0,0,0,0,0,10,11.663,11.695,0.667,
30,220,-80,0,0.000,1795.452,1534.926,,,,0.000,0,0,0,0,0,0,10,9.340,11.122,0.655,
30,220,-60,0,0.000,1795.452,1534.926,,,,0.000,0,0,0,0,0,0,10,10.305,11.282,0.486,
30,220,-40,0,0.000,1795.452,1534.926,,,,0.000,0,0,0,0,0,0,10,12.675,10.959,0.608,
30,220,-20,0,0.000,1795.452,1534.926,,,,0.000,0,0,0,0,0,0,10,10.940,11.028,0.407,
30,220,0,0,0.000,1795.452,1534.926,,,,0.000,0,0,0,0,0,0,10,12.824,11.879,0.545,
30,220,20,0,0.000,1795.452,1534.926,,,,0.000,0,0,0,0,0,0,10,12.292,10.032,0.510,
30,220,40,0,0.000,1795.452,1534.926,,,,0.000,0,0,0,0,0,0,10,13.382,9.727,0.501,
30,220,60,0,0.000,1795.452,1534.926,,,,0.000,0,0,0,0,0,0,10,10.329,12.951,0.531,
30,220,80,0,0.000,1795.452,1534.926,,,,0.000,0,0,0,0,0,0,10,12.583,11.479,0.497,
30,220,100,0,0.000,1795.452,1534.926,,,,0.000,0,0,0,0,0,0,10,8.706,5.103,0.574,
30,220,120,0,0.000,1795.452,1534.926,,,,1.100,5,0,1,0,2,0,7,10.891,11.244,0.425,
30,220,140,0,0.000,1795.452,1534.926,,,,3.000,5,0,2,0,6,0,2,10.408,11.163,0.632,
30,220,160,0,0.000,1795.452,1534.926,,,,3.900,5,0,2,0,8,0,0,10.308,9.899,0.436,
30,220,180,0,0.000,1795.452,1534.926,,,,4.100,5,0,3,0,7,0,0,10.382,12.026,0.600,
30,220,200,0,0.000,1795.452,1534.926,,,,3.800,5,0,1,0,9,0,0,9.910,11.175,0.528,
30,220,220,0,0.000,1795.452,1534.926,,,,3.600,5,0,2,0,8,0,0,10.903,8.001,0.607,
30,220,240,0,0.000,1795.452,1534.926,,,,4.000,5,0,3,0,7,0,0,12.559,9.788,0.606,
30,220,260,0,0.000,1795.452,1534.926,,,,3.700,5,0,2,0,8,0,0,11.572,12.453,0.490,
30,220,280,0,0.000,1795.452,1534.926,,,,3.900,5,0,2,0,8,0,0,11.123,10.927,0.559,
30,220,300,0,0.000,1795.452,1534.926,,,,4.100,5,0,3,0,7,0,0,13.030,10.876,0.586,
30,220,320,0,0.000,1795.452,1534.926,,,,3.900,5,0,3,0,7,0,0,12.881,12.530,0.486,
30,220,340,0,0.000,1795.452,1534.926,,,,3.000,5,0,1,0,9,0,0,9.049,12.001,0.545,
30,220,360,0,0.000,1795.452,1534.926,,,,3.200,4,0,0,0,10,0,0,10.916,11.824,0.647,
30,220,380,0,0.000,1795.452,1534.926,,,,3.400,5,0,1,0,9,0,0,11.152,12.575,0.532,
30,240,-100,0,0.000,1795.452,1534.926,,,,0.000,0,0,0,0,0,0,10,12.743,12.786,0.583,
30,240,-80,0,0.000,1795.452,1534.926,,,,0.000,0,0,0,0,0,0,10,10.162,12.066,0.549,
30,240,-60,0,0.000,1795.452,1534.926,,,,0.000,0,0,0,0,0,0,10,13.637,9.591,0.583,
30,240,-40,0,0.000,1795.452,1534.926,,,,0.000,0,0,0,0,0,0,10,7.346,11.423,0.445,
30,240,-20,0,0.000,1795.452,1534.926,,,,0.000,0,0,0,0,0,0,10,6.149,6.636,0.577,
30,240,0,0,0.000,1795.452,1534.926,,,,0.000,0,0,0,0,0,0,10,9.982,9.368,0.672,
30,240,20,0,0.000,1795.452,1534.926,,,,0.000,0,0,0,0,0,0,10,9.408,10.895,0.541,
30,240,40,0,0.000,1795.452,1534.926,,,,0.000,0,0,0,0,0,0,10,8.515,9.495,0.637,
30,240,60,0,0.000,1795.452,1534.926,,,,0.000,0,0,0,0,0,0,10,11.752,12.699,0.651,
30,240,80,0,0.000,1795.452,1534.926,,,,0.000,0,0,0,0,0,0,10,9.716,9.060,0.587,
30,240,100,0,0.000,1795.452,1534.926,,,,0.000,0,0,0,0,0,0,10,9.411,8.398,0.525,
30,240,120,0,0.000,1795.452,1534.926,,,,0.000,0,0,0,0,0,0,10,12.745,12.965,0.715,
30,240,140,0,0.000,1795.452,1534.926,,,,2.400,5,0,4,0,1,0,5,8.878,11.954,0.551,
30,240,160,0,0.000,1795.452,1534.926,,,,3.600,5,0,2,0,7,0,1,10.861,9.170,0.616,
30,240,180,0,0.000,1795.452,1534.926,,,,4.100,5,0,4,0,6,0,0,11.644,9.291,0.384,
30,240,200,0,0.000,1795.452,1534.926,,,,4.100,5,0,4,0,6,0,0,10.491,11.181,0.506,
30,240,220,0,0.000,1795.452,1534.926,,,,4.400,5,0,6,0,4,0,0,11.014,10.737,0.409,
30,240,240,0,0.000,1795.452,1534.926,,,,4.000,5,0,4,0,6,0,0,12.336,9.962,0.593,
30,240,260,0,0.000,1795.452,1534.926,,,,3.500,5,0,1,0,9,0,0,11.686,13.184,0.458,
30,240,280,0,0.000,1795.452,1534.926,,,,3.600,5,0,2,0,8,0,0,8.663,11.866,0.686,
30,240,300,0,0.000,1795.452,1534.926,,,,4.000,5,0,2,0,8,0,0,11.755,12.643,0.529,
30,240,320,0,0.000,1795.452,1534.926,,,,3.900,5,0,4,0,6,0,0,12.039,8.041,0.497,
30,240,340,0,0.000,1795.452,1534.926,,,,3.300,5,0,1,0,9,0,0,11.652,8.182,0.545,
30,240,360,0,0.000,1795.452,1534.926,,,,3.000,4,0,0,0,10,0,0,11.664,9.128,0.476,
30,240,380,0,0.000,1795.452,1534.926,,,,3.400,5,0,3,0,7,0,0,13.144,11.984,0.438,
30,260,-100,0,0.000,1795.452,1534.926,,,,0.000,0,0,0,0,0,0,10,11.476,12.464,0.510,
30,260,-80,0,0.000,1795.452,1534.926,,,,0.000,0,0,0,0,0,0,10,13.485,14.375,0.446,
30,260,-60,0,0.000,1795.452,1534.926,,,,0.000,0,0,0,0,0,0,10,10.676,9.991,0.552,
30,260,-40,0,0.000,1795.452,1534.926,,,,0.000,0,0,0,0,0,0,10,10.484,10.164,0.405,
30,260,-20,0,0.000,1795.452,1534.926,,,,0.000,0,0,0,0,0,0,10,11.797,6.317,0.449,
30,260,0,0,0.000,1795.452,1534.926,,,,0.000,0,0,0,0,0,0,10,12.056,10.769,0.294,
30,260,20,0,0.000,1795.452,1534.926,,,,0.000,0,0,0,0,0,0,10,6.439,6.442,0.523,
30,260,40,0,0.000,1795.452,1534.926,,,,0.000,0,0,0,0,0,0,10,10.553,9.647,0.476,
30,260,60,0,0.000,1795.452,1534.926,,,,0.000,0,0,0,0,0,0,10,11.424,11.319,0.416,
30,260,80,0,0.000,1795.452,1534.926,,,,0.000,0,0,0,0,0,0,10,11.434,8.339,0.525,
30,260,100,0,0.000,1795.452,1534.926,,,,0.000,0,0,0,0,0,0,10,9.949,12.573,0.537,
30,260,120,0,0.000,1795.452,1534.926,,,,0.000,0,0,0,0,0,0,10,13.355,10.047,0.621,
30,260,140,0,0.000,1795.452,1534.926,,,,0.400,4,0,0,0,1,0,9,9.248,11.277,0.640,
30,260,160,0,0.000,1795.452,1534.926,,,,3.300,5,0,2,0,6,0,2,8.384,12.066,0.599,
30,260,180,0,0.000,1795.452,1534.926,,,,4.000,5,0,3,0,7,0,0,12.454,11.525,0.550,
30,260,200,0,0.000,1795.452,1534.926,,,,4.100,5,0,4,0,6,0,0,9.143,9.370,0.532,
30,260,220,0,0.000,1795.452,1534.926,,,,4.700,5,0,7,0,3,0,0,10.290,14.053,0.547,
30,260,240,0,0.000,1795.452,1534.926,,,,4.200,5,0,5,0,5,0,0,10.579,11.664,0.423,
30,260,260,0,0.000,1795.452,1534.926,,,,4.200,5,0,2,0,8,0,0,11.242,10.230,0.549,
30,260,280,0,0.000,1795.452,1534.926,,,,3.300,4,0,0,0,10,0,0,10.758,12.360,0.604,
30,260,300,0,0.000,1795.452,1534.926,,,,3.500,5,0,1,0,9,0,0,11.006,7.888,0.552,
30,260,320,0,0.000,1795.452,1534.926,,,,3.800,5,0,1,0,9,0,0,9.155,6.169,0.611,
30,260,340,0,0.000,1795.452,1534.926,,,,4.100,5,0,2,0,8,0,0,11.800,11.254,0.653,
30,260,360,0,0.000,1795.452,1534.926,,,,3.700,5,0,2,0,8,0,0,13.725,11.413,0.615,
30,260,380,0,0.000,1795.452,1534.926,,,,3.600,5,0,3,0,7,0,0,12.528,7.105,0.459,
30,280,-100,0,0.000,1795.452,1534.926,,,,0.000,0,0,0,0,0,0,10,11.592,11.179,0.438,
30,280,-80,0,0.000,1795.452,1534.926,,,,0.000,0,0,0,0,0,0,10,9.792,8.100,0.513,
30,280,-60,0,0.000,1795.452,1534.926,,,,0.000,0,0,0,0,0,0,10,10.391,10.287,0.578,
30,280,-40,0,0.000,1795.452,1534.926,,,,0.000,0,0,0,0,0,0,10,12.039,11.287,0.698,
30,280,-20,0,0.000,1795.452,1534.926,,,,0.000,0,0,0,0,0,0,10,12.093,12.521,0.510,
30,280,0,0,0.000,1795.452,1534.926,,,,0.000,0,0,0,0,0,0,10,12.187,10.197,0.511,
30,280,20,0,0.000,1795.452,1534.926,,,,0.000,0,0,0,0,0,0,10,9.711,11.675,0.601,
30,280,40,0,0.000,1795.452,1534.926,,,,0.000,0,0,0,0,0,0,10,12.376,8.808,0.607,
30,280,60,0,0.000,1795.452,1534.926,,,,0.000,0,0,0,0,0,0,10,11.695,14.213,0.578,
30,280,80,0,0.000,1795.452,1534.926,,,,0.000,0,0,0,0,0,0,10,12.024,13.658,0.573,
30,280,100,0,0.000,1795.452,1534.926,,,,0.000,0,0,0,0,0,0,10,12.158,10.247,0.275,
30,280,120,0,0.000,1795.452,1534.926,,,,0.000,0,0,0,0,0,0,10,10.231,8.901,0.372,
30,280,140,0,0.000,1795.452,1534.926,,,,0.000,0,0,0,0,0,0,10,8.589,11.762,0.624,
30,280,160,0,0.000,1795.452,1534.926,,,,2.600,5,0,2,0,4,0,4,13.303,10.942,0.454,
30,280,180,0,0.000,1795.452,1534.926,,,,3.400,5,0,4,0,4,0,2,7.875,16.222,0.622,
30,280,200,0,0.000,1795.452,1534.926,,,,4.700,5,0,7,0,3,0,0,10.271,13.118,0.579,
30,280,220,0,0.000,1795.452,1534.926,,,,4.900,5,0,9,0,1,0,0,11.319,11.154,0.492,
30,280,240,0,0.000,1795.452,1534.926,,,,4.400,5,0,5,0,5,0,0,12.381,12.014,0.537,
30,280,260,0,0.000,1795.452,1534.926,,,,4.300,5,0,4,0,6,0,0,12.477,9.997,0.548,
30,280,280,0,0.000,1795.452,1534.926,,,,4.200,5,0,3,0,7,0,0,6.348,11.718,0.425,
30,280,300,0,0.000,1795.452,1534.926,,,,3.800,5,0,1,0,9,0,0,10.712,11.394,0.510,
30,280,320,0,0.000,1795.452,1534.926,,,,3.400,4,0,0,0,10,0,0,10.663,9.166,0.596,
30,280,340,0,0.000,1795.452,1534.926,,,,3.800,5,0,2,0,8,0,0,10.024,10.253,0.461,
30,280,360,0,0.000,1795.452,1534.926,,,,4.000,4,0,0,0,10,0,0,10.658,8.107,0.703,
30,280,380,0,0.000,1795.452,1534.926,,,,4.200,5,0,3,0,7,0,0,10.773,9.376,0.581,
